\n=== RUN N=20 @ 20251028_163905 ===
warning: unused import: `keccak::Keccak256Hasher`
 --> crates/pessimistic-proof-core/src/sabv2.rs:2:35
  |
2 | use agglayer_primitives::{Digest, keccak::Keccak256Hasher};
  |                                   ^^^^^^^^^^^^^^^^^^^^^^^
  |
  = note: `#[warn(unused_imports)]` on by default

warning: unused import: `keccak::Keccak256Hasher`
 --> crates/pessimistic-proof-core/src/lmtr2.rs:2:35
  |
2 | use agglayer_primitives::{Digest, keccak::Keccak256Hasher};
  |                                   ^^^^^^^^^^^^^^^^^^^^^^^

warning: unused import: `keccak::Keccak256Hasher`
 --> crates/pessimistic-proof-core/src/sabv3.rs:2:35
  |
2 | use agglayer_primitives::{Digest, keccak::Keccak256Hasher};
  |                                   ^^^^^^^^^^^^^^^^^^^^^^^

warning: unused import: `keccak::Keccak256Hasher`
 --> crates/pessimistic-proof-core/src/lmtr3.rs:2:35
  |
2 | use agglayer_primitives::{Digest, keccak::Keccak256Hasher};
  |                                   ^^^^^^^^^^^^^^^^^^^^^^^

warning: unused import: `keccak::Keccak256Hasher`
 --> crates/pessimistic-proof-core/src/sabv4.rs:2:35
  |
2 | use agglayer_primitives::{Digest, keccak::Keccak256Hasher};
  |                                   ^^^^^^^^^^^^^^^^^^^^^^^

warning: unused import: `keccak::Keccak256Hasher`
 --> crates/pessimistic-proof-core/src/lmtr4.rs:2:35
  |
2 | use agglayer_primitives::{Digest, keccak::Keccak256Hasher};
  |                                   ^^^^^^^^^^^^^^^^^^^^^^^

warning: unused imports: `BridgeExit`, `ImportedBridgeExit`, `NetworkId`, and `TokenInfo`
   --> crates/pessimistic-proof-core/src/lmtr4.rs:245:30
    |
245 |         use unified_bridge::{BridgeExit, ImportedBridgeExit, NetworkId, TokenInfo};
    |                              ^^^^^^^^^^  ^^^^^^^^^^^^^^^^^^  ^^^^^^^^^  ^^^^^^^^^

warning: unused import: `agglayer_primitives::U256`
   --> crates/pessimistic-proof-core/src/lmtr4.rs:247:13
    |
247 |         use agglayer_primitives::U256;
    |             ^^^^^^^^^^^^^^^^^^^^^^^^^

warning: unused import: `crate::nullifier_tree::NullifierPath`
   --> crates/pessimistic-proof-core/src/lmtr4.rs:248:13
    |
248 |         use crate::nullifier_tree::NullifierPath;
    |             ^^^^^^^^^^^^^^^^^^^^^^^^^^^^^^^^^^^^

warning: unused import: `crate::local_balance_tree::LocalBalancePath`
   --> crates/pessimistic-proof-core/src/lmtr4.rs:249:13
    |
249 |         use crate::local_balance_tree::LocalBalancePath;
    |             ^^^^^^^^^^^^^^^^^^^^^^^^^^^^^^^^^^^^^^^^^^^

warning: unused import: `crate::aggchain_proof::AggchainData`
   --> crates/pessimistic-proof-core/src/lmtr4.rs:250:13
    |
250 |         use crate::aggchain_proof::AggchainData;
    |             ^^^^^^^^^^^^^^^^^^^^^^^^^^^^^^^^^^^

warning: unused variable: `branching_factor`
  --> crates/pessimistic-proof-core/src/lmtr.rs:31:9
   |
31 |         branching_factor: usize,
   |         ^^^^^^^^^^^^^^^^ help: if this is intentional, prefix it with an underscore: `_branching_factor`
   |
   = note: `#[warn(unused_variables)]` on by default

warning: unused variable: `block`
  --> crates/pessimistic-proof-core/src/sabv2.rs:72:13
   |
72 |         for block in blocks {
   |             ^^^^^ help: if this is intentional, prefix it with an underscore: `_block`

warning: unused variable: `consensus_result`
  --> crates/pessimistic-proof-core/src/sabv2.rs:79:13
   |
79 |         let consensus_result = self.run_consensus_mechanism(blocks, validator_nodes)?;
   |             ^^^^^^^^^^^^^^^^ help: if this is intentional, prefix it with an underscore: `_consensus_result`

warning: unused variable: `global_root`
  --> crates/pessimistic-proof-core/src/sabv2.rs:63:9
   |
63 |         global_root: &agglayer_primitives::Digest,
   |         ^^^^^^^^^^^ help: if this is intentional, prefix it with an underscore: `_global_root`

warning: unused variable: `computed_hash`
   --> crates/pessimistic-proof-core/src/sabv2.rs:136:13
    |
136 |         let computed_hash = Keccak256::digest(&block_data);
    |             ^^^^^^^^^^^^^ help: if this is intentional, prefix it with an underscore: `_computed_hash`

warning: unused variable: `declared_hash`
   --> crates/pessimistic-proof-core/src/sabv2.rs:139:13
    |
139 |         let declared_hash = self.get_block_declared_hash(block)?;
    |             ^^^^^^^^^^^^^ help: if this is intentional, prefix it with an underscore: `_declared_hash`

warning: unused variable: `block`
   --> crates/pessimistic-proof-core/src/sabv2.rs:229:32
    |
229 |     fn get_block_height(&self, block: &crate::multi_batch_header::MultiBatchHeader<agglayer_primitives::keccak::Keccak256Hasher>) -> Resu...
    |                                ^^^^^ help: if this is intentional, prefix it with an underscore: `_block`

warning: unused variable: `block`
   --> crates/pessimistic-proof-core/src/sabv2.rs:241:39
    |
241 |     fn get_block_declared_hash(&self, block: &crate::multi_batch_header::MultiBatchHeader<agglayer_primitives::keccak::Keccak256Hasher>) ...
    |                                       ^^^^^ help: if this is intentional, prefix it with an underscore: `_block`

warning: unused variable: `block`
   --> crates/pessimistic-proof-core/src/sabv2.rs:247:32
    |
247 |     fn get_block_signer(&self, block: &crate::multi_batch_header::MultiBatchHeader<agglayer_primitives::keccak::Keccak256Hasher>) -> Resu...
    |                                ^^^^^ help: if this is intentional, prefix it with an underscore: `_block`

warning: unused variable: `block`
   --> crates/pessimistic-proof-core/src/sabv2.rs:257:35
    |
257 |     fn get_block_signature(&self, block: &crate::multi_batch_header::MultiBatchHeader<agglayer_primitives::keccak::Keccak256Hasher>) -> R...
    |                                   ^^^^^ help: if this is intentional, prefix it with an underscore: `_block`

warning: unused variable: `hash`
   --> crates/pessimistic-proof-core/src/sabv2.rs:274:13
    |
274 |         let hash = Keccak256::digest(&block_data);
    |             ^^^^ help: if this is intentional, prefix it with an underscore: `_hash`

warning: unused variable: `block`
   --> crates/pessimistic-proof-core/src/sabv2.rs:295:35
    |
295 |     fn estimate_block_size(&self, block: &crate::multi_batch_header::MultiBatchHeader<agglayer_primitives::keccak::Keccak256Hasher>) -> R...
    |                                   ^^^^^ help: if this is intentional, prefix it with an underscore: `_block`

warning: unused variable: `i`
   --> crates/pessimistic-proof-core/src/lmtr2.rs:144:14
    |
144 |         for (i, block) in blocks.iter().enumerate() {
    |              ^ help: if this is intentional, prefix it with an underscore: `_i`

warning: unused variable: `leaf_hash`
   --> crates/pessimistic-proof-core/src/lmtr2.rs:146:17
    |
146 |             let leaf_hash = Keccak256::digest(&block_data);
    |                 ^^^^^^^^^ help: if this is intentional, prefix it with an underscore: `_leaf_hash`

warning: unused variable: `current_efficiency`
   --> crates/pessimistic-proof-core/src/lmtr2.rs:179:13
    |
179 |         let current_efficiency = self.calculate_tree_efficiency(num_blocks, branching_factor)?;
    |             ^^^^^^^^^^^^^^^^^^ help: if this is intentional, prefix it with an underscore: `_current_efficiency`

warning: unused variable: `new_hash`
   --> crates/pessimistic-proof-core/src/lmtr2.rs:229:21
    |
229 |                 let new_hash = Keccak256::digest(&optimized_data);
    |                     ^^^^^^^^ help: if this is intentional, prefix it with an underscore: `_new_hash`

warning: unused variable: `optimal_config`
   --> crates/pessimistic-proof-core/src/lmtr2.rs:217:9
    |
217 |         optimal_config: &OptimalConfig,
    |         ^^^^^^^^^^^^^^ help: if this is intentional, prefix it with an underscore: `_optimal_config`

warning: unused variable: `parent_hash`
   --> crates/pessimistic-proof-core/src/lmtr2.rs:312:21
    |
312 |                 let parent_hash = Keccak256::digest(&parent_data);
    |                     ^^^^^^^^^^^ help: if this is intentional, prefix it with an underscore: `_parent_hash`

warning: unused variable: `tree`
   --> crates/pessimistic-proof-core/src/lmtr2.rs:399:136
    |
399 | ...ves::keccak::Keccak256Hasher>, tree: &MerkleTree) -> Result<crate::multi_batch_header::MultiBatchHeader<agglayer_primitives::keccak::K...
    |                                   ^^^^ help: if this is intentional, prefix it with an underscore: `_tree`

warning: unused variable: `j_star`
   --> crates/pessimistic-proof-core/src/sabv3.rs:305:9
    |
305 |         j_star: usize,
    |         ^^^^^^ help: if this is intentional, prefix it with an underscore: `_j_star`

warning: unused variable: `j_star`
   --> crates/pessimistic-proof-core/src/sabv4.rs:496:9
    |
496 |         j_star: usize,
    |         ^^^^^^ help: if this is intentional, prefix it with an underscore: `_j_star`

warning: unused variable: `expected_root`
   --> crates/pessimistic-proof-core/src/sabv4.rs:603:72
    |
603 | ...mputed_root: &Digest, expected_root: &agglayer_primitives::Digest, signature: &agglayer_primitives::Signature, signer: &agglayer_primi...
    |                          ^^^^^^^^^^^^^ help: if this is intentional, prefix it with an underscore: `_expected_root`

warning: unused variable: `expected_bytes`
   --> crates/pessimistic-proof-core/src/sabv4.rs:744:56
    |
744 |     fn verify_hash_chain(&self, computed_bytes: &[u8], expected_bytes: &[u8]) -> Result<bool, ProofError> {
    |                                                        ^^^^^^^^^^^^^^ help: if this is intentional, prefix it with an underscore: `_expected_bytes`

warning: field `config` is never read
  --> crates/pessimistic-proof-core/src/sabv.rs:13:5
   |
12 | pub struct SabvAlgorithm {
   |            ------------- field in this struct
13 |     config: SabvConfig,
   |     ^^^^^^
   |
   = note: `SabvAlgorithm` has derived impls for the traits `Clone` and `Debug`, but these are intentionally ignored during dead code analysis
   = note: `#[warn(dead_code)]` on by default

warning: field `config` is never read
  --> crates/pessimistic-proof-core/src/lmtr.rs:12:5
   |
11 | pub struct LmtrAlgorithm {
   |            ------------- field in this struct
12 |     config: LmtrConfig,
   |     ^^^^^^
   |
   = note: `LmtrAlgorithm` has derived impls for the traits `Clone` and `Debug`, but these are intentionally ignored during dead code analysis

warning: fields `config` and `consensus_messages` are never read
  --> crates/pessimistic-proof-core/src/sabv2.rs:34:5
   |
33 | pub struct Sabv2Algorithm {
   |            -------------- fields in this struct
34 |     config: Sabv2Config,
   |     ^^^^^^
35 |     validators: Vec<ValidatorNode>,
36 |     consensus_messages: HashMap<Digest, Vec<ConsensusMessage>>,
   |     ^^^^^^^^^^^^^^^^^^
   |
   = note: `Sabv2Algorithm` has derived impls for the traits `Clone` and `Debug`, but these are intentionally ignored during dead code analysis

warning: multiple methods are never used
   --> crates/pessimistic-proof-core/src/sabv2.rs:89:8
    |
 39 | impl Sabv2Algorithm {
    | ------------------- methods in this implementation
...
 89 |     fn validate_block_cryptography(
    |        ^^^^^^^^^^^^^^^^^^^^^^^^^^^
...
112 |     fn verify_merkle_tree_structure(
    |        ^^^^^^^^^^^^^^^^^^^^^^^^^^^^
...
130 |     fn verify_hash_integrity(
    |        ^^^^^^^^^^^^^^^^^^^^^
...
149 |     fn verify_signature_validity(
    |        ^^^^^^^^^^^^^^^^^^^^^^^^^
...
204 |     fn verify_consensus_threshold(
    |        ^^^^^^^^^^^^^^^^^^^^^^^^^^
...
222 |     fn calculate_optimal_height(&self, block: &crate::multi_batch_header::MultiBatchHeader<agglayer_primitives::keccak::Keccak256Hasher>)...
    |        ^^^^^^^^^^^^^^^^^^^^^^^^
...
229 |     fn get_block_height(&self, block: &crate::multi_batch_header::MultiBatchHeader<agglayer_primitives::keccak::Keccak256Hasher>) -> Resu...
    |        ^^^^^^^^^^^^^^^^
...
241 |     fn get_block_declared_hash(&self, block: &crate::multi_batch_header::MultiBatchHeader<agglayer_primitives::keccak::Keccak256Hasher>) ...
    |        ^^^^^^^^^^^^^^^^^^^^^^^
...
247 |     fn get_block_signer(&self, block: &crate::multi_batch_header::MultiBatchHeader<agglayer_primitives::keccak::Keccak256Hasher>) -> Resu...
    |        ^^^^^^^^^^^^^^^^
...
252 |     fn get_block_message(&self, block: &crate::multi_batch_header::MultiBatchHeader<agglayer_primitives::keccak::Keccak256Hasher>) -> Res...
    |        ^^^^^^^^^^^^^^^^^
...
257 |     fn get_block_signature(&self, block: &crate::multi_batch_header::MultiBatchHeader<agglayer_primitives::keccak::Keccak256Hasher>) -> R...
    |        ^^^^^^^^^^^^^^^^^^^
...
262 |     fn compute_expected_signature(&self, signer: &str, message: &[u8]) -> Result<String, ProofError> {
    |        ^^^^^^^^^^^^^^^^^^^^^^^^^^
...
295 |     fn estimate_block_size(&self, block: &crate::multi_batch_header::MultiBatchHeader<agglayer_primitives::keccak::Keccak256Hasher>) -> R...
    |        ^^^^^^^^^^^^^^^^^^^

warning: field `tree_cache` is never read
  --> crates/pessimistic-proof-core/src/lmtr2.rs:53:5
   |
51 | pub struct Lmtr2Algorithm {
   |            -------------- field in this struct
52 |     config: Lmtr2Config,
53 |     tree_cache: HashMap<Digest, MerkleTree>,
   |     ^^^^^^^^^^
   |
   = note: `Lmtr2Algorithm` has derived impls for the traits `Clone` and `Debug`, but these are intentionally ignored during dead code analysis

warning: fields `branching_factor` and `rebalancing_cost` are never read
   --> crates/pessimistic-proof-core/src/lmtr2.rs:415:5
    |
413 | struct OptimalConfig {
    |        ------------- fields in this struct
414 |     optimal_height: usize,
415 |     branching_factor: usize,
    |     ^^^^^^^^^^^^^^^^
416 |     expected_efficiency: f64,
417 |     rebalancing_cost: u64,
    |     ^^^^^^^^^^^^^^^^
    |
    = note: `OptimalConfig` has derived impls for the traits `Clone` and `Debug`, but these are intentionally ignored during dead code analysis

warning: field `validators` is never read
  --> crates/pessimistic-proof-core/src/sabv3.rs:41:5
   |
39 | pub struct Sabv3Algorithm {
   |            -------------- field in this struct
40 |     config: Sabv3Config,
41 |     validators: Vec<ValidatorNode>,
   |     ^^^^^^^^^^
   |
   = note: `Sabv3Algorithm` has derived impls for the traits `Clone` and `Debug`, but these are intentionally ignored during dead code analysis

warning: methods `construct_local_cc_mbmt`, `compute_shard_hash`, `build_merkle_tree`, and `calculate_tree_height` are never used
   --> crates/pessimistic-proof-core/src/sabv3.rs:302:8
    |
 44 | impl Sabv3Algorithm {
    | ------------------- methods in this implementation
...
302 |     fn construct_local_cc_mbmt(
    |        ^^^^^^^^^^^^^^^^^^^^^^^
...
441 |     fn compute_shard_hash(&self, blocks: &[crate::multi_batch_header::MultiBatchHeader<agglayer_primitives::keccak::Keccak256Hasher>]) ->...
    |        ^^^^^^^^^^^^^^^^^^
...
459 |     fn build_merkle_tree(&self, blocks: &[crate::multi_batch_header::MultiBatchHeader<agglayer_primitives::keccak::Keccak256Hasher>], b: ...
    |        ^^^^^^^^^^^^^^^^^
...
526 |     fn calculate_tree_height(&self, num_blocks: usize, b: usize) -> usize {
    |        ^^^^^^^^^^^^^^^^^^^^^

warning: struct `BlockchainMerkleProof` is never constructed
  --> crates/pessimistic-proof-core/src/sabv4.rs:38:8
   |
38 | struct BlockchainMerkleProof {
   |        ^^^^^^^^^^^^^^^^^^^^^

warning: fields `shard_index` and `round` are never read
  --> crates/pessimistic-proof-core/src/sabv4.rs:50:9
   |
47 | struct MPCShareMessage {
   |        --------------- fields in this struct
...
50 |     pub shard_index: usize,
   |         ^^^^^^^^^^^
51 |     pub share: (f64, f64), // (x, y) = share point
52 |     pub round: u64,
   |         ^^^^^
   |
   = note: `MPCShareMessage` has derived impls for the traits `Clone` and `Debug`, but these are intentionally ignored during dead code analysis

warning: field `consensus_reached` is never read
  --> crates/pessimistic-proof-core/src/sabv4.rs:60:9
   |
57 | struct MPCNetworkState {
   |        --------------- field in this struct
...
60 |     pub consensus_reached: bool,
   |         ^^^^^^^^^^^^^^^^^
   |
   = note: `MPCNetworkState` has a derived impl for the trait `Debug`, but this is intentionally ignored during dead code analysis

warning: field `validators` is never read
  --> crates/pessimistic-proof-core/src/sabv4.rs:67:5
   |
65 | pub struct Sabv4Algorithm {
   |            -------------- field in this struct
66 |     config: Sabv4Config,
67 |     validators: Vec<ValidatorNode>,
   |     ^^^^^^^^^^
   |
   = note: `Sabv4Algorithm` has a derived impl for the trait `Debug`, but this is intentionally ignored during dead code analysis

warning: multiple methods are never used
    --> crates/pessimistic-proof-core/src/sabv4.rs:493:8
     |
  71 | impl Sabv4Algorithm {
     | ------------------- methods in this implementation
...
 493 |     fn construct_local_cc_mbmt(
     |        ^^^^^^^^^^^^^^^^^^^^^^^
...
 564 |     fn verify_integrity_with_blocks(&self, computed_root: &Digest, expected_root: &agglayer_primitives::Digest, blocks: &[crate::multi_ba...
     |        ^^^^^^^^^^^^^^^^^^^^^^^^^^^^
...
 603 |     fn verify_blockchain_signature_real(&self, computed_root: &Digest, expected_root: &agglayer_primitives::Digest, signature: &agglayer_...
     |        ^^^^^^^^^^^^^^^^^^^^^^^^^^^^^^^^
...
 618 |     fn extract_blockchain_public_key(&self, computed_bytes: &[u8]) -> Result<Vec<u8>, ProofError> {
     |        ^^^^^^^^^^^^^^^^^^^^^^^^^^^^^
...
 629 |     fn validate_blockchain_signature(&self, signature: &[u8], public_key: &[u8]) -> Result<bool, ProofError> {
     |        ^^^^^^^^^^^^^^^^^^^^^^^^^^^^^
...
 648 |     fn verify_merkle_proof(&self, computed_root: &Digest, expected_root: &agglayer_primitives::Digest) -> Result<bool, ProofError> {
     |        ^^^^^^^^^^^^^^^^^^^
...
 682 |     fn extract_blockchain_merkle_proof(&self, computed_root: &Digest, expected_root: &agglayer_primitives::Digest) -> Result<BlockchainMe...
     |        ^^^^^^^^^^^^^^^^^^^^^^^^^^^^^^^
...
 717 |     fn validate_blockchain_proof(&self, proof: &BlockchainMerkleProof) -> Result<bool, ProofError> {
     |        ^^^^^^^^^^^^^^^^^^^^^^^^^
...
 744 |     fn verify_hash_chain(&self, computed_bytes: &[u8], expected_bytes: &[u8]) -> Result<bool, ProofError> {
     |        ^^^^^^^^^^^^^^^^^
...
 772 |     fn verify_timestamp_freshness(&self) -> Result<bool, ProofError> {
     |        ^^^^^^^^^^^^^^^^^^^^^^^^^^
...
 784 |     fn verify_nonce_uniqueness(&self, computed_bytes: &[u8], expected_bytes: &[u8]) -> Result<bool, ProofError> {
     |        ^^^^^^^^^^^^^^^^^^^^^^^
...
 814 |     fn verify_zero_knowledge_proof(&self, computed_root: &Digest, expected_root: &agglayer_primitives::Digest) -> Result<bool, ProofError> {
     |        ^^^^^^^^^^^^^^^^^^^^^^^^^^^
...
 853 |     fn calculate_signature_strength(&self, signature_bytes: &[u8]) -> f64 {
     |        ^^^^^^^^^^^^^^^^^^^^^^^^^^^^
...
 950 |     fn calculate_entropy(&self, data: &[u8]) -> f64 {
     |        ^^^^^^^^^^^^^^^^^
...
 970 |     fn compute_shard_hash(&self, blocks: &[crate::multi_batch_header::MultiBatchHeader<agglayer_primitives::keccak::Keccak256Hasher>]) ->...
     |        ^^^^^^^^^^^^^^^^^^
...
1037 |     fn build_merkle_tree(&self, blocks: &[crate::multi_batch_header::MultiBatchHeader<agglayer_primitives::keccak::Keccak256Hasher>], b: ...
     |        ^^^^^^^^^^^^^^^^^
...
1104 |     fn calculate_tree_height(&self, num_blocks: usize, b: usize) -> usize {
     |        ^^^^^^^^^^^^^^^^^^^^^
...
1113 |     fn compute_root_from_blocks(
     |        ^^^^^^^^^^^^^^^^^^^^^^^^

warning: method `reconstruct_block_from_bytes` is never used
   --> crates/pessimistic-proof-core/src/lmtr4.rs:241:8
    |
 27 | impl Lmtr4Algorithm {
    | ------------------- method in this implementation
...
241 |     fn reconstruct_block_from_bytes(&self, bytes: &[u8]) -> Result<crate::multi_batch_header::MultiBatchHeader<agglayer_primitives::kecca...
    |        ^^^^^^^^^^^^^^^^^^^^^^^^^^^^

warning: `pessimistic-proof-core` (lib) generated 48 warnings (run `cargo fix --lib -p pessimistic-proof-core` to apply 11 suggestions)
warning: unused variable: `vk`
   --> crates/pessimistic-proof-test-suite/src/bin/ppgen_sabv_lmtr4.rs:184:24
    |
184 |             Ok((proof, vk, new_roots)) => {
    |                        ^^ help: if this is intentional, prefix it with an underscore: `_vk`
    |
    = note: `#[warn(unused_variables)]` on by default

warning: unused variable: `new_roots`
   --> crates/pessimistic-proof-test-suite/src/bin/ppgen_sabv_lmtr4.rs:184:28
    |
184 |             Ok((proof, vk, new_roots)) => {
    |                            ^^^^^^^^^ help: if this is intentional, prefix it with an underscore: `_new_roots`

warning: `pessimistic-proof-test-suite` (bin "ppgen_sabv_lmtr4") generated 2 warnings
    Finished `release` profile [optimized] target(s) in 1.05s
     Running `target/release/ppgen_sabv_lmtr4 --n-exits 20 --validator-nodes 3 --proof-dir /home/ubuntu/thanhhuyen/proofs/v4`
🔍 SABV4: Starting Algorithm 1 - Verify Aggregated Blocks Integrity
   Input: N=1 blocks, branching_factor=3, validators=3
📊 SABV4: Calculated j* = 1 with variance = 179769313486231570814527423731704356798070567525844996598917476803157260780028538760589558632766878171540458953514382464234321326889464182768467546703537516986049910576551282076245490090389328944075868508455133942304583236903222948165808559332123348274797826204144723168738177180919299881250404026184124858368.0000
✅ Step 1: Optimal sharding size j* = 1 (shard_size = 3^1 = 3)
📦 SABV4: Created 1 shards (0 full + 1 remainder)
✅ Step 2: Partitioned 1 blocks into 1 shards (shard_size = 3)
📡 SABV4: REAL MPC Network - 3 validators broadcast shares, 3 received sufficient shares
🔐 SABV4: REAL Shamir secret sharing - Secret: 0.577592, Reconstructed: 0.577592, Match: true
   Polynomial degree: 2, Shares: 3, Threshold: 3/3
   Validator 2 assigned with share value: -4.996310
✅ Step 3: Secret sharing applied (threshold k=3/3)
📊 Step 4: Rebalancing shards with LMTR4 (Algorithm 2)...
🔧 LMTR4: Starting Algorithm 2 rebalancing for 1 blocks
📊 LMTR4: Initial state - Ni = 1, b = 3, htarget = 4
🔄 LMTR4: Fixed branch imbalance by appending last block - Ni = 2
🔄 LMTR4: Fixed branch imbalance by appending last block - Ni = 3
📊 LMTR4: Height adjustment - Current height = 2, Target = 4
⬆️ LMTR4: Added block to increase height - Ni = 4, height = 2
📊 LMTR4: Height adjustment - Current height = 3, Target = 4
⬆️ LMTR4: Added block to increase height - Ni = 5, height = 3
📊 LMTR4: Height adjustment - Current height = 3, Target = 4
⬆️ LMTR4: Added block to increase height - Ni = 6, height = 3
📊 LMTR4: Height adjustment - Current height = 3, Target = 4
⬆️ LMTR4: Added block to increase height - Ni = 7, height = 3
📊 LMTR4: Height adjustment - Current height = 3, Target = 4
⬆️ LMTR4: Added block to increase height - Ni = 8, height = 3
📊 LMTR4: Height adjustment - Current height = 3, Target = 4
⬆️ LMTR4: Added block to increase height - Ni = 9, height = 3
📊 LMTR4: Height adjustment - Current height = 3, Target = 4
⬆️ LMTR4: Added block to increase height - Ni = 10, height = 3
✅ LMTR4: Rebalancing complete - Final Ni = 10, height = 4
   ✅ Shard 0 (validator 2) - 1 → 10 blocks, height=4
🌳 Step 5a: Building REAL Local CC-MBMT from rebalanced blocks...
   ✅ Validator 2 built REAL local CC-MBMT (shard 0) - 10 blocks → tree height=4
🔗 SABV4: Merged 1 local CC-MBMTs into global CC-MBMT using REAL tree structure
✅ Step 5b: Merged 1 local CC-MBMTs into global root r
✅ Step 6: Computed alternative root r' using SAME Merkle tree method as Step 5a
   Using 10 rebalanced blocks, tree height=4
🔐 Step 7: Verifying integrity...
   r  (from merged trees):     29d788646ddb1bc9a031b34187fe99b2f99bac87b3cbc738d87effed9c97b51e
   r' (from all blocks):       29d788646ddb1bc9a031b34187fe99b2f99bac87b3cbc738d87effed9c97b51e
   R  (global_root expected): fd944e666cd94d8a8dfc0944db1e80bdc1d55f4f5e51b9e1247d909f35d5a312
   r == r'? true
✅ SABV4: Verification PASSED - Algorithm executed correctly
   ✅ r == r' (no tampering detected, root consistency verified)
   ✅ Algorithm integrity: SABV4 + LMTR4 working as designed
📝 Note: Blockchain signature verification delegated to SP1 proving
🔧 LMTR4: Starting Algorithm 2 rebalancing for 1 blocks
📊 LMTR4: Initial state - Ni = 1, b = 3, htarget = 4
🔄 LMTR4: Fixed branch imbalance by appending last block - Ni = 2
🔄 LMTR4: Fixed branch imbalance by appending last block - Ni = 3
📊 LMTR4: Height adjustment - Current height = 2, Target = 4
⬆️ LMTR4: Added block to increase height - Ni = 4, height = 2
📊 LMTR4: Height adjustment - Current height = 3, Target = 4
⬆️ LMTR4: Added block to increase height - Ni = 5, height = 3
📊 LMTR4: Height adjustment - Current height = 3, Target = 4
⬆️ LMTR4: Added block to increase height - Ni = 6, height = 3
📊 LMTR4: Height adjustment - Current height = 3, Target = 4
⬆️ LMTR4: Added block to increase height - Ni = 7, height = 3
📊 LMTR4: Height adjustment - Current height = 3, Target = 4
⬆️ LMTR4: Added block to increase height - Ni = 8, height = 3
📊 LMTR4: Height adjustment - Current height = 3, Target = 4
⬆️ LMTR4: Added block to increase height - Ni = 9, height = 3
📊 LMTR4: Height adjustment - Current height = 3, Target = 4
⬆️ LMTR4: Added block to increase height - Ni = 10, height = 3
✅ LMTR4: Rebalancing complete - Final Ni = 10, height = 4
2025-10-28T16:39:06.712004Z DEBUG initialize prover: chip Cpu has 11 byte interactions
2025-10-28T16:39:06.712374Z DEBUG initialize prover: chip Program has 0 byte interactions
2025-10-28T16:39:06.712639Z DEBUG initialize prover: chip ShaExtend has 60 byte interactions
2025-10-28T16:39:06.713128Z DEBUG initialize prover: chip ShaCompress has 112 byte interactions
2025-10-28T16:39:06.721446Z DEBUG initialize prover: chip EdAddAssign has 818 byte interactions
2025-10-28T16:39:06.740488Z DEBUG initialize prover: chip EdDecompress has 710 byte interactions
2025-10-28T16:39:06.754172Z DEBUG initialize prover: chip Secp256k1Decompress has 616 byte interactions
2025-10-28T16:39:06.769065Z DEBUG initialize prover: chip Secp256k1AddAssign has 1006 byte interactions
2025-10-28T16:39:06.786864Z DEBUG initialize prover: chip Secp256k1DoubleAssign has 1068 byte interactions
2025-10-28T16:39:06.800485Z DEBUG initialize prover: chip Secp256r1Decompress has 616 byte interactions
2025-10-28T16:39:06.811080Z DEBUG initialize prover: chip Secp256r1AddAssign has 1006 byte interactions
2025-10-28T16:39:06.825336Z DEBUG initialize prover: chip Secp256r1DoubleAssign has 1068 byte interactions
2025-10-28T16:39:06.838240Z DEBUG initialize prover: chip KeccakPermute has 200 byte interactions
2025-10-28T16:39:06.853189Z DEBUG initialize prover: chip Bn254AddAssign has 1006 byte interactions
2025-10-28T16:39:06.866405Z DEBUG initialize prover: chip Bn254DoubleAssign has 1068 byte interactions
2025-10-28T16:39:06.887218Z DEBUG initialize prover: chip Bls12381AddAssign has 1518 byte interactions
2025-10-28T16:39:06.926120Z DEBUG initialize prover: chip Bls12381DoubleAssign has 1612 byte interactions
2025-10-28T16:39:06.971985Z DEBUG initialize prover: chip Uint256MulMod has 145 byte interactions
2025-10-28T16:39:06.985987Z DEBUG initialize prover: chip U256XU2048Mul has 1060 byte interactions
2025-10-28T16:39:07.011275Z DEBUG initialize prover: chip Bls12381FpOpAssign has 191 byte interactions
2025-10-28T16:39:07.025960Z DEBUG initialize prover: chip Bls12381Fp2AddSubAssign has 382 byte interactions
2025-10-28T16:39:07.049239Z DEBUG initialize prover: chip Bls12381Fp2MulAssign has 950 byte interactions
2025-10-28T16:39:07.071653Z DEBUG initialize prover: chip Bn254FpOpAssign has 127 byte interactions
2025-10-28T16:39:07.077636Z DEBUG initialize prover: chip Bn254Fp2AddSubAssign has 254 byte interactions
2025-10-28T16:39:07.091390Z DEBUG initialize prover: chip Bn254Fp2MulAssign has 630 byte interactions
2025-10-28T16:39:07.113637Z DEBUG initialize prover: chip Bls12381Decompress has 930 byte interactions
2025-10-28T16:39:07.133847Z DEBUG initialize prover: chip SyscallCore has 0 byte interactions
2025-10-28T16:39:07.133918Z DEBUG initialize prover: chip SyscallPrecompile has 0 byte interactions
2025-10-28T16:39:07.134079Z DEBUG initialize prover: chip DivRem has 11 byte interactions
2025-10-28T16:39:07.134296Z DEBUG initialize prover: chip AddSub has 6 byte interactions
2025-10-28T16:39:07.134391Z DEBUG initialize prover: chip Bitwise has 4 byte interactions
2025-10-28T16:39:07.134515Z DEBUG initialize prover: chip Mul has 14 byte interactions
2025-10-28T16:39:07.134690Z DEBUG initialize prover: chip ShiftRight has 25 byte interactions
2025-10-28T16:39:07.134864Z DEBUG initialize prover: chip ShiftLeft has 4 byte interactions
2025-10-28T16:39:07.134976Z DEBUG initialize prover: chip Lt has 3 byte interactions
2025-10-28T16:39:07.135240Z DEBUG initialize prover: chip MemoryInstrs has 7 byte interactions
2025-10-28T16:39:07.135410Z DEBUG initialize prover: chip Auipc has 1 byte interactions
2025-10-28T16:39:07.135539Z DEBUG initialize prover: chip Branch has 2 byte interactions
2025-10-28T16:39:07.135670Z DEBUG initialize prover: chip Jump has 3 byte interactions
2025-10-28T16:39:07.135804Z DEBUG initialize prover: chip SyscallInstrs has 3 byte interactions
2025-10-28T16:39:07.136186Z DEBUG initialize prover: chip MemoryGlobalInit has 0 byte interactions
2025-10-28T16:39:07.136810Z DEBUG initialize prover: chip MemoryGlobalFinalize has 0 byte interactions
2025-10-28T16:39:07.137226Z DEBUG initialize prover: chip MemoryLocal has 0 byte interactions
2025-10-28T16:39:07.137964Z DEBUG initialize prover: chip Global has 1 byte interactions
2025-10-28T16:39:07.139006Z DEBUG initialize prover: chip Byte has 9 byte interactions
2025-10-28T16:39:07.139090Z DEBUG initialize prover: chip MemoryConst has 0 byte interactions
2025-10-28T16:39:07.139114Z DEBUG initialize prover: chip MemoryVar has 0 byte interactions
2025-10-28T16:39:07.139157Z DEBUG initialize prover: chip BaseAlu has 0 byte interactions
2025-10-28T16:39:07.139303Z DEBUG initialize prover: chip ExtAlu has 0 byte interactions
2025-10-28T16:39:07.139883Z DEBUG initialize prover: chip Poseidon2WideDeg3 has 0 byte interactions
2025-10-28T16:39:07.140514Z DEBUG initialize prover: chip BatchFRI has 0 byte interactions
2025-10-28T16:39:07.140689Z DEBUG initialize prover: chip Select has 0 byte interactions
2025-10-28T16:39:07.140735Z DEBUG initialize prover: chip ExpReverseBitsLen has 0 byte interactions
2025-10-28T16:39:07.140768Z DEBUG initialize prover: chip PublicValues has 0 byte interactions
2025-10-28T16:39:07.140803Z DEBUG initialize prover: chip MemoryConst has 0 byte interactions
2025-10-28T16:39:07.140824Z DEBUG initialize prover: chip MemoryVar has 0 byte interactions
2025-10-28T16:39:07.140865Z DEBUG initialize prover: chip BaseAlu has 0 byte interactions
2025-10-28T16:39:07.140993Z DEBUG initialize prover: chip ExtAlu has 0 byte interactions
2025-10-28T16:39:07.141555Z DEBUG initialize prover: chip Poseidon2WideDeg3 has 0 byte interactions
2025-10-28T16:39:07.142118Z DEBUG initialize prover: chip BatchFRI has 0 byte interactions
2025-10-28T16:39:07.142289Z DEBUG initialize prover: chip Select has 0 byte interactions
2025-10-28T16:39:07.142335Z DEBUG initialize prover: chip ExpReverseBitsLen has 0 byte interactions
2025-10-28T16:39:07.142365Z DEBUG initialize prover: chip PublicValues has 0 byte interactions
2025-10-28T16:39:07.142733Z DEBUG initialize prover: chip MemoryConst has 0 byte interactions
2025-10-28T16:39:07.142757Z DEBUG initialize prover: chip MemoryVar has 0 byte interactions
2025-10-28T16:39:07.142798Z DEBUG initialize prover: chip BaseAlu has 0 byte interactions
2025-10-28T16:39:07.142926Z DEBUG initialize prover: chip ExtAlu has 0 byte interactions
2025-10-28T16:39:07.143295Z DEBUG initialize prover: chip Poseidon2SkinnyDeg9 has 0 byte interactions
2025-10-28T16:39:07.143624Z DEBUG initialize prover: chip Select has 0 byte interactions
2025-10-28T16:39:07.143710Z DEBUG initialize prover: chip PublicValues has 0 byte interactions
2025-10-28T16:39:07.165467Z DEBUG initialize prover: chip Cpu has 11 byte interactions
2025-10-28T16:39:07.165597Z DEBUG initialize prover: chip Program has 0 byte interactions
2025-10-28T16:39:07.165709Z DEBUG initialize prover: chip ShaExtend has 60 byte interactions
2025-10-28T16:39:07.166035Z DEBUG initialize prover: chip ShaCompress has 112 byte interactions
2025-10-28T16:39:07.173749Z DEBUG initialize prover: chip EdAddAssign has 818 byte interactions
2025-10-28T16:39:07.192298Z DEBUG initialize prover: chip EdDecompress has 710 byte interactions
2025-10-28T16:39:07.205756Z DEBUG initialize prover: chip Secp256k1Decompress has 616 byte interactions
2025-10-28T16:39:07.219782Z DEBUG initialize prover: chip Secp256k1AddAssign has 1006 byte interactions
2025-10-28T16:39:07.237757Z DEBUG initialize prover: chip Secp256k1DoubleAssign has 1068 byte interactions
2025-10-28T16:39:07.256347Z DEBUG initialize prover: chip Secp256r1Decompress has 616 byte interactions
2025-10-28T16:39:07.270201Z DEBUG initialize prover: chip Secp256r1AddAssign has 1006 byte interactions
2025-10-28T16:39:07.287823Z DEBUG initialize prover: chip Secp256r1DoubleAssign has 1068 byte interactions
2025-10-28T16:39:07.300164Z DEBUG initialize prover: chip KeccakPermute has 200 byte interactions
2025-10-28T16:39:07.314637Z DEBUG initialize prover: chip Bn254AddAssign has 1006 byte interactions
2025-10-28T16:39:07.327812Z DEBUG initialize prover: chip Bn254DoubleAssign has 1068 byte interactions
2025-10-28T16:39:07.348889Z DEBUG initialize prover: chip Bls12381AddAssign has 1518 byte interactions
2025-10-28T16:39:07.383485Z DEBUG initialize prover: chip Bls12381DoubleAssign has 1612 byte interactions
2025-10-28T16:39:07.402511Z DEBUG initialize prover: chip Uint256MulMod has 145 byte interactions
2025-10-28T16:39:07.410596Z DEBUG initialize prover: chip U256XU2048Mul has 1060 byte interactions
2025-10-28T16:39:07.420387Z DEBUG initialize prover: chip Bls12381FpOpAssign has 191 byte interactions
2025-10-28T16:39:07.428926Z DEBUG initialize prover: chip Bls12381Fp2AddSubAssign has 382 byte interactions
2025-10-28T16:39:07.444142Z DEBUG initialize prover: chip Bls12381Fp2MulAssign has 950 byte interactions
2025-10-28T16:39:07.455302Z DEBUG initialize prover: chip Bn254FpOpAssign has 127 byte interactions
2025-10-28T16:39:07.459162Z DEBUG initialize prover: chip Bn254Fp2AddSubAssign has 254 byte interactions
2025-10-28T16:39:07.465972Z DEBUG initialize prover: chip Bn254Fp2MulAssign has 630 byte interactions
2025-10-28T16:39:07.479578Z DEBUG initialize prover: chip Bls12381Decompress has 930 byte interactions
2025-10-28T16:39:07.490318Z DEBUG initialize prover: chip SyscallCore has 0 byte interactions
2025-10-28T16:39:07.490357Z DEBUG initialize prover: chip SyscallPrecompile has 0 byte interactions
2025-10-28T16:39:07.490491Z DEBUG initialize prover: chip DivRem has 11 byte interactions
2025-10-28T16:39:07.490649Z DEBUG initialize prover: chip AddSub has 6 byte interactions
2025-10-28T16:39:07.490719Z DEBUG initialize prover: chip Bitwise has 4 byte interactions
2025-10-28T16:39:07.490789Z DEBUG initialize prover: chip Mul has 14 byte interactions
2025-10-28T16:39:07.490909Z DEBUG initialize prover: chip ShiftRight has 25 byte interactions
2025-10-28T16:39:07.491020Z DEBUG initialize prover: chip ShiftLeft has 4 byte interactions
2025-10-28T16:39:07.491104Z DEBUG initialize prover: chip Lt has 3 byte interactions
2025-10-28T16:39:07.491251Z DEBUG initialize prover: chip MemoryInstrs has 7 byte interactions
2025-10-28T16:39:07.491383Z DEBUG initialize prover: chip Auipc has 1 byte interactions
2025-10-28T16:39:07.491492Z DEBUG initialize prover: chip Branch has 2 byte interactions
2025-10-28T16:39:07.491572Z DEBUG initialize prover: chip Jump has 3 byte interactions
2025-10-28T16:39:07.491674Z DEBUG initialize prover: chip SyscallInstrs has 3 byte interactions
2025-10-28T16:39:07.491918Z DEBUG initialize prover: chip MemoryGlobalInit has 0 byte interactions
2025-10-28T16:39:07.492296Z DEBUG initialize prover: chip MemoryGlobalFinalize has 0 byte interactions
2025-10-28T16:39:07.492602Z DEBUG initialize prover: chip MemoryLocal has 0 byte interactions
2025-10-28T16:39:07.493041Z DEBUG initialize prover: chip Global has 1 byte interactions
2025-10-28T16:39:07.493727Z DEBUG initialize prover: chip Byte has 9 byte interactions
2025-10-28T16:39:07.503239Z DEBUG initialize prover: chip U256XU2048Mul has 1060 byte interactions
2025-10-28T16:39:07.513790Z DEBUG initialize prover: chip Bn254Fp2MulAssign has 630 byte interactions
2025-10-28T16:39:07.521703Z DEBUG initialize prover: chip Secp256r1Decompress has 616 byte interactions
2025-10-28T16:39:07.529923Z DEBUG initialize prover: chip Secp256k1Decompress has 616 byte interactions
2025-10-28T16:39:07.539306Z DEBUG initialize prover: chip Bn254AddAssign has 1006 byte interactions
2025-10-28T16:39:07.548531Z DEBUG initialize prover: chip KeccakPermute has 200 byte interactions
2025-10-28T16:39:07.559669Z DEBUG initialize prover: chip Secp256k1AddAssign has 1006 byte interactions
2025-10-28T16:39:07.566180Z DEBUG initialize prover: chip Bn254FpOpAssign has 127 byte interactions
2025-10-28T16:39:07.567492Z DEBUG initialize prover: chip ShaExtend has 60 byte interactions
2025-10-28T16:39:07.578490Z DEBUG initialize prover: chip Bls12381AddAssign has 1518 byte interactions
2025-10-28T16:39:07.598113Z DEBUG initialize prover: chip Bls12381Fp2AddSubAssign has 382 byte interactions
2025-10-28T16:39:07.607390Z DEBUG initialize prover: chip EdDecompress has 710 byte interactions
2025-10-28T16:39:07.616927Z DEBUG initialize prover: chip Secp256r1AddAssign has 1006 byte interactions
2025-10-28T16:39:07.628358Z DEBUG initialize prover: chip Bn254DoubleAssign has 1068 byte interactions
2025-10-28T16:39:07.635463Z DEBUG initialize prover: chip Uint256MulMod has 145 byte interactions
2025-10-28T16:39:07.649236Z DEBUG initialize prover: chip Bls12381DoubleAssign has 1612 byte interactions
2025-10-28T16:39:07.671687Z DEBUG initialize prover: chip Bls12381Fp2MulAssign has 950 byte interactions
2025-10-28T16:39:07.685572Z DEBUG initialize prover: chip EdAddAssign has 818 byte interactions
2025-10-28T16:39:07.700263Z DEBUG initialize prover: chip Bls12381Decompress has 930 byte interactions
2025-10-28T16:39:07.715326Z DEBUG initialize prover: chip Secp256r1DoubleAssign has 1068 byte interactions
2025-10-28T16:39:07.723906Z DEBUG initialize prover: chip Bn254Fp2AddSubAssign has 254 byte interactions
2025-10-28T16:39:07.728594Z DEBUG initialize prover: chip Bls12381FpOpAssign has 191 byte interactions
2025-10-28T16:39:07.731456Z DEBUG initialize prover: chip ShaCompress has 112 byte interactions
2025-10-28T16:39:07.742361Z DEBUG initialize prover: chip Secp256k1DoubleAssign has 1068 byte interactions
2025-10-28T16:39:07.762150Z DEBUG initialize prover: vk verification: true
2025-10-28T16:39:08.348858Z DEBUG initialize prover:build compress program:assert lookup multiplicities: close time.busy=11.4µs time.idle=7.46µs
2025-10-28T16:39:08.491195Z DEBUG initialize prover:build compress program:2adic pcs:verify shape and challenges: close time.busy=111ms time.idle=7.80µs
2025-10-28T16:39:08.739638Z DEBUG initialize prover:build compress program:2adic pcs:verify challenges: close time.busy=158ms time.idle=6.78µs
2025-10-28T16:39:08.739742Z DEBUG initialize prover:build compress program:2adic pcs: close time.busy=387ms time.idle=6.68µs
2025-10-28T16:39:08.742076Z DEBUG initialize prover:build compress program:verify constraints: close time.busy=2.31ms time.idle=4.46µs
2025-10-28T16:39:08.755676Z DEBUG initialize prover:build compress program:assert lookup multiplicities: close time.busy=5.30µs time.idle=3.56µs
2025-10-28T16:39:08.846927Z DEBUG initialize prover:build compress program:2adic pcs:verify shape and challenges: close time.busy=73.7ms time.idle=5.28µs
2025-10-28T16:39:09.089888Z DEBUG initialize prover:build compress program:2adic pcs:verify challenges: close time.busy=153ms time.idle=8.00µs
2025-10-28T16:39:09.090021Z DEBUG initialize prover:build compress program:2adic pcs: close time.busy=332ms time.idle=3.71µs
2025-10-28T16:39:09.092651Z DEBUG initialize prover:build compress program:verify constraints: close time.busy=2.60ms time.idle=6.19µs
2025-10-28T16:39:09.108131Z DEBUG initialize prover:build compress program: close time.busy=940ms time.idle=14.2µs
2025-10-28T16:39:09.684579Z DEBUG initialize prover:compile compress program:compile raw program: close time.busy=576ms time.idle=12.3µs
2025-10-28T16:39:09.823975Z DEBUG initialize prover:compile compress program:backfill mult: close time.busy=139ms time.idle=9.75µs
2025-10-28T16:39:09.824177Z DEBUG initialize prover:compile compress program:prepend constants: close time.busy=113µs time.idle=4.82µs
2025-10-28T16:39:09.841733Z DEBUG initialize prover:compile compress program: close time.busy=734ms time.idle=6.17µs
2025-10-28T16:39:10.060915Z DEBUG initialize prover:build compress program:assert lookup multiplicities: close time.busy=8.84µs time.idle=6.84µs
2025-10-28T16:39:10.162634Z DEBUG initialize prover:build compress program:2adic pcs:verify shape and challenges: close time.busy=81.3ms time.idle=7.57µs
2025-10-28T16:39:10.352748Z DEBUG initialize prover:build compress program:2adic pcs:verify challenges: close time.busy=118ms time.idle=8.20µs
2025-10-28T16:39:10.352858Z DEBUG initialize prover:build compress program:2adic pcs: close time.busy=290ms time.idle=3.77µs
2025-10-28T16:39:10.355109Z DEBUG initialize prover:build compress program:verify constraints: close time.busy=2.23ms time.idle=4.61µs
2025-10-28T16:39:10.369069Z DEBUG initialize prover:build compress program:assert lookup multiplicities: close time.busy=8.97µs time.idle=7.23µs
2025-10-28T16:39:10.466716Z DEBUG initialize prover:build compress program:2adic pcs:verify shape and challenges: close time.busy=79.0ms time.idle=8.60µs
2025-10-28T16:39:10.791590Z DEBUG initialize prover:build compress program:2adic pcs:verify challenges: close time.busy=197ms time.idle=7.90µs
2025-10-28T16:39:10.791743Z DEBUG initialize prover:build compress program:2adic pcs: close time.busy=420ms time.idle=4.46µs
2025-10-28T16:39:10.793957Z DEBUG initialize prover:build compress program:verify constraints: close time.busy=2.19ms time.idle=4.73µs
2025-10-28T16:39:10.812010Z DEBUG initialize prover:build compress program: close time.busy=946ms time.idle=8.09µs
2025-10-28T16:39:11.541171Z DEBUG initialize prover:compile compress program:compile raw program: close time.busy=729ms time.idle=6.24µs
2025-10-28T16:39:11.639229Z DEBUG initialize prover:compile compress program:backfill mult: close time.busy=98.0ms time.idle=6.03µs
2025-10-28T16:39:11.639380Z DEBUG initialize prover:compile compress program:prepend constants: close time.busy=68.0µs time.idle=5.26µs
2025-10-28T16:39:11.662935Z DEBUG initialize prover:compile compress program: close time.busy=851ms time.idle=7.19µs
2025-10-28T16:39:11.843394Z DEBUG initialize prover:build compress program:assert lookup multiplicities: close time.busy=9.68µs time.idle=6.50µs
2025-10-28T16:39:11.929997Z DEBUG initialize prover:build compress program:2adic pcs:verify shape and challenges: close time.busy=70.3ms time.idle=4.96µs
2025-10-28T16:39:12.127062Z DEBUG initialize prover:build compress program:2adic pcs:verify challenges: close time.busy=141ms time.idle=7.35µs
2025-10-28T16:39:12.127198Z DEBUG initialize prover:build compress program:2adic pcs: close time.busy=282ms time.idle=4.25µs
2025-10-28T16:39:12.129459Z DEBUG initialize prover:build compress program:verify constraints: close time.busy=2.23ms time.idle=5.29µs
2025-10-28T16:39:12.143572Z DEBUG initialize prover:build compress program:assert lookup multiplicities: close time.busy=8.85µs time.idle=7.29µs
2025-10-28T16:39:12.258579Z DEBUG initialize prover:build compress program:2adic pcs:verify shape and challenges: close time.busy=95.2ms time.idle=8.09µs
2025-10-28T16:39:12.552813Z DEBUG initialize prover:build compress program:2adic pcs:verify challenges: close time.busy=156ms time.idle=8.68µs
2025-10-28T16:39:12.552961Z DEBUG initialize prover:build compress program:2adic pcs: close time.busy=406ms time.idle=3.91µs
2025-10-28T16:39:12.555164Z DEBUG initialize prover:build compress program:verify constraints: close time.busy=2.18ms time.idle=4.31µs
2025-10-28T16:39:12.571523Z DEBUG initialize prover:build compress program: close time.busy=891ms time.idle=8.80µs
2025-10-28T16:39:13.190632Z DEBUG initialize prover:compile compress program:compile raw program: close time.busy=619ms time.idle=6.10µs
2025-10-28T16:39:13.265371Z DEBUG initialize prover:compile compress program:backfill mult: close time.busy=74.6ms time.idle=7.44µs
2025-10-28T16:39:13.265562Z DEBUG initialize prover:compile compress program:prepend constants: close time.busy=59.8µs time.idle=5.38µs
2025-10-28T16:39:13.287112Z DEBUG initialize prover:compile compress program: close time.busy=716ms time.idle=7.34µs
2025-10-28T16:39:13.435925Z DEBUG initialize prover:build compress program:assert lookup multiplicities: close time.busy=9.83µs time.idle=6.38µs
2025-10-28T16:39:13.523483Z DEBUG initialize prover:build compress program:2adic pcs:verify shape and challenges: close time.busy=71.0ms time.idle=9.03µs
2025-10-28T16:39:13.763000Z DEBUG initialize prover:build compress program:2adic pcs:verify challenges: close time.busy=173ms time.idle=8.38µs
2025-10-28T16:39:13.763131Z DEBUG initialize prover:build compress program:2adic pcs: close time.busy=326ms time.idle=4.15µs
2025-10-28T16:39:13.765295Z DEBUG initialize prover:build compress program:verify constraints: close time.busy=2.14ms time.idle=4.54µs
2025-10-28T16:39:13.779667Z DEBUG initialize prover:build compress program:assert lookup multiplicities: close time.busy=8.45µs time.idle=6.75µs
2025-10-28T16:39:13.879084Z DEBUG initialize prover:build compress program:2adic pcs:verify shape and challenges: close time.busy=80.4ms time.idle=7.19µs
2025-10-28T16:39:14.186950Z DEBUG initialize prover:build compress program:2adic pcs:verify challenges: close time.busy=212ms time.idle=7.55µs
2025-10-28T16:39:14.187146Z DEBUG initialize prover:build compress program:2adic pcs: close time.busy=404ms time.idle=4.68µs
2025-10-28T16:39:14.191265Z DEBUG initialize prover:build compress program:verify constraints: close time.busy=4.08ms time.idle=7.54µs
2025-10-28T16:39:14.217623Z DEBUG initialize prover:build compress program: close time.busy=917ms time.idle=7.60µs
2025-10-28T16:39:14.815461Z DEBUG initialize prover:compile compress program:compile raw program: close time.busy=598ms time.idle=5.75µs
2025-10-28T16:39:14.860278Z DEBUG initialize prover:compile compress program:backfill mult: close time.busy=44.7ms time.idle=7.18µs
2025-10-28T16:39:14.860397Z DEBUG initialize prover:compile compress program:prepend constants: close time.busy=45.7µs time.idle=4.47µs
2025-10-28T16:39:14.879775Z DEBUG initialize prover:compile compress program: close time.busy=662ms time.idle=7.06µs
2025-10-28T16:39:14.891706Z DEBUG initialize prover: close time.busy=8.18s time.idle=7.75µs
2025-10-28T16:39:14.975069Z DEBUG setup:setup machine:generate preprocessed traces: generated preprocessed trace for chip Bls12381DoubleAssign in 10.672µs
2025-10-28T16:39:14.975100Z DEBUG setup:setup machine:generate preprocessed traces: generated preprocessed trace for chip EdDecompress in 7.53µs
2025-10-28T16:39:14.975110Z DEBUG setup:setup machine:generate preprocessed traces: generated preprocessed trace for chip DivRem in 7.225µs
2025-10-28T16:39:14.975103Z DEBUG setup:setup machine:generate preprocessed traces: generated preprocessed trace for chip Secp256r1DoubleAssign in 1.506µs
2025-10-28T16:39:14.975128Z DEBUG setup:setup machine:generate preprocessed traces: generated preprocessed trace for chip SyscallPrecompile in 7.353µs
2025-10-28T16:39:14.975073Z DEBUG setup:setup machine:generate preprocessed traces: generated preprocessed trace for chip Bn254FpOpAssign in 1.096µs
2025-10-28T16:39:14.975143Z DEBUG setup:setup machine:generate preprocessed traces: generated preprocessed trace for chip AddSub in 7.341µs
2025-10-28T16:39:14.975096Z DEBUG setup:setup machine:generate preprocessed traces: generated preprocessed trace for chip Cpu in 5.18µs
2025-10-28T16:39:14.975101Z DEBUG setup:setup machine:generate preprocessed traces: generated preprocessed trace for chip Bitwise in 8.11µs
2025-10-28T16:39:14.975119Z DEBUG setup:setup machine:generate preprocessed traces: generated preprocessed trace for chip Auipc in 7.103µs
2025-10-28T16:39:14.975216Z DEBUG setup:setup machine:generate preprocessed traces: generated preprocessed trace for chip Mul in 1.32µs
2025-10-28T16:39:14.975222Z DEBUG setup:setup machine:generate preprocessed traces: generated preprocessed trace for chip Bn254Fp2MulAssign in 8.279µs
2025-10-28T16:39:14.975121Z DEBUG setup:setup machine:generate preprocessed traces: generated preprocessed trace for chip Bls12381Decompress in 7.327µs
2025-10-28T16:39:14.975127Z DEBUG setup:setup machine:generate preprocessed traces: generated preprocessed trace for chip SyscallInstrs in 7.303µs
2025-10-28T16:39:14.975273Z DEBUG setup:setup machine:generate preprocessed traces: generated preprocessed trace for chip Lt in 1.531µs
2025-10-28T16:39:14.975087Z DEBUG setup:setup machine:generate preprocessed traces: generated preprocessed trace for chip ShiftLeft in 7.444µs
2025-10-28T16:39:14.975100Z DEBUG setup:setup machine:generate preprocessed traces: generated preprocessed trace for chip SyscallCore in 7.591µs
2025-10-28T16:39:14.975335Z DEBUG setup:setup machine:generate preprocessed traces: generated preprocessed trace for chip ShiftRight in 1.519µs
2025-10-28T16:39:14.975335Z DEBUG setup:setup machine:generate preprocessed traces: generated preprocessed trace for chip Branch in 1.421µs
2025-10-28T16:39:14.975365Z DEBUG setup:setup machine:generate preprocessed traces: generated preprocessed trace for chip Secp256k1DoubleAssign in 1.457µs
2025-10-28T16:39:14.975390Z DEBUG setup:setup machine:generate preprocessed traces: generated preprocessed trace for chip ShaExtend in 1.412µs
2025-10-28T16:39:14.975406Z DEBUG setup:setup machine:generate preprocessed traces: generated preprocessed trace for chip Bls12381FpOpAssign in 1.41µs
2025-10-28T16:39:14.975418Z DEBUG fixed log2 rows can be potentially reduced: got 50022, expected 524288
2025-10-28T16:39:14.975453Z DEBUG setup:setup machine:generate preprocessed traces: generated preprocessed trace for chip MemoryGlobalInit in 1.628µs
2025-10-28T16:39:14.975368Z DEBUG setup:setup machine:generate preprocessed traces: generated preprocessed trace for chip MemoryInstrs in 1.399µs
2025-10-28T16:39:14.975481Z DEBUG setup:setup machine:generate preprocessed traces: generated preprocessed trace for chip Jump in 1.55µs
2025-10-28T16:39:14.975105Z DEBUG setup:setup machine:generate preprocessed traces: generated preprocessed trace for chip Bn254Fp2AddSubAssign in 7.313µs
2025-10-28T16:39:14.975562Z DEBUG setup:setup machine:generate preprocessed traces: generated preprocessed trace for chip Bls12381Fp2AddSubAssign in 1.4µs
2025-10-28T16:39:14.975579Z DEBUG setup:setup machine:generate preprocessed traces: generated preprocessed trace for chip ShaCompress in 1.354µs
2025-10-28T16:39:14.975667Z DEBUG setup:setup machine:generate preprocessed traces: generated preprocessed trace for chip Bls12381Fp2MulAssign in 6.001µs
2025-10-28T16:39:14.975686Z DEBUG setup:setup machine:generate preprocessed traces: generated preprocessed trace for chip Secp256r1Decompress in 1.417µs
2025-10-28T16:39:14.975784Z DEBUG setup:setup machine:generate preprocessed traces: generated preprocessed trace for chip MemoryGlobalFinalize in 1.554µs
2025-10-28T16:39:14.975915Z DEBUG setup:setup machine:generate preprocessed traces: generated preprocessed trace for chip MemoryLocal in 1.535µs
2025-10-28T16:39:14.976095Z DEBUG setup:setup machine:generate preprocessed traces: generated preprocessed trace for chip Secp256r1AddAssign in 1.312µs
2025-10-28T16:39:14.976146Z DEBUG setup:setup machine:generate preprocessed traces: generated preprocessed trace for chip Global in 1.557µs
2025-10-28T16:39:14.976626Z DEBUG setup:setup machine:generate preprocessed traces: generated preprocessed trace for chip EdAddAssign in 1.388µs
2025-10-28T16:39:14.985730Z DEBUG setup:setup machine:generate preprocessed traces: generated preprocessed trace for chip Byte in 7.071891ms
2025-10-28T16:39:14.985813Z DEBUG setup:setup machine:generate preprocessed traces: generated preprocessed trace for chip Secp256k1Decompress in 1.296µs
2025-10-28T16:39:15.019225Z DEBUG setup:setup machine:generate preprocessed traces: generated preprocessed trace for chip Secp256k1AddAssign in 1.806µs
2025-10-28T16:39:15.019282Z DEBUG setup:setup machine:generate preprocessed traces: generated preprocessed trace for chip Uint256MulMod in 1.224µs
2025-10-28T16:39:15.019310Z DEBUG setup:setup machine:generate preprocessed traces: generated preprocessed trace for chip Program in 43.896856ms
2025-10-28T16:39:15.019351Z DEBUG setup:setup machine:generate preprocessed traces: generated preprocessed trace for chip Bn254AddAssign in 1.068µs
2025-10-28T16:39:15.021985Z DEBUG setup:setup machine:generate preprocessed traces: generated preprocessed trace for chip U256XU2048Mul in 2.054µs
2025-10-28T16:39:15.038841Z DEBUG setup:setup machine:generate preprocessed traces: generated preprocessed trace for chip KeccakPermute in 2.281µs
2025-10-28T16:39:15.045673Z DEBUG setup:setup machine:generate preprocessed traces: generated preprocessed trace for chip Bn254DoubleAssign in 1.784µs
2025-10-28T16:39:15.056095Z DEBUG setup:setup machine:generate preprocessed traces: generated preprocessed trace for chip Bls12381AddAssign in 2.715µs
2025-10-28T16:39:16.101656Z DEBUG setup:setup machine:commit to preprocessed traces: close time.busy=905ms time.idle=8.24µs
2025-10-28T16:39:16.101730Z DEBUG setup:setup machine:generate preprocessed traces: close time.busy=167ms time.idle=960ms
2025-10-28T16:39:16.101745Z DEBUG setup:setup machine: close time.busy=1.20s time.idle=2.87µs
2025-10-28T16:39:16.637573Z DEBUG setup: close time.busy=1.74s time.idle=5.68µs
2025-10-28T16:39:16.746240Z DEBUG prove_core:checkpoint generator:batch:clone: close time.busy=291µs time.idle=3.83µs
2025-10-28T16:39:16.746303Z DEBUG prove_core:checkpoint generator:batch:execute: loading memory image
2025-10-28T16:39:16.748280Z  INFO prove_core:checkpoint generator:batch:execute: clk = 0 pc = 0x201504
2025-10-28T16:39:16.871240Z DEBUG prove_core:checkpoint generator:batch:execute: close time.busy=125ms time.idle=4.17µs
2025-10-28T16:39:16.872139Z DEBUG prove_core:checkpoint generator:batch:create memory checkpoint: close time.busy=827µs time.idle=4.55µs
2025-10-28T16:39:16.873092Z DEBUG prove_core:checkpoint generator:batch: close time.busy=127ms time.idle=2.70µs
2025-10-28T16:39:16.873146Z DEBUG prove_core:checkpoint generator:batch:clone: close time.busy=17.1µs time.idle=2.79µs
2025-10-28T16:39:16.879019Z DEBUG prove_core:phase 2 trace generation:trace checkpoint: loading memory image
2025-10-28T16:39:16.880799Z  INFO prove_core:phase 2 trace generation:trace checkpoint: clk = 0 pc = 0x201504
2025-10-28T16:39:17.085640Z DEBUG prove_core:checkpoint generator:batch:execute: close time.busy=212ms time.idle=4.23µs
2025-10-28T16:39:17.086728Z DEBUG prove_core:checkpoint generator:batch:create memory checkpoint: close time.busy=1.02ms time.idle=4.88µs
2025-10-28T16:39:17.087838Z DEBUG prove_core:checkpoint generator:batch: close time.busy=215ms time.idle=2.67µs
2025-10-28T16:39:17.087899Z DEBUG prove_core:checkpoint generator:batch:clone: close time.busy=12.7µs time.idle=2.48µs
2025-10-28T16:39:17.206245Z DEBUG prove_core:checkpoint generator:batch:execute: close time.busy=118ms time.idle=4.67µs
2025-10-28T16:39:17.206690Z DEBUG prove_core:checkpoint generator:batch:create memory checkpoint: close time.busy=371µs time.idle=4.79µs
2025-10-28T16:39:17.207993Z DEBUG prove_core:checkpoint generator:batch: close time.busy=120ms time.idle=4.06µs
2025-10-28T16:39:17.208081Z DEBUG prove_core:checkpoint generator:batch:clone: close time.busy=24.3µs time.idle=3.71µs
2025-10-28T16:39:17.527702Z DEBUG prove_core:checkpoint generator:batch:execute: close time.busy=320ms time.idle=5.38µs
2025-10-28T16:39:17.531561Z DEBUG prove_core:checkpoint generator:batch:create memory checkpoint: close time.busy=3.78ms time.idle=4.69µs
2025-10-28T16:39:17.535962Z DEBUG prove_core:checkpoint generator:batch: close time.busy=328ms time.idle=4.27µs
2025-10-28T16:39:17.535991Z DEBUG prove_core:checkpoint generator: close time.busy=790ms time.idle=21.5µs
2025-10-28T16:39:18.067817Z DEBUG prove_core:phase 2 trace generation:trace checkpoint: close time.busy=1.19s time.idle=7.39µs
2025-10-28T16:39:18.067946Z DEBUG prove_core:phase 2 trace generation: deferred 0 records
2025-10-28T16:39:18.159654Z DEBUG prove_core:phase 2 trace generation:generate dependencies:generate cpu dependencies: close time.busy=91.7ms time.idle=4.59µs index=0
2025-10-28T16:39:18.379022Z DEBUG prove_core:phase 2 trace generation:generate dependencies:register nonces: close time.busy=3.67µs time.idle=6.91µs index=0
2025-10-28T16:39:18.379089Z DEBUG prove_core:phase 2 trace generation:generate dependencies: close time.busy=311ms time.idle=5.97µs index=0
2025-10-28T16:39:18.379820Z DEBUG prove_core:phase 2 trace generation: Shard Lifted: Index=1, Cluster=249
2025-10-28T16:39:18.379845Z DEBUG prove_core:phase 2 trace generation: Chip Cpu: 21  -> 21 
2025-10-28T16:39:18.379858Z DEBUG prove_core:phase 2 trace generation: Chip AddSub: 21  -> 21 
2025-10-28T16:39:18.379867Z DEBUG prove_core:phase 2 trace generation: Chip Bitwise: 17  -> 17 
2025-10-28T16:39:18.379876Z DEBUG prove_core:phase 2 trace generation: Chip Mul: 5   -> 17 
2025-10-28T16:39:18.379886Z DEBUG prove_core:phase 2 trace generation: Chip ShiftRight: 16  -> 17 
2025-10-28T16:39:18.379895Z DEBUG prove_core:phase 2 trace generation: Chip ShiftLeft: 16  -> 17 
2025-10-28T16:39:18.379904Z DEBUG prove_core:phase 2 trace generation: Chip Lt: 19  -> 19 
2025-10-28T16:39:18.379913Z DEBUG prove_core:phase 2 trace generation: Chip MemoryLocal: 13  -> 18 
2025-10-28T16:39:18.379922Z DEBUG prove_core:phase 2 trace generation: Chip MemoryInstrs: 21  -> 21 
2025-10-28T16:39:18.379931Z DEBUG prove_core:phase 2 trace generation: Chip Auipc: 16  -> 18 
2025-10-28T16:39:18.379940Z DEBUG prove_core:phase 2 trace generation: Chip Branch: 18  -> 18 
2025-10-28T16:39:18.379949Z DEBUG prove_core:phase 2 trace generation: Chip Jump: 17  -> 18 
2025-10-28T16:39:18.379958Z DEBUG prove_core:phase 2 trace generation: Chip Global: 16  -> 17 
2025-10-28T16:39:18.379967Z DEBUG prove_core:phase 2 trace generation: Chip SyscallCore: 2   -> 10 
2025-10-28T16:39:18.379976Z DEBUG prove_core:phase 2 trace generation: Chip SyscallInstrs: 2   -> 10 
2025-10-28T16:39:18.380379Z DEBUG fixed log2 rows can be potentially reduced: got 90069, expected 262144
2025-10-28T16:39:18.380392Z DEBUG fixed log2 rows can be potentially reduced: got 65012, expected 131072
2025-10-28T16:39:18.380417Z DEBUG fixed log2 rows can be potentially reduced: got 43089, expected 262144
2025-10-28T16:39:18.380409Z DEBUG fixed log2 rows can be potentially reduced: got 4, expected 1024
2025-10-28T16:39:18.380488Z DEBUG fixed log2 rows can be potentially reduced: got 4, expected 1024
2025-10-28T16:39:18.380486Z DEBUG prove_core:phase 2 trace generation:generate main traces:generate traces for shard: generated trace for chip SyscallCore in 182.602µs index=0
2025-10-28T16:39:18.380672Z DEBUG fixed log2 rows can be potentially reduced: got 8127, expected 262144
2025-10-28T16:39:18.380673Z DEBUG prove_core:phase 2 trace generation:generate main traces:generate traces for shard: generated trace for chip SyscallInstrs in 204.417µs index=0
2025-10-28T16:39:18.380704Z DEBUG fixed log2 rows can be potentially reduced: got 47040, expected 131072
2025-10-28T16:39:18.383719Z DEBUG prove_core: core cache miss, misses: 0
2025-10-28T16:39:18.383739Z DEBUG prove_core:phase 2 trace generation:generate main traces:generate traces for shard: generated trace for chip Byte in 3.258321ms index=0
2025-10-28T16:39:18.383843Z DEBUG fixed log2 rows can be potentially reduced: got 17, expected 131072
2025-10-28T16:39:18.387491Z DEBUG prove_core:phase 2 trace generation:generate main traces:generate traces for shard: generated trace for chip Mul in 3.657938ms index=0
2025-10-28T16:39:18.387536Z DEBUG prove_core:phase 2 trace generation:generate main traces:generate traces for shard: generated trace for chip MemoryLocal in 7.171746ms index=0
2025-10-28T16:39:18.389720Z DEBUG prove_core:phase 2 trace generation:generate main traces:generate traces for shard: generated trace for chip Auipc in 9.32267ms index=0
2025-10-28T16:39:18.395814Z DEBUG prove_core:phase 2 trace generation:generate main traces:generate traces for shard: generated trace for chip Jump in 15.451664ms index=0
2025-10-28T16:39:18.421706Z DEBUG prove_core:phase 2 trace generation:generate main traces:generate traces for shard: generated trace for chip Bitwise in 41.31655ms index=0
2025-10-28T16:39:18.434505Z DEBUG prove_core:phase 2 trace generation:generate main traces:generate traces for shard: generated trace for chip Branch in 53.943136ms index=0
2025-10-28T16:39:18.457258Z DEBUG prove_core:phase 2 trace generation:generate main traces:generate traces for shard: generated trace for chip ShiftRight in 76.55518ms index=0
2025-10-28T16:39:18.474792Z DEBUG fixed log2 rows can be potentially reduced: got 49466, expected 131072
2025-10-28T16:39:18.479003Z DEBUG fixed log2 rows can be potentially reduced: got 50022, expected 524288
2025-10-28T16:39:18.479970Z DEBUG prove_core:phase 2 trace generation:generate main traces:generate traces for shard: generated trace for chip Program in 99.510973ms index=0
2025-10-28T16:39:18.491419Z DEBUG prove_core:build recursion program:read input: close time.busy=108ms time.idle=4.68µs
2025-10-28T16:39:18.492809Z DEBUG prove_core:build recursion program:verify:verify shard:assert lookup multiplicities: close time.busy=11.8µs time.idle=3.80µs
2025-10-28T16:39:18.534318Z DEBUG prove_core:phase 2 trace generation:generate main traces:generate traces for shard: generated trace for chip ShiftLeft in 77.003473ms index=0
2025-10-28T16:39:18.560796Z DEBUG prove_core:phase 2 trace generation:generate main traces:generate traces for shard: generated trace for chip Lt in 180.513396ms index=0
2025-10-28T16:39:18.641273Z DEBUG prove_core:build recursion program:verify:verify shard:2adic pcs:verify shape and challenges: close time.busy=86.1ms time.idle=7.56µs
2025-10-28T16:39:18.850227Z DEBUG prove_core:phase 2 trace generation:generate main traces:generate traces for shard: generated trace for chip MemoryInstrs in 289.370517ms index=0
2025-10-28T16:39:18.859803Z DEBUG prove_core:phase 2 trace generation:generate main traces:generate traces for shard: generated trace for chip Cpu in 479.567629ms index=0
2025-10-28T16:39:18.930797Z DEBUG prove_core:phase 2 trace generation:generate main traces:generate traces for shard: generated trace for chip AddSub in 547.32919ms index=0
2025-10-28T16:39:18.984061Z DEBUG prove_core:build recursion program:verify:verify shard:2adic pcs:verify challenges: close time.busy=137ms time.idle=7.92µs
2025-10-28T16:39:18.984212Z DEBUG prove_core:build recursion program:verify:verify shard:2adic pcs: close time.busy=486ms time.idle=5.09µs
2025-10-28T16:39:18.988913Z DEBUG prove_core:build recursion program:verify:verify shard:verify constraints: close time.busy=4.67ms time.idle=4.33µs
2025-10-28T16:39:18.988970Z DEBUG prove_core:build recursion program:verify:verify shard: close time.busy=496ms time.idle=5.26µs
2025-10-28T16:39:19.012392Z DEBUG prove_core:build recursion program:verify: close time.busy=521ms time.idle=6.04µs
2025-10-28T16:39:19.012490Z DEBUG prove_core:build recursion program:build block: close time.busy=2.15µs time.idle=3.54µs
2025-10-28T16:39:19.012505Z DEBUG prove_core:build recursion program: close time.busy=629ms time.idle=5.61µs
2025-10-28T16:39:19.145380Z DEBUG prove_core:phase 2 trace generation:generate main traces:generate traces for shard: generated trace for chip Global in 764.975701ms index=0
2025-10-28T16:39:19.146022Z DEBUG prove_core:phase 2 trace generation:generate main traces:generate traces for shard: close time.busy=766ms time.idle=11.4µs index=0
2025-10-28T16:39:19.146095Z  INFO prove_core:phase 2 trace generation:generate main traces: close time.busy=766ms time.idle=3.60µs index=0
2025-10-28T16:39:19.559157Z DEBUG prove_core:compile recursion program:compile raw program: close time.busy=547ms time.idle=5.96µs
2025-10-28T16:39:19.587133Z DEBUG prove_core:compile recursion program:backfill mult: close time.busy=27.9ms time.idle=6.22µs
2025-10-28T16:39:19.587264Z DEBUG prove_core:compile recursion program:prepend constants: close time.busy=46.9µs time.idle=8.59µs
2025-10-28T16:39:19.598413Z DEBUG prove_core:compile recursion program: close time.busy=586ms time.idle=5.23µs
2025-10-28T16:39:20.462735Z DEBUG prove_core:phase 2 trace generation:trace checkpoint: close time.busy=1.32s time.idle=6.25µs
2025-10-28T16:39:20.466572Z DEBUG prove_core:phase 2 trace generation: deferred 0 records
2025-10-28T16:39:20.572199Z DEBUG prove_core:phase 2 trace generation:generate dependencies:generate cpu dependencies: close time.busy=105ms time.idle=4.53µs index=1
2025-10-28T16:39:20.834947Z DEBUG prove_core:phase 2 trace generation:generate dependencies:register nonces: close time.busy=3.90µs time.idle=6.36µs index=1
2025-10-28T16:39:20.835006Z DEBUG prove_core:phase 2 trace generation:generate dependencies: close time.busy=368ms time.idle=6.02µs index=1
2025-10-28T16:39:20.835775Z DEBUG prove_core:phase 2 trace generation: Shard Lifted: Index=2, Cluster=249
2025-10-28T16:39:20.835799Z DEBUG prove_core:phase 2 trace generation: Chip Cpu: 21  -> 21 
2025-10-28T16:39:20.835810Z DEBUG prove_core:phase 2 trace generation: Chip AddSub: 21  -> 21 
2025-10-28T16:39:20.835818Z DEBUG prove_core:phase 2 trace generation: Chip Bitwise: 18  -> 18 
2025-10-28T16:39:20.835826Z DEBUG prove_core:phase 2 trace generation: Chip Mul: 10  -> 17 
2025-10-28T16:39:20.835834Z DEBUG prove_core:phase 2 trace generation: Chip ShiftRight: 15  -> 17 
2025-10-28T16:39:20.835842Z DEBUG prove_core:phase 2 trace generation: Chip ShiftLeft: 16  -> 17 
2025-10-28T16:39:20.835850Z DEBUG prove_core:phase 2 trace generation: Chip Lt: 19  -> 19 
2025-10-28T16:39:20.835857Z DEBUG prove_core:phase 2 trace generation: Chip MemoryLocal: 15  -> 18 
2025-10-28T16:39:20.835865Z DEBUG prove_core:phase 2 trace generation: Chip MemoryInstrs: 21  -> 21 
2025-10-28T16:39:20.835873Z DEBUG prove_core:phase 2 trace generation: Chip Auipc: 15  -> 18 
2025-10-28T16:39:20.835881Z DEBUG prove_core:phase 2 trace generation: Chip Branch: 18  -> 18 
2025-10-28T16:39:20.835945Z DEBUG prove_core:phase 2 trace generation: Chip Jump: 16  -> 18 
2025-10-28T16:39:20.835954Z DEBUG prove_core:phase 2 trace generation: Chip Global: 18  -> 18 
2025-10-28T16:39:20.835962Z DEBUG prove_core:phase 2 trace generation: Chip SyscallCore: 10  -> 10 
2025-10-28T16:39:20.835970Z DEBUG prove_core:phase 2 trace generation: Chip SyscallInstrs: 10  -> 10 
2025-10-28T16:39:20.836485Z DEBUG prove_core:phase 2 trace generation:generate main traces:generate traces for shard: generated trace for chip SyscallCore in 113.544µs index=1
2025-10-28T16:39:20.836412Z DEBUG fixed log2 rows can be potentially reduced: got 54469, expected 262144
2025-10-28T16:39:20.837023Z DEBUG fixed log2 rows can be potentially reduced: got 19506, expected 262144
2025-10-28T16:39:20.839486Z DEBUG fixed log2 rows can be potentially reduced: got 25274, expected 262144
2025-10-28T16:39:20.840492Z DEBUG prove_core:phase 2 trace generation:generate main traces:generate traces for shard: generated trace for chip SyscallInstrs in 979.492µs index=1
2025-10-28T16:39:20.842080Z DEBUG prove_core: core cache miss, misses: 1
2025-10-28T16:39:20.846520Z DEBUG prove_core:phase 2 trace generation:generate main traces:generate traces for shard: generated trace for chip Auipc in 7.053908ms index=1
2025-10-28T16:39:20.849740Z DEBUG prove_core:phase 2 trace generation:generate main traces:generate traces for shard: generated trace for chip Jump in 13.350829ms index=1
2025-10-28T16:39:20.850902Z DEBUG prove_core:phase 2 trace generation:generate main traces:generate traces for shard: generated trace for chip MemoryLocal in 14.561874ms index=1
2025-10-28T16:39:20.929165Z DEBUG fixed log2 rows can be potentially reduced: got 50022, expected 524288
2025-10-28T16:39:20.929711Z DEBUG prove_core:phase 2 trace generation:generate main traces:generate traces for shard: generated trace for chip Program in 93.401022ms index=1
2025-10-28T16:39:20.958651Z DEBUG prove_core:phase 2 trace generation:generate main traces:generate traces for shard: generated trace for chip Branch in 112.075522ms index=1
2025-10-28T16:39:20.980670Z DEBUG prove_core:build recursion program:read input: close time.busy=139ms time.idle=4.20µs
2025-10-28T16:39:20.981514Z DEBUG prove_core:build recursion program:verify:verify shard:assert lookup multiplicities: close time.busy=8.85µs time.idle=3.00µs
2025-10-28T16:39:20.986052Z DEBUG prove_core:phase 2 trace generation:generate main traces:generate traces for shard: generated trace for chip Bitwise in 146.585352ms index=1
2025-10-28T16:39:20.986107Z DEBUG fixed log2 rows can be potentially reduced: got 988, expected 131072
2025-10-28T16:39:21.036159Z DEBUG fixed log2 rows can be potentially reduced: got 20105, expected 131072
2025-10-28T16:39:21.043705Z DEBUG prove_core:phase 2 trace generation:generate main traces:generate traces for shard: generated trace for chip Mul in 57.607222ms index=1
2025-10-28T16:39:21.081081Z DEBUG fixed log2 rows can be potentially reduced: got 32850, expected 131072
2025-10-28T16:39:21.090826Z DEBUG prove_core:phase 2 trace generation:generate main traces:generate traces for shard: generated trace for chip Byte in 8.699084ms index=1
2025-10-28T16:39:21.112220Z DEBUG prove_core:build recursion program:verify:verify shard:2adic pcs:verify shape and challenges: close time.busy=87.0ms time.idle=7.49µs
2025-10-28T16:39:21.139993Z DEBUG prove_core:phase 2 trace generation:generate main traces:generate traces for shard: generated trace for chip ShiftLeft in 74.496423ms index=1
2025-10-28T16:39:21.391208Z DEBUG prove_core:build recursion program:verify:verify shard:2adic pcs:verify challenges: close time.busy=194ms time.idle=8.62µs
2025-10-28T16:39:21.391370Z DEBUG prove_core:build recursion program:verify:verify shard:2adic pcs: close time.busy=407ms time.idle=4.95µs
2025-10-28T16:39:21.397929Z DEBUG prove_core:build recursion program:verify:verify shard:verify constraints: close time.busy=6.52ms time.idle=7.58µs
2025-10-28T16:39:21.398017Z DEBUG prove_core:build recursion program:verify:verify shard: close time.busy=417ms time.idle=4.96µs
2025-10-28T16:39:21.412189Z DEBUG prove_core:phase 2 trace generation:generate main traces:generate traces for shard: generated trace for chip Lt in 568.723354ms index=1
2025-10-28T16:39:21.422194Z DEBUG prove_core:build recursion program:verify: close time.busy=441ms time.idle=5.74µs
2025-10-28T16:39:21.422253Z DEBUG prove_core:build recursion program:build block: close time.busy=2.56µs time.idle=4.43µs
2025-10-28T16:39:21.422267Z DEBUG prove_core:build recursion program: close time.busy=580ms time.idle=6.09µs
2025-10-28T16:39:21.423236Z DEBUG prove_core:phase 2 trace generation:generate main traces:generate traces for shard: generated trace for chip Cpu in 587.044762ms index=1
2025-10-28T16:39:21.466180Z DEBUG prove_core:phase 2 trace generation:generate main traces:generate traces for shard: generated trace for chip AddSub in 629.772585ms index=1
2025-10-28T16:39:21.495757Z DEBUG prove_core:phase 2 trace generation:generate main traces:generate traces for shard: generated trace for chip MemoryInstrs in 645.961177ms index=1
2025-10-28T16:39:21.622200Z DEBUG prove_core:phase 2 trace generation:generate main traces:generate traces for shard: generated trace for chip ShiftRight in 586.109945ms index=1
2025-10-28T16:39:21.849258Z DEBUG prove_core:compile recursion program:compile raw program: close time.busy=427ms time.idle=4.71µs
2025-10-28T16:39:21.882722Z DEBUG prove_core:compile recursion program:backfill mult: close time.busy=33.4ms time.idle=6.64µs
2025-10-28T16:39:21.882847Z DEBUG prove_core:compile recursion program:prepend constants: close time.busy=54.6µs time.idle=5.08µs
2025-10-28T16:39:21.896216Z DEBUG prove_core:compile recursion program: close time.busy=474ms time.idle=5.71µs
2025-10-28T16:39:21.909757Z DEBUG prove_core:phase 2 trace generation:generate main traces:generate traces for shard: generated trace for chip Global in 1.058825306s index=1
2025-10-28T16:39:21.909991Z DEBUG prove_core:phase 2 trace generation:generate main traces:generate traces for shard: close time.busy=1.07s time.idle=3.69µs index=1
2025-10-28T16:39:21.910025Z  INFO prove_core:phase 2 trace generation:generate main traces: close time.busy=1.07s time.idle=3.37µs index=1
2025-10-28T16:39:23.037046Z DEBUG prove_core:phase 2 trace generation:trace checkpoint: close time.busy=1.13s time.idle=7.32µs
2025-10-28T16:39:23.043949Z DEBUG prove_core:phase 2 trace generation: deferred 1 records
2025-10-28T16:39:23.166128Z DEBUG prove_core:phase 2 trace generation:generate dependencies:generate cpu dependencies: close time.busy=122ms time.idle=5.28µs index=2
2025-10-28T16:39:23.579352Z DEBUG prove_core:phase 2 trace generation:generate dependencies:register nonces: close time.busy=3.64µs time.idle=6.31µs index=2
2025-10-28T16:39:23.579451Z DEBUG prove_core:phase 2 trace generation:generate dependencies:generate cpu dependencies: close time.busy=33.0µs time.idle=2.84µs index=2
2025-10-28T16:39:24.144858Z DEBUG prove_core:phase 2 trace generation:generate dependencies:register nonces: close time.busy=3.96µs time.idle=6.32µs index=2
2025-10-28T16:39:24.144917Z DEBUG prove_core:phase 2 trace generation:generate dependencies: close time.busy=1.10s time.idle=5.19µs index=2
2025-10-28T16:39:24.145692Z DEBUG prove_core:phase 2 trace generation: Shard Lifted: Index=3, Cluster=16
2025-10-28T16:39:24.145716Z DEBUG prove_core:phase 2 trace generation: Chip Cpu: 21  -> 21 
2025-10-28T16:39:24.145726Z DEBUG prove_core:phase 2 trace generation: Chip AddSub: 21  -> 21 
2025-10-28T16:39:24.145734Z DEBUG prove_core:phase 2 trace generation: Chip Bitwise: 18  -> 18 
2025-10-28T16:39:24.145741Z DEBUG prove_core:phase 2 trace generation: Chip Mul: 11  -> 17 
2025-10-28T16:39:24.145749Z DEBUG prove_core:phase 2 trace generation: Chip ShiftRight: 12  -> 17 
2025-10-28T16:39:24.145756Z DEBUG prove_core:phase 2 trace generation: Chip ShiftLeft: 15  -> 17 
2025-10-28T16:39:24.145763Z DEBUG prove_core:phase 2 trace generation: Chip Lt: 20  -> 20 
2025-10-28T16:39:24.145771Z DEBUG prove_core:phase 2 trace generation: Chip MemoryLocal: 15  -> 18 
2025-10-28T16:39:24.145778Z DEBUG prove_core:phase 2 trace generation: Chip MemoryInstrs: 20  -> 20 
2025-10-28T16:39:24.145785Z DEBUG prove_core:phase 2 trace generation: Chip Auipc: 14  -> 18 
2025-10-28T16:39:24.145792Z DEBUG prove_core:phase 2 trace generation: Chip Branch: 18  -> 18 
2025-10-28T16:39:24.145800Z DEBUG prove_core:phase 2 trace generation: Chip Jump: 15  -> 18 
2025-10-28T16:39:24.145807Z DEBUG prove_core:phase 2 trace generation: Chip Global: 18  -> 18 
2025-10-28T16:39:24.145814Z DEBUG prove_core:phase 2 trace generation: Chip SyscallCore: 11  -> 18 
2025-10-28T16:39:24.145821Z DEBUG prove_core:phase 2 trace generation: Chip SyscallInstrs: 11  -> 18 
2025-10-28T16:39:24.146718Z DEBUG fixed log2 rows can be potentially reduced: got 2180, expected 131072
2025-10-28T16:39:24.149260Z DEBUG prove_core: core cache miss, misses: 2
2025-10-28T16:39:24.149393Z DEBUG generate traces for shard: fixed log2 rows can be potentially reduced: got 50022, expected 524288
2025-10-28T16:39:24.150221Z DEBUG generate traces for shard: generated trace for chip Program in 3.798487ms
2025-10-28T16:39:24.150688Z DEBUG fixed log2 rows can be potentially reduced: got 1687, expected 262144
2025-10-28T16:39:24.151836Z DEBUG generate traces for shard: generated trace for chip Byte in 1.379384ms
2025-10-28T16:39:24.151879Z DEBUG fixed log2 rows can be potentially reduced: got 28000, expected 262144
2025-10-28T16:39:24.153411Z DEBUG generate traces for shard: generated trace for chip MemoryLocal in 6.938862ms
2025-10-28T16:39:24.153676Z DEBUG fixed log2 rows can be potentially reduced: got 1687, expected 131072
2025-10-28T16:39:24.153896Z DEBUG generate traces for shard: generated trace for chip SyscallCore in 3.427111ms
2025-10-28T16:39:24.155441Z DEBUG generate traces for shard: generated trace for chip Mul in 1.761175ms
2025-10-28T16:39:24.161796Z DEBUG generate traces for shard: generated trace for chip Jump in 9.92864ms
2025-10-28T16:39:24.161855Z DEBUG fixed log2 rows can be potentially reduced: got 1687, expected 262144
2025-10-28T16:39:24.164215Z DEBUG generate traces for shard: generated trace for chip SyscallInstrs in 2.379592ms
2025-10-28T16:39:24.168280Z DEBUG fixed log2 rows can be potentially reduced: got 26548, expected 131072
2025-10-28T16:39:24.168723Z DEBUG fixed log2 rows can be potentially reduced: got 23504, expected 262144
2025-10-28T16:39:24.184528Z DEBUG generate traces for shard: generated trace for chip MemoryLocal in 20.29026ms
2025-10-28T16:39:24.197313Z DEBUG generate traces for shard: generated trace for chip ShiftRight in 50.599894ms
2025-10-28T16:39:24.251920Z DEBUG generate traces for shard: generated trace for chip Bitwise in 105.335283ms
2025-10-28T16:39:24.252227Z DEBUG generate traces for shard: generated trace for chip SyscallPrecompile in 243.19µs
2025-10-28T16:39:24.268863Z DEBUG generate traces for shard: generated trace for chip ShiftLeft in 112.916818ms
2025-10-28T16:39:24.328637Z DEBUG fixed log2 rows can be potentially reduced: got 50022, expected 524288
2025-10-28T16:39:24.329149Z DEBUG generate traces for shard: generated trace for chip Program in 182.593347ms
2025-10-28T16:39:24.329194Z DEBUG fixed log2 rows can be potentially reduced: got 11976, expected 262144
2025-10-28T16:39:24.359984Z DEBUG prove_core:build recursion program:read input: close time.busy=211ms time.idle=4.84µs
2025-10-28T16:39:24.365328Z DEBUG prove_core:build recursion program:verify:verify shard:assert lookup multiplicities: close time.busy=12.0µs time.idle=4.74µs
2025-10-28T16:39:24.390199Z DEBUG generate traces for shard: generated trace for chip Auipc in 61.01835ms
2025-10-28T16:39:24.427189Z DEBUG generate traces for shard: generated trace for chip Byte in 2.091772ms
2025-10-28T16:39:24.777804Z DEBUG prove_core:build recursion program:verify:verify shard:2adic pcs:verify shape and challenges: close time.busy=259ms time.idle=9.09µs
2025-10-28T16:39:25.132839Z DEBUG generate traces for shard: generated trace for chip MemoryInstrs in 774.426579ms
2025-10-28T16:39:25.178400Z DEBUG prove_core:build recursion program:verify:verify shard:2adic pcs:verify challenges: close time.busy=234ms time.idle=11.7µs
2025-10-28T16:39:25.178568Z DEBUG prove_core:build recursion program:verify:verify shard:2adic pcs: close time.busy=800ms time.idle=6.66µs
2025-10-28T16:39:25.183622Z DEBUG prove_core:build recursion program:verify:verify shard:verify constraints: close time.busy=5.03ms time.idle=4.85µs
2025-10-28T16:39:25.183669Z DEBUG prove_core:build recursion program:verify:verify shard: close time.busy=818ms time.idle=8.15µs
2025-10-28T16:39:25.224844Z DEBUG prove_core:build recursion program:verify: close time.busy=865ms time.idle=7.78µs
2025-10-28T16:39:25.224947Z DEBUG prove_core:build recursion program:build block: close time.busy=4.42µs time.idle=6.16µs
2025-10-28T16:39:25.224973Z DEBUG prove_core:build recursion program: close time.busy=1.08s time.idle=4.78µs
2025-10-28T16:39:25.314382Z DEBUG generate traces for shard: generated trace for chip Lt in 1.167790734s
2025-10-28T16:39:25.399275Z DEBUG generate traces for shard: generated trace for chip AddSub in 1.245343025s
2025-10-28T16:39:25.568007Z DEBUG generate traces for shard: generated trace for chip Cpu in 1.421596898s
2025-10-28T16:39:25.657492Z DEBUG generate traces for shard: generated trace for chip KeccakPermute in 1.510854212s
2025-10-28T16:39:25.657587Z DEBUG generate traces for shard: generated trace for chip Branch in 1.268939109s
2025-10-28T16:39:25.729084Z DEBUG prove_core:compile recursion program:compile raw program: close time.busy=504ms time.idle=5.67µs
2025-10-28T16:39:25.778305Z DEBUG prove_core:compile recursion program:backfill mult: close time.busy=49.1ms time.idle=5.59µs
2025-10-28T16:39:25.778503Z DEBUG prove_core:compile recursion program:prepend constants: close time.busy=125µs time.idle=4.38µs
2025-10-28T16:39:25.789598Z DEBUG prove_core:compile recursion program: close time.busy=565ms time.idle=7.96µs
2025-10-28T16:39:25.962344Z DEBUG generate traces for shard: generated trace for chip Global in 1.815760351s
2025-10-28T16:39:25.962796Z DEBUG generate traces for shard: close time.busy=1.82s time.idle=9.48µs
2025-10-28T16:39:26.072342Z DEBUG generate traces for shard: generated trace for chip Global in 1.887755848s
2025-10-28T16:39:26.072651Z DEBUG generate traces for shard: close time.busy=1.93s time.idle=8.26µs
2025-10-28T16:39:26.072885Z  INFO prove_core:phase 2 trace generation:generate main traces: close time.busy=1.93s time.idle=4.47µs index=2
2025-10-28T16:40:06.318321Z DEBUG prove_core:phase 2 prover:batch:commit: close time.busy=47.2s time.idle=7.31µs shard=1
2025-10-28T16:40:21.845710Z DEBUG prove_core:phase 2 prover:batch:opening:generate permutation traces: close time.busy=15.5s time.idle=5.65µs shard=1
2025-10-28T16:40:21.845818Z DEBUG prove_core:phase 2 prover:batch:opening: AddSub          | Main Cols = 19    | Pre Cols = 0      | Perm Cols = 20    | Rows = 2097152 | Cells = 81788928   shard=1
2025-10-28T16:40:21.845843Z DEBUG prove_core:phase 2 prover:batch:opening: Cpu             | Main Cols = 57    | Pre Cols = 0      | Perm Cols = 44    | Rows = 2097152 | Cells = 211812352  shard=1
2025-10-28T16:40:21.845857Z DEBUG prove_core:phase 2 prover:batch:opening: MemoryInstrs    | Main Cols = 57    | Pre Cols = 0      | Perm Cols = 28    | Rows = 2097152 | Cells = 178257920  shard=1
2025-10-28T16:40:21.845870Z DEBUG prove_core:phase 2 prover:batch:opening: Lt              | Main Cols = 33    | Pre Cols = 0      | Perm Cols = 12    | Rows = 524288 | Cells = 23592960   shard=1
2025-10-28T16:40:21.845885Z DEBUG prove_core:phase 2 prover:batch:opening: Program         | Main Cols = 1     | Pre Cols = 14     | Perm Cols = 8     | Rows = 524288 | Cells = 12058624   shard=1
2025-10-28T16:40:21.845897Z DEBUG prove_core:phase 2 prover:batch:opening: Auipc           | Main Cols = 21    | Pre Cols = 0      | Perm Cols = 12    | Rows = 262144 | Cells = 8650752    shard=1
2025-10-28T16:40:21.845910Z DEBUG prove_core:phase 2 prover:batch:opening: Branch          | Main Cols = 34    | Pre Cols = 0      | Perm Cols = 16    | Rows = 262144 | Cells = 13107200   shard=1
2025-10-28T16:40:21.845922Z DEBUG prove_core:phase 2 prover:batch:opening: Jump            | Main Cols = 26    | Pre Cols = 0      | Perm Cols = 16    | Rows = 262144 | Cells = 11010048   shard=1
2025-10-28T16:40:21.845934Z DEBUG prove_core:phase 2 prover:batch:opening: MemoryLocal     | Main Cols = 56    | Pre Cols = 0      | Perm Cols = 36    | Rows = 262144 | Cells = 24117248   shard=1
2025-10-28T16:40:21.845946Z DEBUG prove_core:phase 2 prover:batch:opening: Bitwise         | Main Cols = 17    | Pre Cols = 0      | Perm Cols = 16    | Rows = 131072 | Cells = 4325376    shard=1
2025-10-28T16:40:21.845958Z DEBUG prove_core:phase 2 prover:batch:opening: Global          | Main Cols = 412   | Pre Cols = 0      | Perm Cols = 8     | Rows = 131072 | Cells = 55050240   shard=1
2025-10-28T16:40:21.845970Z DEBUG prove_core:phase 2 prover:batch:opening: Mul             | Main Cols = 39    | Pre Cols = 0      | Perm Cols = 36    | Rows = 131072 | Cells = 9830400    shard=1
2025-10-28T16:40:21.845981Z DEBUG prove_core:phase 2 prover:batch:opening: ShiftLeft       | Main Cols = 44    | Pre Cols = 0      | Perm Cols = 16    | Rows = 131072 | Cells = 7864320    shard=1
2025-10-28T16:40:21.845993Z DEBUG prove_core:phase 2 prover:batch:opening: ShiftRight      | Main Cols = 70    | Pre Cols = 0      | Perm Cols = 56    | Rows = 131072 | Cells = 16515072   shard=1
2025-10-28T16:40:21.846005Z DEBUG prove_core:phase 2 prover:batch:opening: Byte            | Main Cols = 9     | Pre Cols = 11     | Perm Cols = 24    | Rows = 65536 | Cells = 2883584    shard=1
2025-10-28T16:40:21.846021Z DEBUG prove_core:phase 2 prover:batch:opening: SyscallCore     | Main Cols = 6     | Pre Cols = 0      | Perm Cols = 8     | Rows = 1024  | Cells = 14336      shard=1
2025-10-28T16:40:21.846034Z DEBUG prove_core:phase 2 prover:batch:opening: SyscallInstrs   | Main Cols = 52    | Pre Cols = 0      | Perm Cols = 20    | Rows = 1024  | Cells = 73728      shard=1
2025-10-28T16:40:25.874929Z DEBUG prove_core:phase 2 prover:batch:opening:flatten permutation traces and collect domains: close time.busy=4.03s time.idle=5.60µs shard=1
2025-10-28T16:40:53.689506Z DEBUG prove_core:phase 2 prover:batch:opening:commit to permutation traces: close time.busy=27.8s time.idle=5.37µs shard=1
2025-10-28T16:40:53.702403Z DEBUG prove_core:phase 2 prover:batch:opening:compute quotient values:compute quotient values for domain: close time.busy=12.4ms time.idle=4.68µs shard=1
2025-10-28T16:40:53.740627Z DEBUG prove_core:phase 2 prover:batch:opening:compute quotient values:compute quotient values for domain: close time.busy=38.1ms time.idle=5.45µs shard=1
2025-10-28T16:40:56.160561Z DEBUG prove_core:phase 2 prover:batch:opening:compute quotient values:compute quotient values for domain: close time.busy=2.47s time.idle=5.26µs shard=1
2025-10-28T16:41:00.516644Z DEBUG prove_core:phase 2 prover:batch:opening:compute quotient values:compute quotient values for domain: close time.busy=6.83s time.idle=6.29µs shard=1
2025-10-28T16:41:03.704282Z DEBUG prove_core:phase 2 prover:batch:opening:compute quotient values:compute quotient values for domain: close time.busy=10.0s time.idle=4.89µs shard=1
2025-10-28T16:41:07.772234Z DEBUG prove_core:phase 2 prover:batch:opening:compute quotient values:compute quotient values for domain: close time.busy=14.1s time.idle=6.05µs shard=1
2025-10-28T16:41:37.410334Z DEBUG prove_core:phase 2 prover:batch:opening:compute quotient values:compute quotient values for domain: close time.busy=43.7s time.idle=7.88µs shard=1
2025-10-28T16:41:50.430810Z DEBUG prove_core:phase 2 prover:batch:opening:compute quotient values:compute quotient values for domain: close time.busy=56.7s time.idle=7.77µs shard=1
2025-10-28T16:41:50.448458Z DEBUG prove_core:phase 2 prover:batch:opening:compute quotient values:compute quotient values for domain: close time.busy=56.8s time.idle=7.51µs shard=1
2025-10-28T16:41:50.467776Z DEBUG prove_core:phase 2 prover:batch:opening:compute quotient values:compute quotient values for domain: close time.busy=56.8s time.idle=14.4µs shard=1
2025-10-28T16:41:50.487693Z DEBUG prove_core:phase 2 prover:batch:opening:compute quotient values:compute quotient values for domain: close time.busy=56.8s time.idle=8.36µs shard=1
2025-10-28T16:41:50.522493Z DEBUG prove_core:phase 2 prover:batch:opening:compute quotient values:compute quotient values for domain: close time.busy=56.8s time.idle=5.59µs shard=1
2025-10-28T16:41:50.530383Z DEBUG prove_core:phase 2 prover:batch:opening:compute quotient values:compute quotient values for domain: close time.busy=56.8s time.idle=6.50µs shard=1
2025-10-28T16:41:50.571808Z DEBUG prove_core:phase 2 prover:batch:opening:compute quotient values:compute quotient values for domain: close time.busy=56.9s time.idle=11.7µs shard=1
2025-10-28T16:41:50.932000Z DEBUG prove_core:phase 2 prover:batch:opening:compute quotient values:compute quotient values for domain: close time.busy=57.2s time.idle=8.55µs shard=1
2025-10-28T16:41:51.278816Z DEBUG prove_core:phase 2 prover:batch:opening:compute quotient values:compute quotient values for domain: close time.busy=57.6s time.idle=6.31µs shard=1
2025-10-28T16:41:51.480655Z DEBUG prove_core:phase 2 prover:batch:opening:compute quotient values:compute quotient values for domain: close time.busy=57.8s time.idle=5.60µs shard=1
2025-10-28T16:42:03.775607Z DEBUG prove_core:phase 2 prover:batch:opening:commit to quotient traces: close time.busy=10.6s time.idle=7.87µs shard=1
2025-10-28T16:42:03.775743Z DEBUG prove_core:phase 2 prover:batch:opening:compute preprocessed opening points: close time.busy=39.8µs time.idle=4.20µs shard=1
2025-10-28T16:42:03.775774Z DEBUG prove_core:phase 2 prover:batch:opening:compute main trace opening points: close time.busy=8.73µs time.idle=2.96µs shard=1
2025-10-28T16:42:03.775798Z DEBUG prove_core:phase 2 prover:batch:opening:compute permutation trace opening points: close time.busy=5.50µs time.idle=3.19µs shard=1
2025-10-28T16:42:32.632193Z DEBUG prove_core:phase 2 prover:batch:opening:open multi batches: close time.busy=28.9s time.idle=13.0µs shard=1
2025-10-28T16:42:32.769941Z DEBUG prove_core:phase 2 prover:batch:opening:compute quotient values: close time.busy=57.8s time.idle=41.3s shard=1
2025-10-28T16:42:34.265697Z DEBUG prove_core:phase 2 prover:batch:opening: close time.busy=148s time.idle=10.8µs shard=1
2025-10-28T16:42:34.265787Z DEBUG prove_core:phase 2 prover:batch: proving shard 1 took 195119564178 ns. shape: Some([(SyscallCore, 10), (SyscallInstrs, 10), (Byte, 16), (Global, 17), (ShiftLeft, 17), (Bitwise, 17), (ShiftRight, 17), (Mul, 17), (Jump, 18), (MemoryLocal, 18), (Auipc, 18), (Branch, 18), (Lt, 19), (Program, 19), (Cpu, 21), (AddSub, 21), (MemoryInstrs, 21)])
2025-10-28T16:42:34.265942Z DEBUG prove_core:phase 2 prover:batch: close time.busy=195s time.idle=28.7µs
2025-10-28T16:43:19.872985Z DEBUG prove_core:phase 2 prover:batch:commit: close time.busy=45.6s time.idle=5.35µs shard=2
2025-10-28T16:43:33.329449Z DEBUG prove_core:phase 2 prover:batch:opening:generate permutation traces: close time.busy=13.5s time.idle=26.1µs shard=2
2025-10-28T16:43:33.329711Z DEBUG prove_core:phase 2 prover:batch:opening: AddSub          | Main Cols = 19    | Pre Cols = 0      | Perm Cols = 20    | Rows = 2097152 | Cells = 81788928   shard=2
2025-10-28T16:43:33.329815Z DEBUG prove_core:phase 2 prover:batch:opening: Cpu             | Main Cols = 57    | Pre Cols = 0      | Perm Cols = 44    | Rows = 2097152 | Cells = 211812352  shard=2
2025-10-28T16:43:33.329907Z DEBUG prove_core:phase 2 prover:batch:opening: MemoryInstrs    | Main Cols = 57    | Pre Cols = 0      | Perm Cols = 28    | Rows = 2097152 | Cells = 178257920  shard=2
2025-10-28T16:43:33.329999Z DEBUG prove_core:phase 2 prover:batch:opening: Lt              | Main Cols = 33    | Pre Cols = 0      | Perm Cols = 12    | Rows = 524288 | Cells = 23592960   shard=2
2025-10-28T16:43:33.330208Z DEBUG prove_core:phase 2 prover:batch:opening: Program         | Main Cols = 1     | Pre Cols = 14     | Perm Cols = 8     | Rows = 524288 | Cells = 12058624   shard=2
2025-10-28T16:43:33.330407Z DEBUG prove_core:phase 2 prover:batch:opening: Auipc           | Main Cols = 21    | Pre Cols = 0      | Perm Cols = 12    | Rows = 262144 | Cells = 8650752    shard=2
2025-10-28T16:43:33.330626Z DEBUG prove_core:phase 2 prover:batch:opening: Bitwise         | Main Cols = 17    | Pre Cols = 0      | Perm Cols = 16    | Rows = 262144 | Cells = 8650752    shard=2
2025-10-28T16:43:33.330822Z DEBUG prove_core:phase 2 prover:batch:opening: Branch          | Main Cols = 34    | Pre Cols = 0      | Perm Cols = 16    | Rows = 262144 | Cells = 13107200   shard=2
2025-10-28T16:43:33.331016Z DEBUG prove_core:phase 2 prover:batch:opening: Global          | Main Cols = 412   | Pre Cols = 0      | Perm Cols = 8     | Rows = 262144 | Cells = 110100480  shard=2
2025-10-28T16:43:33.331209Z DEBUG prove_core:phase 2 prover:batch:opening: Jump            | Main Cols = 26    | Pre Cols = 0      | Perm Cols = 16    | Rows = 262144 | Cells = 11010048   shard=2
2025-10-28T16:43:33.331399Z DEBUG prove_core:phase 2 prover:batch:opening: MemoryLocal     | Main Cols = 56    | Pre Cols = 0      | Perm Cols = 36    | Rows = 262144 | Cells = 24117248   shard=2
2025-10-28T16:43:33.331613Z DEBUG prove_core:phase 2 prover:batch:opening: Mul             | Main Cols = 39    | Pre Cols = 0      | Perm Cols = 36    | Rows = 131072 | Cells = 9830400    shard=2
2025-10-28T16:43:33.331804Z DEBUG prove_core:phase 2 prover:batch:opening: ShiftLeft       | Main Cols = 44    | Pre Cols = 0      | Perm Cols = 16    | Rows = 131072 | Cells = 7864320    shard=2
2025-10-28T16:43:33.332012Z DEBUG prove_core:phase 2 prover:batch:opening: ShiftRight      | Main Cols = 70    | Pre Cols = 0      | Perm Cols = 56    | Rows = 131072 | Cells = 16515072   shard=2
2025-10-28T16:43:33.332210Z DEBUG prove_core:phase 2 prover:batch:opening: Byte            | Main Cols = 9     | Pre Cols = 11     | Perm Cols = 24    | Rows = 65536 | Cells = 2883584    shard=2
2025-10-28T16:43:33.332439Z DEBUG prove_core:phase 2 prover:batch:opening: SyscallCore     | Main Cols = 6     | Pre Cols = 0      | Perm Cols = 8     | Rows = 1024  | Cells = 14336      shard=2
2025-10-28T16:43:33.332636Z DEBUG prove_core:phase 2 prover:batch:opening: SyscallInstrs   | Main Cols = 52    | Pre Cols = 0      | Perm Cols = 20    | Rows = 1024  | Cells = 73728      shard=2
2025-10-28T16:43:37.373211Z DEBUG prove_core:phase 2 prover:batch:opening:flatten permutation traces and collect domains: close time.busy=4.04s time.idle=5.91µs shard=2
2025-10-28T16:44:04.191548Z DEBUG prove_core:phase 2 prover:batch:opening:commit to permutation traces: close time.busy=26.8s time.idle=6.77µs shard=2
2025-10-28T16:44:04.220706Z DEBUG prove_core:phase 2 prover:batch:opening:compute quotient values:compute quotient values for domain: close time.busy=28.3ms time.idle=6.89µs shard=2
2025-10-28T16:44:04.600206Z DEBUG prove_core:phase 2 prover:batch:opening:compute quotient values:compute quotient values for domain: close time.busy=379ms time.idle=7.57µs shard=2
2025-10-28T16:44:11.420299Z DEBUG prove_core:phase 2 prover:batch:opening:compute quotient values:compute quotient values for domain: close time.busy=7.23s time.idle=5.50µs shard=2
2025-10-28T16:44:13.181208Z DEBUG prove_core:phase 2 prover:batch:opening:compute quotient values:compute quotient values for domain: close time.busy=8.99s time.idle=14.7µs shard=2
2025-10-28T16:44:19.761968Z DEBUG prove_core:phase 2 prover:batch:opening:compute quotient values:compute quotient values for domain: close time.busy=15.6s time.idle=33.7µs shard=2
2025-10-28T16:44:19.839168Z DEBUG prove_core:phase 2 prover:batch:opening:compute quotient values:compute quotient values for domain: close time.busy=15.6s time.idle=143µs shard=2
2025-10-28T16:44:20.747990Z DEBUG prove_core:phase 2 prover:batch:opening:compute quotient values:compute quotient values for domain: close time.busy=16.6s time.idle=11.1µs shard=2
2025-10-28T16:44:25.179005Z DEBUG prove_core:phase 2 prover:batch:opening:compute quotient values:compute quotient values for domain: close time.busy=21.0s time.idle=11.9µs shard=2
2025-10-28T16:44:26.328300Z DEBUG prove_core:phase 2 prover:batch:opening:compute quotient values:compute quotient values for domain: close time.busy=22.1s time.idle=7.14µs shard=2
2025-10-28T16:44:40.890689Z DEBUG prove_core:phase 2 prover:batch:opening:compute quotient values:compute quotient values for domain: close time.busy=36.7s time.idle=6.48µs shard=2
2025-10-28T16:44:52.725026Z DEBUG prove_core:phase 2 prover:batch:opening:compute quotient values:compute quotient values for domain: close time.busy=48.5s time.idle=26.3µs shard=2
2025-10-28T16:44:58.502297Z DEBUG prove_core:phase 2 prover:batch:opening:compute quotient values:compute quotient values for domain: close time.busy=54.3s time.idle=22.5µs shard=2
2025-10-28T16:44:58.519565Z DEBUG prove_core:phase 2 prover:batch:opening:compute quotient values:compute quotient values for domain: close time.busy=54.3s time.idle=111µs shard=2
2025-10-28T16:44:58.760738Z DEBUG prove_core:phase 2 prover:batch:opening:compute quotient values:compute quotient values for domain: close time.busy=54.6s time.idle=5.75µs shard=2
2025-10-28T16:44:59.234094Z DEBUG prove_core:phase 2 prover:batch:opening:compute quotient values:compute quotient values for domain: close time.busy=55.0s time.idle=5.70µs shard=2
2025-10-28T16:44:59.393887Z DEBUG prove_core:phase 2 prover:batch:opening:compute quotient values:compute quotient values for domain: close time.busy=55.2s time.idle=6.91µs shard=2
2025-10-28T16:44:59.567787Z DEBUG prove_core:phase 2 prover:batch:opening:compute quotient values:compute quotient values for domain: close time.busy=55.4s time.idle=37.2µs shard=2
2025-10-28T16:45:13.474715Z DEBUG prove_core:phase 2 prover:batch:opening:commit to quotient traces: close time.busy=12.6s time.idle=12.2µs shard=2
2025-10-28T16:45:13.474879Z DEBUG prove_core:phase 2 prover:batch:opening:compute preprocessed opening points: close time.busy=31.8µs time.idle=4.98µs shard=2
2025-10-28T16:45:13.474947Z DEBUG prove_core:phase 2 prover:batch:opening:compute main trace opening points: close time.busy=45.6µs time.idle=3.28µs shard=2
2025-10-28T16:45:13.474975Z DEBUG prove_core:phase 2 prover:batch:opening:compute permutation trace opening points: close time.busy=7.31µs time.idle=3.13µs shard=2
2025-10-28T16:45:42.378780Z DEBUG prove_core:phase 2 prover:batch:opening:open multi batches: close time.busy=28.9s time.idle=5.34µs shard=2
2025-10-28T16:45:42.611940Z DEBUG prove_core:phase 2 prover:batch:opening:compute quotient values: close time.busy=55.4s time.idle=43.0s shard=2
2025-10-28T16:45:44.079897Z DEBUG prove_core:phase 2 prover:batch:opening: close time.busy=144s time.idle=13.2µs shard=2
2025-10-28T16:45:44.079998Z DEBUG prove_core:phase 2 prover:batch: proving shard 2 took 189813966976 ns. shape: Some([(SyscallCore, 10), (SyscallInstrs, 10), (Byte, 16), (ShiftLeft, 17), (ShiftRight, 17), (Mul, 17), (Global, 18), (Jump, 18), (Bitwise, 18), (MemoryLocal, 18), (Auipc, 18), (Branch, 18), (Lt, 19), (Program, 19), (Cpu, 21), (AddSub, 21), (MemoryInstrs, 21)])
2025-10-28T16:45:44.080160Z DEBUG prove_core:phase 2 prover:batch: close time.busy=190s time.idle=19.3µs
2025-10-28T16:45:45.722245Z DEBUG prove_core:phase 2 trace generation:trace checkpoint: close time.busy=1.61s time.idle=8.05µs
2025-10-28T16:45:45.741330Z DEBUG prove_core:phase 2 trace generation: deferred 5 records
2025-10-28T16:45:45.849647Z DEBUG prove_core:phase 2 trace generation:generate dependencies:generate cpu dependencies: close time.busy=108ms time.idle=4.69µs index=3
2025-10-28T16:45:46.035766Z DEBUG prove_core:phase 2 trace generation:generate dependencies:register nonces: close time.busy=3.80µs time.idle=6.62µs index=3
2025-10-28T16:45:46.035848Z DEBUG prove_core:phase 2 trace generation:generate dependencies:generate cpu dependencies: close time.busy=10.7µs time.idle=3.46µs index=3
2025-10-28T16:45:46.093102Z DEBUG prove_core:phase 2 trace generation:generate dependencies:register nonces: close time.busy=4.25µs time.idle=8.07µs index=3
2025-10-28T16:45:46.093190Z DEBUG prove_core:phase 2 trace generation:generate dependencies:generate cpu dependencies: close time.busy=11.4µs time.idle=3.50µs index=3
2025-10-28T16:45:46.203594Z DEBUG prove_core:phase 2 trace generation:generate dependencies:register nonces: close time.busy=3.24µs time.idle=6.92µs index=3
2025-10-28T16:45:46.203681Z DEBUG prove_core:phase 2 trace generation:generate dependencies:generate cpu dependencies: close time.busy=15.3µs time.idle=3.66µs index=3
2025-10-28T16:45:46.486547Z DEBUG prove_core:phase 2 trace generation:generate dependencies:register nonces: close time.busy=3.58µs time.idle=6.34µs index=3
2025-10-28T16:45:46.486618Z DEBUG prove_core:phase 2 trace generation:generate dependencies:generate cpu dependencies: close time.busy=8.63µs time.idle=2.56µs index=3
2025-10-28T16:45:46.836154Z DEBUG prove_core:phase 2 trace generation:generate dependencies:register nonces: close time.busy=3.93µs time.idle=7.58µs index=3
2025-10-28T16:45:46.836231Z DEBUG prove_core:phase 2 trace generation:generate dependencies:generate cpu dependencies: close time.busy=11.4µs time.idle=3.41µs index=3
2025-10-28T16:45:46.854984Z DEBUG prove_core:phase 2 trace generation:generate dependencies:register nonces: close time.busy=3.88µs time.idle=6.93µs index=3
2025-10-28T16:45:46.855050Z DEBUG prove_core:phase 2 trace generation:generate dependencies: close time.busy=1.11s time.idle=5.29µs index=3
2025-10-28T16:45:46.856285Z DEBUG prove_core:phase 2 trace generation: Shard Lifted: Index=5, Cluster=0
2025-10-28T16:45:46.856311Z DEBUG prove_core:phase 2 trace generation: Chip Cpu: 21  -> 21 
2025-10-28T16:45:46.856324Z DEBUG prove_core:phase 2 trace generation: Chip AddSub: 21  -> 21 
2025-10-28T16:45:46.856335Z DEBUG prove_core:phase 2 trace generation: Chip Bitwise: 18  -> 18 
2025-10-28T16:45:46.856345Z DEBUG prove_core:phase 2 trace generation: Chip Mul: 13  -> 17 
2025-10-28T16:45:46.856354Z DEBUG prove_core:phase 2 trace generation: Chip ShiftRight: 13  -> 17 
2025-10-28T16:45:46.856364Z DEBUG prove_core:phase 2 trace generation: Chip ShiftLeft: 15  -> 17 
2025-10-28T16:45:46.856374Z DEBUG prove_core:phase 2 trace generation: Chip Lt: 19  -> 19 
2025-10-28T16:45:46.856384Z DEBUG prove_core:phase 2 trace generation: Chip MemoryLocal: 15  -> 18 
2025-10-28T16:45:46.856393Z DEBUG prove_core:phase 2 trace generation: Chip MemoryInstrs: 20  -> 20 
2025-10-28T16:45:46.856403Z DEBUG prove_core:phase 2 trace generation: Chip Auipc: 14  -> 18 
2025-10-28T16:45:46.856413Z DEBUG prove_core:phase 2 trace generation: Chip Branch: 18  -> 18 
2025-10-28T16:45:46.856447Z DEBUG prove_core:phase 2 trace generation: Chip Jump: 15  -> 18 
2025-10-28T16:45:46.856469Z DEBUG prove_core:phase 2 trace generation: Chip Global: 18  -> 18 
2025-10-28T16:45:46.856479Z DEBUG prove_core:phase 2 trace generation: Chip SyscallCore: 12  -> 18 
2025-10-28T16:45:46.856489Z DEBUG prove_core:phase 2 trace generation: Chip SyscallInstrs: 12  -> 18 
2025-10-28T16:45:46.859543Z DEBUG generate traces for shard: fixed log2 rows can be potentially reduced: got 50022, expected 524288
2025-10-28T16:45:46.859882Z DEBUG fixed log2 rows can be potentially reduced: got 2787, expected 262144
2025-10-28T16:45:46.861723Z DEBUG generate traces for shard: generated trace for chip MemoryLocal in 3.226902ms
2025-10-28T16:45:46.862199Z DEBUG generate traces for shard: fixed log2 rows can be potentially reduced: got 50022, expected 524288
2025-10-28T16:45:46.862289Z DEBUG generate traces for shard: fixed log2 rows can be potentially reduced: got 50022, expected 524288
2025-10-28T16:45:46.862500Z DEBUG generate traces for shard: generated trace for chip SyscallCore in 2.825778ms
2025-10-28T16:45:46.859520Z DEBUG generate traces for shard: fixed log2 rows can be potentially reduced: got 50022, expected 524288
2025-10-28T16:45:46.862823Z DEBUG generate traces for shard: fixed log2 rows can be potentially reduced: got 50022, expected 524288
2025-10-28T16:45:46.863246Z DEBUG generate traces for shard: generated trace for chip Program in 4.732946ms
2025-10-28T16:45:46.863794Z DEBUG generate traces for shard: generated trace for chip Program in 5.260802ms
2025-10-28T16:45:46.863966Z DEBUG generate traces for shard: generated trace for chip Program in 1.744398ms
2025-10-28T16:45:46.864022Z DEBUG generate traces for shard: generated trace for chip MemoryLocal in 1.67832ms
2025-10-28T16:45:46.864054Z DEBUG fixed log2 rows can be potentially reduced: got 7297, expected 131072
2025-10-28T16:45:46.865266Z DEBUG generate traces for shard: generated trace for chip Program in 3.486307ms
2025-10-28T16:45:46.866795Z DEBUG generate traces for shard: generated trace for chip Program in 5.116126ms
2025-10-28T16:45:46.893980Z DEBUG generate traces for shard: generated trace for chip Bitwise in 31.692469ms
2025-10-28T16:45:46.894077Z DEBUG fixed log2 rows can be potentially reduced: got 4494, expected 131072
2025-10-28T16:45:46.902059Z DEBUG generate traces for shard: generated trace for chip Mul in 7.999133ms
2025-10-28T16:45:46.903737Z DEBUG generate traces for shard: generated trace for chip Byte in 1.602113ms
2025-10-28T16:45:46.903794Z DEBUG fixed log2 rows can be potentially reduced: got 23942, expected 262144
2025-10-28T16:45:46.933183Z DEBUG generate traces for shard: generated trace for chip Jump in 29.405976ms
2025-10-28T16:45:46.933273Z DEBUG fixed log2 rows can be potentially reduced: got 2787, expected 262144
2025-10-28T16:45:46.938372Z DEBUG generate traces for shard: generated trace for chip SyscallInstrs in 5.12785ms
2025-10-28T16:45:46.939067Z DEBUG fixed log2 rows can be potentially reduced: got 18005, expected 262144
2025-10-28T16:45:46.939595Z DEBUG generate traces for shard: generated trace for chip ShiftRight in 75.547236ms
2025-10-28T16:45:46.945144Z DEBUG fixed log2 rows can be potentially reduced: got 17424, expected 131072
2025-10-28T16:45:46.945468Z DEBUG fixed log2 rows can be potentially reduced: got 50022, expected 524288
2025-10-28T16:45:46.946011Z DEBUG generate traces for shard: generated trace for chip Program in 87.633232ms
2025-10-28T16:45:46.948812Z DEBUG generate traces for shard: generated trace for chip MemoryLocal in 10.40596ms
2025-10-28T16:45:46.948871Z DEBUG fixed log2 rows can be potentially reduced: got 10331, expected 262144
2025-10-28T16:45:46.989621Z DEBUG generate traces for shard: generated trace for chip Auipc in 40.771019ms
2025-10-28T16:45:47.004388Z DEBUG generate traces for shard: generated trace for chip ShiftLeft in 64.761928ms
2025-10-28T16:45:47.087548Z DEBUG generate traces for shard: generated trace for chip Branch in 97.86896ms
2025-10-28T16:45:47.332492Z DEBUG generate traces for shard: generated trace for chip Secp256k1AddAssign in 465.671003ms
2025-10-28T16:45:47.332653Z DEBUG generate traces for shard: generated trace for chip SyscallPrecompile in 109.347µs
2025-10-28T16:45:47.334752Z DEBUG generate traces for shard: generated trace for chip MemoryGlobalInit in 471.483118ms
2025-10-28T16:45:47.334792Z DEBUG generate traces for shard: fixed log2 rows can be potentially reduced: got 164128, expected 524288
2025-10-28T16:45:47.351077Z DEBUG generate traces for shard: generated trace for chip Lt in 489.136617ms
2025-10-28T16:45:47.372206Z DEBUG fixed log2 rows can be potentially reduced: got 110502, expected 262144
2025-10-28T16:45:47.502313Z DEBUG generate traces for shard: generated trace for chip Byte in 315.647µs
2025-10-28T16:45:47.504528Z DEBUG generate traces for shard: generated trace for chip Byte in 2.168297ms
2025-10-28T16:45:47.532069Z DEBUG generate traces for shard: generated trace for chip MemoryLocal in 1.50161ms
2025-10-28T16:45:47.533186Z DEBUG generate traces for shard: generated trace for chip AddSub in 670.656375ms
2025-10-28T16:45:47.566134Z DEBUG generate traces for shard: generated trace for chip Byte in 9.45804ms
2025-10-28T16:45:47.571802Z DEBUG generate traces for shard: generated trace for chip Byte in 5.614886ms
2025-10-28T16:45:47.585709Z DEBUG generate traces for shard: generated trace for chip SyscallPrecompile in 180.864µs
2025-10-28T16:45:47.597205Z DEBUG generate traces for shard: generated trace for chip Secp256k1DoubleAssign in 731.915067ms
2025-10-28T16:45:47.597463Z DEBUG generate traces for shard: generated trace for chip SyscallPrecompile in 211.776µs
2025-10-28T16:45:47.702864Z DEBUG generate traces for shard: generated trace for chip MemoryInstrs in 351.729423ms
2025-10-28T16:45:47.705680Z DEBUG generate traces for shard: generated trace for chip MemoryLocal in 8.434432ms
2025-10-28T16:45:47.757533Z DEBUG generate traces for shard: generated trace for chip MemoryGlobalFinalize in 676.461577ms
2025-10-28T16:45:47.757797Z DEBUG generate traces for shard: generated trace for chip SyscallPrecompile in 196.651µs
2025-10-28T16:45:48.961570Z DEBUG generate traces for shard: generated trace for chip Byte in 1.102997ms
2025-10-28T16:45:49.847012Z DEBUG generate traces for shard: generated trace for chip Cpu in 2.988678424s
2025-10-28T16:45:49.960176Z DEBUG generate traces for shard: generated trace for chip KeccakPermute in 3.101722155s
2025-10-28T16:45:50.154384Z DEBUG generate traces for shard: generated trace for chip KeccakPermute in 3.290365451s
2025-10-28T16:45:50.298580Z DEBUG generate traces for shard: generated trace for chip Global in 2.766265038s
2025-10-28T16:45:50.298666Z DEBUG generate traces for shard: close time.busy=3.44s time.idle=5.44µs
2025-10-28T16:45:50.904937Z DEBUG generate traces for shard: generated trace for chip Global in 3.958873657s
2025-10-28T16:45:51.109403Z DEBUG generate traces for shard: generated trace for chip Global in 4.245577719s
2025-10-28T16:45:51.182965Z DEBUG generate traces for shard: generated trace for chip Global in 4.321204445s
2025-10-28T16:45:51.194559Z DEBUG generate traces for shard: close time.busy=4.34s time.idle=5.24µs
2025-10-28T16:45:51.194489Z DEBUG generate traces for shard: generated trace for chip Global in 3.488776782s
2025-10-28T16:45:51.194749Z DEBUG generate traces for shard: close time.busy=4.34s time.idle=4.57µs
2025-10-28T16:45:51.225210Z DEBUG generate traces for shard: close time.busy=4.37s time.idle=6.03µs
2025-10-28T16:45:51.225233Z DEBUG generate traces for shard: generated trace for chip Global in 3.890454094s
2025-10-28T16:45:51.225387Z DEBUG generate traces for shard: close time.busy=4.37s time.idle=4.77µs
2025-10-28T16:45:51.225471Z DEBUG generate traces for shard: close time.busy=4.37s time.idle=44.1µs
2025-10-28T16:45:51.225616Z  INFO prove_core:phase 2 trace generation:generate main traces: close time.busy=4.37s time.idle=4.13µs index=3
2025-10-28T16:46:38.815763Z DEBUG prove_core:phase 2 prover:batch:commit: close time.busy=54.7s time.idle=4.67µs shard=3
2025-10-28T16:46:52.235195Z DEBUG prove_core:phase 2 prover:batch:opening:generate permutation traces: close time.busy=13.4s time.idle=5.15µs shard=3
2025-10-28T16:46:52.235289Z DEBUG prove_core:phase 2 prover:batch:opening: AddSub          | Main Cols = 19    | Pre Cols = 0      | Perm Cols = 20    | Rows = 2097152 | Cells = 81788928   shard=3
2025-10-28T16:46:52.235306Z DEBUG prove_core:phase 2 prover:batch:opening: Cpu             | Main Cols = 57    | Pre Cols = 0      | Perm Cols = 44    | Rows = 2097152 | Cells = 211812352  shard=3
2025-10-28T16:46:52.235317Z DEBUG prove_core:phase 2 prover:batch:opening: Lt              | Main Cols = 33    | Pre Cols = 0      | Perm Cols = 12    | Rows = 1048576 | Cells = 47185920   shard=3
2025-10-28T16:46:52.235326Z DEBUG prove_core:phase 2 prover:batch:opening: MemoryInstrs    | Main Cols = 57    | Pre Cols = 0      | Perm Cols = 28    | Rows = 1048576 | Cells = 89128960   shard=3
2025-10-28T16:46:52.235340Z DEBUG prove_core:phase 2 prover:batch:opening: Program         | Main Cols = 1     | Pre Cols = 14     | Perm Cols = 8     | Rows = 524288 | Cells = 12058624   shard=3
2025-10-28T16:46:52.235350Z DEBUG prove_core:phase 2 prover:batch:opening: Auipc           | Main Cols = 21    | Pre Cols = 0      | Perm Cols = 12    | Rows = 262144 | Cells = 8650752    shard=3
2025-10-28T16:46:52.236050Z DEBUG prove_core:phase 2 prover:batch:opening: Bitwise         | Main Cols = 17    | Pre Cols = 0      | Perm Cols = 16    | Rows = 262144 | Cells = 8650752    shard=3
2025-10-28T16:46:52.236077Z DEBUG prove_core:phase 2 prover:batch:opening: Branch          | Main Cols = 34    | Pre Cols = 0      | Perm Cols = 16    | Rows = 262144 | Cells = 13107200   shard=3
2025-10-28T16:46:52.236088Z DEBUG prove_core:phase 2 prover:batch:opening: Global          | Main Cols = 412   | Pre Cols = 0      | Perm Cols = 8     | Rows = 262144 | Cells = 110100480  shard=3
2025-10-28T16:46:52.236097Z DEBUG prove_core:phase 2 prover:batch:opening: Jump            | Main Cols = 26    | Pre Cols = 0      | Perm Cols = 16    | Rows = 262144 | Cells = 11010048   shard=3
2025-10-28T16:46:52.236106Z DEBUG prove_core:phase 2 prover:batch:opening: MemoryLocal     | Main Cols = 56    | Pre Cols = 0      | Perm Cols = 36    | Rows = 262144 | Cells = 24117248   shard=3
2025-10-28T16:46:52.236118Z DEBUG prove_core:phase 2 prover:batch:opening: SyscallCore     | Main Cols = 6     | Pre Cols = 0      | Perm Cols = 8     | Rows = 262144 | Cells = 3670016    shard=3
2025-10-28T16:46:52.236127Z DEBUG prove_core:phase 2 prover:batch:opening: SyscallInstrs   | Main Cols = 52    | Pre Cols = 0      | Perm Cols = 20    | Rows = 262144 | Cells = 18874368   shard=3
2025-10-28T16:46:52.236136Z DEBUG prove_core:phase 2 prover:batch:opening: Mul             | Main Cols = 39    | Pre Cols = 0      | Perm Cols = 36    | Rows = 131072 | Cells = 9830400    shard=3
2025-10-28T16:46:52.236146Z DEBUG prove_core:phase 2 prover:batch:opening: ShiftLeft       | Main Cols = 44    | Pre Cols = 0      | Perm Cols = 16    | Rows = 131072 | Cells = 7864320    shard=3
2025-10-28T16:46:52.236155Z DEBUG prove_core:phase 2 prover:batch:opening: ShiftRight      | Main Cols = 70    | Pre Cols = 0      | Perm Cols = 56    | Rows = 131072 | Cells = 16515072   shard=3
2025-10-28T16:46:52.236170Z DEBUG prove_core:phase 2 prover:batch:opening: Byte            | Main Cols = 9     | Pre Cols = 11     | Perm Cols = 24    | Rows = 65536 | Cells = 2883584    shard=3
2025-10-28T16:46:56.080166Z DEBUG prove_core:phase 2 prover:batch:opening:flatten permutation traces and collect domains: close time.busy=3.84s time.idle=15.3µs shard=3
2025-10-28T16:47:21.707906Z DEBUG prove_core:phase 2 prover:batch:opening:commit to permutation traces: close time.busy=25.6s time.idle=7.15µs shard=3
2025-10-28T16:47:24.946226Z DEBUG prove_core:phase 2 prover:batch:opening:compute quotient values:compute quotient values for domain: close time.busy=3.24s time.idle=5.73µs shard=3
2025-10-28T16:47:28.694988Z DEBUG prove_core:phase 2 prover:batch:opening:compute quotient values:compute quotient values for domain: close time.busy=6.99s time.idle=6.34µs shard=3
2025-10-28T16:47:33.229349Z DEBUG prove_core:phase 2 prover:batch:opening:compute quotient values:compute quotient values for domain: close time.busy=11.5s time.idle=6.28µs shard=3
2025-10-28T16:47:34.107762Z DEBUG prove_core:phase 2 prover:batch:opening:compute quotient values:compute quotient values for domain: close time.busy=12.4s time.idle=6.87µs shard=3
2025-10-28T16:47:34.490330Z DEBUG prove_core:phase 2 prover:batch:opening:compute quotient values:compute quotient values for domain: close time.busy=12.8s time.idle=6.18µs shard=3
2025-10-28T16:47:36.737503Z DEBUG prove_core:phase 2 prover:batch:opening:compute quotient values:compute quotient values for domain: close time.busy=15.0s time.idle=6.40µs shard=3
2025-10-28T16:47:37.424199Z DEBUG prove_core:phase 2 prover:batch:opening:compute quotient values:compute quotient values for domain: close time.busy=5.16s time.idle=8.27µs shard=3
2025-10-28T16:47:43.284559Z DEBUG prove_core:phase 2 prover:batch:opening:compute quotient values:compute quotient values for domain: close time.busy=21.6s time.idle=5.94µs shard=3
2025-10-28T16:47:46.240413Z DEBUG prove_core:phase 2 prover:batch:opening:compute quotient values:compute quotient values for domain: close time.busy=24.5s time.idle=5.83µs shard=3
2025-10-28T16:47:48.721837Z DEBUG prove_core:phase 2 prover:batch:opening:compute quotient values:compute quotient values for domain: close time.busy=27.0s time.idle=5.97µs shard=3
2025-10-28T16:48:18.531247Z DEBUG prove_core:phase 2 prover:batch:opening:compute quotient values:compute quotient values for domain: close time.busy=56.8s time.idle=6.37µs shard=3
2025-10-28T16:48:18.557348Z DEBUG prove_core:phase 2 prover:batch:opening:compute quotient values:compute quotient values for domain: close time.busy=56.8s time.idle=5.70µs shard=3
2025-10-28T16:48:18.679019Z DEBUG prove_core:phase 2 prover:batch:opening:compute quotient values:compute quotient values for domain: close time.busy=57.0s time.idle=12.5µs shard=3
2025-10-28T16:48:18.716593Z DEBUG prove_core:phase 2 prover:batch:opening:compute quotient values:compute quotient values for domain: close time.busy=57.0s time.idle=8.19µs shard=3
2025-10-28T16:48:18.780116Z DEBUG prove_core:phase 2 prover:batch:opening:compute quotient values:compute quotient values for domain: close time.busy=57.1s time.idle=5.21µs shard=3
2025-10-28T16:48:18.899333Z DEBUG prove_core:phase 2 prover:batch:opening:compute quotient values:compute quotient values for domain: close time.busy=57.2s time.idle=6.69µs shard=3
2025-10-28T16:48:19.297273Z DEBUG prove_core:phase 2 prover:batch:opening:compute quotient values:compute quotient values for domain: close time.busy=57.6s time.idle=6.68µs shard=3
2025-10-28T16:48:32.209625Z DEBUG prove_core:phase 2 prover:batch:opening:commit to quotient traces: close time.busy=11.7s time.idle=8.98µs shard=3
2025-10-28T16:48:32.209754Z DEBUG prove_core:phase 2 prover:batch:opening:compute preprocessed opening points: close time.busy=18.1µs time.idle=3.98µs shard=3
2025-10-28T16:48:32.209792Z DEBUG prove_core:phase 2 prover:batch:opening:compute main trace opening points: close time.busy=19.4µs time.idle=2.41µs shard=3
2025-10-28T16:48:32.209818Z DEBUG prove_core:phase 2 prover:batch:opening:compute permutation trace opening points: close time.busy=11.3µs time.idle=2.35µs shard=3
2025-10-28T16:49:03.123330Z DEBUG prove_core:phase 2 prover:batch:opening:open multi batches: close time.busy=30.9s time.idle=9.98µs shard=3
2025-10-28T16:49:03.221623Z DEBUG prove_core:phase 2 prover:batch:opening:compute quotient values: close time.busy=57.6s time.idle=43.9s shard=3
2025-10-28T16:49:04.513867Z DEBUG prove_core:phase 2 prover:batch:opening: close time.busy=146s time.idle=19.7µs shard=3
2025-10-28T16:49:04.513955Z DEBUG prove_core:phase 2 prover:batch: proving shard 3 took 200433691147 ns. shape: Some([(Byte, 16), (ShiftLeft, 17), (ShiftRight, 17), (Mul, 17), (SyscallCore, 18), (Global, 18), (SyscallInstrs, 18), (Jump, 18), (Bitwise, 18), (MemoryLocal, 18), (Auipc, 18), (Branch, 18), (Program, 19), (Lt, 20), (MemoryInstrs, 20), (Cpu, 21), (AddSub, 21)])
2025-10-28T16:49:04.514157Z DEBUG prove_core:phase 2 prover:batch: close time.busy=200s time.idle=25.2µs
2025-10-28T16:49:26.945420Z DEBUG prove_core:phase 2 prover:batch:commit: close time.busy=22.4s time.idle=4.78µs shard=4
2025-10-28T16:49:28.502632Z DEBUG prove_core:phase 2 prover:batch:opening:generate permutation traces: close time.busy=1.56s time.idle=4.92µs shard=4
2025-10-28T16:49:28.502721Z DEBUG prove_core:phase 2 prover:batch:opening: Program         | Main Cols = 1     | Pre Cols = 14     | Perm Cols = 8     | Rows = 524288 | Cells = 12058624   shard=4
2025-10-28T16:49:28.502736Z DEBUG prove_core:phase 2 prover:batch:opening: Global          | Main Cols = 412   | Pre Cols = 0      | Perm Cols = 8     | Rows = 262144 | Cells = 110100480  shard=4
2025-10-28T16:49:28.502745Z DEBUG prove_core:phase 2 prover:batch:opening: Byte            | Main Cols = 9     | Pre Cols = 11     | Perm Cols = 24    | Rows = 65536 | Cells = 2883584    shard=4
2025-10-28T16:49:28.502758Z DEBUG prove_core:phase 2 prover:batch:opening: KeccakPermute   | Main Cols = 3289  | Pre Cols = 0      | Perm Cols = 608   | Rows = 32768 | Cells = 127696896  shard=4
2025-10-28T16:49:28.502767Z DEBUG prove_core:phase 2 prover:batch:opening: MemoryLocal     | Main Cols = 56    | Pre Cols = 0      | Perm Cols = 36    | Rows = 32768 | Cells = 3014656    shard=4
2025-10-28T16:49:28.502784Z DEBUG prove_core:phase 2 prover:batch:opening: SyscallPrecompile | Main Cols = 6     | Pre Cols = 0      | Perm Cols = 8     | Rows = 2048  | Cells = 28672      shard=4
2025-10-28T16:49:29.007050Z DEBUG prove_core:phase 2 prover:batch:opening:flatten permutation traces and collect domains: close time.busy=504ms time.idle=5.60µs shard=4
2025-10-28T16:49:32.415935Z DEBUG prove_core:phase 2 prover:batch:opening:commit to permutation traces: close time.busy=3.41s time.idle=9.99µs shard=4
2025-10-28T16:49:32.422123Z DEBUG prove_core:phase 2 prover:batch:opening:compute quotient values:compute quotient values for domain: close time.busy=5.80ms time.idle=8.26µs shard=4
2025-10-28T16:49:32.998776Z DEBUG prove_core:phase 2 prover:batch:opening:compute quotient values:compute quotient values for domain: close time.busy=582ms time.idle=7.64µs shard=4
2025-10-28T16:49:33.029030Z DEBUG prove_core:phase 2 prover:batch:opening:compute quotient values:compute quotient values for domain: close time.busy=613ms time.idle=6.83µs shard=4
2025-10-28T16:49:33.699174Z DEBUG prove_core:phase 2 prover:batch:opening:compute quotient values:compute quotient values for domain: close time.busy=1.28s time.idle=7.44µs shard=4
2025-10-28T16:49:41.625819Z DEBUG prove_core:phase 2 prover:batch:opening:compute quotient values:compute quotient values for domain: close time.busy=9.21s time.idle=8.22µs shard=4
2025-10-28T16:49:41.990031Z DEBUG prove_core:phase 2 prover:batch:opening:compute quotient values:compute quotient values for domain: close time.busy=9.57s time.idle=6.98µs shard=4
2025-10-28T16:49:43.316710Z DEBUG prove_core:phase 2 prover:batch:opening:commit to quotient traces: close time.busy=1.27s time.idle=7.68µs shard=4
2025-10-28T16:49:43.316834Z DEBUG prove_core:phase 2 prover:batch:opening:compute preprocessed opening points: close time.busy=19.4µs time.idle=3.97µs shard=4
2025-10-28T16:49:43.316886Z DEBUG prove_core:phase 2 prover:batch:opening:compute main trace opening points: close time.busy=32.5µs time.idle=2.96µs shard=4
2025-10-28T16:49:43.316925Z DEBUG prove_core:phase 2 prover:batch:opening:compute permutation trace opening points: close time.busy=15.6µs time.idle=3.27µs shard=4
2025-10-28T16:49:49.535601Z DEBUG prove_core:phase 2 prover:batch:opening:open multi batches: close time.busy=6.22s time.idle=7.76µs shard=4
2025-10-28T16:49:49.535890Z DEBUG prove_core:phase 2 prover:batch:opening:compute quotient values: close time.busy=9.57s time.idle=7.55s shard=4
2025-10-28T16:49:50.144275Z DEBUG prove_core:phase 2 prover:batch:opening: close time.busy=23.2s time.idle=7.07µs shard=4
2025-10-28T16:49:50.144358Z DEBUG prove_core:phase 2 prover:batch: proving shard 4 took 45630108458 ns. shape: Some([(SyscallPrecompile, 11), (KeccakPermute, 15), (MemoryLocal, 15), (Byte, 16), (Global, 18), (Program, 19)])
2025-10-28T16:49:50.144617Z DEBUG prove_core:phase 2 prover:batch: close time.busy=45.6s time.idle=22.6µs
2025-10-28T16:50:39.900595Z DEBUG prove_core:phase 2 prover:batch:commit: close time.busy=49.8s time.idle=4.66µs shard=5
2025-10-28T16:50:51.252187Z DEBUG prove_core:phase 2 prover:batch:opening:generate permutation traces: close time.busy=11.4s time.idle=6.58µs shard=5
2025-10-28T16:50:51.252301Z DEBUG prove_core:phase 2 prover:batch:opening: AddSub          | Main Cols = 19    | Pre Cols = 0      | Perm Cols = 20    | Rows = 2097152 | Cells = 81788928   shard=5
2025-10-28T16:50:51.252321Z DEBUG prove_core:phase 2 prover:batch:opening: Cpu             | Main Cols = 57    | Pre Cols = 0      | Perm Cols = 44    | Rows = 2097152 | Cells = 211812352  shard=5
2025-10-28T16:50:51.252332Z DEBUG prove_core:phase 2 prover:batch:opening: MemoryInstrs    | Main Cols = 57    | Pre Cols = 0      | Perm Cols = 28    | Rows = 1048576 | Cells = 89128960   shard=5
2025-10-28T16:50:51.252343Z DEBUG prove_core:phase 2 prover:batch:opening: Lt              | Main Cols = 33    | Pre Cols = 0      | Perm Cols = 12    | Rows = 524288 | Cells = 23592960   shard=5
2025-10-28T16:50:51.252360Z DEBUG prove_core:phase 2 prover:batch:opening: Program         | Main Cols = 1     | Pre Cols = 14     | Perm Cols = 8     | Rows = 524288 | Cells = 12058624   shard=5
2025-10-28T16:50:51.252372Z DEBUG prove_core:phase 2 prover:batch:opening: Auipc           | Main Cols = 21    | Pre Cols = 0      | Perm Cols = 12    | Rows = 262144 | Cells = 8650752    shard=5
2025-10-28T16:50:51.252383Z DEBUG prove_core:phase 2 prover:batch:opening: Bitwise         | Main Cols = 17    | Pre Cols = 0      | Perm Cols = 16    | Rows = 262144 | Cells = 8650752    shard=5
2025-10-28T16:50:51.252393Z DEBUG prove_core:phase 2 prover:batch:opening: Branch          | Main Cols = 34    | Pre Cols = 0      | Perm Cols = 16    | Rows = 262144 | Cells = 13107200   shard=5
2025-10-28T16:50:51.252405Z DEBUG prove_core:phase 2 prover:batch:opening: Global          | Main Cols = 412   | Pre Cols = 0      | Perm Cols = 8     | Rows = 262144 | Cells = 110100480  shard=5
2025-10-28T16:50:51.252415Z DEBUG prove_core:phase 2 prover:batch:opening: Jump            | Main Cols = 26    | Pre Cols = 0      | Perm Cols = 16    | Rows = 262144 | Cells = 11010048   shard=5
2025-10-28T16:50:51.252456Z DEBUG prove_core:phase 2 prover:batch:opening: MemoryLocal     | Main Cols = 56    | Pre Cols = 0      | Perm Cols = 36    | Rows = 262144 | Cells = 24117248   shard=5
2025-10-28T16:50:51.252473Z DEBUG prove_core:phase 2 prover:batch:opening: SyscallCore     | Main Cols = 6     | Pre Cols = 0      | Perm Cols = 8     | Rows = 262144 | Cells = 3670016    shard=5
2025-10-28T16:50:51.252484Z DEBUG prove_core:phase 2 prover:batch:opening: SyscallInstrs   | Main Cols = 52    | Pre Cols = 0      | Perm Cols = 20    | Rows = 262144 | Cells = 18874368   shard=5
2025-10-28T16:50:51.252495Z DEBUG prove_core:phase 2 prover:batch:opening: Mul             | Main Cols = 39    | Pre Cols = 0      | Perm Cols = 36    | Rows = 131072 | Cells = 9830400    shard=5
2025-10-28T16:50:51.252506Z DEBUG prove_core:phase 2 prover:batch:opening: ShiftLeft       | Main Cols = 44    | Pre Cols = 0      | Perm Cols = 16    | Rows = 131072 | Cells = 7864320    shard=5
2025-10-28T16:50:51.252520Z DEBUG prove_core:phase 2 prover:batch:opening: ShiftRight      | Main Cols = 70    | Pre Cols = 0      | Perm Cols = 56    | Rows = 131072 | Cells = 16515072   shard=5
2025-10-28T16:50:51.252537Z DEBUG prove_core:phase 2 prover:batch:opening: Byte            | Main Cols = 9     | Pre Cols = 11     | Perm Cols = 24    | Rows = 65536 | Cells = 2883584    shard=5
2025-10-28T16:50:55.248152Z DEBUG prove_core:phase 2 prover:batch:opening:flatten permutation traces and collect domains: close time.busy=4.00s time.idle=5.95µs shard=5
2025-10-28T16:51:20.477112Z DEBUG prove_core:phase 2 prover:batch:opening:commit to permutation traces: close time.busy=25.2s time.idle=11.4µs shard=5
2025-10-28T16:51:23.391754Z DEBUG prove_core:phase 2 prover:batch:opening:compute quotient values:compute quotient values for domain: close time.busy=2.91s time.idle=6.15µs shard=5
2025-10-28T16:51:24.904019Z DEBUG prove_core:phase 2 prover:batch:opening:compute quotient values:compute quotient values for domain: close time.busy=4.43s time.idle=19.3µs shard=5
2025-10-28T16:51:25.515866Z DEBUG prove_core:phase 2 prover:batch:opening:compute quotient values:compute quotient values for domain: close time.busy=5.04s time.idle=13.8µs shard=5
2025-10-28T16:51:29.219968Z DEBUG prove_core:phase 2 prover:batch:opening:compute quotient values:compute quotient values for domain: close time.busy=8.74s time.idle=52.3µs shard=5
2025-10-28T16:51:34.575111Z DEBUG prove_core:phase 2 prover:batch:opening:compute quotient values:compute quotient values for domain: close time.busy=14.1s time.idle=27.1µs shard=5
2025-10-28T16:51:35.473492Z DEBUG prove_core:phase 2 prover:batch:opening:compute quotient values:compute quotient values for domain: close time.busy=15.0s time.idle=28.4µs shard=5
2025-10-28T16:51:36.160495Z DEBUG prove_core:phase 2 prover:batch:opening:compute quotient values:compute quotient values for domain: close time.busy=15.7s time.idle=5.17µs shard=5
2025-10-28T16:51:46.786673Z DEBUG prove_core:phase 2 prover:batch:opening:compute quotient values:compute quotient values for domain: close time.busy=26.3s time.idle=44.5µs shard=5
2025-10-28T16:51:52.046473Z DEBUG prove_core:phase 2 prover:batch:opening:compute quotient values:compute quotient values for domain: close time.busy=26.6s time.idle=6.48µs shard=5
2025-10-28T16:52:10.702001Z DEBUG prove_core:phase 2 prover:batch:opening:compute quotient values:compute quotient values for domain: close time.busy=50.2s time.idle=6.97µs shard=5
2025-10-28T16:52:10.752915Z DEBUG prove_core:phase 2 prover:batch:opening:compute quotient values:compute quotient values for domain: close time.busy=50.3s time.idle=8.28µs shard=5
2025-10-28T16:52:10.763879Z DEBUG prove_core:phase 2 prover:batch:opening:compute quotient values:compute quotient values for domain: close time.busy=50.3s time.idle=6.84µs shard=5
2025-10-28T16:52:10.908037Z DEBUG prove_core:phase 2 prover:batch:opening:compute quotient values:compute quotient values for domain: close time.busy=50.4s time.idle=5.30µs shard=5
2025-10-28T16:52:11.181096Z DEBUG prove_core:phase 2 prover:batch:opening:compute quotient values:compute quotient values for domain: close time.busy=50.7s time.idle=5.62µs shard=5
2025-10-28T16:52:11.288890Z DEBUG prove_core:phase 2 prover:batch:opening:compute quotient values:compute quotient values for domain: close time.busy=50.8s time.idle=15.4µs shard=5
2025-10-28T16:52:11.371638Z DEBUG prove_core:phase 2 prover:batch:opening:compute quotient values:compute quotient values for domain: close time.busy=50.9s time.idle=6.74µs shard=5
2025-10-28T16:52:11.848967Z DEBUG prove_core:phase 2 prover:batch:opening:compute quotient values:compute quotient values for domain: close time.busy=51.4s time.idle=16.9µs shard=5
2025-10-28T16:52:23.823330Z DEBUG prove_core:phase 2 prover:batch:opening:commit to quotient traces: close time.busy=10.6s time.idle=7.48µs shard=5
2025-10-28T16:52:23.823467Z DEBUG prove_core:phase 2 prover:batch:opening:compute preprocessed opening points: close time.busy=46.4µs time.idle=4.94µs shard=5
2025-10-28T16:52:23.823535Z DEBUG prove_core:phase 2 prover:batch:opening:compute main trace opening points: close time.busy=45.7µs time.idle=3.38µs shard=5
2025-10-28T16:52:23.823584Z DEBUG prove_core:phase 2 prover:batch:opening:compute permutation trace opening points: close time.busy=27.9µs time.idle=3.23µs shard=5
2025-10-28T16:52:52.606554Z DEBUG prove_core:phase 2 prover:batch:opening:open multi batches: close time.busy=28.8s time.idle=5.09µs shard=5
2025-10-28T16:52:52.686531Z DEBUG prove_core:phase 2 prover:batch:opening:compute quotient values: close time.busy=51.4s time.idle=40.8s shard=5
2025-10-28T16:52:53.915378Z DEBUG prove_core:phase 2 prover:batch:opening: close time.busy=134s time.idle=20.8µs shard=5
2025-10-28T16:52:53.915467Z DEBUG prove_core:phase 2 prover:batch: proving shard 5 took 183770757607 ns. shape: Some([(Byte, 16), (ShiftLeft, 17), (ShiftRight, 17), (Mul, 17), (SyscallCore, 18), (Global, 18), (SyscallInstrs, 18), (Jump, 18), (Bitwise, 18), (MemoryLocal, 18), (Auipc, 18), (Branch, 18), (Lt, 19), (Program, 19), (MemoryInstrs, 20), (Cpu, 21), (AddSub, 21)])
2025-10-28T16:52:53.915617Z DEBUG prove_core:phase 2 prover:batch: close time.busy=184s time.idle=23.9µs
2025-10-28T16:52:55.482808Z DEBUG prove_core:phase 2 prover:batch:commit: close time.busy=1.57s time.idle=4.65µs shard=6
2025-10-28T16:52:55.686374Z DEBUG prove_core:phase 2 prover:batch:opening:generate permutation traces: close time.busy=203ms time.idle=5.19µs shard=6
2025-10-28T16:52:55.686498Z DEBUG prove_core:phase 2 prover:batch:opening: Program         | Main Cols = 1     | Pre Cols = 14     | Perm Cols = 8     | Rows = 524288 | Cells = 12058624   shard=6
2025-10-28T16:52:55.686520Z DEBUG prove_core:phase 2 prover:batch:opening: Byte            | Main Cols = 9     | Pre Cols = 11     | Perm Cols = 24    | Rows = 65536 | Cells = 2883584    shard=6
2025-10-28T16:52:55.686534Z DEBUG prove_core:phase 2 prover:batch:opening: Global          | Main Cols = 412   | Pre Cols = 0      | Perm Cols = 8     | Rows = 32768 | Cells = 13762560   shard=6
2025-10-28T16:52:55.686547Z DEBUG prove_core:phase 2 prover:batch:opening: MemoryLocal     | Main Cols = 56    | Pre Cols = 0      | Perm Cols = 36    | Rows = 4096  | Cells = 376832     shard=6
2025-10-28T16:52:55.686561Z DEBUG prove_core:phase 2 prover:batch:opening: Secp256k1AddAssign | Main Cols = 2305  | Pre Cols = 0      | Perm Cols = 2148  | Rows = 512   | Cells = 2279936    shard=6
2025-10-28T16:52:55.686594Z DEBUG prove_core:phase 2 prover:batch:opening: SyscallPrecompile | Main Cols = 6     | Pre Cols = 0      | Perm Cols = 8     | Rows = 512   | Cells = 7168       shard=6
2025-10-28T16:52:55.722675Z DEBUG prove_core:phase 2 prover:batch:opening:flatten permutation traces and collect domains: close time.busy=36.1ms time.idle=7.17µs shard=6
2025-10-28T16:52:56.554628Z DEBUG prove_core:phase 2 prover:batch:opening:commit to permutation traces: close time.busy=832ms time.idle=6.59µs shard=6
2025-10-28T16:52:56.558188Z DEBUG prove_core:phase 2 prover:batch:opening:compute quotient values:compute quotient values for domain: close time.busy=3.30ms time.idle=4.69µs shard=6
2025-10-28T16:52:56.708120Z DEBUG prove_core:phase 2 prover:batch:opening:compute quotient values:compute quotient values for domain: close time.busy=153ms time.idle=4.97µs shard=6
2025-10-28T16:52:56.710386Z DEBUG prove_core:phase 2 prover:batch:opening:compute quotient values:compute quotient values for domain: close time.busy=156ms time.idle=4.55µs shard=6
2025-10-28T16:52:57.489623Z DEBUG prove_core:phase 2 prover:batch:opening:compute quotient values:compute quotient values for domain: close time.busy=935ms time.idle=6.21µs shard=6
2025-10-28T16:52:57.526252Z DEBUG prove_core:phase 2 prover:batch:opening:compute quotient values:compute quotient values for domain: close time.busy=971ms time.idle=6.62µs shard=6
2025-10-28T16:52:57.615024Z DEBUG prove_core:phase 2 prover:batch:opening:compute quotient values:compute quotient values for domain: close time.busy=1.06s time.idle=6.49µs shard=6
2025-10-28T16:52:58.251488Z DEBUG prove_core:phase 2 prover:batch:opening:commit to quotient traces: close time.busy=580ms time.idle=8.34µs shard=6
2025-10-28T16:52:58.251573Z DEBUG prove_core:phase 2 prover:batch:opening:compute preprocessed opening points: close time.busy=5.60µs time.idle=4.68µs shard=6
2025-10-28T16:52:58.251599Z DEBUG prove_core:phase 2 prover:batch:opening:compute main trace opening points: close time.busy=6.52µs time.idle=3.03µs shard=6
2025-10-28T16:52:58.251625Z DEBUG prove_core:phase 2 prover:batch:opening:compute permutation trace opening points: close time.busy=6.48µs time.idle=3.09µs shard=6
2025-10-28T16:53:00.590066Z DEBUG prove_core:phase 2 prover:batch:opening:open multi batches: close time.busy=2.34s time.idle=5.47µs shard=6
2025-10-28T16:53:00.590217Z DEBUG prove_core:phase 2 prover:batch:opening:compute quotient values: close time.busy=1.06s time.idle=2.97s shard=6
2025-10-28T16:53:00.625314Z DEBUG prove_core:phase 2 prover:batch:opening: close time.busy=5.14s time.idle=10.1µs shard=6
2025-10-28T16:53:00.625608Z DEBUG prove_core:phase 2 prover:batch: proving shard 6 took 6709853552 ns. shape: Some([(Secp256k1AddAssign, 9), (SyscallPrecompile, 9), (MemoryLocal, 12), (Global, 15), (Byte, 16), (Program, 19)])
2025-10-28T16:53:00.625765Z DEBUG prove_core:phase 2 prover:batch: close time.busy=6.71s time.idle=35.6µs
2025-10-28T16:53:03.234099Z DEBUG prove_core:phase 2 prover:batch:commit: close time.busy=2.61s time.idle=5.03µs shard=7
2025-10-28T16:53:03.561476Z DEBUG prove_core:phase 2 prover:batch:opening:generate permutation traces: close time.busy=327ms time.idle=4.54µs shard=7
2025-10-28T16:53:03.561541Z DEBUG prove_core:phase 2 prover:batch:opening: Program         | Main Cols = 1     | Pre Cols = 14     | Perm Cols = 8     | Rows = 524288 | Cells = 12058624   shard=7
2025-10-28T16:53:03.561554Z DEBUG prove_core:phase 2 prover:batch:opening: Byte            | Main Cols = 9     | Pre Cols = 11     | Perm Cols = 24    | Rows = 65536 | Cells = 2883584    shard=7
2025-10-28T16:53:03.561566Z DEBUG prove_core:phase 2 prover:batch:opening: Global          | Main Cols = 412   | Pre Cols = 0      | Perm Cols = 8     | Rows = 65536 | Cells = 27525120   shard=7
2025-10-28T16:53:03.561579Z DEBUG prove_core:phase 2 prover:batch:opening: MemoryLocal     | Main Cols = 56    | Pre Cols = 0      | Perm Cols = 36    | Rows = 4096  | Cells = 376832     shard=7
2025-10-28T16:53:03.561589Z DEBUG prove_core:phase 2 prover:batch:opening: Secp256k1DoubleAssign | Main Cols = 2348  | Pre Cols = 0      | Perm Cols = 2208  | Rows = 1024  | Cells = 4665344    shard=7
2025-10-28T16:53:03.561602Z DEBUG prove_core:phase 2 prover:batch:opening: SyscallPrecompile | Main Cols = 6     | Pre Cols = 0      | Perm Cols = 8     | Rows = 1024  | Cells = 14336      shard=7
2025-10-28T16:53:03.613352Z DEBUG prove_core:phase 2 prover:batch:opening:flatten permutation traces and collect domains: close time.busy=51.7ms time.idle=5.24µs shard=7
2025-10-28T16:53:04.553061Z DEBUG prove_core:phase 2 prover:batch:opening:commit to permutation traces: close time.busy=940ms time.idle=25.2µs shard=7
2025-10-28T16:53:04.555826Z DEBUG prove_core:phase 2 prover:batch:opening:compute quotient values:compute quotient values for domain: close time.busy=2.48ms time.idle=6.50µs shard=7
2025-10-28T16:53:04.972738Z DEBUG prove_core:phase 2 prover:batch:opening:compute quotient values:compute quotient values for domain: close time.busy=419ms time.idle=5.75µs shard=7
2025-10-28T16:53:04.972990Z DEBUG prove_core:phase 2 prover:batch:opening:compute quotient values:compute quotient values for domain: close time.busy=420ms time.idle=5.59µs shard=7
2025-10-28T16:53:04.984480Z DEBUG prove_core:phase 2 prover:batch:opening:compute quotient values:compute quotient values for domain: close time.busy=431ms time.idle=8.15µs shard=7
2025-10-28T16:53:05.503021Z DEBUG prove_core:phase 2 prover:batch:opening:compute quotient values:compute quotient values for domain: close time.busy=950ms time.idle=8.55µs shard=7
2025-10-28T16:53:05.818698Z DEBUG prove_core:phase 2 prover:batch:opening:compute quotient values:compute quotient values for domain: close time.busy=1.27s time.idle=5.66µs shard=7
2025-10-28T16:53:06.860907Z DEBUG prove_core:phase 2 prover:batch:opening:commit to quotient traces: close time.busy=923ms time.idle=7.07µs shard=7
2025-10-28T16:53:06.860982Z DEBUG prove_core:phase 2 prover:batch:opening:compute preprocessed opening points: close time.busy=4.09µs time.idle=4.13µs shard=7
2025-10-28T16:53:06.861088Z DEBUG prove_core:phase 2 prover:batch:opening:compute main trace opening points: close time.busy=38.3µs time.idle=3.17µs shard=7
2025-10-28T16:53:06.861121Z DEBUG prove_core:phase 2 prover:batch:opening:compute permutation trace opening points: close time.busy=14.1µs time.idle=2.63µs shard=7
2025-10-28T16:53:09.662656Z DEBUG prove_core:phase 2 prover:batch:opening:open multi batches: close time.busy=2.80s time.idle=4.68µs shard=7
2025-10-28T16:53:09.662764Z DEBUG prove_core:phase 2 prover:batch:opening:compute quotient values: close time.busy=1.27s time.idle=3.84s shard=7
2025-10-28T16:53:09.720011Z DEBUG prove_core:phase 2 prover:batch:opening: close time.busy=6.49s time.idle=6.70µs shard=7
2025-10-28T16:53:09.720082Z DEBUG prove_core:phase 2 prover:batch: proving shard 7 took 9094191296 ns. shape: Some([(SyscallPrecompile, 10), (Secp256k1DoubleAssign, 10), (MemoryLocal, 12), (Global, 16), (Byte, 16), (Program, 19)])
2025-10-28T16:53:09.720178Z DEBUG prove_core:phase 2 prover:batch: close time.busy=9.09s time.idle=47.8µs
2025-10-28T16:53:28.245482Z DEBUG prove_core:phase 2 prover:batch:commit: close time.busy=18.5s time.idle=4.46µs shard=8
2025-10-28T16:53:29.660237Z DEBUG prove_core:phase 2 prover:batch:opening:generate permutation traces: close time.busy=1.41s time.idle=5.99µs shard=8
2025-10-28T16:53:29.660321Z DEBUG prove_core:phase 2 prover:batch:opening: Program         | Main Cols = 1     | Pre Cols = 14     | Perm Cols = 8     | Rows = 524288 | Cells = 12058624   shard=8
2025-10-28T16:53:29.660337Z DEBUG prove_core:phase 2 prover:batch:opening: Global          | Main Cols = 412   | Pre Cols = 0      | Perm Cols = 8     | Rows = 131072 | Cells = 55050240   shard=8
2025-10-28T16:53:29.660352Z DEBUG prove_core:phase 2 prover:batch:opening: Byte            | Main Cols = 9     | Pre Cols = 11     | Perm Cols = 24    | Rows = 65536 | Cells = 2883584    shard=8
2025-10-28T16:53:29.660366Z DEBUG prove_core:phase 2 prover:batch:opening: KeccakPermute   | Main Cols = 3289  | Pre Cols = 0      | Perm Cols = 608   | Rows = 32768 | Cells = 127696896  shard=8
2025-10-28T16:53:29.660376Z DEBUG prove_core:phase 2 prover:batch:opening: MemoryLocal     | Main Cols = 56    | Pre Cols = 0      | Perm Cols = 36    | Rows = 16384 | Cells = 1507328    shard=8
2025-10-28T16:53:29.660390Z DEBUG prove_core:phase 2 prover:batch:opening: SyscallPrecompile | Main Cols = 6     | Pre Cols = 0      | Perm Cols = 8     | Rows = 2048  | Cells = 28672      shard=8
2025-10-28T16:53:29.992699Z DEBUG prove_core:phase 2 prover:batch:opening:flatten permutation traces and collect domains: close time.busy=332ms time.idle=6.06µs shard=8
2025-10-28T16:53:33.015710Z DEBUG prove_core:phase 2 prover:batch:opening:commit to permutation traces: close time.busy=2.93s time.idle=8.49µs shard=8
2025-10-28T16:53:33.020655Z DEBUG prove_core:phase 2 prover:batch:opening:compute quotient values:compute quotient values for domain: close time.busy=4.58ms time.idle=6.23µs shard=8
2025-10-28T16:53:33.567649Z DEBUG prove_core:phase 2 prover:batch:opening:compute quotient values:compute quotient values for domain: close time.busy=552ms time.idle=5.81µs shard=8
2025-10-28T16:53:33.568739Z DEBUG prove_core:phase 2 prover:batch:opening:compute quotient values:compute quotient values for domain: close time.busy=553ms time.idle=5.91µs shard=8
2025-10-28T16:53:35.307234Z DEBUG prove_core:phase 2 prover:batch:opening:compute quotient values:compute quotient values for domain: close time.busy=2.29s time.idle=7.58µs shard=8
2025-10-28T16:53:35.324512Z DEBUG prove_core:phase 2 prover:batch:opening:compute quotient values:compute quotient values for domain: close time.busy=2.31s time.idle=6.95µs shard=8
2025-10-28T16:53:41.257693Z DEBUG prove_core:phase 2 prover:batch:opening:compute quotient values:compute quotient values for domain: close time.busy=8.24s time.idle=5.80µs shard=8
2025-10-28T16:53:42.909326Z DEBUG prove_core:phase 2 prover:batch:opening:commit to quotient traces: close time.busy=1.41s time.idle=7.53µs shard=8
2025-10-28T16:53:42.909443Z DEBUG prove_core:phase 2 prover:batch:opening:compute preprocessed opening points: close time.busy=26.6µs time.idle=21.2µs shard=8
2025-10-28T16:53:42.909480Z DEBUG prove_core:phase 2 prover:batch:opening:compute main trace opening points: close time.busy=19.4µs time.idle=2.58µs shard=8
2025-10-28T16:53:42.909505Z DEBUG prove_core:phase 2 prover:batch:opening:compute permutation trace opening points: close time.busy=9.41µs time.idle=2.29µs shard=8
2025-10-28T16:53:48.452904Z DEBUG prove_core:phase 2 prover:batch:opening:open multi batches: close time.busy=5.54s time.idle=4.53µs shard=8
2025-10-28T16:53:48.453055Z DEBUG prove_core:phase 2 prover:batch:opening:compute quotient values: close time.busy=8.24s time.idle=7.19s shard=8
2025-10-28T16:53:48.913859Z DEBUG prove_core:phase 2 prover:batch:opening: close time.busy=20.7s time.idle=13.2µs shard=8
2025-10-28T16:53:48.913931Z DEBUG prove_core:phase 2 prover:batch: proving shard 8 took 39193680591 ns. shape: Some([(SyscallPrecompile, 11), (MemoryLocal, 14), (KeccakPermute, 15), (Byte, 16), (Global, 17), (Program, 19)])
2025-10-28T16:53:48.914056Z DEBUG prove_core:phase 2 prover:batch: close time.busy=39.2s time.idle=36.2µs
2025-10-28T16:53:48.915159Z DEBUG prove_core:phase 2 trace generation: close time.busy=872s time.idle=13.1µs
2025-10-28T16:54:10.614910Z DEBUG prove_core:phase 2 prover:batch:commit: close time.busy=21.7s time.idle=4.86µs shard=9
2025-10-28T16:54:12.134834Z DEBUG prove_core:phase 2 prover:batch:opening:generate permutation traces: close time.busy=1.52s time.idle=5.00µs shard=9
2025-10-28T16:54:12.134940Z DEBUG prove_core:phase 2 prover:batch:opening: Program         | Main Cols = 1     | Pre Cols = 14     | Perm Cols = 8     | Rows = 524288 | Cells = 12058624   shard=9
2025-10-28T16:54:12.134959Z DEBUG prove_core:phase 2 prover:batch:opening: Global          | Main Cols = 412   | Pre Cols = 0      | Perm Cols = 8     | Rows = 262144 | Cells = 110100480  shard=9
2025-10-28T16:54:12.134972Z DEBUG prove_core:phase 2 prover:batch:opening: Byte            | Main Cols = 9     | Pre Cols = 11     | Perm Cols = 24    | Rows = 65536 | Cells = 2883584    shard=9
2025-10-28T16:54:12.134992Z DEBUG prove_core:phase 2 prover:batch:opening: KeccakPermute   | Main Cols = 3289  | Pre Cols = 0      | Perm Cols = 608   | Rows = 32768 | Cells = 127696896  shard=9
2025-10-28T16:54:12.135005Z DEBUG prove_core:phase 2 prover:batch:opening: MemoryLocal     | Main Cols = 56    | Pre Cols = 0      | Perm Cols = 36    | Rows = 32768 | Cells = 3014656    shard=9
2025-10-28T16:54:12.135022Z DEBUG prove_core:phase 2 prover:batch:opening: SyscallPrecompile | Main Cols = 6     | Pre Cols = 0      | Perm Cols = 8     | Rows = 2048  | Cells = 28672      shard=9
2025-10-28T16:54:12.707152Z DEBUG prove_core:phase 2 prover:batch:opening:flatten permutation traces and collect domains: close time.busy=572ms time.idle=6.07µs shard=9
2025-10-28T16:54:16.088271Z DEBUG prove_core:phase 2 prover:batch:opening:commit to permutation traces: close time.busy=3.38s time.idle=6.27µs shard=9
2025-10-28T16:54:16.094231Z DEBUG prove_core:phase 2 prover:batch:opening:compute quotient values:compute quotient values for domain: close time.busy=5.37ms time.idle=6.27µs shard=9
2025-10-28T16:54:16.694057Z DEBUG prove_core:phase 2 prover:batch:opening:compute quotient values:compute quotient values for domain: close time.busy=605ms time.idle=6.24µs shard=9
2025-10-28T16:54:16.694319Z DEBUG prove_core:phase 2 prover:batch:opening:compute quotient values:compute quotient values for domain: close time.busy=605ms time.idle=5.64µs shard=9
2025-10-28T16:54:17.916312Z DEBUG prove_core:phase 2 prover:batch:opening:compute quotient values:compute quotient values for domain: close time.busy=1.83s time.idle=7.65µs shard=9
2025-10-28T16:54:19.968354Z DEBUG prove_core:phase 2 prover:batch:opening:compute quotient values:compute quotient values for domain: close time.busy=3.88s time.idle=5.87µs shard=9
2025-10-28T16:54:25.820112Z DEBUG prove_core:phase 2 prover:batch:opening:compute quotient values:compute quotient values for domain: close time.busy=9.73s time.idle=5.84µs shard=9
2025-10-28T16:54:27.073177Z DEBUG prove_core:phase 2 prover:batch:opening:commit to quotient traces: close time.busy=1.22s time.idle=6.41µs shard=9
2025-10-28T16:54:27.073258Z DEBUG prove_core:phase 2 prover:batch:opening:compute preprocessed opening points: close time.busy=22.1µs time.idle=3.33µs shard=9
2025-10-28T16:54:27.073314Z DEBUG prove_core:phase 2 prover:batch:opening:compute main trace opening points: close time.busy=39.3µs time.idle=2.52µs shard=9
2025-10-28T16:54:27.073336Z DEBUG prove_core:phase 2 prover:batch:opening:compute permutation trace opening points: close time.busy=3.63µs time.idle=2.19µs shard=9
2025-10-28T16:54:32.946668Z DEBUG prove_core:phase 2 prover:batch:opening:open multi batches: close time.busy=5.87s time.idle=4.68µs shard=9
2025-10-28T16:54:32.946843Z DEBUG prove_core:phase 2 prover:batch:opening:compute quotient values: close time.busy=9.73s time.idle=7.13s shard=9
2025-10-28T16:54:33.683618Z DEBUG prove_core:phase 2 prover:batch:opening: close time.busy=23.1s time.idle=11.1µs shard=9
2025-10-28T16:54:33.683678Z DEBUG prove_core:phase 2 prover:batch: proving shard 9 took 44769578643 ns. shape: Some([(SyscallPrecompile, 11), (KeccakPermute, 15), (MemoryLocal, 15), (Byte, 16), (Global, 18), (Program, 19)])
2025-10-28T16:54:33.683848Z DEBUG prove_core:phase 2 prover:batch: close time.busy=44.8s time.idle=10.7µs
2025-10-28T16:55:01.784565Z DEBUG prove_core:phase 2 prover:batch:commit: close time.busy=28.1s time.idle=9.92µs shard=10
2025-10-28T16:55:02.260290Z DEBUG prove_core:phase 2 prover:batch:opening:generate permutation traces: close time.busy=475ms time.idle=5.98µs shard=10
2025-10-28T16:55:02.260362Z DEBUG prove_core:phase 2 prover:batch:opening: Global          | Main Cols = 412   | Pre Cols = 0      | Perm Cols = 8     | Rows = 524288 | Cells = 220200960  shard=10
2025-10-28T16:55:02.260380Z DEBUG prove_core:phase 2 prover:batch:opening: Program         | Main Cols = 1     | Pre Cols = 14     | Perm Cols = 8     | Rows = 524288 | Cells = 12058624   shard=10
2025-10-28T16:55:02.260398Z DEBUG prove_core:phase 2 prover:batch:opening: MemoryGlobalFinalize | Main Cols = 108   | Pre Cols = 0      | Perm Cols = 8     | Rows = 262144 | Cells = 30408704   shard=10
2025-10-28T16:55:02.260411Z DEBUG prove_core:phase 2 prover:batch:opening: Byte            | Main Cols = 9     | Pre Cols = 11     | Perm Cols = 24    | Rows = 65536 | Cells = 2883584    shard=10
2025-10-28T16:55:02.260454Z DEBUG prove_core:phase 2 prover:batch:opening: MemoryGlobalInit | Main Cols = 108   | Pre Cols = 0      | Perm Cols = 8     | Rows = 65536 | Cells = 7602176    shard=10
2025-10-28T16:55:02.466508Z DEBUG prove_core:phase 2 prover:batch:opening:flatten permutation traces and collect domains: close time.busy=206ms time.idle=7.34µs shard=10
2025-10-28T16:55:04.303666Z DEBUG prove_core:phase 2 prover:batch:opening:commit to permutation traces: close time.busy=1.84s time.idle=7.92µs shard=10
2025-10-28T16:55:05.079132Z DEBUG prove_core:phase 2 prover:batch:opening:compute quotient values:compute quotient values for domain: close time.busy=775ms time.idle=6.52µs shard=10
2025-10-28T16:55:05.096636Z DEBUG prove_core:phase 2 prover:batch:opening:compute quotient values:compute quotient values for domain: close time.busy=793ms time.idle=6.01µs shard=10
2025-10-28T16:55:06.841459Z DEBUG prove_core:phase 2 prover:batch:opening:compute quotient values:compute quotient values for domain: close time.busy=2.54s time.idle=8.00µs shard=10
2025-10-28T16:55:06.883564Z DEBUG prove_core:phase 2 prover:batch:opening:compute quotient values:compute quotient values for domain: close time.busy=2.58s time.idle=5.66µs shard=10
2025-10-28T16:55:12.539489Z DEBUG prove_core:phase 2 prover:batch:opening:compute quotient values:compute quotient values for domain: close time.busy=8.24s time.idle=68.2µs shard=10
2025-10-28T16:55:14.744358Z DEBUG prove_core:phase 2 prover:batch:opening:commit to quotient traces: close time.busy=2.12s time.idle=19.0µs shard=10
2025-10-28T16:55:14.744569Z DEBUG prove_core:phase 2 prover:batch:opening:compute preprocessed opening points: close time.busy=27.5µs time.idle=11.1µs shard=10
2025-10-28T16:55:14.744637Z DEBUG prove_core:phase 2 prover:batch:opening:compute main trace opening points: close time.busy=42.3µs time.idle=3.76µs shard=10
2025-10-28T16:55:14.744664Z DEBUG prove_core:phase 2 prover:batch:opening:compute permutation trace opening points: close time.busy=4.10µs time.idle=3.14µs shard=10
2025-10-28T16:55:23.255456Z DEBUG prove_core:phase 2 prover:batch:opening:open multi batches: close time.busy=8.51s time.idle=31.9µs shard=10
2025-10-28T16:55:23.255611Z DEBUG prove_core:phase 2 prover:batch:opening:compute quotient values: close time.busy=8.24s time.idle=10.7s shard=10
2025-10-28T16:55:23.823796Z DEBUG prove_core:phase 2 prover:batch:opening: close time.busy=22.0s time.idle=6.67µs shard=10
2025-10-28T16:55:23.823857Z DEBUG prove_core:phase 2 prover:batch: proving shard 10 took 50139974816 ns. shape: Some([(Byte, 16), (MemoryGlobalInit, 16), (MemoryGlobalFinalize, 18), (Global, 19), (Program, 19)])
2025-10-28T16:55:23.824027Z DEBUG prove_core:phase 2 prover:batch: close time.busy=50.1s time.idle=10.6µs
2025-10-28T16:55:23.824051Z DEBUG prove_core:phase 2 prover: close time.busy=967s time.idle=3.62µs
2025-10-28T16:55:23.824694Z DEBUG prove_core: execution report (totals): total_cycles=7933646, total_syscall_cycles=5458, touched_memory_addresses=110501
2025-10-28T16:55:23.824741Z DEBUG prove_core: execution report (opcode counts):
2025-10-28T16:55:23.824783Z DEBUG prove_core:   1986326 add
2025-10-28T16:55:23.824792Z DEBUG prove_core:   1286252 sw
2025-10-28T16:55:23.824800Z DEBUG prove_core:   1052861 lw
2025-10-28T16:55:23.824808Z DEBUG prove_core:    883826 lbu
2025-10-28T16:55:23.824816Z DEBUG prove_core:    627394 sb
2025-10-28T16:55:23.824824Z DEBUG prove_core:    339321 bne
2025-10-28T16:55:23.824831Z DEBUG prove_core:    323465 beq
2025-10-28T16:55:23.824839Z DEBUG prove_core:    265057 xor
2025-10-28T16:55:23.824847Z DEBUG prove_core:    250337 bltu
2025-10-28T16:55:23.824854Z DEBUG prove_core:    181312 jalr
2025-10-28T16:55:23.824862Z DEBUG prove_core:    144733 or
2025-10-28T16:55:23.824869Z DEBUG prove_core:    126288 sll
2025-10-28T16:55:23.824877Z DEBUG prove_core:    117154 and
2025-10-28T16:55:23.824884Z DEBUG prove_core:     90670 auipc
2025-10-28T16:55:23.824892Z DEBUG prove_core:     76514 srl
2025-10-28T16:55:23.824899Z DEBUG prove_core:     64045 lb
2025-10-28T16:55:23.824907Z DEBUG prove_core:     34997 sltu
2025-10-28T16:55:23.824914Z DEBUG prove_core:     33976 sub
2025-10-28T16:55:23.824922Z DEBUG prove_core:     15168 jal
2025-10-28T16:55:23.824929Z DEBUG prove_core:     13167 bgeu
2025-10-28T16:55:23.824937Z DEBUG prove_core:      6944 sh
2025-10-28T16:55:23.824944Z DEBUG prove_core:      5594 mul
2025-10-28T16:55:23.824954Z DEBUG prove_core:      5458 ecall
2025-10-28T16:55:23.824962Z DEBUG prove_core:      1592 mulhu
2025-10-28T16:55:23.824970Z DEBUG prove_core:       714 lh
2025-10-28T16:55:23.824977Z DEBUG prove_core:       304 lhu
2025-10-28T16:55:23.824985Z DEBUG prove_core:       108 sra
2025-10-28T16:55:23.824992Z DEBUG prove_core:        63 bge
2025-10-28T16:55:23.825000Z DEBUG prove_core:         6 blt
2025-10-28T16:55:23.825008Z DEBUG prove_core:         0 slt
2025-10-28T16:55:23.825016Z DEBUG prove_core:         0 mulh
2025-10-28T16:55:23.825023Z DEBUG prove_core:         0 mulhsu
2025-10-28T16:55:23.825031Z DEBUG prove_core:         0 div
2025-10-28T16:55:23.825039Z DEBUG prove_core:         0 divu
2025-10-28T16:55:23.825046Z DEBUG prove_core:         0 rem
2025-10-28T16:55:23.825054Z DEBUG prove_core:         0 remu
2025-10-28T16:55:23.825061Z DEBUG prove_core:         0 ebreak
2025-10-28T16:55:23.825069Z DEBUG prove_core:         0 unimp
2025-10-28T16:55:23.825076Z DEBUG prove_core: execution report (syscall counts):
2025-10-28T16:55:23.825091Z DEBUG prove_core:   3911 keccak_permute
2025-10-28T16:55:23.825099Z DEBUG prove_core:   1024 secp256k1_double
2025-10-28T16:55:23.825107Z DEBUG prove_core:    485 secp256k1_add
2025-10-28T16:55:23.825115Z DEBUG prove_core:      8 commit
2025-10-28T16:55:23.825123Z DEBUG prove_core:      8 commit_deferred_proofs
2025-10-28T16:55:23.825131Z DEBUG prove_core:      8 hint_len
2025-10-28T16:55:23.825138Z DEBUG prove_core:      8 hint_read
2025-10-28T16:55:23.825146Z DEBUG prove_core:      4 enter_unconstrained
2025-10-28T16:55:23.825154Z DEBUG prove_core:      1 halt
2025-10-28T16:55:23.825161Z DEBUG prove_core:      1 write
2025-10-28T16:55:23.825169Z DEBUG prove_core:      0 exit_unconstrained
2025-10-28T16:55:23.825177Z DEBUG prove_core:      0 verify_sp1_proof
2025-10-28T16:55:23.825185Z DEBUG prove_core:      0 ed_decompress
2025-10-28T16:55:23.825193Z DEBUG prove_core:      0 secp256k1_decompress
2025-10-28T16:55:23.825200Z DEBUG prove_core:      0 bn254_double
2025-10-28T16:55:23.825208Z DEBUG prove_core:      0 bls12381_decompress
2025-10-28T16:55:23.825215Z DEBUG prove_core:      0 bls12381_double
2025-10-28T16:55:23.825223Z DEBUG prove_core:      0 secp256r1_double
2025-10-28T16:55:23.825231Z DEBUG prove_core:      0 secp256r1_decompress
2025-10-28T16:55:23.825238Z DEBUG prove_core:      0 sha_compress
2025-10-28T16:55:23.825246Z DEBUG prove_core:      0 ed_add
2025-10-28T16:55:23.825253Z DEBUG prove_core:      0 bn254_add
2025-10-28T16:55:23.825261Z DEBUG prove_core:      0 uint256_mul
2025-10-28T16:55:23.825268Z DEBUG prove_core:      0 bls12381_add
2025-10-28T16:55:23.825276Z DEBUG prove_core:      0 bls12381_fp_add
2025-10-28T16:55:23.825283Z DEBUG prove_core:      0 bls12381_fp_sub
2025-10-28T16:55:23.825291Z DEBUG prove_core:      0 bls12381_fp_mul
2025-10-28T16:55:23.825299Z DEBUG prove_core:      0 bls12381_fp2_add
2025-10-28T16:55:23.825306Z DEBUG prove_core:      0 bls12381_fp2_sub
2025-10-28T16:55:23.825314Z DEBUG prove_core:      0 bls12381_fp2_mul
2025-10-28T16:55:23.825321Z DEBUG prove_core:      0 bn254_fp_add
2025-10-28T16:55:23.825329Z DEBUG prove_core:      0 bn254_fp_sub
2025-10-28T16:55:23.825336Z DEBUG prove_core:      0 bn254_fp_mul
2025-10-28T16:55:23.825344Z DEBUG prove_core:      0 bn254_fp2_add
2025-10-28T16:55:23.825351Z DEBUG prove_core:      0 bn254_fp2_sub
2025-10-28T16:55:23.825359Z DEBUG prove_core:      0 bn254_fp2_mul
2025-10-28T16:55:23.825367Z DEBUG prove_core:      0 secp256r1_add
2025-10-28T16:55:23.825374Z DEBUG prove_core:      0 u256xu2048_mul
2025-10-28T16:55:23.825381Z DEBUG prove_core:      0 sha_extend
2025-10-28T16:55:23.825395Z DEBUG prove_core: summary: cycles=7933646, e2e=967.079928295s, khz=8.20
2025-10-28T16:55:23.850080Z  INFO prove_core: close time.busy=967s time.idle=10.2ms
2025-10-28T16:55:24.167670Z DEBUG compress:generate records and traces:get program and witness stream: close time.busy=49.4ms time.idle=10.0µs
2025-10-28T16:55:24.485484Z DEBUG compress:generate records and traces:execute runtime: close time.busy=318ms time.idle=6.34µs
2025-10-28T16:55:24.485583Z DEBUG compress:generate records and traces:generate dependencies:register nonces: close time.busy=1.44µs time.idle=4.19µs
2025-10-28T16:55:24.485612Z DEBUG compress:generate records and traces:generate dependencies: close time.busy=45.8µs time.idle=4.62µs
2025-10-28T16:55:24.485976Z DEBUG fixed log2 rows can be potentially reduced: got 253600, expected 524288
2025-10-28T16:55:24.486164Z DEBUG compress:generate records and traces:generate traces:generate traces for shard: generated trace for chip PublicValues in 13.926µs
2025-10-28T16:55:24.486166Z DEBUG compress:generate records and traces:generate traces:generate traces for shard: generated trace for chip MemoryConst in 384.8µs
2025-10-28T16:55:24.487101Z DEBUG compress:generate records and traces:generate traces:generate traces for shard: generated trace for chip BaseAlu in 1.056737ms
2025-10-28T16:55:24.488835Z DEBUG fixed log2 rows can be potentially reduced: got 219146, expected 524288
2025-10-28T16:55:24.488854Z DEBUG compress:generate records and traces:generate traces:generate traces for shard: generated trace for chip Select in 2.883263ms
2025-10-28T16:55:24.500172Z DEBUG compress:generate records and traces:generate traces:generate traces for shard: generated trace for chip MemoryVar in 13.906684ms
2025-10-28T16:55:24.502595Z DEBUG compress:generate records and traces:generate traces:generate traces for shard: generated trace for chip ExtAlu in 16.50269ms
2025-10-28T16:55:24.507783Z DEBUG generate exp reverse bits len trace: fixed log2 rows can be potentially reduced: got 130300, expected 262144 rows=7100
2025-10-28T16:55:24.530804Z DEBUG generate batch fri trace: fixed log2 rows can be potentially reduced: got 248400, expected 524288 rows=248400
2025-10-28T16:55:24.563451Z DEBUG generate exp reverse bits len trace: close time.busy=77.3ms time.idle=29.4µs rows=7100
2025-10-28T16:55:24.563521Z DEBUG compress:generate records and traces:generate traces:generate traces for shard: generated trace for chip ExpReverseBitsLen in 77.372899ms
2025-10-28T16:55:24.615816Z DEBUG generate batch fri trace: close time.busy=130ms time.idle=7.60µs rows=248400
2025-10-28T16:55:24.615879Z DEBUG compress:generate records and traces:generate traces:generate traces for shard: generated trace for chip BatchFRI in 129.872288ms
2025-10-28T16:55:24.946869Z DEBUG generate poseidon2 wide trace: close time.busy=461ms time.idle=6.66µs rows=56071
2025-10-28T16:55:24.946936Z DEBUG compress:generate records and traces:generate traces:generate traces for shard: generated trace for chip Poseidon2WideDeg3 in 461.034558ms
2025-10-28T16:55:24.947553Z DEBUG compress:generate records and traces:generate traces:generate traces for shard: close time.busy=462ms time.idle=4.59µs
2025-10-28T16:55:24.947582Z DEBUG compress:generate records and traces:generate traces: close time.busy=462ms time.idle=4.66µs
2025-10-28T16:55:24.962532Z DEBUG compress:prove:batch:Setup compress program:setup machine:generate preprocessed traces: generated preprocessed trace for chip PublicValues in 14.515ms
2025-10-28T16:55:24.965035Z DEBUG compress:prove:batch:Setup compress program:setup machine:generate preprocessed traces: generated preprocessed trace for chip BaseAlu in 17.113893ms
2025-10-28T16:55:24.966386Z DEBUG compress:prove:batch:Setup compress program:setup machine:generate preprocessed traces: generated preprocessed trace for chip MemoryConst in 18.562945ms
2025-10-28T16:55:24.972199Z DEBUG fixed log2 rows can be potentially reduced: got 130300, expected 262144
2025-10-28T16:55:24.973682Z DEBUG compress:generate records and traces:get program and witness stream: close time.busy=26.0ms time.idle=7.29µs
2025-10-28T16:55:24.974644Z DEBUG compress:prove:batch:Setup compress program:setup machine:generate preprocessed traces: generated preprocessed trace for chip ExtAlu in 26.672144ms
2025-10-28T16:55:24.981234Z DEBUG compress:prove:batch:Setup compress program:setup machine:generate preprocessed traces: generated preprocessed trace for chip Select in 33.224215ms
2025-10-28T16:55:24.981277Z DEBUG compress:prove:batch:Setup compress program:setup machine:generate preprocessed traces: generated preprocessed trace for chip MemoryVar in 33.24253ms
2025-10-28T16:55:24.993191Z DEBUG fixed log2 rows can be potentially reduced: got 248400, expected 524288
2025-10-28T16:55:25.003399Z DEBUG compress:prove:batch:Setup compress program:setup machine:generate preprocessed traces: generated preprocessed trace for chip Poseidon2WideDeg3 in 55.499709ms
2025-10-28T16:55:25.009679Z DEBUG compress:prove:batch:Setup compress program:setup machine:generate preprocessed traces: generated preprocessed trace for chip ExpReverseBitsLen in 61.669971ms
2025-10-28T16:55:25.017318Z DEBUG compress:prove:batch:Setup compress program:setup machine:generate preprocessed traces: generated preprocessed trace for chip BatchFRI in 69.369828ms
2025-10-28T16:55:25.277031Z DEBUG compress:generate records and traces:execute runtime: close time.busy=303ms time.idle=6.57µs
2025-10-28T16:55:25.277118Z DEBUG compress:generate records and traces:generate dependencies:register nonces: close time.busy=1.11µs time.idle=3.57µs
2025-10-28T16:55:25.277134Z DEBUG compress:generate records and traces:generate dependencies: close time.busy=30.4µs time.idle=4.05µs
2025-10-28T16:55:25.277522Z DEBUG fixed log2 rows can be potentially reduced: got 253600, expected 524288
2025-10-28T16:55:25.277544Z DEBUG compress:generate records and traces:generate traces:generate traces for shard: generated trace for chip PublicValues in 7.234µs
2025-10-28T16:55:25.277544Z DEBUG compress:generate records and traces:generate traces:generate traces for shard: generated trace for chip MemoryConst in 237.254µs
2025-10-28T16:55:25.280169Z DEBUG compress:generate records and traces:generate traces:generate traces for shard: generated trace for chip Select in 2.649342ms
2025-10-28T16:55:25.280370Z DEBUG compress:generate records and traces:generate traces:generate traces for shard: generated trace for chip BaseAlu in 2.90005ms
2025-10-28T16:55:25.280452Z DEBUG fixed log2 rows can be potentially reduced: got 219146, expected 524288
2025-10-28T16:55:25.293782Z DEBUG compress:generate records and traces:generate traces:generate traces for shard: generated trace for chip ExtAlu in 16.241868ms
2025-10-28T16:55:25.307688Z DEBUG generate batch fri trace: fixed log2 rows can be potentially reduced: got 248400, expected 524288 rows=248400
2025-10-28T16:55:25.311946Z DEBUG compress:generate records and traces:generate traces:generate traces for shard: generated trace for chip MemoryVar in 34.532586ms
2025-10-28T16:55:25.421038Z DEBUG generate batch fri trace: close time.busy=144ms time.idle=6.21µs rows=248400
2025-10-28T16:55:25.421096Z DEBUG compress:generate records and traces:generate traces:generate traces for shard: generated trace for chip BatchFRI in 143.606201ms
2025-10-28T16:55:25.662967Z DEBUG generate exp reverse bits len trace: close time.busy=385ms time.idle=5.81µs rows=7100
2025-10-28T16:55:25.663015Z DEBUG compress:generate records and traces:generate traces:generate traces for shard: generated trace for chip ExpReverseBitsLen in 385.431692ms
2025-10-28T16:55:25.830511Z DEBUG generate poseidon2 wide trace: close time.busy=553ms time.idle=5.95µs rows=56071
2025-10-28T16:55:25.830562Z DEBUG compress:generate records and traces:generate traces:generate traces for shard: generated trace for chip Poseidon2WideDeg3 in 553.0289ms
2025-10-28T16:55:25.830653Z DEBUG compress:generate records and traces:generate traces:generate traces for shard: close time.busy=553ms time.idle=3.95µs
2025-10-28T16:55:25.830720Z DEBUG compress:generate records and traces:generate traces: close time.busy=554ms time.idle=5.76µs
2025-10-28T16:55:25.836950Z DEBUG compress:generate records and traces:get program and witness stream: close time.busy=6.17ms time.idle=7.80µs
2025-10-28T16:55:25.843316Z DEBUG compress:prove:batch:Setup compress program:setup machine:generate preprocessed traces: generated preprocessed trace for chip PublicValues in 12.251194ms
2025-10-28T16:55:25.844599Z DEBUG compress:prove:batch:Setup compress program:setup machine:generate preprocessed traces: generated preprocessed trace for chip BaseAlu in 13.637396ms
2025-10-28T16:55:25.847362Z DEBUG compress:prove:batch:Setup compress program:setup machine:generate preprocessed traces: generated preprocessed trace for chip ExtAlu in 16.325878ms
2025-10-28T16:55:25.847791Z DEBUG compress:prove:batch:Setup compress program:setup machine:generate preprocessed traces: generated preprocessed trace for chip MemoryConst in 16.852254ms
2025-10-28T16:55:25.852999Z DEBUG fixed log2 rows can be potentially reduced: got 248400, expected 524288
2025-10-28T16:55:25.857728Z DEBUG compress:prove:batch:Setup compress program:setup machine:generate preprocessed traces: generated preprocessed trace for chip BatchFRI in 26.662682ms
2025-10-28T16:55:25.859389Z DEBUG compress:prove:batch:Setup compress program:setup machine:generate preprocessed traces: generated preprocessed trace for chip Poseidon2WideDeg3 in 28.351762ms
2025-10-28T16:55:25.866636Z DEBUG compress:prove:batch:Setup compress program:setup machine:generate preprocessed traces: generated preprocessed trace for chip ExpReverseBitsLen in 35.58004ms
2025-10-28T16:55:25.867463Z DEBUG compress:prove:batch:Setup compress program:setup machine:generate preprocessed traces: generated preprocessed trace for chip Select in 36.409892ms
2025-10-28T16:55:25.875678Z DEBUG compress:prove:batch:Setup compress program:setup machine:generate preprocessed traces: generated preprocessed trace for chip MemoryVar in 44.694952ms
2025-10-28T16:55:26.403604Z DEBUG compress:generate records and traces:execute runtime: close time.busy=567ms time.idle=7.76µs
2025-10-28T16:55:26.403706Z DEBUG compress:generate records and traces:generate dependencies:register nonces: close time.busy=1.45µs time.idle=4.13µs
2025-10-28T16:55:26.403727Z DEBUG compress:generate records and traces:generate dependencies: close time.busy=37.9µs time.idle=5.82µs
2025-10-28T16:55:26.404141Z DEBUG fixed log2 rows can be potentially reduced: got 253600, expected 524288
2025-10-28T16:55:26.404161Z DEBUG compress:generate records and traces:generate traces:generate traces for shard: generated trace for chip MemoryConst in 254.8µs
2025-10-28T16:55:26.404157Z DEBUG compress:generate records and traces:generate traces:generate traces for shard: generated trace for chip PublicValues in 10.68µs
2025-10-28T16:55:26.405623Z DEBUG compress:generate records and traces:generate traces:generate traces for shard: generated trace for chip BaseAlu in 1.686949ms
2025-10-28T16:55:26.407444Z DEBUG fixed log2 rows can be potentially reduced: got 219146, expected 524288
2025-10-28T16:55:26.410258Z DEBUG generate batch fri trace: fixed log2 rows can be potentially reduced: got 248400, expected 524288 rows=248400
2025-10-28T16:55:26.414867Z DEBUG compress:generate records and traces:generate traces:generate traces for shard: generated trace for chip ExtAlu in 10.751229ms
2025-10-28T16:55:26.434248Z DEBUG compress:generate records and traces:generate traces:generate traces for shard: generated trace for chip MemoryVar in 30.19514ms
2025-10-28T16:55:26.440235Z DEBUG compress:generate records and traces:generate traces:generate traces for shard: generated trace for chip Select in 36.097673ms
2025-10-28T16:55:26.453108Z DEBUG generate exp reverse bits len trace: close time.busy=49.0ms time.idle=6.24µs rows=7100
2025-10-28T16:55:26.453165Z DEBUG compress:generate records and traces:generate traces:generate traces for shard: generated trace for chip ExpReverseBitsLen in 49.028902ms
2025-10-28T16:55:26.508375Z DEBUG generate batch fri trace: close time.busy=104ms time.idle=5.91µs rows=248400
2025-10-28T16:55:26.508475Z DEBUG compress:generate records and traces:generate traces:generate traces for shard: generated trace for chip BatchFRI in 104.457159ms
2025-10-28T16:55:26.874763Z DEBUG generate poseidon2 wide trace: close time.busy=471ms time.idle=8.64µs rows=55971
2025-10-28T16:55:26.874826Z DEBUG compress:generate records and traces:generate traces:generate traces for shard: generated trace for chip Poseidon2WideDeg3 in 470.824839ms
2025-10-28T16:55:26.876676Z DEBUG compress:generate records and traces:generate traces:generate traces for shard: close time.busy=473ms time.idle=5.76µs
2025-10-28T16:55:26.876749Z DEBUG compress:generate records and traces:generate traces: close time.busy=473ms time.idle=21.0µs
2025-10-28T16:55:26.891762Z DEBUG compress:generate records and traces:get program and witness stream: core cache miss, misses: 3
2025-10-28T16:55:27.130919Z DEBUG compress:generate records and traces:get program and witness stream:build recursion program:read input: close time.busy=239ms time.idle=5.25µs
2025-10-28T16:55:27.132233Z DEBUG compress:generate records and traces:get program and witness stream:build recursion program:verify:verify shard:assert lookup multiplicities: close time.busy=67.5µs time.idle=3.57µs
2025-10-28T16:55:27.600131Z DEBUG compress:generate records and traces:get program and witness stream:build recursion program:verify:verify shard:2adic pcs:verify shape and challenges: close time.busy=297ms time.idle=7.18µs
2025-10-28T16:55:28.365873Z DEBUG compress:generate records and traces:get program and witness stream:build recursion program:verify:verify shard:2adic pcs:verify challenges: close time.busy=210ms time.idle=8.52µs
2025-10-28T16:55:28.365988Z DEBUG compress:generate records and traces:get program and witness stream:build recursion program:verify:verify shard:2adic pcs: close time.busy=1.23s time.idle=3.64µs
2025-10-28T16:55:28.384753Z DEBUG compress:generate records and traces:get program and witness stream:build recursion program:verify:verify shard:verify constraints: close time.busy=18.7ms time.idle=6.98µs
2025-10-28T16:55:28.384840Z DEBUG compress:generate records and traces:get program and witness stream:build recursion program:verify:verify shard: close time.busy=1.25s time.idle=5.75µs
2025-10-28T16:55:28.423189Z DEBUG compress:generate records and traces:get program and witness stream:build recursion program:verify: close time.busy=1.29s time.idle=11.7µs
2025-10-28T16:55:28.423293Z DEBUG compress:generate records and traces:get program and witness stream:build recursion program:build block: close time.busy=24.9µs time.idle=5.44µs
2025-10-28T16:55:28.423324Z DEBUG compress:generate records and traces:get program and witness stream:build recursion program: close time.busy=1.53s time.idle=12.2µs
2025-10-28T16:55:29.056382Z DEBUG compress:generate records and traces:get program and witness stream:compile recursion program:compile raw program: close time.busy=633ms time.idle=7.08µs
2025-10-28T16:55:29.254184Z DEBUG compress:generate records and traces:get program and witness stream:compile recursion program:backfill mult: close time.busy=198ms time.idle=7.15µs
2025-10-28T16:55:29.254305Z DEBUG compress:generate records and traces:get program and witness stream:compile recursion program:prepend constants: close time.busy=47.3µs time.idle=4.56µs
2025-10-28T16:55:29.265537Z DEBUG compress:generate records and traces:get program and witness stream:compile recursion program: close time.busy=842ms time.idle=5.71µs
2025-10-28T16:55:29.278271Z DEBUG compress:generate records and traces:get program and witness stream: close time.busy=2.40s time.idle=6.40µs
2025-10-28T16:55:30.596521Z DEBUG compress:generate records and traces:execute runtime: close time.busy=1.32s time.idle=6.92µs
2025-10-28T16:55:30.596598Z DEBUG compress:generate records and traces:generate dependencies:register nonces: close time.busy=1.12µs time.idle=3.27µs
2025-10-28T16:55:30.596613Z DEBUG compress:generate records and traces:generate dependencies: close time.busy=28.3µs time.idle=4.08µs
2025-10-28T16:55:30.831150Z DEBUG fixed log2 rows can be potentially reduced: got 216000, expected 1048576
2025-10-28T16:55:30.831206Z DEBUG fixed log2 rows can be potentially reduced: got 78580, expected 262144
2025-10-28T16:55:30.831155Z DEBUG compress:generate records and traces:generate traces:generate traces for shard: generated trace for chip PublicValues in 16.463µs
2025-10-28T16:55:30.831602Z DEBUG compress:generate records and traces:generate traces:generate traces for shard: generated trace for chip MemoryConst in 464.479µs
2025-10-28T16:55:30.832283Z DEBUG compress:generate records and traces:generate traces:generate traces for shard: generated trace for chip BaseAlu in 1.144979ms
2025-10-28T16:55:30.845497Z DEBUG generate exp reverse bits len trace: fixed log2 rows can be potentially reduced: got 45700, expected 262144 rows=2700
2025-10-28T16:55:30.855670Z DEBUG compress:generate records and traces:generate traces:generate traces for shard: generated trace for chip Select in 24.528393ms
2025-10-28T16:55:30.863997Z DEBUG fixed log2 rows can be potentially reduced: got 367913, expected 1048576
2025-10-28T16:55:30.897328Z DEBUG generate batch fri trace: fixed log2 rows can be potentially reduced: got 902800, expected 2097152 rows=902800
2025-10-28T16:55:30.942102Z DEBUG generate exp reverse bits len trace: close time.busy=111ms time.idle=17.5µs rows=2700
2025-10-28T16:55:30.942185Z DEBUG compress:generate records and traces:generate traces:generate traces for shard: generated trace for chip ExpReverseBitsLen in 111.045049ms
2025-10-28T16:55:30.957310Z DEBUG compress:generate records and traces:generate traces:generate traces for shard: generated trace for chip MemoryVar in 126.168626ms
2025-10-28T16:55:31.003749Z DEBUG compress:generate records and traces:generate traces:generate traces for shard: generated trace for chip ExtAlu in 172.607866ms
2025-10-28T16:55:31.168741Z DEBUG generate batch fri trace: close time.busy=338ms time.idle=8.34µs rows=902800
2025-10-28T16:55:31.168827Z DEBUG compress:generate records and traces:generate traces:generate traces for shard: generated trace for chip BatchFRI in 337.687986ms
2025-10-28T16:55:31.342196Z DEBUG generate poseidon2 wide trace: close time.busy=511ms time.idle=6.85µs rows=92016
2025-10-28T16:55:31.342253Z DEBUG compress:generate records and traces:generate traces:generate traces for shard: generated trace for chip Poseidon2WideDeg3 in 511.113508ms
2025-10-28T16:55:31.342381Z DEBUG compress:generate records and traces:generate traces:generate traces for shard: close time.busy=746ms time.idle=3.71µs
2025-10-28T16:55:31.342407Z DEBUG compress:generate records and traces:generate traces: close time.busy=746ms time.idle=3.92µs
2025-10-28T16:55:32.034875Z DEBUG compress:prove:batch:Setup compress program:setup machine:commit to preprocessed traces: close time.busy=6.83s time.idle=8.63µs
2025-10-28T16:55:32.034982Z DEBUG compress:prove:batch:Setup compress program:setup machine:generate preprocessed traces: close time.busy=70.0ms time.idle=7.02s
2025-10-28T16:55:32.034998Z DEBUG compress:prove:batch:Setup compress program:setup machine: close time.busy=7.09s time.idle=2.92µs
2025-10-28T16:55:32.035012Z DEBUG compress:prove:batch:Setup compress program: close time.busy=7.09s time.idle=3.49µs
2025-10-28T16:55:32.035055Z DEBUG compress:prove:batch:observe proving key: close time.busy=12.2µs time.idle=3.25µs
2025-10-28T16:55:32.064456Z DEBUG compress:prove:batch:Setup compress program:setup machine:commit to preprocessed traces: close time.busy=6.16s time.idle=8.32µs
2025-10-28T16:55:32.064574Z DEBUG compress:prove:batch:Setup compress program:setup machine:generate preprocessed traces: close time.busy=45.2ms time.idle=6.19s
2025-10-28T16:55:32.064602Z DEBUG compress:prove:batch:Setup compress program:setup machine: close time.busy=6.23s time.idle=13.7µs
2025-10-28T16:55:32.064618Z DEBUG compress:prove:batch:Setup compress program: close time.busy=6.23s time.idle=3.45µs
2025-10-28T16:55:32.064679Z DEBUG compress:prove:batch:observe proving key: close time.busy=10.5µs time.idle=3.72µs
2025-10-28T16:55:45.022696Z DEBUG compress:prove:batch:commit: close time.busy=13.0s time.idle=4.76µs
2025-10-28T16:55:46.317688Z DEBUG compress:prove:batch:commit: close time.busy=14.3s time.idle=4.36µs
2025-10-28T16:55:47.828506Z DEBUG compress:prove:batch:open:generate permutation traces: close time.busy=1.51s time.idle=6.38µs
2025-10-28T16:55:47.828574Z DEBUG compress:prove:batch:open: BatchFRI        | Main Cols = 13    | Pre Cols = 6      | Perm Cols = 12    | Rows = 524288 | Cells = 16252928  
2025-10-28T16:55:47.828592Z DEBUG compress:prove:batch:open: MemoryVar       | Main Cols = 8     | Pre Cols = 4      | Perm Cols = 8     | Rows = 524288 | Cells = 10485760  
2025-10-28T16:55:47.828604Z DEBUG compress:prove:batch:open: Select          | Main Cols = 5     | Pre Cols = 8      | Perm Cols = 16    | Rows = 524288 | Cells = 15204352  
2025-10-28T16:55:47.828616Z DEBUG compress:prove:batch:open: ExpReverseBitsLen | Main Cols = 7     | Pre Cols = 10     | Perm Cols = 12    | Rows = 262144 | Cells = 7602176   
2025-10-28T16:55:47.828628Z DEBUG compress:prove:batch:open: MemoryConst     | Main Cols = 1     | Pre Cols = 12     | Perm Cols = 8     | Rows = 131072 | Cells = 2752512   
2025-10-28T16:55:47.828642Z DEBUG compress:prove:batch:open: Poseidon2WideDeg3 | Main Cols = 313   | Pre Cols = 49     | Perm Cols = 68    | Rows = 131072 | Cells = 56360960  
2025-10-28T16:55:47.828653Z DEBUG compress:prove:batch:open: BaseAlu         | Main Cols = 12    | Pre Cols = 32     | Perm Cols = 28    | Rows = 65536 | Cells = 4718592   
2025-10-28T16:55:47.828665Z DEBUG compress:prove:batch:open: ExtAlu          | Main Cols = 48    | Pre Cols = 32     | Perm Cols = 28    | Rows = 65536 | Cells = 7077888   
2025-10-28T16:55:47.828677Z DEBUG compress:prove:batch:open: PublicValues    | Main Cols = 1     | Pre Cols = 10     | Perm Cols = 8     | Rows = 16    | Cells = 304       
2025-10-28T16:55:47.843194Z DEBUG compress:prove:batch:open:generate permutation traces: close time.busy=2.82s time.idle=5.64µs
2025-10-28T16:55:47.843270Z DEBUG compress:prove:batch:open: BatchFRI        | Main Cols = 13    | Pre Cols = 6      | Perm Cols = 12    | Rows = 524288 | Cells = 16252928  
2025-10-28T16:55:47.843288Z DEBUG compress:prove:batch:open: MemoryVar       | Main Cols = 8     | Pre Cols = 4      | Perm Cols = 8     | Rows = 524288 | Cells = 10485760  
2025-10-28T16:55:47.843300Z DEBUG compress:prove:batch:open: Select          | Main Cols = 5     | Pre Cols = 8      | Perm Cols = 16    | Rows = 524288 | Cells = 15204352  
2025-10-28T16:55:47.843312Z DEBUG compress:prove:batch:open: ExpReverseBitsLen | Main Cols = 7     | Pre Cols = 10     | Perm Cols = 12    | Rows = 262144 | Cells = 7602176   
2025-10-28T16:55:47.843324Z DEBUG compress:prove:batch:open: MemoryConst     | Main Cols = 1     | Pre Cols = 12     | Perm Cols = 8     | Rows = 131072 | Cells = 2752512   
2025-10-28T16:55:47.843338Z DEBUG compress:prove:batch:open: Poseidon2WideDeg3 | Main Cols = 313   | Pre Cols = 49     | Perm Cols = 68    | Rows = 131072 | Cells = 56360960  
2025-10-28T16:55:47.843350Z DEBUG compress:prove:batch:open: BaseAlu         | Main Cols = 12    | Pre Cols = 32     | Perm Cols = 28    | Rows = 65536 | Cells = 4718592   
2025-10-28T16:55:47.843362Z DEBUG compress:prove:batch:open: ExtAlu          | Main Cols = 48    | Pre Cols = 32     | Perm Cols = 28    | Rows = 65536 | Cells = 7077888   
2025-10-28T16:55:47.843373Z DEBUG compress:prove:batch:open: PublicValues    | Main Cols = 1     | Pre Cols = 10     | Perm Cols = 8     | Rows = 16    | Cells = 304       
2025-10-28T16:55:48.537333Z DEBUG compress:prove:batch:open:flatten permutation traces and collect domains: close time.busy=694ms time.idle=6.53µs
2025-10-28T16:55:48.607848Z DEBUG compress:prove:batch:open:flatten permutation traces and collect domains: close time.busy=779ms time.idle=7.21µs
2025-10-28T16:55:56.586945Z DEBUG compress:prove:batch:open:commit to permutation traces: close time.busy=7.98s time.idle=7.86µs
2025-10-28T16:55:56.587557Z DEBUG compress:prove:batch:open:compute quotient values:compute quotient values for domain: close time.busy=305µs time.idle=5.92µs
2025-10-28T16:56:02.153651Z DEBUG compress:prove:batch:open:compute quotient values:compute quotient values for domain: close time.busy=5.57s time.idle=7.74µs
2025-10-28T16:56:02.156128Z DEBUG compress:prove:batch:open:compute quotient values:compute quotient values for domain: close time.busy=5.57s time.idle=6.47µs
2025-10-28T16:56:02.156669Z DEBUG compress:prove:batch:open:compute quotient values:compute quotient values for domain: close time.busy=5.57s time.idle=5.71µs
2025-10-28T16:56:02.164678Z DEBUG compress:prove:batch:open:compute quotient values:compute quotient values for domain: close time.busy=5.58s time.idle=6.83µs
2025-10-28T16:56:02.237880Z DEBUG compress:prove:batch:open:compute quotient values:compute quotient values for domain: close time.busy=5.65s time.idle=7.03µs
2025-10-28T16:56:02.240471Z DEBUG compress:prove:batch:open:commit to permutation traces: close time.busy=13.7s time.idle=6.53µs
2025-10-28T16:56:02.241504Z DEBUG compress:prove:batch:open:compute quotient values:compute quotient values for domain: close time.busy=378µs time.idle=4.78µs
2025-10-28T16:56:02.257508Z DEBUG compress:prove:batch:open:compute quotient values:compute quotient values for domain: close time.busy=5.67s time.idle=7.09µs
2025-10-28T16:56:02.275961Z DEBUG compress:prove:batch:open:compute quotient values:compute quotient values for domain: close time.busy=5.69s time.idle=6.71µs
2025-10-28T16:56:06.819197Z DEBUG compress:prove:batch:open:compute quotient values:compute quotient values for domain: close time.busy=4.58s time.idle=6.38µs
2025-10-28T16:56:06.829419Z DEBUG compress:prove:batch:open:compute quotient values:compute quotient values for domain: close time.busy=4.59s time.idle=10.3µs
2025-10-28T16:56:06.830867Z DEBUG compress:prove:batch:open:compute quotient values:compute quotient values for domain: close time.busy=4.59s time.idle=6.43µs
2025-10-28T16:56:06.831751Z DEBUG compress:prove:batch:open:compute quotient values:compute quotient values for domain: close time.busy=4.59s time.idle=4.96µs
2025-10-28T16:56:06.852242Z DEBUG compress:prove:batch:open:compute quotient values:compute quotient values for domain: close time.busy=4.61s time.idle=11.2µs
2025-10-28T16:56:06.873413Z DEBUG compress:prove:batch:open:compute quotient values:compute quotient values for domain: close time.busy=10.3s time.idle=7.31µs
2025-10-28T16:56:06.891312Z DEBUG compress:prove:batch:open:compute quotient values:compute quotient values for domain: close time.busy=4.65s time.idle=7.08µs
2025-10-28T16:56:10.438238Z DEBUG compress:prove:batch:open:compute quotient values:compute quotient values for domain: close time.busy=8.20s time.idle=6.75µs
2025-10-28T16:56:10.705981Z DEBUG compress:prove:batch:open:compute quotient values:compute quotient values for domain: close time.busy=8.46s time.idle=6.60µs
2025-10-28T16:56:13.925636Z DEBUG compress:prove:batch:open:commit to quotient traces: close time.busy=6.91s time.idle=7.20µs
2025-10-28T16:56:13.925731Z DEBUG compress:prove:batch:open:compute preprocessed opening points: close time.busy=7.04µs time.idle=4.78µs
2025-10-28T16:56:13.925774Z DEBUG compress:prove:batch:open:compute main trace opening points: close time.busy=7.83µs time.idle=3.08µs
2025-10-28T16:56:13.925801Z DEBUG compress:prove:batch:open:compute permutation trace opening points: close time.busy=5.23µs time.idle=3.13µs
2025-10-28T16:56:16.232810Z DEBUG compress:prove:batch:open:commit to quotient traces: close time.busy=5.31s time.idle=7.40µs
2025-10-28T16:56:16.232906Z DEBUG compress:prove:batch:open:compute preprocessed opening points: close time.busy=16.7µs time.idle=4.89µs
2025-10-28T16:56:16.232954Z DEBUG compress:prove:batch:open:compute main trace opening points: close time.busy=26.3µs time.idle=3.43µs
2025-10-28T16:56:16.232993Z DEBUG compress:prove:batch:open:compute permutation trace opening points: close time.busy=19.6µs time.idle=2.98µs
2025-10-28T16:56:24.597721Z DEBUG compress:prove:batch:open:open multi batches: close time.busy=10.7s time.idle=4.68µs
2025-10-28T16:56:24.604157Z DEBUG compress:prove:batch:open:compute quotient values: close time.busy=10.3s time.idle=17.7s
2025-10-28T16:56:25.033727Z DEBUG compress:prove:batch:open: close time.busy=38.7s time.idle=6.10µs
2025-10-28T16:56:25.056299Z DEBUG compress:prove:batch: close time.busy=60.1s time.idle=6.34µs
2025-10-28T16:56:25.072041Z DEBUG compress:generate records and traces:get program and witness stream: core cache miss, misses: 4
2025-10-28T16:56:25.115721Z DEBUG compress:prove:batch:Setup compress program:setup machine:generate preprocessed traces: generated preprocessed trace for chip PublicValues in 57.370294ms
2025-10-28T16:56:25.120350Z DEBUG compress:prove:batch:Setup compress program:setup machine:generate preprocessed traces: generated preprocessed trace for chip ExtAlu in 61.973022ms
2025-10-28T16:56:25.122637Z DEBUG compress:prove:batch:Setup compress program:setup machine:generate preprocessed traces: generated preprocessed trace for chip MemoryConst in 64.496571ms
2025-10-28T16:56:25.123693Z DEBUG compress:prove:batch:Setup compress program:setup machine:generate preprocessed traces: generated preprocessed trace for chip ExpReverseBitsLen in 65.391281ms
2025-10-28T16:56:25.132392Z DEBUG compress:prove:batch:Setup compress program:setup machine:generate preprocessed traces: generated preprocessed trace for chip Poseidon2WideDeg3 in 74.203656ms
2025-10-28T16:56:25.137037Z DEBUG compress:prove:batch:Setup compress program:setup machine:generate preprocessed traces: generated preprocessed trace for chip MemoryVar in 78.806232ms
2025-10-28T16:56:25.139930Z DEBUG compress:prove:batch:Setup compress program:setup machine:generate preprocessed traces: generated preprocessed trace for chip Select in 81.657842ms
2025-10-28T16:56:25.143769Z DEBUG compress:prove:batch:Setup compress program:setup machine:generate preprocessed traces: generated preprocessed trace for chip BaseAlu in 85.396239ms
2025-10-28T16:56:25.148164Z DEBUG fixed log2 rows can be potentially reduced: got 248400, expected 524288
2025-10-28T16:56:25.183133Z DEBUG compress:prove:batch:Setup compress program:setup machine:generate preprocessed traces: generated preprocessed trace for chip BatchFRI in 124.767704ms
2025-10-28T16:56:25.271764Z DEBUG compress:generate records and traces:get program and witness stream:build recursion program:read input: close time.busy=200ms time.idle=11.8µs
2025-10-28T16:56:25.273576Z DEBUG compress:generate records and traces:get program and witness stream:build recursion program:verify:verify shard:assert lookup multiplicities: close time.busy=73.4µs time.idle=5.54µs
2025-10-28T16:56:25.462213Z DEBUG compress:generate records and traces:get program and witness stream:build recursion program:verify:verify shard:2adic pcs:verify shape and challenges: close time.busy=126ms time.idle=7.23µs
2025-10-28T16:56:25.856002Z DEBUG compress:generate records and traces:get program and witness stream:build recursion program:verify:verify shard:2adic pcs:verify challenges: close time.busy=196ms time.idle=6.79µs
2025-10-28T16:56:25.856139Z DEBUG compress:generate records and traces:get program and witness stream:build recursion program:verify:verify shard:2adic pcs: close time.busy=578ms time.idle=4.62µs
2025-10-28T16:56:25.862166Z DEBUG compress:generate records and traces:get program and witness stream:build recursion program:verify:verify shard:verify constraints: close time.busy=6.00ms time.idle=5.34µs
2025-10-28T16:56:25.862242Z DEBUG compress:generate records and traces:get program and witness stream:build recursion program:verify:verify shard: close time.busy=589ms time.idle=5.87µs
2025-10-28T16:56:25.871670Z DEBUG compress:prove:batch:open:open multi batches: close time.busy=9.64s time.idle=4.54µs
2025-10-28T16:56:25.871825Z DEBUG compress:prove:batch:open:compute quotient values: close time.busy=8.47s time.idle=15.2s
2025-10-28T16:56:26.152177Z DEBUG compress:prove:batch:open: close time.busy=41.1s time.idle=12.1µs
2025-10-28T16:56:26.152348Z DEBUG compress:prove:batch: close time.busy=60.3s time.idle=6.23µs
2025-10-28T16:56:26.176629Z DEBUG compress:generate records and traces:get program and witness stream:build recursion program:verify: close time.busy=905ms time.idle=6.39µs
2025-10-28T16:56:26.176713Z DEBUG compress:generate records and traces:get program and witness stream:build recursion program:build block: close time.busy=4.87µs time.idle=4.92µs
2025-10-28T16:56:26.176735Z DEBUG compress:generate records and traces:get program and witness stream:build recursion program: close time.busy=1.10s time.idle=10.8µs
2025-10-28T16:56:26.234718Z DEBUG fixed log2 rows can be potentially reduced: got 78580, expected 262144
2025-10-28T16:56:26.234715Z DEBUG fixed log2 rows can be potentially reduced: got 45700, expected 262144
2025-10-28T16:56:26.234725Z DEBUG compress:prove:batch:Setup compress program:setup machine:generate preprocessed traces: generated preprocessed trace for chip PublicValues in 81.072431ms
2025-10-28T16:56:26.254704Z DEBUG compress:prove:batch:Setup compress program:setup machine:generate preprocessed traces: generated preprocessed trace for chip BaseAlu in 101.353854ms
2025-10-28T16:56:26.254840Z DEBUG compress:prove:batch:Setup compress program:setup machine:generate preprocessed traces: generated preprocessed trace for chip MemoryVar in 101.435919ms
2025-10-28T16:56:26.255611Z DEBUG compress:prove:batch:Setup compress program:setup machine:generate preprocessed traces: generated preprocessed trace for chip ExpReverseBitsLen in 101.959388ms
2025-10-28T16:56:26.269059Z DEBUG compress:prove:batch:Setup compress program:setup machine:generate preprocessed traces: generated preprocessed trace for chip MemoryConst in 115.795364ms
2025-10-28T16:56:26.272928Z DEBUG fixed log2 rows can be potentially reduced: got 902800, expected 2097152
2025-10-28T16:56:26.294159Z DEBUG compress:prove:batch:Setup compress program:setup machine:generate preprocessed traces: generated preprocessed trace for chip Select in 140.508019ms
2025-10-28T16:56:26.325565Z DEBUG compress:prove:batch:Setup compress program:setup machine:generate preprocessed traces: generated preprocessed trace for chip Poseidon2WideDeg3 in 172.254719ms
2025-10-28T16:56:26.359081Z DEBUG compress:prove:batch:Setup compress program:setup machine:generate preprocessed traces: generated preprocessed trace for chip ExtAlu in 205.594184ms
2025-10-28T16:56:26.466847Z DEBUG compress:prove:batch:Setup compress program:setup machine:generate preprocessed traces: generated preprocessed trace for chip BatchFRI in 313.468049ms
2025-10-28T16:56:26.923897Z DEBUG compress:generate records and traces:get program and witness stream:compile recursion program:compile raw program: close time.busy=747ms time.idle=6.10µs
2025-10-28T16:56:26.969005Z DEBUG compress:generate records and traces:get program and witness stream:compile recursion program:backfill mult: close time.busy=45.0ms time.idle=6.08µs
2025-10-28T16:56:26.969163Z DEBUG compress:generate records and traces:get program and witness stream:compile recursion program:prepend constants: close time.busy=76.8µs time.idle=4.58µs
2025-10-28T16:56:26.983895Z DEBUG compress:generate records and traces:get program and witness stream:compile recursion program: close time.busy=807ms time.idle=5.96µs
2025-10-28T16:56:26.992461Z DEBUG compress:generate records and traces:get program and witness stream: close time.busy=1.93s time.idle=88.9µs
2025-10-28T16:56:28.711813Z DEBUG compress:generate records and traces:execute runtime: close time.busy=1.72s time.idle=7.29µs
2025-10-28T16:56:28.712351Z DEBUG compress:generate records and traces:generate dependencies:register nonces: close time.busy=1.63µs time.idle=4.63µs
2025-10-28T16:56:28.712658Z DEBUG compress:generate records and traces:generate dependencies: close time.busy=348µs time.idle=5.11µs
2025-10-28T16:56:29.031064Z DEBUG fixed log2 rows can be potentially reduced: got 253600, expected 524288
2025-10-28T16:56:29.031077Z DEBUG compress:generate records and traces:generate traces:generate traces for shard: generated trace for chip PublicValues in 16.62µs
2025-10-28T16:56:29.031514Z DEBUG compress:generate records and traces:generate traces:generate traces for shard: generated trace for chip MemoryConst in 457.633µs
2025-10-28T16:56:29.033217Z DEBUG compress:generate records and traces:generate traces:generate traces for shard: generated trace for chip BaseAlu in 2.158923ms
2025-10-28T16:56:29.036392Z DEBUG fixed log2 rows can be potentially reduced: got 219146, expected 524288
2025-10-28T16:56:29.037818Z DEBUG generate batch fri trace: fixed log2 rows can be potentially reduced: got 248400, expected 524288 rows=248400
2025-10-28T16:56:29.050368Z DEBUG compress:generate records and traces:generate traces:generate traces for shard: generated trace for chip ExtAlu in 19.308972ms
2025-10-28T16:56:29.054264Z DEBUG compress:generate records and traces:generate traces:generate traces for shard: generated trace for chip Select in 23.205756ms
2025-10-28T16:56:29.062301Z DEBUG compress:generate records and traces:generate traces:generate traces for shard: generated trace for chip MemoryVar in 31.235849ms
2025-10-28T16:56:29.083329Z DEBUG generate exp reverse bits len trace: close time.busy=52.2ms time.idle=9.26µs rows=7100
2025-10-28T16:56:29.083442Z DEBUG compress:generate records and traces:generate traces:generate traces for shard: generated trace for chip ExpReverseBitsLen in 52.368713ms
2025-10-28T16:56:29.101587Z DEBUG generate batch fri trace: close time.busy=70.5ms time.idle=9.37µs rows=248400
2025-10-28T16:56:29.101681Z DEBUG compress:generate records and traces:generate traces:generate traces for shard: generated trace for chip BatchFRI in 70.622916ms
2025-10-28T16:56:29.560598Z DEBUG generate poseidon2 wide trace: close time.busy=530ms time.idle=9.36µs rows=56071
2025-10-28T16:56:29.560701Z DEBUG compress:generate records and traces:generate traces:generate traces for shard: generated trace for chip Poseidon2WideDeg3 in 529.641901ms
2025-10-28T16:56:29.597705Z DEBUG compress:generate records and traces:generate traces:generate traces for shard: close time.busy=885ms time.idle=5.33µs
2025-10-28T16:56:29.597784Z DEBUG compress:generate records and traces:generate traces: close time.busy=885ms time.idle=5.61µs
2025-10-28T16:56:29.621260Z DEBUG compress:generate records and traces:get program and witness stream: core cache miss, misses: 5
2025-10-28T16:56:29.651372Z DEBUG compress:prove:batch:Setup compress program:setup machine:commit to preprocessed traces: close time.busy=4.40s time.idle=8.82µs
2025-10-28T16:56:29.651511Z DEBUG compress:prove:batch:Setup compress program:setup machine:generate preprocessed traces: close time.busy=126ms time.idle=4.47s
2025-10-28T16:56:29.651533Z DEBUG compress:prove:batch:Setup compress program:setup machine: close time.busy=4.59s time.idle=3.56µs
2025-10-28T16:56:29.651551Z DEBUG compress:prove:batch:Setup compress program: close time.busy=4.59s time.idle=4.00µs
2025-10-28T16:56:29.651607Z DEBUG compress:prove:batch:observe proving key: close time.busy=16.8µs time.idle=4.53µs
2025-10-28T16:56:30.068375Z DEBUG compress:generate records and traces:get program and witness stream:build recursion program:read input: close time.busy=447ms time.idle=4.75µs
2025-10-28T16:56:30.069675Z DEBUG compress:generate records and traces:get program and witness stream:build recursion program:verify:verify shard:assert lookup multiplicities: close time.busy=157µs time.idle=4.66µs
2025-10-28T16:56:30.381403Z DEBUG compress:generate records and traces:get program and witness stream:build recursion program:verify:verify shard:2adic pcs:verify shape and challenges: close time.busy=126ms time.idle=8.89µs
2025-10-28T16:56:31.052998Z DEBUG compress:generate records and traces:get program and witness stream:build recursion program:verify:verify shard:2adic pcs:verify challenges: close time.busy=168ms time.idle=7.44µs
2025-10-28T16:56:31.053098Z DEBUG compress:generate records and traces:get program and witness stream:build recursion program:verify:verify shard:2adic pcs: close time.busy=982ms time.idle=4.37µs
2025-10-28T16:56:31.076094Z DEBUG compress:generate records and traces:get program and witness stream:build recursion program:verify:verify shard:verify constraints: close time.busy=23.0ms time.idle=5.68µs
2025-10-28T16:56:31.076166Z DEBUG compress:generate records and traces:get program and witness stream:build recursion program:verify:verify shard: close time.busy=1.01s time.idle=5.06µs
2025-10-28T16:56:31.103066Z DEBUG compress:generate records and traces:get program and witness stream:build recursion program:verify: close time.busy=1.03s time.idle=6.01µs
2025-10-28T16:56:31.103149Z DEBUG compress:generate records and traces:get program and witness stream:build recursion program:build block: close time.busy=3.13µs time.idle=5.38µs
2025-10-28T16:56:31.103170Z DEBUG compress:generate records and traces:get program and witness stream:build recursion program: close time.busy=1.48s time.idle=5.47µs
2025-10-28T16:56:32.065946Z DEBUG compress:generate records and traces:get program and witness stream:compile recursion program:compile raw program: close time.busy=963ms time.idle=11.0µs
2025-10-28T16:56:32.116491Z DEBUG compress:generate records and traces:get program and witness stream:compile recursion program:backfill mult: close time.busy=50.4ms time.idle=25.9µs
2025-10-28T16:56:32.116644Z DEBUG compress:generate records and traces:get program and witness stream:compile recursion program:prepend constants: close time.busy=51.6µs time.idle=5.18µs
2025-10-28T16:56:32.130770Z DEBUG compress:generate records and traces:get program and witness stream:compile recursion program: close time.busy=1.03s time.idle=5.51µs
2025-10-28T16:56:32.603716Z DEBUG compress:generate records and traces:get program and witness stream: close time.busy=3.01s time.idle=7.51µs
2025-10-28T16:56:34.175705Z DEBUG compress:generate records and traces:execute runtime: close time.busy=1.57s time.idle=20.6µs
2025-10-28T16:56:34.175822Z DEBUG compress:generate records and traces:generate dependencies:register nonces: close time.busy=1.50µs time.idle=4.53µs
2025-10-28T16:56:34.175844Z DEBUG compress:generate records and traces:generate dependencies: close time.busy=53.6µs time.idle=4.98µs
2025-10-28T16:56:34.194863Z DEBUG fixed log2 rows can be potentially reduced: got 75584, expected 262144
2025-10-28T16:56:34.195232Z DEBUG compress:generate records and traces:generate traces:generate traces for shard: generated trace for chip MemoryConst in 421.183µs
2025-10-28T16:56:34.195269Z DEBUG fixed log2 rows can be potentially reduced: got 216000, expected 1048576
2025-10-28T16:56:34.195904Z DEBUG compress:generate records and traces:generate traces:generate traces for shard: generated trace for chip PublicValues in 12.13µs
2025-10-28T16:56:34.198316Z DEBUG generate exp reverse bits len trace: fixed log2 rows can be potentially reduced: got 40100, expected 262144 rows=2700
2025-10-28T16:56:34.200508Z DEBUG compress:generate records and traces:generate traces:generate traces for shard: generated trace for chip BaseAlu in 5.562589ms
2025-10-28T16:56:34.222518Z DEBUG fixed log2 rows can be potentially reduced: got 393883, expected 1048576
2025-10-28T16:56:34.237776Z DEBUG compress:generate records and traces:generate traces:generate traces for shard: generated trace for chip Select in 42.503946ms
2025-10-28T16:56:34.259916Z DEBUG generate batch fri trace: fixed log2 rows can be potentially reduced: got 783500, expected 2097152 rows=783500
2025-10-28T16:56:34.263896Z DEBUG generate exp reverse bits len trace: close time.busy=68.5ms time.idle=6.37µs rows=2700
2025-10-28T16:56:34.263948Z DEBUG compress:generate records and traces:generate traces:generate traces for shard: generated trace for chip ExpReverseBitsLen in 68.614915ms
2025-10-28T16:56:34.310379Z DEBUG compress:generate records and traces:generate traces:generate traces for shard: generated trace for chip MemoryVar in 115.374683ms
2025-10-28T16:56:34.335577Z DEBUG compress:generate records and traces:generate traces:generate traces for shard: generated trace for chip ExtAlu in 140.319094ms
2025-10-28T16:56:34.559885Z DEBUG generate batch fri trace: close time.busy=364ms time.idle=5.91µs rows=783500
2025-10-28T16:56:34.559962Z DEBUG compress:generate records and traces:generate traces:generate traces for shard: generated trace for chip BatchFRI in 364.149119ms
2025-10-28T16:56:34.712699Z DEBUG generate poseidon2 wide trace: close time.busy=518ms time.idle=8.07µs rows=98320
2025-10-28T16:56:34.712760Z DEBUG compress:generate records and traces:generate traces:generate traces for shard: generated trace for chip Poseidon2WideDeg3 in 517.89578ms
2025-10-28T16:56:34.712842Z DEBUG compress:generate records and traces:generate traces:generate traces for shard: close time.busy=537ms time.idle=3.96µs
2025-10-28T16:56:34.712889Z DEBUG compress:generate records and traces:generate traces: close time.busy=537ms time.idle=4.48µs
2025-10-28T16:56:45.334533Z DEBUG compress:prove:batch:commit: close time.busy=15.7s time.idle=5.70µs
2025-10-28T16:56:46.784877Z DEBUG compress:prove:batch:open:generate permutation traces: close time.busy=1.45s time.idle=6.66µs
2025-10-28T16:56:46.784941Z DEBUG compress:prove:batch:open: BatchFRI        | Main Cols = 13    | Pre Cols = 6      | Perm Cols = 12    | Rows = 524288 | Cells = 16252928  
2025-10-28T16:56:46.784959Z DEBUG compress:prove:batch:open: MemoryVar       | Main Cols = 8     | Pre Cols = 4      | Perm Cols = 8     | Rows = 524288 | Cells = 10485760  
2025-10-28T16:56:46.784973Z DEBUG compress:prove:batch:open: Select          | Main Cols = 5     | Pre Cols = 8      | Perm Cols = 16    | Rows = 524288 | Cells = 15204352  
2025-10-28T16:56:46.784985Z DEBUG compress:prove:batch:open: ExpReverseBitsLen | Main Cols = 7     | Pre Cols = 10     | Perm Cols = 12    | Rows = 262144 | Cells = 7602176   
2025-10-28T16:56:46.785086Z DEBUG compress:prove:batch:open: MemoryConst     | Main Cols = 1     | Pre Cols = 12     | Perm Cols = 8     | Rows = 131072 | Cells = 2752512   
2025-10-28T16:56:46.785103Z DEBUG compress:prove:batch:open: Poseidon2WideDeg3 | Main Cols = 313   | Pre Cols = 49     | Perm Cols = 68    | Rows = 131072 | Cells = 56360960  
2025-10-28T16:56:46.785115Z DEBUG compress:prove:batch:open: BaseAlu         | Main Cols = 12    | Pre Cols = 32     | Perm Cols = 28    | Rows = 65536 | Cells = 4718592   
2025-10-28T16:56:46.785287Z DEBUG compress:prove:batch:open: ExtAlu          | Main Cols = 48    | Pre Cols = 32     | Perm Cols = 28    | Rows = 65536 | Cells = 7077888   
2025-10-28T16:56:46.785300Z DEBUG compress:prove:batch:open: PublicValues    | Main Cols = 1     | Pre Cols = 10     | Perm Cols = 8     | Rows = 16    | Cells = 304       
2025-10-28T16:56:46.796524Z DEBUG compress:prove:batch:Setup compress program:setup machine:commit to preprocessed traces: close time.busy=19.1s time.idle=8.88µs
2025-10-28T16:56:46.796677Z DEBUG compress:prove:batch:Setup compress program:setup machine:generate preprocessed traces: close time.busy=1.28s time.idle=19.4s
2025-10-28T16:56:46.796700Z DEBUG compress:prove:batch:Setup compress program:setup machine: close time.busy=20.6s time.idle=3.18µs
2025-10-28T16:56:46.796726Z DEBUG compress:prove:batch:Setup compress program: close time.busy=20.6s time.idle=10.4µs
2025-10-28T16:56:46.796777Z DEBUG compress:prove:batch:observe proving key: close time.busy=16.0µs time.idle=4.84µs
2025-10-28T16:56:47.205548Z DEBUG compress:prove:batch:open:flatten permutation traces and collect domains: close time.busy=420ms time.idle=6.44µs
2025-10-28T16:56:52.447371Z DEBUG compress:prove:batch:open:commit to permutation traces: close time.busy=5.24s time.idle=5.95µs
2025-10-28T16:56:52.448073Z DEBUG compress:prove:batch:open:compute quotient values:compute quotient values for domain: close time.busy=348µs time.idle=4.88µs
2025-10-28T16:56:56.169011Z DEBUG compress:prove:batch:open:compute quotient values:compute quotient values for domain: close time.busy=3.72s time.idle=7.19µs
2025-10-28T16:56:56.169591Z DEBUG compress:prove:batch:open:compute quotient values:compute quotient values for domain: close time.busy=3.72s time.idle=4.65µs
2025-10-28T16:56:56.171773Z DEBUG compress:prove:batch:open:compute quotient values:compute quotient values for domain: close time.busy=3.72s time.idle=11.2µs
2025-10-28T16:56:56.379752Z DEBUG compress:prove:batch:open:compute quotient values:compute quotient values for domain: close time.busy=3.93s time.idle=7.70µs
2025-10-28T16:56:56.478515Z DEBUG compress:prove:batch:open:compute quotient values:compute quotient values for domain: close time.busy=4.03s time.idle=13.1µs
2025-10-28T16:56:57.147151Z DEBUG compress:prove:batch:open:compute quotient values:compute quotient values for domain: close time.busy=4.70s time.idle=6.62µs
2025-10-28T16:56:59.517160Z DEBUG compress:prove:batch:open:compute quotient values:compute quotient values for domain: close time.busy=7.07s time.idle=7.16µs
2025-10-28T16:56:59.560331Z DEBUG compress:prove:batch:open:compute quotient values:compute quotient values for domain: close time.busy=7.11s time.idle=21.2µs
2025-10-28T16:57:04.214357Z DEBUG compress:prove:batch:open:commit to quotient traces: close time.busy=4.50s time.idle=7.79µs
2025-10-28T16:57:04.214486Z DEBUG compress:prove:batch:open:compute preprocessed opening points: close time.busy=15.4µs time.idle=5.72µs
2025-10-28T16:57:04.214539Z DEBUG compress:prove:batch:open:compute main trace opening points: close time.busy=28.6µs time.idle=3.24µs
2025-10-28T16:57:04.214572Z DEBUG compress:prove:batch:open:compute permutation trace opening points: close time.busy=12.4µs time.idle=3.33µs
2025-10-28T16:57:17.847318Z DEBUG compress:prove:batch:commit: close time.busy=31.1s time.idle=4.81µs
2025-10-28T16:57:21.926288Z DEBUG compress:prove:batch:open:generate permutation traces: close time.busy=4.08s time.idle=6.19µs
2025-10-28T16:57:21.926372Z DEBUG compress:prove:batch:open: BatchFRI        | Main Cols = 13    | Pre Cols = 6      | Perm Cols = 12    | Rows = 2097152 | Cells = 65011712  
2025-10-28T16:57:21.926390Z DEBUG compress:prove:batch:open: MemoryVar       | Main Cols = 8     | Pre Cols = 4      | Perm Cols = 8     | Rows = 1048576 | Cells = 20971520  
2025-10-28T16:57:21.926402Z DEBUG compress:prove:batch:open: Select          | Main Cols = 5     | Pre Cols = 8      | Perm Cols = 16    | Rows = 1048576 | Cells = 30408704  
2025-10-28T16:57:21.926415Z DEBUG compress:prove:batch:open: ExtAlu          | Main Cols = 48    | Pre Cols = 32     | Perm Cols = 28    | Rows = 524288 | Cells = 56623104  
2025-10-28T16:57:21.926447Z DEBUG compress:prove:batch:open: ExpReverseBitsLen | Main Cols = 7     | Pre Cols = 10     | Perm Cols = 12    | Rows = 262144 | Cells = 7602176   
2025-10-28T16:57:21.926461Z DEBUG compress:prove:batch:open: MemoryConst     | Main Cols = 1     | Pre Cols = 12     | Perm Cols = 8     | Rows = 262144 | Cells = 5505024   
2025-10-28T16:57:21.926475Z DEBUG compress:prove:batch:open: Poseidon2WideDeg3 | Main Cols = 313   | Pre Cols = 49     | Perm Cols = 68    | Rows = 262144 | Cells = 112721920 
2025-10-28T16:57:21.926487Z DEBUG compress:prove:batch:open: BaseAlu         | Main Cols = 12    | Pre Cols = 32     | Perm Cols = 28    | Rows = 65536 | Cells = 4718592   
2025-10-28T16:57:21.926498Z DEBUG compress:prove:batch:open: PublicValues    | Main Cols = 1     | Pre Cols = 10     | Perm Cols = 8     | Rows = 16    | Cells = 304       
2025-10-28T16:57:23.663991Z DEBUG compress:prove:batch:open:flatten permutation traces and collect domains: close time.busy=1.74s time.idle=6.38µs
2025-10-28T16:57:37.276163Z DEBUG compress:prove:batch:open:commit to permutation traces: close time.busy=13.6s time.idle=6.89µs
2025-10-28T16:57:37.277175Z DEBUG compress:prove:batch:open:compute quotient values:compute quotient values for domain: close time.busy=501µs time.idle=7.61µs
2025-10-28T16:57:38.878476Z DEBUG compress:prove:batch:open:compute quotient values:compute quotient values for domain: close time.busy=1.60s time.idle=6.49µs
2025-10-28T16:57:38.879910Z DEBUG compress:prove:batch:open:compute quotient values:compute quotient values for domain: close time.busy=1.60s time.idle=5.26µs
2025-10-28T16:57:38.882627Z DEBUG compress:prove:batch:open:compute quotient values:compute quotient values for domain: close time.busy=1.61s time.idle=6.08µs
2025-10-28T16:57:56.937934Z DEBUG compress:prove:batch:open:compute quotient values:compute quotient values for domain: close time.busy=19.7s time.idle=6.49µs
2025-10-28T16:57:56.964293Z DEBUG compress:prove:batch:open:compute quotient values:compute quotient values for domain: close time.busy=19.7s time.idle=5.56µs
2025-10-28T16:57:56.971977Z DEBUG compress:prove:batch:open:compute quotient values:compute quotient values for domain: close time.busy=19.7s time.idle=5.94µs
2025-10-28T16:57:56.990741Z DEBUG compress:prove:batch:open:compute quotient values:compute quotient values for domain: close time.busy=19.7s time.idle=11.5µs
2025-10-28T16:57:57.085252Z DEBUG compress:prove:batch:open:compute quotient values:compute quotient values for domain: close time.busy=19.8s time.idle=7.62µs
2025-10-28T16:57:59.286709Z DEBUG compress:prove:batch:open:open multi batches: close time.busy=55.1s time.idle=4.91µs
2025-10-28T16:57:59.294575Z DEBUG compress:prove:batch:open:compute quotient values: close time.busy=7.12s time.idle=59.7s
2025-10-28T16:57:59.448300Z DEBUG compress:prove:batch:open: close time.busy=74.1s time.idle=5.79µs
2025-10-28T16:57:59.448578Z DEBUG compress:prove:batch: close time.busy=94.4s time.idle=9.60µs
2025-10-28T16:57:59.479448Z DEBUG compress:generate records and traces:get program and witness stream: core cache miss, misses: 6
2025-10-28T16:57:59.657653Z DEBUG compress:prove:batch:Setup compress program:setup machine:generate preprocessed traces: generated preprocessed trace for chip PublicValues in 205.455066ms
2025-10-28T16:57:59.675268Z DEBUG compress:prove:batch:Setup compress program:setup machine:generate preprocessed traces: generated preprocessed trace for chip MemoryConst in 224.909383ms
2025-10-28T16:57:59.678854Z DEBUG compress:prove:batch:Setup compress program:setup machine:generate preprocessed traces: generated preprocessed trace for chip MemoryVar in 227.094504ms
2025-10-28T16:57:59.681715Z DEBUG compress:prove:batch:Setup compress program:setup machine:generate preprocessed traces: generated preprocessed trace for chip Poseidon2WideDeg3 in 230.559542ms
2025-10-28T16:57:59.682031Z DEBUG compress:prove:batch:Setup compress program:setup machine:generate preprocessed traces: generated preprocessed trace for chip BaseAlu in 230.320716ms
2025-10-28T16:57:59.682232Z DEBUG compress:prove:batch:Setup compress program:setup machine:generate preprocessed traces: generated preprocessed trace for chip Select in 231.04265ms
2025-10-28T16:57:59.684495Z DEBUG compress:prove:batch:Setup compress program:setup machine:generate preprocessed traces: generated preprocessed trace for chip ExtAlu in 232.341025ms
2025-10-28T16:57:59.687223Z DEBUG compress:prove:batch:Setup compress program:setup machine:generate preprocessed traces: generated preprocessed trace for chip ExpReverseBitsLen in 235.08102ms
2025-10-28T16:57:59.689155Z DEBUG fixed log2 rows can be potentially reduced: got 248400, expected 524288
2025-10-28T16:57:59.695516Z DEBUG compress:prove:batch:Setup compress program:setup machine:generate preprocessed traces: generated preprocessed trace for chip BatchFRI in 243.560782ms
2025-10-28T16:57:59.933312Z DEBUG compress:generate records and traces:get program and witness stream:build recursion program:read input: close time.busy=454ms time.idle=10.8µs
2025-10-28T16:57:59.934599Z DEBUG compress:generate records and traces:get program and witness stream:build recursion program:verify:verify shard:assert lookup multiplicities: close time.busy=128µs time.idle=5.57µs
2025-10-28T16:58:00.344757Z DEBUG compress:generate records and traces:get program and witness stream:build recursion program:verify:verify shard:2adic pcs:verify shape and challenges: close time.busy=81.5ms time.idle=9.43µs
2025-10-28T16:58:01.050721Z DEBUG compress:generate records and traces:get program and witness stream:build recursion program:verify:verify shard:2adic pcs:verify challenges: close time.busy=432ms time.idle=9.52µs
2025-10-28T16:58:01.050865Z DEBUG compress:generate records and traces:get program and witness stream:build recursion program:verify:verify shard:2adic pcs: close time.busy=1.11s time.idle=4.40µs
2025-10-28T16:58:01.078461Z DEBUG compress:generate records and traces:get program and witness stream:build recursion program:verify:verify shard:verify constraints: close time.busy=27.6ms time.idle=7.86µs
2025-10-28T16:58:01.078568Z DEBUG compress:generate records and traces:get program and witness stream:build recursion program:verify:verify shard: close time.busy=1.14s time.idle=6.37µs
2025-10-28T16:58:01.126889Z DEBUG compress:generate records and traces:get program and witness stream:build recursion program:verify: close time.busy=1.19s time.idle=6.35µs
2025-10-28T16:58:01.126971Z DEBUG compress:generate records and traces:get program and witness stream:build recursion program:build block: close time.busy=4.61µs time.idle=5.08µs
2025-10-28T16:58:01.126990Z DEBUG compress:generate records and traces:get program and witness stream:build recursion program: close time.busy=1.65s time.idle=11.0µs
2025-10-28T16:58:01.890744Z DEBUG compress:generate records and traces:get program and witness stream:compile recursion program:compile raw program: close time.busy=764ms time.idle=6.03µs
2025-10-28T16:58:01.942237Z DEBUG compress:generate records and traces:get program and witness stream:compile recursion program:backfill mult: close time.busy=51.4ms time.idle=7.27µs
2025-10-28T16:58:01.942367Z DEBUG compress:generate records and traces:get program and witness stream:compile recursion program:prepend constants: close time.busy=52.2µs time.idle=5.39µs
2025-10-28T16:58:01.956551Z DEBUG compress:generate records and traces:get program and witness stream:compile recursion program: close time.busy=830ms time.idle=5.65µs
2025-10-28T16:58:02.512533Z DEBUG compress:generate records and traces:get program and witness stream: close time.busy=3.06s time.idle=82.3µs
2025-10-28T16:58:04.042887Z DEBUG compress:prove:batch:Setup compress program:setup machine:commit to preprocessed traces: close time.busy=4.27s time.idle=8.90µs
2025-10-28T16:58:04.042972Z DEBUG compress:prove:batch:Setup compress program:setup machine:generate preprocessed traces: close time.busy=246ms time.idle=4.35s
2025-10-28T16:58:04.042992Z DEBUG compress:prove:batch:Setup compress program:setup machine: close time.busy=4.59s time.idle=3.86µs
2025-10-28T16:58:04.043010Z DEBUG compress:prove:batch:Setup compress program: close time.busy=4.59s time.idle=3.72µs
2025-10-28T16:58:04.043053Z DEBUG compress:prove:batch:observe proving key: close time.busy=15.8µs time.idle=4.20µs
2025-10-28T16:58:04.049979Z DEBUG compress:generate records and traces:execute runtime: close time.busy=1.54s time.idle=6.58µs
2025-10-28T16:58:04.050063Z DEBUG compress:generate records and traces:generate dependencies:register nonces: close time.busy=1.14µs time.idle=3.07µs
2025-10-28T16:58:04.050080Z DEBUG compress:generate records and traces:generate dependencies: close time.busy=45.6µs time.idle=3.74µs
2025-10-28T16:58:04.050360Z DEBUG fixed log2 rows can be potentially reduced: got 73440, expected 262144
2025-10-28T16:58:04.050464Z DEBUG fixed log2 rows can be potentially reduced: got 216000, expected 1048576
2025-10-28T16:58:04.050586Z DEBUG compress:generate records and traces:generate traces:generate traces for shard: generated trace for chip PublicValues in 18.069µs
2025-10-28T16:58:04.050704Z DEBUG compress:generate records and traces:generate traces:generate traces for shard: generated trace for chip MemoryConst in 401.06µs
2025-10-28T16:58:04.054383Z DEBUG compress:generate records and traces:generate traces:generate traces for shard: generated trace for chip Select in 3.924944ms
2025-10-28T16:58:04.054797Z DEBUG generate exp reverse bits len trace: fixed log2 rows can be potentially reduced: got 41300, expected 262144 rows=2700
2025-10-28T16:58:04.056230Z DEBUG compress:generate records and traces:generate traces:generate traces for shard: generated trace for chip BaseAlu in 5.742167ms
2025-10-28T16:58:04.070608Z DEBUG fixed log2 rows can be potentially reduced: got 399462, expected 1048576
2025-10-28T16:58:04.086777Z DEBUG generate exp reverse bits len trace: close time.busy=36.2ms time.idle=6.71µs rows=2700
2025-10-28T16:58:04.086836Z DEBUG compress:generate records and traces:generate traces:generate traces for shard: generated trace for chip ExpReverseBitsLen in 36.269649ms
2025-10-28T16:58:04.119341Z DEBUG generate batch fri trace: fixed log2 rows can be potentially reduced: got 799800, expected 2097152 rows=799800
2025-10-28T16:58:04.137277Z DEBUG compress:generate records and traces:generate traces:generate traces for shard: generated trace for chip MemoryVar in 86.686651ms
2025-10-28T16:58:04.183251Z DEBUG compress:generate records and traces:generate traces:generate traces for shard: generated trace for chip ExtAlu in 132.452495ms
2025-10-28T16:58:04.473961Z DEBUG generate batch fri trace: close time.busy=423ms time.idle=7.86µs rows=799800
2025-10-28T16:58:04.474041Z DEBUG compress:generate records and traces:generate traces:generate traces for shard: generated trace for chip BatchFRI in 423.529145ms
2025-10-28T16:58:04.657839Z DEBUG generate poseidon2 wide trace: close time.busy=607ms time.idle=6.37µs rows=99301
2025-10-28T16:58:04.657903Z DEBUG compress:generate records and traces:generate traces:generate traces for shard: generated trace for chip Poseidon2WideDeg3 in 607.527816ms
2025-10-28T16:58:04.657992Z DEBUG compress:generate records and traces:generate traces:generate traces for shard: close time.busy=608ms time.idle=3.93µs
2025-10-28T16:58:04.658021Z DEBUG compress:generate records and traces:generate traces: close time.busy=608ms time.idle=3.92µs
2025-10-28T16:58:10.376994Z DEBUG compress:prove:batch:open:commit to quotient traces: close time.busy=12.5s time.idle=12.7µs
2025-10-28T16:58:10.377122Z DEBUG compress:prove:batch:open:compute preprocessed opening points: close time.busy=31.5µs time.idle=4.36µs
2025-10-28T16:58:10.377203Z DEBUG compress:prove:batch:open:compute main trace opening points: close time.busy=57.0µs time.idle=3.43µs
2025-10-28T16:58:10.377287Z DEBUG compress:prove:batch:open:compute permutation trace opening points: close time.busy=60.4µs time.idle=3.44µs
2025-10-28T16:58:17.144967Z DEBUG compress:prove:batch:commit: close time.busy=13.1s time.idle=4.79µs
2025-10-28T16:58:18.698490Z DEBUG compress:prove:batch:open:generate permutation traces: close time.busy=1.55s time.idle=5.36µs
2025-10-28T16:58:18.698565Z DEBUG compress:prove:batch:open: BatchFRI        | Main Cols = 13    | Pre Cols = 6      | Perm Cols = 12    | Rows = 524288 | Cells = 16252928  
2025-10-28T16:58:18.698583Z DEBUG compress:prove:batch:open: MemoryVar       | Main Cols = 8     | Pre Cols = 4      | Perm Cols = 8     | Rows = 524288 | Cells = 10485760  
2025-10-28T16:58:18.698595Z DEBUG compress:prove:batch:open: Select          | Main Cols = 5     | Pre Cols = 8      | Perm Cols = 16    | Rows = 524288 | Cells = 15204352  
2025-10-28T16:58:18.698607Z DEBUG compress:prove:batch:open: ExpReverseBitsLen | Main Cols = 7     | Pre Cols = 10     | Perm Cols = 12    | Rows = 262144 | Cells = 7602176   
2025-10-28T16:58:18.698619Z DEBUG compress:prove:batch:open: MemoryConst     | Main Cols = 1     | Pre Cols = 12     | Perm Cols = 8     | Rows = 131072 | Cells = 2752512   
2025-10-28T16:58:18.698632Z DEBUG compress:prove:batch:open: Poseidon2WideDeg3 | Main Cols = 313   | Pre Cols = 49     | Perm Cols = 68    | Rows = 131072 | Cells = 56360960  
2025-10-28T16:58:18.698644Z DEBUG compress:prove:batch:open: BaseAlu         | Main Cols = 12    | Pre Cols = 32     | Perm Cols = 28    | Rows = 65536 | Cells = 4718592   
2025-10-28T16:58:18.698656Z DEBUG compress:prove:batch:open: ExtAlu          | Main Cols = 48    | Pre Cols = 32     | Perm Cols = 28    | Rows = 65536 | Cells = 7077888   
2025-10-28T16:58:18.698667Z DEBUG compress:prove:batch:open: PublicValues    | Main Cols = 1     | Pre Cols = 10     | Perm Cols = 8     | Rows = 16    | Cells = 304       
2025-10-28T16:58:19.048251Z DEBUG compress:prove:batch:open:flatten permutation traces and collect domains: close time.busy=350ms time.idle=5.61µs
2025-10-28T16:58:24.197729Z DEBUG compress:prove:batch:open:commit to permutation traces: close time.busy=5.15s time.idle=5.74µs
2025-10-28T16:58:24.198117Z DEBUG compress:prove:batch:open:compute quotient values:compute quotient values for domain: close time.busy=221µs time.idle=5.04µs
2025-10-28T16:58:27.055981Z DEBUG compress:prove:batch:open:compute quotient values:compute quotient values for domain: close time.busy=2.86s time.idle=7.74µs
2025-10-28T16:58:27.056368Z DEBUG compress:prove:batch:open:compute quotient values:compute quotient values for domain: close time.busy=2.86s time.idle=5.45µs
2025-10-28T16:58:27.058727Z DEBUG compress:prove:batch:open:compute quotient values:compute quotient values for domain: close time.busy=2.86s time.idle=5.04µs
2025-10-28T16:58:27.072826Z DEBUG compress:prove:batch:open:compute quotient values:compute quotient values for domain: close time.busy=2.87s time.idle=5.58µs
2025-10-28T16:58:27.110137Z DEBUG compress:prove:batch:open:compute quotient values:compute quotient values for domain: close time.busy=2.91s time.idle=4.95µs
2025-10-28T16:58:31.058664Z DEBUG compress:prove:batch:open:compute quotient values:compute quotient values for domain: close time.busy=6.86s time.idle=6.73µs
2025-10-28T16:58:31.139345Z DEBUG compress:prove:batch:open:compute quotient values:compute quotient values for domain: close time.busy=6.94s time.idle=5.79µs
2025-10-28T16:58:31.161235Z DEBUG compress:prove:batch:open:compute quotient values:compute quotient values for domain: close time.busy=6.96s time.idle=8.15µs
2025-10-28T16:58:34.624042Z DEBUG compress:prove:batch:open:commit to quotient traces: close time.busy=3.31s time.idle=6.44µs
2025-10-28T16:58:34.624124Z DEBUG compress:prove:batch:open:compute preprocessed opening points: close time.busy=7.54µs time.idle=4.23µs
2025-10-28T16:58:34.624153Z DEBUG compress:prove:batch:open:compute main trace opening points: close time.busy=8.54µs time.idle=3.03µs
2025-10-28T16:58:34.625416Z DEBUG compress:prove:batch:open:compute permutation trace opening points: close time.busy=1.24ms time.idle=3.34µs
2025-10-28T16:58:47.172412Z DEBUG compress:prove:batch:open:open multi batches: close time.busy=12.5s time.idle=4.94µs
2025-10-28T16:58:47.178623Z DEBUG compress:prove:batch:open:compute quotient values: close time.busy=6.96s time.idle=16.0s
2025-10-28T16:58:47.299037Z DEBUG compress:prove:batch:open: close time.busy=30.2s time.idle=6.28µs
2025-10-28T16:58:49.569652Z DEBUG compress:prove:batch:open:open multi batches: close time.busy=39.2s time.idle=5.84µs
2025-10-28T16:58:49.656273Z DEBUG compress:prove:batch:open:compute quotient values: close time.busy=19.8s time.idle=52.6s
2025-10-28T16:58:50.333313Z DEBUG compress:prove:batch:open: close time.busy=92.5s time.idle=5.72µs
2025-10-28T16:58:50.333802Z DEBUG compress:prove:batch: close time.busy=50.9s time.idle=12.7µs
2025-10-28T16:58:50.369081Z DEBUG compress:generate records and traces:get program and witness stream: core cache miss, misses: 7
2025-10-28T16:58:50.521938Z DEBUG compress:prove:batch: close time.busy=144s time.idle=7.15µs
2025-10-28T16:58:50.582647Z DEBUG fixed log2 rows can be potentially reduced: got 75584, expected 262144
2025-10-28T16:58:50.582648Z DEBUG fixed log2 rows can be potentially reduced: got 40100, expected 262144
2025-10-28T16:58:50.582811Z DEBUG compress:prove:batch:Setup compress program:setup machine:generate preprocessed traces: generated preprocessed trace for chip PublicValues in 244.024283ms
2025-10-28T16:58:50.588291Z DEBUG compress:prove:batch:Setup compress program:setup machine:generate preprocessed traces: generated preprocessed trace for chip ExpReverseBitsLen in 249.582364ms
2025-10-28T16:58:50.590963Z DEBUG compress:prove:batch:Setup compress program:setup machine:generate preprocessed traces: generated preprocessed trace for chip BaseAlu in 252.041754ms
2025-10-28T16:58:50.602933Z DEBUG compress:prove:batch:Setup compress program:setup machine:generate preprocessed traces: generated preprocessed trace for chip MemoryConst in 264.458336ms
2025-10-28T16:58:50.641225Z DEBUG compress:generate records and traces:get program and witness stream:build recursion program:read input: close time.busy=272ms time.idle=5.42µs
2025-10-28T16:58:50.642350Z DEBUG compress:generate records and traces:get program and witness stream:build recursion program:verify:verify shard:assert lookup multiplicities: close time.busy=62.1µs time.idle=5.41µs
2025-10-28T16:58:50.642383Z DEBUG compress:prove:batch:Setup compress program:setup machine:generate preprocessed traces: generated preprocessed trace for chip MemoryVar in 303.776643ms
2025-10-28T16:58:50.644924Z DEBUG compress:prove:batch:Setup compress program:setup machine:generate preprocessed traces: generated preprocessed trace for chip Select in 306.266907ms
2025-10-28T16:58:50.652915Z DEBUG fixed log2 rows can be potentially reduced: got 783500, expected 2097152
2025-10-28T16:58:50.699655Z DEBUG compress:prove:batch:Setup compress program:setup machine:generate preprocessed traces: generated preprocessed trace for chip Poseidon2WideDeg3 in 361.094176ms
2025-10-28T16:58:50.714801Z DEBUG compress:prove:batch:Setup compress program:setup machine:generate preprocessed traces: generated preprocessed trace for chip ExtAlu in 375.873421ms
2025-10-28T16:58:50.904205Z DEBUG fixed log2 rows can be potentially reduced: got 73440, expected 262144
2025-10-28T16:58:50.904205Z DEBUG fixed log2 rows can be potentially reduced: got 41300, expected 262144
2025-10-28T16:58:50.911279Z DEBUG compress:prove:batch:Setup compress program:setup machine:generate preprocessed traces: generated preprocessed trace for chip ExpReverseBitsLen in 326.363953ms
2025-10-28T16:58:50.911331Z DEBUG compress:prove:batch:Setup compress program:setup machine:generate preprocessed traces: generated preprocessed trace for chip PublicValues in 322.817109ms
2025-10-28T16:58:50.912544Z DEBUG compress:prove:batch:Setup compress program:setup machine:generate preprocessed traces: generated preprocessed trace for chip BaseAlu in 363.061134ms
2025-10-28T16:58:50.912552Z DEBUG compress:prove:batch:Setup compress program:setup machine:generate preprocessed traces: generated preprocessed trace for chip MemoryVar in 363.013947ms
2025-10-28T16:58:50.945653Z DEBUG compress:prove:batch:Setup compress program:setup machine:generate preprocessed traces: generated preprocessed trace for chip MemoryConst in 396.225976ms
2025-10-28T16:58:50.968927Z DEBUG fixed log2 rows can be potentially reduced: got 799800, expected 2097152
2025-10-28T16:58:50.970602Z DEBUG compress:prove:batch:Setup compress program:setup machine:generate preprocessed traces: generated preprocessed trace for chip Select in 420.957256ms
2025-10-28T16:58:51.000685Z DEBUG compress:prove:batch:Setup compress program:setup machine:generate preprocessed traces: generated preprocessed trace for chip Poseidon2WideDeg3 in 451.197417ms
2025-10-28T16:58:51.001584Z DEBUG compress:prove:batch:Setup compress program:setup machine:generate preprocessed traces: generated preprocessed trace for chip BatchFRI in 662.794632ms
2025-10-28T16:58:51.047004Z DEBUG compress:prove:batch:Setup compress program:setup machine:generate preprocessed traces: generated preprocessed trace for chip ExtAlu in 497.514029ms
2025-10-28T16:58:51.079241Z DEBUG compress:generate records and traces:get program and witness stream:build recursion program:verify:verify shard:2adic pcs:verify shape and challenges: close time.busy=109ms time.idle=9.16µs
2025-10-28T16:58:51.136479Z DEBUG compress:prove:batch:Setup compress program:setup machine:generate preprocessed traces: generated preprocessed trace for chip BatchFRI in 586.637677ms
2025-10-28T16:58:51.825019Z DEBUG compress:generate records and traces:get program and witness stream:build recursion program:verify:verify shard:2adic pcs:verify challenges: close time.busy=200ms time.idle=8.32µs
2025-10-28T16:58:51.825199Z DEBUG compress:generate records and traces:get program and witness stream:build recursion program:verify:verify shard:2adic pcs: close time.busy=1.18s time.idle=12.8µs
2025-10-28T16:58:51.832374Z DEBUG compress:generate records and traces:get program and witness stream:build recursion program:verify:verify shard:verify constraints: close time.busy=7.14ms time.idle=7.84µs
2025-10-28T16:58:51.832494Z DEBUG compress:generate records and traces:get program and witness stream:build recursion program:verify:verify shard: close time.busy=1.19s time.idle=6.57µs
2025-10-28T16:58:51.873729Z DEBUG compress:generate records and traces:get program and witness stream:build recursion program:verify: close time.busy=1.23s time.idle=7.13µs
2025-10-28T16:58:51.873837Z DEBUG compress:generate records and traces:get program and witness stream:build recursion program:build block: close time.busy=3.87µs time.idle=5.26µs
2025-10-28T16:58:51.873861Z DEBUG compress:generate records and traces:get program and witness stream:build recursion program: close time.busy=1.50s time.idle=13.1µs
2025-10-28T16:58:52.574514Z DEBUG compress:generate records and traces:get program and witness stream:compile recursion program:compile raw program: close time.busy=701ms time.idle=5.47µs
2025-10-28T16:58:52.626308Z DEBUG compress:generate records and traces:get program and witness stream:compile recursion program:backfill mult: close time.busy=51.7ms time.idle=7.53µs
2025-10-28T16:58:52.626488Z DEBUG compress:generate records and traces:get program and witness stream:compile recursion program:prepend constants: close time.busy=89.1µs time.idle=5.89µs
2025-10-28T16:58:52.639451Z DEBUG compress:generate records and traces:get program and witness stream:compile recursion program: close time.busy=766ms time.idle=5.33µs
2025-10-28T16:58:52.938386Z DEBUG compress:generate records and traces:get program and witness stream: close time.busy=2.60s time.idle=10.5µs
2025-10-28T16:58:53.396712Z DEBUG compress:generate records and traces:execute runtime: close time.busy=458ms time.idle=32.8µs
2025-10-28T16:58:53.396872Z DEBUG compress:generate records and traces:generate dependencies:register nonces: close time.busy=1.32µs time.idle=4.22µs
2025-10-28T16:58:53.396895Z DEBUG compress:generate records and traces:generate dependencies: close time.busy=57.6µs time.idle=4.25µs
2025-10-28T16:58:53.397167Z DEBUG fixed log2 rows can be potentially reduced: got 81132, expected 262144
2025-10-28T16:58:53.397568Z DEBUG compress:generate records and traces:generate traces:generate traces for shard: generated trace for chip MemoryConst in 463.205µs
2025-10-28T16:58:53.397589Z DEBUG fixed log2 rows can be potentially reduced: got 216000, expected 1048576
2025-10-28T16:58:53.397604Z DEBUG compress:generate records and traces:generate traces:generate traces for shard: generated trace for chip PublicValues in 6.869µs
2025-10-28T16:58:53.399714Z DEBUG compress:generate records and traces:generate traces:generate traces for shard: generated trace for chip BaseAlu in 2.473952ms
2025-10-28T16:58:53.516266Z DEBUG generate exp reverse bits len trace: fixed log2 rows can be potentially reduced: got 44900, expected 262144 rows=2700
2025-10-28T16:58:53.517025Z DEBUG fixed log2 rows can be potentially reduced: got 367913, expected 1048576
2025-10-28T16:58:53.531348Z DEBUG compress:generate records and traces:generate traces:generate traces for shard: generated trace for chip Select in 133.759062ms
2025-10-28T16:58:53.558094Z DEBUG generate exp reverse bits len trace: close time.busy=160ms time.idle=6.55µs rows=2700
2025-10-28T16:58:53.558151Z DEBUG compress:generate records and traces:generate traces:generate traces for shard: generated trace for chip ExpReverseBitsLen in 160.555165ms
2025-10-28T16:58:53.585969Z DEBUG generate batch fri trace: fixed log2 rows can be potentially reduced: got 902800, expected 2097152 rows=902800
2025-10-28T16:58:53.638738Z DEBUG compress:generate records and traces:generate traces:generate traces for shard: generated trace for chip MemoryVar in 241.519332ms
2025-10-28T16:58:53.669269Z DEBUG compress:generate records and traces:generate traces:generate traces for shard: generated trace for chip ExtAlu in 271.917448ms
2025-10-28T16:58:54.000237Z DEBUG generate batch fri trace: close time.busy=603ms time.idle=6.79µs rows=902800
2025-10-28T16:58:54.000305Z DEBUG compress:generate records and traces:generate traces:generate traces for shard: generated trace for chip BatchFRI in 602.697191ms
2025-10-28T16:58:54.181494Z DEBUG generate poseidon2 wide trace: close time.busy=784ms time.idle=6.36µs rows=92316
2025-10-28T16:58:54.181553Z DEBUG compress:generate records and traces:generate traces:generate traces for shard: generated trace for chip Poseidon2WideDeg3 in 784.058427ms
2025-10-28T16:58:54.181628Z DEBUG compress:generate records and traces:generate traces:generate traces for shard: close time.busy=785ms time.idle=3.23µs
2025-10-28T16:58:54.181651Z DEBUG compress:generate records and traces:generate traces: close time.busy=785ms time.idle=4.33µs
2025-10-28T16:58:54.191658Z DEBUG compress:generate records and traces:get program and witness stream: close time.busy=9.96ms time.idle=8.35µs
2025-10-28T16:58:55.159848Z DEBUG compress:generate records and traces:execute runtime: close time.busy=968ms time.idle=8.17µs
2025-10-28T16:58:55.159941Z DEBUG compress:generate records and traces:generate dependencies:register nonces: close time.busy=1.60µs time.idle=4.26µs
2025-10-28T16:58:55.159961Z DEBUG compress:generate records and traces:generate dependencies: close time.busy=37.5µs time.idle=4.80µs
2025-10-28T16:58:55.164191Z DEBUG fixed log2 rows can be potentially reduced: got 216000, expected 1048576
2025-10-28T16:58:55.164224Z DEBUG fixed log2 rows can be potentially reduced: got 78580, expected 262144
2025-10-28T16:58:55.164224Z DEBUG compress:generate records and traces:generate traces:generate traces for shard: generated trace for chip PublicValues in 16.025µs
2025-10-28T16:58:55.164570Z DEBUG compress:generate records and traces:generate traces:generate traces for shard: generated trace for chip MemoryConst in 391.541µs
2025-10-28T16:58:55.165066Z DEBUG compress:generate records and traces:generate traces:generate traces for shard: generated trace for chip BaseAlu in 884.2µs
2025-10-28T16:58:55.169932Z DEBUG generate exp reverse bits len trace: fixed log2 rows can be potentially reduced: got 45700, expected 262144 rows=2700
2025-10-28T16:58:55.170056Z DEBUG fixed log2 rows can be potentially reduced: got 367913, expected 1048576
2025-10-28T16:58:55.170752Z DEBUG compress:generate records and traces:generate traces:generate traces for shard: generated trace for chip Select in 6.56562ms
2025-10-28T16:58:55.203609Z DEBUG generate exp reverse bits len trace: close time.busy=39.4ms time.idle=8.57µs rows=2700
2025-10-28T16:58:55.203688Z DEBUG compress:generate records and traces:generate traces:generate traces for shard: generated trace for chip ExpReverseBitsLen in 39.497457ms
2025-10-28T16:58:55.238652Z DEBUG compress:generate records and traces:generate traces:generate traces for shard: generated trace for chip MemoryVar in 74.410408ms
2025-10-28T16:58:55.257850Z DEBUG generate batch fri trace: fixed log2 rows can be potentially reduced: got 902800, expected 2097152 rows=902800
2025-10-28T16:58:55.324074Z DEBUG compress:generate records and traces:generate traces:generate traces for shard: generated trace for chip ExtAlu in 159.852603ms
2025-10-28T16:58:55.575032Z DEBUG generate batch fri trace: close time.busy=411ms time.idle=7.32µs rows=902800
2025-10-28T16:58:55.575114Z DEBUG compress:generate records and traces:generate traces:generate traces for shard: generated trace for chip BatchFRI in 410.928825ms
2025-10-28T16:58:55.654019Z DEBUG generate poseidon2 wide trace: close time.busy=490ms time.idle=7.29µs rows=92016
2025-10-28T16:58:55.654074Z DEBUG compress:generate records and traces:generate traces:generate traces for shard: generated trace for chip Poseidon2WideDeg3 in 489.898492ms
2025-10-28T16:58:55.654268Z DEBUG compress:generate records and traces:generate traces:generate traces for shard: close time.busy=494ms time.idle=5.03µs
2025-10-28T16:58:55.654338Z DEBUG compress:generate records and traces:generate traces: close time.busy=494ms time.idle=4.82µs
2025-10-28T16:59:10.715029Z DEBUG compress:prove:batch:Setup compress program:setup machine:commit to preprocessed traces: close time.busy=19.3s time.idle=9.40µs
2025-10-28T16:59:10.715357Z DEBUG compress:prove:batch:Setup compress program:setup machine:generate preprocessed traces: close time.busy=588ms time.idle=19.6s
2025-10-28T16:59:10.715379Z DEBUG compress:prove:batch:Setup compress program:setup machine: close time.busy=20.2s time.idle=3.57µs
2025-10-28T16:59:10.715398Z DEBUG compress:prove:batch:Setup compress program: close time.busy=20.2s time.idle=9.15µs
2025-10-28T16:59:10.715514Z DEBUG compress:prove:batch:observe proving key: close time.busy=16.6µs time.idle=4.88µs
2025-10-28T16:59:10.718182Z DEBUG compress:prove:batch:Setup compress program:setup machine:commit to preprocessed traces: close time.busy=19.5s time.idle=47.9µs
2025-10-28T16:59:10.718613Z DEBUG compress:prove:batch:Setup compress program:setup machine:generate preprocessed traces: close time.busy=664ms time.idle=19.7s
2025-10-28T16:59:10.718638Z DEBUG compress:prove:batch:Setup compress program:setup machine: close time.busy=20.4s time.idle=4.24µs
2025-10-28T16:59:10.718655Z DEBUG compress:prove:batch:Setup compress program: close time.busy=20.4s time.idle=4.53µs
2025-10-28T16:59:10.718722Z DEBUG compress:prove:batch:observe proving key: close time.busy=13.6µs time.idle=3.82µs
2025-10-28T16:59:32.086876Z DEBUG compress:prove:batch:commit: close time.busy=21.4s time.idle=10.7µs
2025-10-28T16:59:38.336813Z DEBUG compress:prove:batch:open:generate permutation traces: close time.busy=6.25s time.idle=7.34µs
2025-10-28T16:59:38.336887Z DEBUG compress:prove:batch:open: BatchFRI        | Main Cols = 13    | Pre Cols = 6      | Perm Cols = 12    | Rows = 2097152 | Cells = 65011712  
2025-10-28T16:59:38.336908Z DEBUG compress:prove:batch:open: MemoryVar       | Main Cols = 8     | Pre Cols = 4      | Perm Cols = 8     | Rows = 1048576 | Cells = 20971520  
2025-10-28T16:59:38.336922Z DEBUG compress:prove:batch:open: Select          | Main Cols = 5     | Pre Cols = 8      | Perm Cols = 16    | Rows = 1048576 | Cells = 30408704  
2025-10-28T16:59:38.336935Z DEBUG compress:prove:batch:open: ExtAlu          | Main Cols = 48    | Pre Cols = 32     | Perm Cols = 28    | Rows = 524288 | Cells = 56623104  
2025-10-28T16:59:38.336945Z DEBUG compress:prove:batch:open: ExpReverseBitsLen | Main Cols = 7     | Pre Cols = 10     | Perm Cols = 12    | Rows = 262144 | Cells = 7602176   
2025-10-28T16:59:38.336955Z DEBUG compress:prove:batch:open: MemoryConst     | Main Cols = 1     | Pre Cols = 12     | Perm Cols = 8     | Rows = 262144 | Cells = 5505024   
2025-10-28T16:59:38.336969Z DEBUG compress:prove:batch:open: Poseidon2WideDeg3 | Main Cols = 313   | Pre Cols = 49     | Perm Cols = 68    | Rows = 262144 | Cells = 112721920 
2025-10-28T16:59:38.336981Z DEBUG compress:prove:batch:open: BaseAlu         | Main Cols = 12    | Pre Cols = 32     | Perm Cols = 28    | Rows = 65536 | Cells = 4718592   
2025-10-28T16:59:38.336994Z DEBUG compress:prove:batch:open: PublicValues    | Main Cols = 1     | Pre Cols = 10     | Perm Cols = 8     | Rows = 16    | Cells = 304       
2025-10-28T16:59:40.732685Z DEBUG compress:prove:batch:open:flatten permutation traces and collect domains: close time.busy=2.40s time.idle=6.62µs
2025-10-28T16:59:49.905741Z DEBUG compress:prove:batch:commit: close time.busy=39.2s time.idle=10.5µs
2025-10-28T16:59:54.054477Z DEBUG compress:prove:batch:open:generate permutation traces: close time.busy=4.15s time.idle=6.33µs
2025-10-28T16:59:54.054550Z DEBUG compress:prove:batch:open: BatchFRI        | Main Cols = 13    | Pre Cols = 6      | Perm Cols = 12    | Rows = 2097152 | Cells = 65011712  
2025-10-28T16:59:54.054568Z DEBUG compress:prove:batch:open: MemoryVar       | Main Cols = 8     | Pre Cols = 4      | Perm Cols = 8     | Rows = 1048576 | Cells = 20971520  
2025-10-28T16:59:54.054581Z DEBUG compress:prove:batch:open: Select          | Main Cols = 5     | Pre Cols = 8      | Perm Cols = 16    | Rows = 1048576 | Cells = 30408704  
2025-10-28T16:59:54.054594Z DEBUG compress:prove:batch:open: ExtAlu          | Main Cols = 48    | Pre Cols = 32     | Perm Cols = 28    | Rows = 524288 | Cells = 56623104  
2025-10-28T16:59:54.054606Z DEBUG compress:prove:batch:open: ExpReverseBitsLen | Main Cols = 7     | Pre Cols = 10     | Perm Cols = 12    | Rows = 262144 | Cells = 7602176   
2025-10-28T16:59:54.054617Z DEBUG compress:prove:batch:open: MemoryConst     | Main Cols = 1     | Pre Cols = 12     | Perm Cols = 8     | Rows = 262144 | Cells = 5505024   
2025-10-28T16:59:54.054631Z DEBUG compress:prove:batch:open: Poseidon2WideDeg3 | Main Cols = 313   | Pre Cols = 49     | Perm Cols = 68    | Rows = 262144 | Cells = 112721920 
2025-10-28T16:59:54.054642Z DEBUG compress:prove:batch:open: BaseAlu         | Main Cols = 12    | Pre Cols = 32     | Perm Cols = 28    | Rows = 65536 | Cells = 4718592   
2025-10-28T16:59:54.054654Z DEBUG compress:prove:batch:open: PublicValues    | Main Cols = 1     | Pre Cols = 10     | Perm Cols = 8     | Rows = 16    | Cells = 304       
2025-10-28T16:59:55.845721Z DEBUG compress:prove:batch:open:flatten permutation traces and collect domains: close time.busy=1.79s time.idle=6.21µs
2025-10-28T17:00:06.701086Z DEBUG compress:prove:batch:open:commit to permutation traces: close time.busy=26.0s time.idle=7.90µs
2025-10-28T17:00:06.702724Z DEBUG compress:prove:batch:open:compute quotient values:compute quotient values for domain: close time.busy=308µs time.idle=6.21µs
2025-10-28T17:00:08.131064Z DEBUG compress:prove:batch:open:compute quotient values:compute quotient values for domain: close time.busy=1.43s time.idle=82.0µs
2025-10-28T17:00:08.142177Z DEBUG compress:prove:batch:open:compute quotient values:compute quotient values for domain: close time.busy=1.44s time.idle=15.2µs
2025-10-28T17:00:08.150486Z DEBUG compress:prove:batch:open:compute quotient values:compute quotient values for domain: close time.busy=1.45s time.idle=5.72µs
2025-10-28T17:00:24.284840Z DEBUG compress:prove:batch:open:compute quotient values:compute quotient values for domain: close time.busy=17.6s time.idle=10.6µs
2025-10-28T17:00:24.319211Z DEBUG compress:prove:batch:open:compute quotient values:compute quotient values for domain: close time.busy=17.6s time.idle=5.84µs
2025-10-28T17:00:24.350031Z DEBUG compress:prove:batch:open:compute quotient values:compute quotient values for domain: close time.busy=17.6s time.idle=7.61µs
2025-10-28T17:00:24.361632Z DEBUG compress:prove:batch:open:compute quotient values:compute quotient values for domain: close time.busy=17.7s time.idle=6.50µs
2025-10-28T17:00:24.448595Z DEBUG compress:prove:batch:open:compute quotient values:compute quotient values for domain: close time.busy=17.7s time.idle=7.00µs
2025-10-28T17:00:33.902226Z DEBUG compress:prove:batch:open:commit to permutation traces: close time.busy=38.1s time.idle=6.34µs
2025-10-28T17:00:33.903196Z DEBUG compress:prove:batch:open:compute quotient values:compute quotient values for domain: close time.busy=441µs time.idle=8.30µs
2025-10-28T17:00:45.209265Z DEBUG compress:prove:batch:open:compute quotient values:compute quotient values for domain: close time.busy=11.3s time.idle=14.4µs
2025-10-28T17:00:45.212679Z DEBUG compress:prove:batch:open:compute quotient values:compute quotient values for domain: close time.busy=11.3s time.idle=6.96µs
2025-10-28T17:00:45.222368Z DEBUG compress:prove:batch:open:compute quotient values:compute quotient values for domain: close time.busy=11.3s time.idle=9.40µs
2025-10-28T17:00:45.410060Z DEBUG compress:prove:batch:open:compute quotient values:compute quotient values for domain: close time.busy=11.5s time.idle=17.3µs
2025-10-28T17:00:45.511828Z DEBUG compress:prove:batch:open:compute quotient values:compute quotient values for domain: close time.busy=11.6s time.idle=16.8µs
2025-10-28T17:00:45.538765Z DEBUG compress:prove:batch:open:compute quotient values:compute quotient values for domain: close time.busy=11.6s time.idle=5.22µs
2025-10-28T17:00:52.881972Z DEBUG compress:prove:batch:open:compute quotient values:compute quotient values for domain: close time.busy=19.0s time.idle=6.32µs
2025-10-28T17:00:52.989185Z DEBUG compress:prove:batch:open:compute quotient values:compute quotient values for domain: close time.busy=19.1s time.idle=8.28µs
2025-10-28T17:00:59.547786Z DEBUG compress:prove:batch:open:commit to quotient traces: close time.busy=34.4s time.idle=7.31µs
2025-10-28T17:00:59.547929Z DEBUG compress:prove:batch:open:compute preprocessed opening points: close time.busy=7.48µs time.idle=5.87µs
2025-10-28T17:00:59.547998Z DEBUG compress:prove:batch:open:compute main trace opening points: close time.busy=41.5µs time.idle=3.35µs
2025-10-28T17:00:59.548096Z DEBUG compress:prove:batch:open:compute permutation trace opening points: close time.busy=75.0µs time.idle=3.47µs
2025-10-28T17:01:08.078418Z DEBUG compress:prove:batch:open:commit to quotient traces: close time.busy=14.0s time.idle=7.67µs
2025-10-28T17:01:08.078531Z DEBUG compress:prove:batch:open:compute preprocessed opening points: close time.busy=11.9µs time.idle=3.51µs
2025-10-28T17:01:08.078603Z DEBUG compress:prove:batch:open:compute main trace opening points: close time.busy=52.9µs time.idle=2.51µs
2025-10-28T17:01:08.078655Z DEBUG compress:prove:batch:open:compute permutation trace opening points: close time.busy=34.6µs time.idle=2.42µs
2025-10-28T17:01:28.412162Z DEBUG compress:prove:batch:open:open multi batches: close time.busy=28.9s time.idle=5.28µs
2025-10-28T17:01:28.483149Z DEBUG compress:prove:batch:open:compute quotient values: close time.busy=17.7s time.idle=64.0s
2025-10-28T17:01:29.079065Z DEBUG compress:prove:batch:open: close time.busy=117s time.idle=91.9µs
2025-10-28T17:01:33.703645Z DEBUG compress:prove:batch:open:open multi batches: close time.busy=25.6s time.idle=4.13µs
2025-10-28T17:01:33.761577Z DEBUG compress:prove:batch:open:compute quotient values: close time.busy=19.1s time.idle=40.8s
2025-10-28T17:01:34.292557Z DEBUG compress:prove:batch:open: close time.busy=104s time.idle=18.2µs
2025-10-28T17:01:34.526877Z DEBUG compress:prove:batch: close time.busy=164s time.idle=9.77µs
2025-10-28T17:01:34.583370Z DEBUG compress:generate records and traces:get program and witness stream: core cache miss, misses: 8
2025-10-28T17:01:34.584593Z DEBUG compress:prove:batch: close time.busy=164s time.idle=9.49µs
2025-10-28T17:01:34.637352Z DEBUG fixed log2 rows can be potentially reduced: got 81132, expected 262144
2025-10-28T17:01:34.637352Z DEBUG fixed log2 rows can be potentially reduced: got 44900, expected 262144
2025-10-28T17:01:34.637374Z DEBUG compress:prove:batch:Setup compress program:setup machine:generate preprocessed traces: generated preprocessed trace for chip PublicValues in 63.603007ms
2025-10-28T17:01:34.644279Z DEBUG compress:prove:batch:Setup compress program:setup machine:generate preprocessed traces: generated preprocessed trace for chip BaseAlu in 70.556752ms
2025-10-28T17:01:34.648833Z DEBUG compress:prove:batch:Setup compress program:setup machine:generate preprocessed traces: generated preprocessed trace for chip Select in 75.191127ms
2025-10-28T17:01:34.649895Z DEBUG compress:prove:batch:Setup compress program:setup machine:generate preprocessed traces: generated preprocessed trace for chip ExpReverseBitsLen in 76.129925ms
2025-10-28T17:01:34.671570Z DEBUG compress:prove:batch:Setup compress program:setup machine:generate preprocessed traces: generated preprocessed trace for chip MemoryConst in 98.030322ms
2025-10-28T17:01:34.672617Z DEBUG fixed log2 rows can be potentially reduced: got 902800, expected 2097152
2025-10-28T17:01:34.675710Z DEBUG compress:prove:batch:Setup compress program:setup machine:generate preprocessed traces: generated preprocessed trace for chip MemoryVar in 101.955157ms
2025-10-28T17:01:34.690266Z DEBUG fixed log2 rows can be potentially reduced: got 45700, expected 262144
2025-10-28T17:01:34.690270Z DEBUG compress:prove:batch:Setup compress program:setup machine:generate preprocessed traces: generated preprocessed trace for chip PublicValues in 41.300886ms
2025-10-28T17:01:34.690267Z DEBUG fixed log2 rows can be potentially reduced: got 78580, expected 262144
2025-10-28T17:01:34.694858Z DEBUG compress:prove:batch:Setup compress program:setup machine:generate preprocessed traces: generated preprocessed trace for chip MemoryConst in 93.399365ms
2025-10-28T17:01:34.695570Z DEBUG compress:generate records and traces:get program and witness stream:build recursion program:read input: close time.busy=112ms time.idle=28.7µs
2025-10-28T17:01:34.696292Z DEBUG compress:generate records and traces:get program and witness stream:build recursion program:verify:verify shard:assert lookup multiplicities: close time.busy=27.7µs time.idle=5.35µs
2025-10-28T17:01:34.698567Z DEBUG compress:prove:batch:Setup compress program:setup machine:generate preprocessed traces: generated preprocessed trace for chip ExpReverseBitsLen in 94.14085ms
2025-10-28T17:01:34.699802Z DEBUG compress:prove:batch:Setup compress program:setup machine:generate preprocessed traces: generated preprocessed trace for chip BaseAlu in 98.294217ms
2025-10-28T17:01:34.702932Z DEBUG compress:prove:batch:Setup compress program:setup machine:generate preprocessed traces: generated preprocessed trace for chip MemoryVar in 101.40314ms
2025-10-28T17:01:34.716729Z DEBUG compress:prove:batch:Setup compress program:setup machine:generate preprocessed traces: generated preprocessed trace for chip Poseidon2WideDeg3 in 143.124674ms
2025-10-28T17:01:34.729535Z DEBUG compress:prove:batch:Setup compress program:setup machine:generate preprocessed traces: generated preprocessed trace for chip ExtAlu in 155.797823ms
2025-10-28T17:01:34.745196Z DEBUG compress:prove:batch:Setup compress program:setup machine:generate preprocessed traces: generated preprocessed trace for chip Select in 141.734334ms
2025-10-28T17:01:34.762186Z DEBUG compress:prove:batch:Setup compress program:setup machine:generate preprocessed traces: generated preprocessed trace for chip BatchFRI in 187.67956ms
2025-10-28T17:01:34.763575Z DEBUG compress:prove:batch:Setup compress program:setup machine:generate preprocessed traces: generated preprocessed trace for chip Poseidon2WideDeg3 in 162.079899ms
2025-10-28T17:01:34.771464Z DEBUG fixed log2 rows can be potentially reduced: got 902800, expected 2097152
2025-10-28T17:01:34.777779Z DEBUG compress:generate records and traces:get program and witness stream:build recursion program:verify:verify shard:2adic pcs:verify shape and challenges: close time.busy=64.7ms time.idle=8.54µs
2025-10-28T17:01:34.785480Z DEBUG compress:prove:batch:Setup compress program:setup machine:generate preprocessed traces: generated preprocessed trace for chip ExtAlu in 182.981527ms
2025-10-28T17:01:34.960985Z DEBUG compress:prove:batch:Setup compress program:setup machine:generate preprocessed traces: generated preprocessed trace for chip BatchFRI in 323.297302ms
2025-10-28T17:01:35.039795Z DEBUG compress:generate records and traces:get program and witness stream:build recursion program:verify:verify shard:2adic pcs:verify challenges: close time.busy=167ms time.idle=33.5µs
2025-10-28T17:01:35.039928Z DEBUG compress:generate records and traces:get program and witness stream:build recursion program:verify:verify shard:2adic pcs: close time.busy=343ms time.idle=3.51µs
2025-10-28T17:01:35.040777Z DEBUG compress:generate records and traces:get program and witness stream:build recursion program:verify:verify shard:verify constraints: close time.busy=824µs time.idle=4.26µs
2025-10-28T17:01:35.040819Z DEBUG compress:generate records and traces:get program and witness stream:build recursion program:verify:verify shard: close time.busy=345ms time.idle=4.54µs
2025-10-28T17:01:35.053341Z DEBUG compress:generate records and traces:get program and witness stream:build recursion program:verify: close time.busy=358ms time.idle=4.82µs
2025-10-28T17:01:35.053406Z DEBUG compress:generate records and traces:get program and witness stream:build recursion program:build block: close time.busy=25.3µs time.idle=3.07µs
2025-10-28T17:01:35.053421Z DEBUG compress:generate records and traces:get program and witness stream:build recursion program: close time.busy=470ms time.idle=8.51µs
2025-10-28T17:01:35.245304Z DEBUG compress:generate records and traces:get program and witness stream:compile recursion program:compile raw program: close time.busy=192ms time.idle=4.73µs
2025-10-28T17:01:35.264664Z DEBUG compress:generate records and traces:get program and witness stream:compile recursion program:backfill mult: close time.busy=19.3ms time.idle=6.71µs
2025-10-28T17:01:35.264773Z DEBUG compress:generate records and traces:get program and witness stream:compile recursion program:prepend constants: close time.busy=39.1µs time.idle=4.57µs
2025-10-28T17:01:35.272542Z DEBUG compress:generate records and traces:get program and witness stream:compile recursion program: close time.busy=219ms time.idle=5.29µs
2025-10-28T17:01:35.545003Z DEBUG compress:generate records and traces:get program and witness stream: close time.busy=972ms time.idle=15.4µs
2025-10-28T17:01:35.669187Z DEBUG compress:generate records and traces:execute runtime: close time.busy=124ms time.idle=7.40µs
2025-10-28T17:01:35.669291Z DEBUG compress:generate records and traces:generate dependencies:register nonces: close time.busy=1.14µs time.idle=3.33µs
2025-10-28T17:01:35.669307Z DEBUG compress:generate records and traces:generate dependencies: close time.busy=27.9µs time.idle=4.64µs
2025-10-28T17:01:35.669499Z DEBUG fixed log2 rows can be potentially reduced: got 54377, expected 131072
2025-10-28T17:01:35.669591Z DEBUG fixed log2 rows can be potentially reduced: got 216000, expected 524288
2025-10-28T17:01:35.669674Z DEBUG compress:generate records and traces:generate traces:generate traces for shard: generated trace for chip PublicValues in 8.515µs
2025-10-28T17:01:35.669982Z DEBUG compress:generate records and traces:generate traces:generate traces for shard: generated trace for chip MemoryConst in 517.971µs
2025-10-28T17:01:35.671782Z DEBUG compress:generate records and traces:generate traces:generate traces for shard: generated trace for chip BaseAlu in 2.155062ms
2025-10-28T17:01:35.673102Z DEBUG fixed log2 rows can be potentially reduced: got 160079, expected 524288
2025-10-28T17:01:35.674838Z DEBUG generate batch fri trace: fixed log2 rows can be potentially reduced: got 147800, expected 524288 rows=147800
2025-10-28T17:01:35.675630Z DEBUG compress:generate records and traces:generate traces:generate traces for shard: generated trace for chip Select in 6.045234ms
2025-10-28T17:01:35.676282Z DEBUG generate exp reverse bits len trace: fixed log2 rows can be potentially reduced: got 42900, expected 262144 rows=2300
2025-10-28T17:01:35.681398Z DEBUG compress:generate records and traces:generate traces:generate traces for shard: generated trace for chip MemoryVar in 10.776845ms
2025-10-28T17:01:35.685262Z DEBUG compress:generate records and traces:generate traces:generate traces for shard: generated trace for chip ExtAlu in 15.607898ms
2025-10-28T17:01:35.705037Z DEBUG generate exp reverse bits len trace: close time.busy=35.4ms time.idle=5.15µs rows=2300
2025-10-28T17:01:35.705098Z DEBUG compress:generate records and traces:generate traces:generate traces for shard: generated trace for chip ExpReverseBitsLen in 35.491795ms
2025-10-28T17:01:35.742275Z DEBUG generate batch fri trace: close time.busy=70.5ms time.idle=4.83µs rows=147800
2025-10-28T17:01:35.742334Z DEBUG compress:generate records and traces:generate traces:generate traces for shard: generated trace for chip BatchFRI in 70.578729ms
2025-10-28T17:01:35.913146Z DEBUG generate poseidon2 wide trace: close time.busy=244ms time.idle=5.03µs rows=40139
2025-10-28T17:01:35.913205Z DEBUG compress:generate records and traces:generate traces:generate traces for shard: generated trace for chip Poseidon2WideDeg3 in 243.679162ms
2025-10-28T17:01:35.916477Z DEBUG compress:generate records and traces:generate traces:generate traces for shard: close time.busy=247ms time.idle=3.67µs
2025-10-28T17:01:35.916534Z DEBUG compress:generate records and traces:generate traces: close time.busy=247ms time.idle=3.87µs
2025-10-28T17:01:35.953902Z DEBUG compress:generate records and traces:get program and witness stream: close time.busy=37.2ms time.idle=7.10µs
2025-10-28T17:01:36.467924Z DEBUG compress:generate records and traces:execute runtime: close time.busy=514ms time.idle=6.41µs
2025-10-28T17:01:36.468008Z DEBUG compress:generate records and traces:generate dependencies:register nonces: close time.busy=1.13µs time.idle=2.66µs
2025-10-28T17:01:36.468022Z DEBUG compress:generate records and traces:generate dependencies: close time.busy=26.6µs time.idle=4.06µs
2025-10-28T17:01:36.468356Z DEBUG compress:generate records and traces:generate traces:generate traces for shard: generated trace for chip MemoryConst in 198.193µs
2025-10-28T17:01:36.468348Z DEBUG compress:generate records and traces:generate traces:generate traces for shard: generated trace for chip PublicValues in 14.824µs
2025-10-28T17:01:36.472201Z DEBUG compress:generate records and traces:generate traces:generate traces for shard: generated trace for chip ExtAlu in 3.863245ms
2025-10-28T17:01:36.474675Z DEBUG compress:generate records and traces:generate traces:generate traces for shard: generated trace for chip Select in 6.416127ms
2025-10-28T17:01:36.475136Z DEBUG compress:generate records and traces:generate traces:generate traces for shard: generated trace for chip BaseAlu in 6.803256ms
2025-10-28T17:01:36.479700Z DEBUG generate batch fri trace: fixed log2 rows can be potentially reduced: got 213200, expected 524288 rows=213200
2025-10-28T17:01:36.489969Z DEBUG generate batch fri trace: close time.busy=21.6ms time.idle=5.70µs rows=213200
2025-10-28T17:01:36.490033Z DEBUG compress:generate records and traces:generate traces:generate traces for shard: generated trace for chip BatchFRI in 21.725179ms
2025-10-28T17:01:36.491918Z DEBUG generate exp reverse bits len trace: close time.busy=23.6ms time.idle=4.69µs rows=9200
2025-10-28T17:01:36.491976Z DEBUG compress:generate records and traces:generate traces:generate traces for shard: generated trace for chip ExpReverseBitsLen in 23.646316ms
2025-10-28T17:01:36.504328Z DEBUG compress:generate records and traces:generate traces:generate traces for shard: generated trace for chip MemoryVar in 36.037975ms
2025-10-28T17:01:36.778514Z DEBUG generate poseidon2 wide trace: close time.busy=310ms time.idle=5.83µs rows=84598
2025-10-28T17:01:36.778613Z DEBUG compress:generate records and traces:generate traces:generate traces for shard: generated trace for chip Poseidon2WideDeg3 in 310.394722ms
2025-10-28T17:01:36.799940Z DEBUG compress:generate records and traces:generate traces:generate traces for shard: close time.busy=332ms time.idle=4.37µs
2025-10-28T17:01:36.800006Z DEBUG compress:generate records and traces:generate traces: close time.busy=332ms time.idle=3.97µs
2025-10-28T17:01:47.826158Z DEBUG compress:prove:batch:Setup compress program:setup machine:commit to preprocessed traces: close time.busy=12.8s time.idle=6.95µs
2025-10-28T17:01:47.826202Z DEBUG compress:prove:batch:Setup compress program:setup machine:commit to preprocessed traces: close time.busy=12.7s time.idle=6.37µs
2025-10-28T17:01:47.826362Z DEBUG compress:prove:batch:Setup compress program:setup machine:generate preprocessed traces: close time.busy=190ms time.idle=13.1s
2025-10-28T17:01:47.826365Z DEBUG compress:prove:batch:Setup compress program:setup machine:generate preprocessed traces: close time.busy=362ms time.idle=12.9s
2025-10-28T17:01:47.826384Z DEBUG compress:prove:batch:Setup compress program:setup machine: close time.busy=13.2s time.idle=4.25µs
2025-10-28T17:01:47.826410Z DEBUG compress:prove:batch:Setup compress program: close time.busy=13.2s time.idle=8.70µs
2025-10-28T17:01:47.826462Z DEBUG compress:prove:batch:observe proving key: close time.busy=11.6µs time.idle=3.66µs
2025-10-28T17:01:47.826384Z DEBUG compress:prove:batch:Setup compress program:setup machine: close time.busy=13.3s time.idle=7.51µs
2025-10-28T17:01:47.826594Z DEBUG compress:prove:batch:Setup compress program: close time.busy=13.3s time.idle=8.81µs
2025-10-28T17:01:47.826632Z DEBUG compress:prove:batch:observe proving key: close time.busy=9.22µs time.idle=2.58µs
2025-10-28T17:02:03.677126Z DEBUG compress:prove:batch:commit: close time.busy=15.9s time.idle=3.98µs
2025-10-28T17:02:09.395245Z DEBUG compress:prove:batch:open:generate permutation traces: close time.busy=5.72s time.idle=5.37µs
2025-10-28T17:02:09.395340Z DEBUG compress:prove:batch:open: BatchFRI        | Main Cols = 13    | Pre Cols = 6      | Perm Cols = 12    | Rows = 2097152 | Cells = 65011712  
2025-10-28T17:02:09.395362Z DEBUG compress:prove:batch:open: MemoryVar       | Main Cols = 8     | Pre Cols = 4      | Perm Cols = 8     | Rows = 1048576 | Cells = 20971520  
2025-10-28T17:02:09.395381Z DEBUG compress:prove:batch:open: Select          | Main Cols = 5     | Pre Cols = 8      | Perm Cols = 16    | Rows = 1048576 | Cells = 30408704  
2025-10-28T17:02:09.395399Z DEBUG compress:prove:batch:open: ExtAlu          | Main Cols = 48    | Pre Cols = 32     | Perm Cols = 28    | Rows = 524288 | Cells = 56623104  
2025-10-28T17:02:09.395415Z DEBUG compress:prove:batch:open: ExpReverseBitsLen | Main Cols = 7     | Pre Cols = 10     | Perm Cols = 12    | Rows = 262144 | Cells = 7602176   
2025-10-28T17:02:09.395462Z DEBUG compress:prove:batch:open: MemoryConst     | Main Cols = 1     | Pre Cols = 12     | Perm Cols = 8     | Rows = 262144 | Cells = 5505024   
2025-10-28T17:02:09.395476Z DEBUG compress:prove:batch:open: Poseidon2WideDeg3 | Main Cols = 313   | Pre Cols = 49     | Perm Cols = 68    | Rows = 262144 | Cells = 112721920 
2025-10-28T17:02:09.395484Z DEBUG compress:prove:batch:open: BaseAlu         | Main Cols = 12    | Pre Cols = 32     | Perm Cols = 28    | Rows = 65536 | Cells = 4718592   
2025-10-28T17:02:09.395493Z DEBUG compress:prove:batch:open: PublicValues    | Main Cols = 1     | Pre Cols = 10     | Perm Cols = 8     | Rows = 16    | Cells = 304       
2025-10-28T17:02:11.724957Z DEBUG compress:prove:batch:open:flatten permutation traces and collect domains: close time.busy=2.33s time.idle=5.41µs
2025-10-28T17:02:15.578867Z DEBUG compress:prove:batch:commit: close time.busy=27.8s time.idle=4.16µs
2025-10-28T17:02:18.609491Z DEBUG compress:prove:batch:open:generate permutation traces: close time.busy=3.03s time.idle=5.99µs
2025-10-28T17:02:18.609557Z DEBUG compress:prove:batch:open: BatchFRI        | Main Cols = 13    | Pre Cols = 6      | Perm Cols = 12    | Rows = 2097152 | Cells = 65011712  
2025-10-28T17:02:18.609571Z DEBUG compress:prove:batch:open: MemoryVar       | Main Cols = 8     | Pre Cols = 4      | Perm Cols = 8     | Rows = 1048576 | Cells = 20971520  
2025-10-28T17:02:18.609581Z DEBUG compress:prove:batch:open: Select          | Main Cols = 5     | Pre Cols = 8      | Perm Cols = 16    | Rows = 1048576 | Cells = 30408704  
2025-10-28T17:02:18.609591Z DEBUG compress:prove:batch:open: ExtAlu          | Main Cols = 48    | Pre Cols = 32     | Perm Cols = 28    | Rows = 524288 | Cells = 56623104  
2025-10-28T17:02:18.609601Z DEBUG compress:prove:batch:open: ExpReverseBitsLen | Main Cols = 7     | Pre Cols = 10     | Perm Cols = 12    | Rows = 262144 | Cells = 7602176   
2025-10-28T17:02:18.609610Z DEBUG compress:prove:batch:open: MemoryConst     | Main Cols = 1     | Pre Cols = 12     | Perm Cols = 8     | Rows = 262144 | Cells = 5505024   
2025-10-28T17:02:18.609622Z DEBUG compress:prove:batch:open: Poseidon2WideDeg3 | Main Cols = 313   | Pre Cols = 49     | Perm Cols = 68    | Rows = 262144 | Cells = 112721920 
2025-10-28T17:02:18.609631Z DEBUG compress:prove:batch:open: BaseAlu         | Main Cols = 12    | Pre Cols = 32     | Perm Cols = 28    | Rows = 65536 | Cells = 4718592   
2025-10-28T17:02:18.609641Z DEBUG compress:prove:batch:open: PublicValues    | Main Cols = 1     | Pre Cols = 10     | Perm Cols = 8     | Rows = 16    | Cells = 304       
2025-10-28T17:02:20.051661Z DEBUG compress:prove:batch:open:flatten permutation traces and collect domains: close time.busy=1.44s time.idle=5.57µs
2025-10-28T17:02:27.549687Z DEBUG compress:prove:batch:open:commit to permutation traces: close time.busy=15.8s time.idle=6.20µs
2025-10-28T17:02:27.550394Z DEBUG compress:prove:batch:open:compute quotient values:compute quotient values for domain: close time.busy=297µs time.idle=4.12µs
2025-10-28T17:02:28.051116Z DEBUG compress:prove:batch:open:compute quotient values:compute quotient values for domain: close time.busy=501ms time.idle=6.90µs
2025-10-28T17:02:28.902501Z DEBUG compress:prove:batch:open:compute quotient values:compute quotient values for domain: close time.busy=1.35s time.idle=5.00µs
2025-10-28T17:02:28.922306Z DEBUG compress:prove:batch:open:compute quotient values:compute quotient values for domain: close time.busy=1.37s time.idle=6.16µs
2025-10-28T17:02:40.122082Z DEBUG compress:prove:batch:open:compute quotient values:compute quotient values for domain: close time.busy=12.6s time.idle=7.01µs
2025-10-28T17:02:40.243476Z DEBUG compress:prove:batch:open:compute quotient values:compute quotient values for domain: close time.busy=12.7s time.idle=7.54µs
2025-10-28T17:02:40.261908Z DEBUG compress:prove:batch:open:compute quotient values:compute quotient values for domain: close time.busy=12.7s time.idle=6.09µs
2025-10-28T17:02:40.333366Z DEBUG compress:prove:batch:open:compute quotient values:compute quotient values for domain: close time.busy=12.8s time.idle=6.05µs
2025-10-28T17:02:40.400140Z DEBUG compress:prove:batch:open:compute quotient values:compute quotient values for domain: close time.busy=12.9s time.idle=6.14µs
2025-10-28T17:02:47.551998Z DEBUG compress:prove:batch:open:commit to permutation traces: close time.busy=27.5s time.idle=5.98µs
2025-10-28T17:02:47.553055Z DEBUG compress:prove:batch:open:compute quotient values:compute quotient values for domain: close time.busy=509µs time.idle=4.25µs
2025-10-28T17:02:56.251788Z DEBUG compress:prove:batch:open:compute quotient values:compute quotient values for domain: close time.busy=8.70s time.idle=4.75µs
2025-10-28T17:02:56.253961Z DEBUG compress:prove:batch:open:compute quotient values:compute quotient values for domain: close time.busy=8.70s time.idle=8.74µs
2025-10-28T17:02:56.263384Z DEBUG compress:prove:batch:open:compute quotient values:compute quotient values for domain: close time.busy=8.71s time.idle=4.72µs
2025-10-28T17:02:56.421598Z DEBUG compress:prove:batch:open:compute quotient values:compute quotient values for domain: close time.busy=8.87s time.idle=5.37µs
2025-10-28T17:02:56.635142Z DEBUG compress:prove:batch:open:compute quotient values:compute quotient values for domain: close time.busy=9.08s time.idle=9.43µs
2025-10-28T17:02:56.694471Z DEBUG compress:prove:batch:open:compute quotient values:compute quotient values for domain: close time.busy=9.14s time.idle=6.09µs
2025-10-28T17:03:00.160125Z DEBUG compress:prove:batch:open:compute quotient values:compute quotient values for domain: close time.busy=12.6s time.idle=7.24µs
2025-10-28T17:03:00.187090Z DEBUG compress:prove:batch:open:compute quotient values:compute quotient values for domain: close time.busy=12.6s time.idle=5.75µs
2025-10-28T17:03:05.013599Z DEBUG compress:prove:batch:open:commit to quotient traces: close time.busy=23.8s time.idle=8.61µs
2025-10-28T17:03:05.013877Z DEBUG compress:prove:batch:open:compute preprocessed opening points: close time.busy=24.6µs time.idle=4.37µs
2025-10-28T17:03:05.014084Z DEBUG compress:prove:batch:open:compute main trace opening points: close time.busy=183µs time.idle=3.40µs
2025-10-28T17:03:05.014190Z DEBUG compress:prove:batch:open:compute permutation trace opening points: close time.busy=79.3µs time.idle=3.96µs
2025-10-28T17:03:10.140077Z DEBUG compress:prove:batch:open:commit to quotient traces: close time.busy=9.37s time.idle=6.36µs
2025-10-28T17:03:10.140164Z DEBUG compress:prove:batch:open:compute preprocessed opening points: close time.busy=6.19µs time.idle=3.85µs
2025-10-28T17:03:10.140205Z DEBUG compress:prove:batch:open:compute main trace opening points: close time.busy=24.0µs time.idle=2.48µs
2025-10-28T17:03:10.140235Z DEBUG compress:prove:batch:open:compute permutation trace opening points: close time.busy=13.4µs time.idle=2.48µs
2025-10-28T17:03:27.007010Z DEBUG compress:prove:batch:open:open multi batches: close time.busy=22.0s time.idle=5.36µs
2025-10-28T17:03:27.062788Z DEBUG compress:prove:batch:open:compute quotient values: close time.busy=12.9s time.idle=46.7s
2025-10-28T17:03:27.574133Z DEBUG compress:prove:batch:open: close time.busy=83.9s time.idle=6.39µs
2025-10-28T17:03:27.915297Z DEBUG compress:prove:batch: close time.busy=113s time.idle=8.42µs
2025-10-28T17:03:27.973628Z DEBUG compress:generate records and traces:get program and witness stream: close time.busy=46.1ms time.idle=10.3µs
2025-10-28T17:03:28.034484Z DEBUG fixed log2 rows can be potentially reduced: got 42900, expected 262144
2025-10-28T17:03:28.034511Z DEBUG compress:prove:batch:Setup compress program:setup machine:generate preprocessed traces: generated preprocessed trace for chip PublicValues in 36.534839ms
2025-10-28T17:03:28.034485Z DEBUG fixed log2 rows can be potentially reduced: got 54377, expected 131072
2025-10-28T17:03:28.040567Z DEBUG compress:prove:batch:Setup compress program:setup machine:generate preprocessed traces: generated preprocessed trace for chip ExtAlu in 42.591284ms
2025-10-28T17:03:28.040568Z DEBUG compress:prove:batch:Setup compress program:setup machine:generate preprocessed traces: generated preprocessed trace for chip Select in 42.598367ms
2025-10-28T17:03:28.040581Z DEBUG compress:prove:batch:Setup compress program:setup machine:generate preprocessed traces: generated preprocessed trace for chip BaseAlu in 42.60929ms
2025-10-28T17:03:28.044229Z DEBUG compress:prove:batch:Setup compress program:setup machine:generate preprocessed traces: generated preprocessed trace for chip MemoryVar in 46.259263ms
2025-10-28T17:03:28.046788Z DEBUG compress:prove:batch:Setup compress program:setup machine:generate preprocessed traces: generated preprocessed trace for chip MemoryConst in 48.817654ms
2025-10-28T17:03:28.047647Z DEBUG fixed log2 rows can be potentially reduced: got 147800, expected 524288
2025-10-28T17:03:28.053518Z DEBUG compress:prove:batch:Setup compress program:setup machine:generate preprocessed traces: generated preprocessed trace for chip BatchFRI in 55.547317ms
2025-10-28T17:03:28.062583Z DEBUG compress:prove:batch:Setup compress program:setup machine:generate preprocessed traces: generated preprocessed trace for chip ExpReverseBitsLen in 64.610563ms
2025-10-28T17:03:28.068900Z DEBUG compress:prove:batch:Setup compress program:setup machine:generate preprocessed traces: generated preprocessed trace for chip Poseidon2WideDeg3 in 70.930225ms
2025-10-28T17:03:28.306672Z DEBUG compress:generate records and traces:execute runtime: close time.busy=333ms time.idle=6.77µs
2025-10-28T17:03:28.306756Z DEBUG compress:generate records and traces:generate dependencies:register nonces: close time.busy=1.15µs time.idle=2.90µs
2025-10-28T17:03:28.306770Z DEBUG compress:generate records and traces:generate dependencies: close time.busy=27.6µs time.idle=4.16µs
2025-10-28T17:03:28.307158Z DEBUG fixed log2 rows can be potentially reduced: got 471504, expected 1048576
2025-10-28T17:03:28.307284Z DEBUG compress:generate records and traces:generate traces:generate traces for shard: generated trace for chip PublicValues in 12.969µs
2025-10-28T17:03:28.308415Z DEBUG compress:generate records and traces:generate traces:generate traces for shard: generated trace for chip BaseAlu in 1.186714ms
2025-10-28T17:03:28.310754Z DEBUG compress:generate records and traces:generate traces:generate traces for shard: generated trace for chip MemoryConst in 3.579842ms
2025-10-28T17:03:28.310961Z DEBUG fixed log2 rows can be potentially reduced: got 346512, expected 1048576
2025-10-28T17:03:28.319839Z DEBUG generate batch fri trace: fixed log2 rows can be potentially reduced: got 213200, expected 2097152 rows=213200
2025-10-28T17:03:28.331184Z DEBUG generate exp reverse bits len trace: close time.busy=23.9ms time.idle=6.25µs rows=9200
2025-10-28T17:03:28.331230Z DEBUG compress:generate records and traces:generate traces:generate traces for shard: generated trace for chip ExpReverseBitsLen in 23.968187ms
2025-10-28T17:03:28.369682Z DEBUG compress:generate records and traces:generate traces:generate traces for shard: generated trace for chip Select in 62.529015ms
2025-10-28T17:03:28.405617Z DEBUG compress:generate records and traces:generate traces:generate traces for shard: generated trace for chip MemoryVar in 98.399301ms
2025-10-28T17:03:28.450733Z DEBUG compress:generate records and traces:generate traces:generate traces for shard: generated trace for chip ExtAlu in 143.458097ms
2025-10-28T17:03:28.669476Z DEBUG generate batch fri trace: close time.busy=362ms time.idle=5.76µs rows=213200
2025-10-28T17:03:28.669536Z DEBUG compress:generate records and traces:generate traces:generate traces for shard: generated trace for chip BatchFRI in 362.355078ms
2025-10-28T17:03:28.973183Z DEBUG generate poseidon2 wide trace: close time.busy=666ms time.idle=6.65µs rows=90000
2025-10-28T17:03:28.973242Z DEBUG compress:generate records and traces:generate traces:generate traces for shard: generated trace for chip Poseidon2WideDeg3 in 665.959245ms
2025-10-28T17:03:28.982047Z DEBUG compress:generate records and traces:generate traces:generate traces for shard: close time.busy=675ms time.idle=3.78µs
2025-10-28T17:03:28.982108Z DEBUG compress:generate records and traces:generate traces: close time.busy=675ms time.idle=3.58µs
2025-10-28T17:03:31.331898Z DEBUG compress:prove:batch:Setup compress program:setup machine:commit to preprocessed traces: close time.busy=3.19s time.idle=6.83µs
2025-10-28T17:03:31.331975Z DEBUG compress:prove:batch:Setup compress program:setup machine:generate preprocessed traces: close time.busy=145ms time.idle=3.26s
2025-10-28T17:03:31.331991Z DEBUG compress:prove:batch:Setup compress program:setup machine: close time.busy=3.41s time.idle=3.10µs
2025-10-28T17:03:31.332030Z DEBUG compress:prove:batch:Setup compress program: close time.busy=3.41s time.idle=29.3µs
2025-10-28T17:03:31.332065Z DEBUG compress:prove:batch:observe proving key: close time.busy=11.1µs time.idle=3.60µs
2025-10-28T17:03:31.902269Z DEBUG compress:prove:batch:open:open multi batches: close time.busy=21.8s time.idle=4.11µs
2025-10-28T17:03:31.958103Z DEBUG compress:prove:batch:open:compute quotient values: close time.busy=12.6s time.idle=31.8s
2025-10-28T17:03:32.523980Z DEBUG compress:prove:batch:open: close time.busy=76.9s time.idle=4.94µs
2025-10-28T17:03:32.661973Z DEBUG compress:prove:batch: close time.busy=118s time.idle=8.26µs
2025-10-28T17:03:32.690579Z DEBUG compress:generate records and traces:get program and witness stream: close time.busy=19.9ms time.idle=6.94µs
2025-10-28T17:03:32.707367Z DEBUG compress:prove:batch:Setup compress program:setup machine:generate preprocessed traces: generated preprocessed trace for chip PublicValues in 36.322167ms
2025-10-28T17:03:32.712589Z DEBUG compress:prove:batch:Setup compress program:setup machine:generate preprocessed traces: generated preprocessed trace for chip ExtAlu in 41.604916ms
2025-10-28T17:03:32.712603Z DEBUG compress:prove:batch:Setup compress program:setup machine:generate preprocessed traces: generated preprocessed trace for chip BaseAlu in 41.644669ms
2025-10-28T17:03:32.719786Z DEBUG compress:prove:batch:Setup compress program:setup machine:generate preprocessed traces: generated preprocessed trace for chip MemoryVar in 48.774627ms
2025-10-28T17:03:32.720282Z DEBUG compress:prove:batch:Setup compress program:setup machine:generate preprocessed traces: generated preprocessed trace for chip Poseidon2WideDeg3 in 49.362762ms
2025-10-28T17:03:32.720886Z DEBUG compress:prove:batch:Setup compress program:setup machine:generate preprocessed traces: generated preprocessed trace for chip MemoryConst in 50.020581ms
2025-10-28T17:03:32.735079Z DEBUG compress:prove:batch:Setup compress program:setup machine:generate preprocessed traces: generated preprocessed trace for chip Select in 64.041015ms
2025-10-28T17:03:32.736036Z DEBUG fixed log2 rows can be potentially reduced: got 213200, expected 524288
2025-10-28T17:03:32.737344Z DEBUG compress:prove:batch:Setup compress program:setup machine:generate preprocessed traces: generated preprocessed trace for chip ExpReverseBitsLen in 66.30623ms
2025-10-28T17:03:32.751725Z DEBUG compress:prove:batch:Setup compress program:setup machine:generate preprocessed traces: generated preprocessed trace for chip BatchFRI in 80.674635ms
2025-10-28T17:03:33.129321Z DEBUG compress:generate records and traces:execute runtime: close time.busy=439ms time.idle=8.57µs
2025-10-28T17:03:33.129446Z DEBUG compress:generate records and traces:generate dependencies:register nonces: close time.busy=1.20µs time.idle=3.16µs
2025-10-28T17:03:33.129470Z DEBUG compress:generate records and traces:generate dependencies: close time.busy=70.0µs time.idle=4.50µs
2025-10-28T17:03:33.131741Z DEBUG fixed log2 rows can be potentially reduced: got 471504, expected 1048576
2025-10-28T17:03:33.131754Z DEBUG compress:generate records and traces:generate traces:generate traces for shard: generated trace for chip PublicValues in 13.804µs
2025-10-28T17:03:33.132389Z DEBUG compress:generate records and traces:generate traces:generate traces for shard: generated trace for chip MemoryConst in 655.897µs
2025-10-28T17:03:33.133333Z DEBUG compress:generate records and traces:generate traces:generate traces for shard: generated trace for chip BaseAlu in 1.588614ms
2025-10-28T17:03:33.135513Z DEBUG fixed log2 rows can be potentially reduced: got 346512, expected 1048576
2025-10-28T17:03:33.146118Z DEBUG generate batch fri trace: fixed log2 rows can be potentially reduced: got 213200, expected 2097152 rows=213200
2025-10-28T17:03:33.156157Z DEBUG compress:generate records and traces:generate traces:generate traces for shard: generated trace for chip Select in 24.420298ms
2025-10-28T17:03:33.156172Z DEBUG generate exp reverse bits len trace: close time.busy=24.4ms time.idle=6.25µs rows=9200
2025-10-28T17:03:33.156240Z DEBUG compress:generate records and traces:generate traces:generate traces for shard: generated trace for chip ExpReverseBitsLen in 24.507047ms
2025-10-28T17:03:33.187252Z DEBUG compress:generate records and traces:generate traces:generate traces for shard: generated trace for chip MemoryVar in 55.488093ms
2025-10-28T17:03:33.268566Z DEBUG compress:generate records and traces:generate traces:generate traces for shard: generated trace for chip ExtAlu in 136.820081ms
2025-10-28T17:03:33.535707Z DEBUG generate batch fri trace: close time.busy=404ms time.idle=6.85µs rows=213200
2025-10-28T17:03:33.535769Z DEBUG compress:generate records and traces:generate traces:generate traces for shard: generated trace for chip BatchFRI in 404.034405ms
2025-10-28T17:03:34.296021Z DEBUG generate poseidon2 wide trace: close time.busy=1.16s time.idle=6.62µs rows=90000
2025-10-28T17:03:34.296085Z DEBUG compress:generate records and traces:generate traces:generate traces for shard: generated trace for chip Poseidon2WideDeg3 in 1.164350603s
2025-10-28T17:03:34.296169Z DEBUG compress:generate records and traces:generate traces:generate traces for shard: close time.busy=1.17s time.idle=3.97µs
2025-10-28T17:03:34.296219Z DEBUG compress:generate records and traces:generate traces: close time.busy=1.17s time.idle=4.09µs
2025-10-28T17:03:37.072188Z DEBUG compress:prove:batch:commit: close time.busy=5.74s time.idle=3.93µs
2025-10-28T17:03:38.129028Z DEBUG compress:prove:batch:open:generate permutation traces: close time.busy=1.06s time.idle=4.77µs
2025-10-28T17:03:38.129097Z DEBUG compress:prove:batch:open: BatchFRI        | Main Cols = 13    | Pre Cols = 6      | Perm Cols = 12    | Rows = 524288 | Cells = 16252928  
2025-10-28T17:03:38.129111Z DEBUG compress:prove:batch:open: MemoryVar       | Main Cols = 8     | Pre Cols = 4      | Perm Cols = 8     | Rows = 524288 | Cells = 10485760  
2025-10-28T17:03:38.129120Z DEBUG compress:prove:batch:open: Select          | Main Cols = 5     | Pre Cols = 8      | Perm Cols = 16    | Rows = 524288 | Cells = 15204352  
2025-10-28T17:03:38.129128Z DEBUG compress:prove:batch:open: ExpReverseBitsLen | Main Cols = 7     | Pre Cols = 10     | Perm Cols = 12    | Rows = 262144 | Cells = 7602176   
2025-10-28T17:03:38.129137Z DEBUG compress:prove:batch:open: MemoryConst     | Main Cols = 1     | Pre Cols = 12     | Perm Cols = 8     | Rows = 131072 | Cells = 2752512   
2025-10-28T17:03:38.129148Z DEBUG compress:prove:batch:open: Poseidon2WideDeg3 | Main Cols = 313   | Pre Cols = 49     | Perm Cols = 68    | Rows = 131072 | Cells = 56360960  
2025-10-28T17:03:38.129157Z DEBUG compress:prove:batch:open: BaseAlu         | Main Cols = 12    | Pre Cols = 32     | Perm Cols = 28    | Rows = 65536 | Cells = 4718592   
2025-10-28T17:03:38.129165Z DEBUG compress:prove:batch:open: ExtAlu          | Main Cols = 48    | Pre Cols = 32     | Perm Cols = 28    | Rows = 65536 | Cells = 7077888   
2025-10-28T17:03:38.129174Z DEBUG compress:prove:batch:open: PublicValues    | Main Cols = 1     | Pre Cols = 10     | Perm Cols = 8     | Rows = 16    | Cells = 304       
2025-10-28T17:03:38.552310Z DEBUG compress:prove:batch:open:flatten permutation traces and collect domains: close time.busy=423ms time.idle=5.05µs
2025-10-28T17:03:40.228931Z DEBUG compress:prove:batch:Setup compress program:setup machine:commit to preprocessed traces: close time.busy=7.42s time.idle=7.64µs
2025-10-28T17:03:40.229024Z DEBUG compress:prove:batch:Setup compress program:setup machine:generate preprocessed traces: close time.busy=81.6ms time.idle=7.48s
2025-10-28T17:03:40.229041Z DEBUG compress:prove:batch:Setup compress program:setup machine: close time.busy=7.56s time.idle=2.58µs
2025-10-28T17:03:40.229055Z DEBUG compress:prove:batch:Setup compress program: close time.busy=7.56s time.idle=2.95µs
2025-10-28T17:03:40.229106Z DEBUG compress:prove:batch:observe proving key: close time.busy=11.3µs time.idle=4.09µs
2025-10-28T17:03:43.422525Z DEBUG compress:prove:batch:open:commit to permutation traces: close time.busy=4.87s time.idle=11.0µs
2025-10-28T17:03:43.423279Z DEBUG compress:prove:batch:open:compute quotient values:compute quotient values for domain: close time.busy=296µs time.idle=4.18µs
2025-10-28T17:03:47.809264Z DEBUG compress:prove:batch:open:compute quotient values:compute quotient values for domain: close time.busy=4.39s time.idle=5.76µs
2025-10-28T17:03:47.959125Z DEBUG compress:prove:batch:open:compute quotient values:compute quotient values for domain: close time.busy=4.54s time.idle=5.87µs
2025-10-28T17:03:47.968188Z DEBUG compress:prove:batch:open:compute quotient values:compute quotient values for domain: close time.busy=4.55s time.idle=4.87µs
2025-10-28T17:03:47.970894Z DEBUG compress:prove:batch:open:compute quotient values:compute quotient values for domain: close time.busy=4.55s time.idle=5.83µs
2025-10-28T17:03:48.025801Z DEBUG compress:prove:batch:open:compute quotient values:compute quotient values for domain: close time.busy=4.60s time.idle=5.15µs
2025-10-28T17:03:48.047474Z DEBUG compress:prove:batch:open:compute quotient values:compute quotient values for domain: close time.busy=4.62s time.idle=5.08µs
2025-10-28T17:03:48.087518Z DEBUG compress:prove:batch:open:compute quotient values:compute quotient values for domain: close time.busy=4.66s time.idle=5.26µs
2025-10-28T17:03:48.170201Z DEBUG compress:prove:batch:open:compute quotient values:compute quotient values for domain: close time.busy=4.75s time.idle=7.42µs
2025-10-28T17:03:52.571495Z DEBUG compress:prove:batch:commit: close time.busy=12.3s time.idle=3.88µs
2025-10-28T17:03:53.635902Z DEBUG compress:prove:batch:open:generate permutation traces: close time.busy=1.06s time.idle=5.24µs
2025-10-28T17:03:53.635960Z DEBUG compress:prove:batch:open: BatchFRI        | Main Cols = 13    | Pre Cols = 6      | Perm Cols = 12    | Rows = 524288 | Cells = 16252928  
2025-10-28T17:03:53.635974Z DEBUG compress:prove:batch:open: MemoryVar       | Main Cols = 8     | Pre Cols = 4      | Perm Cols = 8     | Rows = 524288 | Cells = 10485760  
2025-10-28T17:03:53.635983Z DEBUG compress:prove:batch:open: Select          | Main Cols = 5     | Pre Cols = 8      | Perm Cols = 16    | Rows = 524288 | Cells = 15204352  
2025-10-28T17:03:53.635993Z DEBUG compress:prove:batch:open: ExpReverseBitsLen | Main Cols = 7     | Pre Cols = 10     | Perm Cols = 12    | Rows = 262144 | Cells = 7602176   
2025-10-28T17:03:53.636003Z DEBUG compress:prove:batch:open: MemoryConst     | Main Cols = 1     | Pre Cols = 12     | Perm Cols = 8     | Rows = 131072 | Cells = 2752512   
2025-10-28T17:03:53.636014Z DEBUG compress:prove:batch:open: Poseidon2WideDeg3 | Main Cols = 313   | Pre Cols = 49     | Perm Cols = 68    | Rows = 131072 | Cells = 56360960  
2025-10-28T17:03:53.636023Z DEBUG compress:prove:batch:open: BaseAlu         | Main Cols = 12    | Pre Cols = 32     | Perm Cols = 28    | Rows = 65536 | Cells = 4718592   
2025-10-28T17:03:53.636033Z DEBUG compress:prove:batch:open: ExtAlu          | Main Cols = 48    | Pre Cols = 32     | Perm Cols = 28    | Rows = 65536 | Cells = 7077888   
2025-10-28T17:03:53.636042Z DEBUG compress:prove:batch:open: PublicValues    | Main Cols = 1     | Pre Cols = 10     | Perm Cols = 8     | Rows = 16    | Cells = 304       
2025-10-28T17:03:53.941609Z DEBUG compress:prove:batch:open:flatten permutation traces and collect domains: close time.busy=306ms time.idle=5.36µs
2025-10-28T17:03:55.174157Z DEBUG compress:prove:batch:open:commit to quotient traces: close time.busy=6.79s time.idle=7.31µs
2025-10-28T17:03:55.174241Z DEBUG compress:prove:batch:open:compute preprocessed opening points: close time.busy=19.3µs time.idle=3.65µs
2025-10-28T17:03:55.174273Z DEBUG compress:prove:batch:open:compute main trace opening points: close time.busy=12.8µs time.idle=2.36µs
2025-10-28T17:03:55.175453Z DEBUG compress:prove:batch:open:compute permutation trace opening points: close time.busy=40.7µs time.idle=2.97µs
2025-10-28T17:03:58.136508Z DEBUG compress:prove:batch:open:commit to permutation traces: close time.busy=4.19s time.idle=6.21µs
2025-10-28T17:03:58.137156Z DEBUG compress:prove:batch:open:compute quotient values:compute quotient values for domain: close time.busy=231µs time.idle=4.59µs
2025-10-28T17:03:58.706986Z DEBUG compress:prove:batch:open:compute quotient values:compute quotient values for domain: close time.busy=570ms time.idle=4.76µs
2025-10-28T17:03:58.708235Z DEBUG compress:prove:batch:open:compute quotient values:compute quotient values for domain: close time.busy=571ms time.idle=4.59µs
2025-10-28T17:04:01.093185Z DEBUG compress:prove:batch:open:compute quotient values:compute quotient values for domain: close time.busy=2.96s time.idle=8.41µs
2025-10-28T17:04:01.109655Z DEBUG compress:prove:batch:open:compute quotient values:compute quotient values for domain: close time.busy=2.97s time.idle=29.4µs
2025-10-28T17:04:01.140134Z DEBUG compress:prove:batch:open:compute quotient values:compute quotient values for domain: close time.busy=3.00s time.idle=12.5µs
2025-10-28T17:04:01.157304Z DEBUG compress:prove:batch:open:compute quotient values:compute quotient values for domain: close time.busy=3.02s time.idle=3.92µs
2025-10-28T17:04:01.182317Z DEBUG compress:prove:batch:open:compute quotient values:compute quotient values for domain: close time.busy=3.05s time.idle=7.41µs
2025-10-28T17:04:02.601903Z DEBUG compress:prove:batch:open:compute quotient values:compute quotient values for domain: close time.busy=4.47s time.idle=6.30µs
2025-10-28T17:04:04.920974Z DEBUG compress:prove:batch:open:commit to quotient traces: close time.busy=2.06s time.idle=7.36µs
2025-10-28T17:04:04.921081Z DEBUG compress:prove:batch:open:compute preprocessed opening points: close time.busy=7.86µs time.idle=5.02µs
2025-10-28T17:04:04.921110Z DEBUG compress:prove:batch:open:compute main trace opening points: close time.busy=8.73µs time.idle=3.23µs
2025-10-28T17:04:04.921139Z DEBUG compress:prove:batch:open:compute permutation trace opening points: close time.busy=9.77µs time.idle=2.99µs
2025-10-28T17:04:08.285211Z DEBUG compress:prove:batch:open:open multi batches: close time.busy=13.1s time.idle=4.38µs
2025-10-28T17:04:08.285345Z DEBUG compress:prove:batch:open:compute quotient values: close time.busy=4.76s time.idle=20.1s
2025-10-28T17:04:08.400162Z DEBUG compress:prove:batch:open: close time.busy=31.3s time.idle=5.11µs
2025-10-28T17:04:08.405782Z DEBUG compress:prove:batch: close time.busy=40.5s time.idle=9.04µs
2025-10-28T17:04:08.427528Z DEBUG compress:generate records and traces:get program and witness stream: close time.busy=20.9ms time.idle=15.2µs
2025-10-28T17:04:08.799169Z DEBUG compress:prove:batch:Setup compress program:setup machine:generate preprocessed traces: generated preprocessed trace for chip PublicValues in 392.297463ms
2025-10-28T17:04:08.802829Z DEBUG compress:prove:batch:Setup compress program:setup machine:generate preprocessed traces: generated preprocessed trace for chip BaseAlu in 396.006084ms
2025-10-28T17:04:08.803744Z DEBUG compress:prove:batch:Setup compress program:setup machine:generate preprocessed traces: generated preprocessed trace for chip ExpReverseBitsLen in 396.880328ms
2025-10-28T17:04:08.803928Z DEBUG compress:prove:batch:Setup compress program:setup machine:generate preprocessed traces: generated preprocessed trace for chip MemoryConst in 397.201173ms
2025-10-28T17:04:08.846928Z DEBUG compress:prove:batch:Setup compress program:setup machine:generate preprocessed traces: generated preprocessed trace for chip Select in 440.064334ms
2025-10-28T17:04:08.858110Z DEBUG fixed log2 rows can be potentially reduced: got 213200, expected 2097152
2025-10-28T17:04:08.866898Z DEBUG compress:prove:batch:Setup compress program:setup machine:generate preprocessed traces: generated preprocessed trace for chip MemoryVar in 460.048722ms
2025-10-28T17:04:08.877944Z DEBUG compress:prove:batch:Setup compress program:setup machine:generate preprocessed traces: generated preprocessed trace for chip Poseidon2WideDeg3 in 471.066564ms
2025-10-28T17:04:08.891575Z DEBUG compress:prove:batch:Setup compress program:setup machine:generate preprocessed traces: generated preprocessed trace for chip ExtAlu in 484.724552ms
2025-10-28T17:04:08.985828Z DEBUG compress:generate records and traces:execute runtime: close time.busy=558ms time.idle=7.36µs
2025-10-28T17:04:08.985937Z DEBUG compress:generate records and traces:generate dependencies:register nonces: close time.busy=1.23µs time.idle=3.32µs
2025-10-28T17:04:08.985956Z DEBUG compress:generate records and traces:generate dependencies: close time.busy=41.0µs time.idle=4.17µs
2025-10-28T17:04:08.986265Z DEBUG fixed log2 rows can be potentially reduced: got 510704, expected 1048576
2025-10-28T17:04:08.986337Z DEBUG compress:generate records and traces:generate traces:generate traces for shard: generated trace for chip PublicValues in 15.285µs
2025-10-28T17:04:08.986515Z DEBUG compress:generate records and traces:generate traces:generate traces for shard: generated trace for chip MemoryConst in 433.877µs
2025-10-28T17:04:08.988636Z DEBUG compress:generate records and traces:generate traces:generate traces for shard: generated trace for chip BaseAlu in 2.339461ms
2025-10-28T17:04:08.990142Z DEBUG generate batch fri trace: fixed log2 rows can be potentially reduced: got 213200, expected 2097152 rows=213200
2025-10-28T17:04:08.995134Z DEBUG compress:generate records and traces:generate traces:generate traces for shard: generated trace for chip Select in 8.872018ms
2025-10-28T17:04:08.998573Z DEBUG compress:prove:batch:Setup compress program:setup machine:generate preprocessed traces: generated preprocessed trace for chip BatchFRI in 591.777436ms
2025-10-28T17:04:09.010075Z DEBUG generate exp reverse bits len trace: close time.busy=23.8ms time.idle=4.27µs rows=9200
2025-10-28T17:04:09.010140Z DEBUG compress:generate records and traces:generate traces:generate traces for shard: generated trace for chip ExpReverseBitsLen in 23.860621ms
2025-10-28T17:04:09.016586Z DEBUG fixed log2 rows can be potentially reduced: got 367020, expected 1048576
2025-10-28T17:04:09.116145Z DEBUG compress:generate records and traces:generate traces:generate traces for shard: generated trace for chip MemoryVar in 129.94587ms
2025-10-28T17:04:09.128345Z DEBUG compress:generate records and traces:generate traces:generate traces for shard: generated trace for chip ExtAlu in 142.038261ms
2025-10-28T17:04:09.335113Z DEBUG generate batch fri trace: close time.busy=349ms time.idle=5.52µs rows=213200
2025-10-28T17:04:09.335192Z DEBUG compress:generate records and traces:generate traces:generate traces for shard: generated trace for chip BatchFRI in 348.884362ms
2025-10-28T17:04:09.477659Z DEBUG generate poseidon2 wide trace: close time.busy=491ms time.idle=5.46µs rows=95402
2025-10-28T17:04:09.477706Z DEBUG compress:generate records and traces:generate traces:generate traces for shard: generated trace for chip Poseidon2WideDeg3 in 491.533429ms
2025-10-28T17:04:09.477810Z DEBUG compress:generate records and traces:generate traces:generate traces for shard: close time.busy=492ms time.idle=3.70µs
2025-10-28T17:04:09.477849Z DEBUG compress:generate records and traces:generate traces: close time.busy=492ms time.idle=3.67µs
2025-10-28T17:04:11.714928Z DEBUG compress:prove:batch:open:open multi batches: close time.busy=6.79s time.idle=4.45µs
2025-10-28T17:04:11.715045Z DEBUG compress:prove:batch:open:compute quotient values: close time.busy=4.47s time.idle=9.11s
2025-10-28T17:04:12.054557Z DEBUG compress:prove:batch:open: close time.busy=19.5s time.idle=6.31µs
2025-10-28T17:04:12.054717Z DEBUG compress:prove:batch: close time.busy=39.4s time.idle=5.58µs
2025-10-28T17:04:12.077732Z DEBUG compress:generate records and traces:get program and witness stream: close time.busy=19.3ms time.idle=6.24µs
2025-10-28T17:04:12.081416Z DEBUG compress:prove:batch:Setup compress program:setup machine:generate preprocessed traces: generated preprocessed trace for chip PublicValues in 15.326345ms
2025-10-28T17:04:12.084477Z DEBUG compress:prove:batch:Setup compress program:setup machine:generate preprocessed traces: generated preprocessed trace for chip BaseAlu in 18.572785ms
2025-10-28T17:04:12.092407Z DEBUG fixed log2 rows can be potentially reduced: got 213200, expected 2097152
2025-10-28T17:04:12.096166Z DEBUG compress:prove:batch:Setup compress program:setup machine:generate preprocessed traces: generated preprocessed trace for chip Select in 30.112335ms
2025-10-28T17:04:12.097480Z DEBUG compress:prove:batch:Setup compress program:setup machine:generate preprocessed traces: generated preprocessed trace for chip ExpReverseBitsLen in 31.420712ms
2025-10-28T17:04:12.097616Z DEBUG compress:prove:batch:Setup compress program:setup machine:generate preprocessed traces: generated preprocessed trace for chip MemoryConst in 31.726929ms
2025-10-28T17:04:12.116169Z DEBUG compress:prove:batch:Setup compress program:setup machine:generate preprocessed traces: generated preprocessed trace for chip MemoryVar in 50.188806ms
2025-10-28T17:04:12.152201Z DEBUG compress:prove:batch:Setup compress program:setup machine:generate preprocessed traces: generated preprocessed trace for chip Poseidon2WideDeg3 in 86.29094ms
2025-10-28T17:04:12.170738Z DEBUG compress:prove:batch:Setup compress program:setup machine:generate preprocessed traces: generated preprocessed trace for chip ExtAlu in 104.787365ms
2025-10-28T17:04:12.237601Z DEBUG compress:prove:batch:Setup compress program:setup machine:generate preprocessed traces: generated preprocessed trace for chip BatchFRI in 171.512154ms
2025-10-28T17:04:12.411771Z DEBUG compress:generate records and traces:execute runtime: close time.busy=334ms time.idle=7.30µs
2025-10-28T17:04:12.411876Z DEBUG compress:generate records and traces:generate dependencies:register nonces: close time.busy=1.28µs time.idle=3.99µs
2025-10-28T17:04:12.411893Z DEBUG compress:generate records and traces:generate dependencies: close time.busy=49.0µs time.idle=3.17µs
2025-10-28T17:04:12.415765Z DEBUG fixed log2 rows can be potentially reduced: got 471504, expected 1048576
2025-10-28T17:04:12.415789Z DEBUG compress:generate records and traces:generate traces:generate traces for shard: generated trace for chip PublicValues in 14.772µs
2025-10-28T17:04:12.416217Z DEBUG compress:generate records and traces:generate traces:generate traces for shard: generated trace for chip MemoryConst in 480.949µs
2025-10-28T17:04:12.421487Z DEBUG generate batch fri trace: fixed log2 rows can be potentially reduced: got 213200, expected 2097152 rows=213200
2025-10-28T17:04:12.425408Z DEBUG compress:generate records and traces:generate traces:generate traces for shard: generated trace for chip Select in 9.644747ms
2025-10-28T17:04:12.431255Z DEBUG compress:generate records and traces:generate traces:generate traces for shard: generated trace for chip BaseAlu in 15.504708ms
2025-10-28T17:04:12.441540Z DEBUG generate exp reverse bits len trace: close time.busy=25.8ms time.idle=5.39µs rows=9200
2025-10-28T17:04:12.441595Z DEBUG compress:generate records and traces:generate traces:generate traces for shard: generated trace for chip ExpReverseBitsLen in 25.828151ms
2025-10-28T17:04:12.452230Z DEBUG fixed log2 rows can be potentially reduced: got 346512, expected 1048576
2025-10-28T17:04:12.746097Z DEBUG compress:generate records and traces:generate traces:generate traces for shard: generated trace for chip ExtAlu in 330.345435ms
2025-10-28T17:04:12.746996Z DEBUG compress:generate records and traces:generate traces:generate traces for shard: generated trace for chip MemoryVar in 331.245388ms
2025-10-28T17:04:12.922557Z DEBUG generate batch fri trace: close time.busy=507ms time.idle=5.92µs rows=213200
2025-10-28T17:04:12.922608Z DEBUG compress:generate records and traces:generate traces:generate traces for shard: generated trace for chip BatchFRI in 506.829964ms
2025-10-28T17:04:13.061538Z DEBUG generate poseidon2 wide trace: close time.busy=646ms time.idle=5.84µs rows=90000
2025-10-28T17:04:13.061601Z DEBUG compress:generate records and traces:generate traces:generate traces for shard: generated trace for chip Poseidon2WideDeg3 in 645.861631ms
2025-10-28T17:04:13.061727Z DEBUG compress:generate records and traces:generate traces:generate traces for shard: close time.busy=650ms time.idle=3.75µs
2025-10-28T17:04:13.061764Z DEBUG compress:generate records and traces:generate traces: close time.busy=650ms time.idle=4.21µs
2025-10-28T17:04:18.907294Z DEBUG compress:prove:batch:Setup compress program:setup machine:commit to preprocessed traces: close time.busy=9.26s time.idle=19.0µs
2025-10-28T17:04:18.907407Z DEBUG compress:prove:batch:Setup compress program:setup machine:generate preprocessed traces: close time.busy=1.07s time.idle=9.43s
2025-10-28T17:04:18.907455Z DEBUG compress:prove:batch:Setup compress program:setup machine: close time.busy=10.5s time.idle=2.99µs
2025-10-28T17:04:18.907470Z DEBUG compress:prove:batch:Setup compress program: close time.busy=10.5s time.idle=3.20µs
2025-10-28T17:04:18.907547Z DEBUG compress:prove:batch:observe proving key: close time.busy=12.2µs time.idle=3.40µs
2025-10-28T17:04:24.767731Z DEBUG compress:prove:batch:Setup compress program:setup machine:commit to preprocessed traces: close time.busy=12.4s time.idle=7.33µs
2025-10-28T17:04:24.767839Z DEBUG compress:prove:batch:Setup compress program:setup machine:generate preprocessed traces: close time.busy=191ms time.idle=12.5s
2025-10-28T17:04:24.767855Z DEBUG compress:prove:batch:Setup compress program:setup machine: close time.busy=12.7s time.idle=2.88µs
2025-10-28T17:04:24.767869Z DEBUG compress:prove:batch:Setup compress program: close time.busy=12.7s time.idle=3.84µs
2025-10-28T17:04:24.767907Z DEBUG compress:prove:batch:observe proving key: close time.busy=10.8µs time.idle=3.93µs
2025-10-28T17:04:44.443142Z DEBUG compress:prove:batch:commit: close time.busy=25.5s time.idle=4.92µs
2025-10-28T17:04:48.619711Z DEBUG compress:prove:batch:open:generate permutation traces: close time.busy=4.18s time.idle=6.70µs
2025-10-28T17:04:48.619882Z DEBUG compress:prove:batch:open: BatchFRI        | Main Cols = 13    | Pre Cols = 6      | Perm Cols = 12    | Rows = 2097152 | Cells = 65011712  
2025-10-28T17:04:48.619929Z DEBUG compress:prove:batch:open: MemoryVar       | Main Cols = 8     | Pre Cols = 4      | Perm Cols = 8     | Rows = 1048576 | Cells = 20971520  
2025-10-28T17:04:48.619943Z DEBUG compress:prove:batch:open: Select          | Main Cols = 5     | Pre Cols = 8      | Perm Cols = 16    | Rows = 1048576 | Cells = 30408704  
2025-10-28T17:04:48.619956Z DEBUG compress:prove:batch:open: ExtAlu          | Main Cols = 48    | Pre Cols = 32     | Perm Cols = 28    | Rows = 524288 | Cells = 56623104  
2025-10-28T17:04:48.619968Z DEBUG compress:prove:batch:open: ExpReverseBitsLen | Main Cols = 7     | Pre Cols = 10     | Perm Cols = 12    | Rows = 262144 | Cells = 7602176   
2025-10-28T17:04:48.619980Z DEBUG compress:prove:batch:open: MemoryConst     | Main Cols = 1     | Pre Cols = 12     | Perm Cols = 8     | Rows = 262144 | Cells = 5505024   
2025-10-28T17:04:48.620021Z DEBUG compress:prove:batch:open: Poseidon2WideDeg3 | Main Cols = 313   | Pre Cols = 49     | Perm Cols = 68    | Rows = 262144 | Cells = 112721920 
2025-10-28T17:04:48.620036Z DEBUG compress:prove:batch:open: BaseAlu         | Main Cols = 12    | Pre Cols = 32     | Perm Cols = 28    | Rows = 65536 | Cells = 4718592   
2025-10-28T17:04:48.620072Z DEBUG compress:prove:batch:open: PublicValues    | Main Cols = 1     | Pre Cols = 10     | Perm Cols = 8     | Rows = 16    | Cells = 304       
2025-10-28T17:04:50.428266Z DEBUG compress:prove:batch:open:flatten permutation traces and collect domains: close time.busy=1.81s time.idle=7.11µs
2025-10-28T17:05:04.080282Z DEBUG compress:prove:batch:commit: close time.busy=39.3s time.idle=4.43µs
2025-10-28T17:05:08.114766Z DEBUG compress:prove:batch:open:generate permutation traces: close time.busy=4.03s time.idle=5.47µs
2025-10-28T17:05:08.114854Z DEBUG compress:prove:batch:open: BatchFRI        | Main Cols = 13    | Pre Cols = 6      | Perm Cols = 12    | Rows = 2097152 | Cells = 65011712  
2025-10-28T17:05:08.114871Z DEBUG compress:prove:batch:open: MemoryVar       | Main Cols = 8     | Pre Cols = 4      | Perm Cols = 8     | Rows = 1048576 | Cells = 20971520  
2025-10-28T17:05:08.114883Z DEBUG compress:prove:batch:open: Select          | Main Cols = 5     | Pre Cols = 8      | Perm Cols = 16    | Rows = 1048576 | Cells = 30408704  
2025-10-28T17:05:08.114894Z DEBUG compress:prove:batch:open: ExtAlu          | Main Cols = 48    | Pre Cols = 32     | Perm Cols = 28    | Rows = 524288 | Cells = 56623104  
2025-10-28T17:05:08.114906Z DEBUG compress:prove:batch:open: ExpReverseBitsLen | Main Cols = 7     | Pre Cols = 10     | Perm Cols = 12    | Rows = 262144 | Cells = 7602176   
2025-10-28T17:05:08.114918Z DEBUG compress:prove:batch:open: MemoryConst     | Main Cols = 1     | Pre Cols = 12     | Perm Cols = 8     | Rows = 262144 | Cells = 5505024   
2025-10-28T17:05:08.114932Z DEBUG compress:prove:batch:open: Poseidon2WideDeg3 | Main Cols = 313   | Pre Cols = 49     | Perm Cols = 68    | Rows = 262144 | Cells = 112721920 
2025-10-28T17:05:08.114949Z DEBUG compress:prove:batch:open: BaseAlu         | Main Cols = 12    | Pre Cols = 32     | Perm Cols = 28    | Rows = 65536 | Cells = 4718592   
2025-10-28T17:05:08.114965Z DEBUG compress:prove:batch:open: PublicValues    | Main Cols = 1     | Pre Cols = 10     | Perm Cols = 8     | Rows = 16    | Cells = 304       
2025-10-28T17:05:10.154857Z DEBUG compress:prove:batch:open:flatten permutation traces and collect domains: close time.busy=2.04s time.idle=7.09µs
2025-10-28T17:05:19.789315Z DEBUG compress:prove:batch:open:commit to permutation traces: close time.busy=29.4s time.idle=29.4µs
2025-10-28T17:05:19.790469Z DEBUG compress:prove:batch:open:compute quotient values:compute quotient values for domain: close time.busy=711µs time.idle=5.82µs
2025-10-28T17:05:20.436217Z DEBUG compress:prove:batch:open:compute quotient values:compute quotient values for domain: close time.busy=646ms time.idle=6.68µs
2025-10-28T17:05:29.069659Z DEBUG compress:prove:batch:open:compute quotient values:compute quotient values for domain: close time.busy=9.28s time.idle=12.8µs
2025-10-28T17:05:29.070925Z DEBUG compress:prove:batch:open:compute quotient values:compute quotient values for domain: close time.busy=9.28s time.idle=5.20µs
2025-10-28T17:05:29.165900Z DEBUG compress:prove:batch:open:compute quotient values:compute quotient values for domain: close time.busy=9.38s time.idle=8.94µs
2025-10-28T17:05:29.228665Z DEBUG compress:prove:batch:open:compute quotient values:compute quotient values for domain: close time.busy=9.44s time.idle=5.97µs
2025-10-28T17:05:29.234608Z DEBUG compress:prove:batch:open:compute quotient values:compute quotient values for domain: close time.busy=9.44s time.idle=7.02µs
2025-10-28T17:05:29.989131Z DEBUG compress:prove:batch:open:compute quotient values:compute quotient values for domain: close time.busy=10.2s time.idle=5.33µs
2025-10-28T17:05:34.995143Z DEBUG compress:prove:batch:open:compute quotient values:compute quotient values for domain: close time.busy=15.2s time.idle=5.49µs
2025-10-28T17:05:41.284317Z DEBUG compress:prove:batch:open:commit to permutation traces: close time.busy=31.1s time.idle=7.89µs
2025-10-28T17:05:41.285105Z DEBUG compress:prove:batch:open:compute quotient values:compute quotient values for domain: close time.busy=310µs time.idle=8.25µs
2025-10-28T17:05:43.298680Z DEBUG compress:prove:batch:open:compute quotient values:compute quotient values for domain: close time.busy=2.01s time.idle=19.5µs
2025-10-28T17:05:43.311453Z DEBUG compress:prove:batch:open:compute quotient values:compute quotient values for domain: close time.busy=2.03s time.idle=11.9µs
2025-10-28T17:05:43.329188Z DEBUG compress:prove:batch:open:compute quotient values:compute quotient values for domain: close time.busy=2.04s time.idle=9.05µs
2025-10-28T17:06:00.394157Z DEBUG compress:prove:batch:open:compute quotient values:compute quotient values for domain: close time.busy=19.1s time.idle=20.0µs
2025-10-28T17:06:00.417501Z DEBUG compress:prove:batch:open:compute quotient values:compute quotient values for domain: close time.busy=19.1s time.idle=7.57µs
2025-10-28T17:06:00.432886Z DEBUG compress:prove:batch:open:compute quotient values:compute quotient values for domain: close time.busy=19.1s time.idle=7.30µs
2025-10-28T17:06:00.452747Z DEBUG compress:prove:batch:open:compute quotient values:compute quotient values for domain: close time.busy=19.2s time.idle=7.96µs
2025-10-28T17:06:00.602578Z DEBUG compress:prove:batch:open:compute quotient values:compute quotient values for domain: close time.busy=19.3s time.idle=16.2µs
2025-10-28T17:06:08.319210Z DEBUG compress:prove:batch:open:commit to quotient traces: close time.busy=32.4s time.idle=6.84µs
2025-10-28T17:06:08.319290Z DEBUG compress:prove:batch:open:compute preprocessed opening points: close time.busy=5.57µs time.idle=3.39µs
2025-10-28T17:06:08.319327Z DEBUG compress:prove:batch:open:compute main trace opening points: close time.busy=20.3µs time.idle=2.45µs
2025-10-28T17:06:08.319355Z DEBUG compress:prove:batch:open:compute permutation trace opening points: close time.busy=12.8µs time.idle=2.32µs
2025-10-28T17:06:15.715540Z DEBUG compress:prove:batch:open:commit to quotient traces: close time.busy=14.4s time.idle=8.05µs
2025-10-28T17:06:15.715707Z DEBUG compress:prove:batch:open:compute preprocessed opening points: close time.busy=6.95µs time.idle=9.05µs
2025-10-28T17:06:15.715857Z DEBUG compress:prove:batch:open:compute main trace opening points: close time.busy=126µs time.idle=3.46µs
2025-10-28T17:06:15.715949Z DEBUG compress:prove:batch:open:compute permutation trace opening points: close time.busy=64.6µs time.idle=3.17µs
2025-10-28T17:06:37.180946Z DEBUG compress:prove:batch:open:open multi batches: close time.busy=28.9s time.idle=4.99µs
2025-10-28T17:06:37.435331Z DEBUG compress:prove:batch:open:compute quotient values: close time.busy=15.2s time.idle=62.4s
2025-10-28T17:06:38.259549Z DEBUG compress:prove:batch:open: close time.busy=114s time.idle=6.79µs
2025-10-28T17:06:38.459814Z DEBUG compress:prove:batch: close time.busy=150s time.idle=8.16µs
2025-10-28T17:06:38.686366Z DEBUG compress:generate records and traces:get program and witness stream: close time.busy=223ms time.idle=13.0µs
2025-10-28T17:06:38.849268Z DEBUG compress:prove:batch:Setup compress program:setup machine:generate preprocessed traces: generated preprocessed trace for chip PublicValues in 383.437004ms
2025-10-28T17:06:38.858167Z DEBUG compress:prove:batch:Setup compress program:setup machine:generate preprocessed traces: generated preprocessed trace for chip ExpReverseBitsLen in 392.334398ms
2025-10-28T17:06:38.867749Z DEBUG compress:prove:batch:Setup compress program:setup machine:generate preprocessed traces: generated preprocessed trace for chip MemoryConst in 401.926199ms
2025-10-28T17:06:38.881526Z DEBUG compress:prove:batch:Setup compress program:setup machine:generate preprocessed traces: generated preprocessed trace for chip BaseAlu in 415.696086ms
2025-10-28T17:06:38.884338Z DEBUG fixed log2 rows can be potentially reduced: got 213200, expected 2097152
2025-10-28T17:06:38.928033Z DEBUG compress:prove:batch:Setup compress program:setup machine:generate preprocessed traces: generated preprocessed trace for chip Select in 462.203061ms
2025-10-28T17:06:38.936844Z DEBUG compress:prove:batch:Setup compress program:setup machine:generate preprocessed traces: generated preprocessed trace for chip MemoryVar in 471.0136ms
2025-10-28T17:06:38.945772Z DEBUG compress:prove:batch:Setup compress program:setup machine:generate preprocessed traces: generated preprocessed trace for chip Poseidon2WideDeg3 in 479.942433ms
2025-10-28T17:06:38.955691Z DEBUG compress:prove:batch:Setup compress program:setup machine:generate preprocessed traces: generated preprocessed trace for chip ExtAlu in 489.862443ms
2025-10-28T17:06:39.086264Z DEBUG compress:prove:batch:Setup compress program:setup machine:generate preprocessed traces: generated preprocessed trace for chip BatchFRI in 620.403672ms
2025-10-28T17:06:39.186035Z DEBUG compress:generate records and traces:execute runtime: close time.busy=500ms time.idle=7.46µs
2025-10-28T17:06:39.186160Z DEBUG compress:generate records and traces:generate dependencies:register nonces: close time.busy=1.24µs time.idle=3.70µs
2025-10-28T17:06:39.186190Z DEBUG compress:generate records and traces:generate dependencies: close time.busy=74.2µs time.idle=4.63µs
2025-10-28T17:06:39.186286Z DEBUG fixed log2 rows can be potentially reduced: got 471504, expected 1048576
2025-10-28T17:06:39.186297Z DEBUG compress:generate records and traces:generate traces:generate traces for shard: generated trace for chip PublicValues in 18.12µs
2025-10-28T17:06:39.187287Z DEBUG compress:generate records and traces:generate traces:generate traces for shard: generated trace for chip MemoryConst in 999.36µs
2025-10-28T17:06:39.187763Z DEBUG compress:generate records and traces:generate traces:generate traces for shard: generated trace for chip BaseAlu in 1.453666ms
2025-10-28T17:06:39.190554Z DEBUG fixed log2 rows can be potentially reduced: got 346512, expected 1048576
2025-10-28T17:06:39.199291Z DEBUG generate batch fri trace: fixed log2 rows can be potentially reduced: got 213200, expected 2097152 rows=213200
2025-10-28T17:06:39.225612Z DEBUG compress:generate records and traces:generate traces:generate traces for shard: generated trace for chip Select in 39.336198ms
2025-10-28T17:06:39.246307Z DEBUG generate exp reverse bits len trace: close time.busy=60.0ms time.idle=6.22µs rows=9200
2025-10-28T17:06:39.246375Z DEBUG compress:generate records and traces:generate traces:generate traces for shard: generated trace for chip ExpReverseBitsLen in 60.099722ms
2025-10-28T17:06:39.545781Z DEBUG compress:generate records and traces:generate traces:generate traces for shard: generated trace for chip MemoryVar in 359.490457ms
2025-10-28T17:06:39.549459Z DEBUG compress:generate records and traces:generate traces:generate traces for shard: generated trace for chip ExtAlu in 363.141984ms
2025-10-28T17:06:39.741462Z DEBUG generate batch fri trace: close time.busy=555ms time.idle=40.9µs rows=213200
2025-10-28T17:06:39.741520Z DEBUG compress:generate records and traces:generate traces:generate traces for shard: generated trace for chip BatchFRI in 555.246184ms
2025-10-28T17:06:39.890492Z DEBUG generate poseidon2 wide trace: close time.busy=704ms time.idle=7.50µs rows=90000
2025-10-28T17:06:39.890547Z DEBUG compress:generate records and traces:generate traces:generate traces for shard: generated trace for chip Poseidon2WideDeg3 in 704.272928ms
2025-10-28T17:06:39.890650Z DEBUG compress:generate records and traces:generate traces:generate traces for shard: close time.busy=704ms time.idle=4.43µs
2025-10-28T17:06:39.890705Z DEBUG compress:generate records and traces:generate traces: close time.busy=704ms time.idle=4.44µs
2025-10-28T17:06:51.949675Z DEBUG compress:prove:batch:Setup compress program:setup machine:commit to preprocessed traces: close time.busy=12.3s time.idle=9.29µs
2025-10-28T17:06:51.950072Z DEBUG compress:prove:batch:Setup compress program:setup machine:generate preprocessed traces: close time.busy=644ms time.idle=12.8s
2025-10-28T17:06:51.950106Z DEBUG compress:prove:batch:Setup compress program:setup machine: close time.busy=13.5s time.idle=3.95µs
2025-10-28T17:06:51.950134Z DEBUG compress:prove:batch:Setup compress program: close time.busy=13.5s time.idle=11.9µs
2025-10-28T17:06:51.950198Z DEBUG compress:prove:batch:observe proving key: close time.busy=17.2µs time.idle=4.99µs
2025-10-28T17:06:53.547274Z DEBUG compress:prove:batch:open:open multi batches: close time.busy=37.8s time.idle=5.49µs
2025-10-28T17:06:53.629840Z DEBUG compress:prove:batch:open:compute quotient values: close time.busy=19.3s time.idle=53.0s
2025-10-28T17:06:54.518156Z DEBUG compress:prove:batch:open: close time.busy=110s time.idle=5.81µs
2025-10-28T17:06:54.795937Z DEBUG compress:prove:batch: close time.busy=163s time.idle=11.9µs
2025-10-28T17:06:54.885720Z DEBUG compress:prove:batch:Setup compress program:setup machine:generate preprocessed traces: generated preprocessed trace for chip PublicValues in 87.172208ms
2025-10-28T17:06:54.890250Z DEBUG compress:prove:batch:Setup compress program:setup machine:generate preprocessed traces: generated preprocessed trace for chip ExpReverseBitsLen in 91.702679ms
2025-10-28T17:06:54.897747Z DEBUG compress:prove:batch:Setup compress program:setup machine:generate preprocessed traces: generated preprocessed trace for chip BaseAlu in 99.270842ms
2025-10-28T17:06:54.897758Z DEBUG compress:prove:batch:Setup compress program:setup machine:generate preprocessed traces: generated preprocessed trace for chip MemoryConst in 99.520991ms
2025-10-28T17:06:54.903061Z DEBUG compress:prove:batch:Setup compress program:setup machine:generate preprocessed traces: generated preprocessed trace for chip MemoryVar in 104.735633ms
2025-10-28T17:06:54.933913Z DEBUG compress:prove:batch:Setup compress program:setup machine:generate preprocessed traces: generated preprocessed trace for chip Select in 135.40942ms
2025-10-28T17:06:54.961495Z DEBUG fixed log2 rows can be potentially reduced: got 213200, expected 2097152
2025-10-28T17:06:54.972491Z DEBUG compress:prove:batch:Setup compress program:setup machine:generate preprocessed traces: generated preprocessed trace for chip Poseidon2WideDeg3 in 174.106633ms
2025-10-28T17:06:55.000692Z DEBUG compress:prove:batch:Setup compress program:setup machine:generate preprocessed traces: generated preprocessed trace for chip ExtAlu in 202.139835ms
2025-10-28T17:06:55.144496Z DEBUG compress:prove:batch:Setup compress program:setup machine:generate preprocessed traces: generated preprocessed trace for chip BatchFRI in 345.877972ms
2025-10-28T17:07:07.572548Z DEBUG compress:prove:batch:Setup compress program:setup machine:commit to preprocessed traces: close time.busy=12.2s time.idle=9.63µs
2025-10-28T17:07:07.572711Z DEBUG compress:prove:batch:Setup compress program:setup machine:generate preprocessed traces: close time.busy=347ms time.idle=12.4s
2025-10-28T17:07:07.572732Z DEBUG compress:prove:batch:Setup compress program:setup machine: close time.busy=12.8s time.idle=2.64µs
2025-10-28T17:07:07.572748Z DEBUG compress:prove:batch:Setup compress program: close time.busy=12.8s time.idle=3.47µs
2025-10-28T17:07:07.572823Z DEBUG compress:prove:batch:observe proving key: close time.busy=22.3µs time.idle=9.19µs
2025-10-28T17:07:20.605131Z DEBUG compress:prove:batch:commit: close time.busy=28.7s time.idle=5.18µs
2025-10-28T17:07:24.750195Z DEBUG compress:prove:batch:open:generate permutation traces: close time.busy=4.14s time.idle=6.00µs
2025-10-28T17:07:24.750279Z DEBUG compress:prove:batch:open: BatchFRI        | Main Cols = 13    | Pre Cols = 6      | Perm Cols = 12    | Rows = 2097152 | Cells = 65011712  
2025-10-28T17:07:24.750299Z DEBUG compress:prove:batch:open: MemoryVar       | Main Cols = 8     | Pre Cols = 4      | Perm Cols = 8     | Rows = 1048576 | Cells = 20971520  
2025-10-28T17:07:24.750313Z DEBUG compress:prove:batch:open: Select          | Main Cols = 5     | Pre Cols = 8      | Perm Cols = 16    | Rows = 1048576 | Cells = 30408704  
2025-10-28T17:07:24.750327Z DEBUG compress:prove:batch:open: ExtAlu          | Main Cols = 48    | Pre Cols = 32     | Perm Cols = 28    | Rows = 524288 | Cells = 56623104  
2025-10-28T17:07:24.750341Z DEBUG compress:prove:batch:open: ExpReverseBitsLen | Main Cols = 7     | Pre Cols = 10     | Perm Cols = 12    | Rows = 262144 | Cells = 7602176   
2025-10-28T17:07:24.750354Z DEBUG compress:prove:batch:open: MemoryConst     | Main Cols = 1     | Pre Cols = 12     | Perm Cols = 8     | Rows = 262144 | Cells = 5505024   
2025-10-28T17:07:24.750369Z DEBUG compress:prove:batch:open: Poseidon2WideDeg3 | Main Cols = 313   | Pre Cols = 49     | Perm Cols = 68    | Rows = 262144 | Cells = 112721920 
2025-10-28T17:07:24.750382Z DEBUG compress:prove:batch:open: BaseAlu         | Main Cols = 12    | Pre Cols = 32     | Perm Cols = 28    | Rows = 65536 | Cells = 4718592   
2025-10-28T17:07:24.750396Z DEBUG compress:prove:batch:open: PublicValues    | Main Cols = 1     | Pre Cols = 10     | Perm Cols = 8     | Rows = 16    | Cells = 304       
2025-10-28T17:07:26.321643Z DEBUG compress:prove:batch:open:flatten permutation traces and collect domains: close time.busy=1.57s time.idle=6.48µs
2025-10-28T17:07:42.735343Z DEBUG compress:prove:batch:commit: close time.busy=35.2s time.idle=5.59µs
2025-10-28T17:07:47.016393Z DEBUG compress:prove:batch:open:generate permutation traces: close time.busy=4.28s time.idle=6.20µs
2025-10-28T17:07:47.016539Z DEBUG compress:prove:batch:open: BatchFRI        | Main Cols = 13    | Pre Cols = 6      | Perm Cols = 12    | Rows = 2097152 | Cells = 65011712  
2025-10-28T17:07:47.016555Z DEBUG compress:prove:batch:open: MemoryVar       | Main Cols = 8     | Pre Cols = 4      | Perm Cols = 8     | Rows = 1048576 | Cells = 20971520  
2025-10-28T17:07:47.016565Z DEBUG compress:prove:batch:open: Select          | Main Cols = 5     | Pre Cols = 8      | Perm Cols = 16    | Rows = 1048576 | Cells = 30408704  
2025-10-28T17:07:47.016575Z DEBUG compress:prove:batch:open: ExtAlu          | Main Cols = 48    | Pre Cols = 32     | Perm Cols = 28    | Rows = 524288 | Cells = 56623104  
2025-10-28T17:07:47.016584Z DEBUG compress:prove:batch:open: ExpReverseBitsLen | Main Cols = 7     | Pre Cols = 10     | Perm Cols = 12    | Rows = 262144 | Cells = 7602176   
2025-10-28T17:07:47.016594Z DEBUG compress:prove:batch:open: MemoryConst     | Main Cols = 1     | Pre Cols = 12     | Perm Cols = 8     | Rows = 262144 | Cells = 5505024   
2025-10-28T17:07:47.016605Z DEBUG compress:prove:batch:open: Poseidon2WideDeg3 | Main Cols = 313   | Pre Cols = 49     | Perm Cols = 68    | Rows = 262144 | Cells = 112721920 
2025-10-28T17:07:47.016615Z DEBUG compress:prove:batch:open: BaseAlu         | Main Cols = 12    | Pre Cols = 32     | Perm Cols = 28    | Rows = 65536 | Cells = 4718592   
2025-10-28T17:07:47.016624Z DEBUG compress:prove:batch:open: PublicValues    | Main Cols = 1     | Pre Cols = 10     | Perm Cols = 8     | Rows = 16    | Cells = 304       
2025-10-28T17:07:49.324153Z DEBUG compress:prove:batch:open:flatten permutation traces and collect domains: close time.busy=2.31s time.idle=6.23µs
2025-10-28T17:07:56.981230Z DEBUG compress:prove:batch:open:commit to permutation traces: close time.busy=30.7s time.idle=7.01µs
2025-10-28T17:07:56.981939Z DEBUG compress:prove:batch:open:compute quotient values:compute quotient values for domain: close time.busy=238µs time.idle=13.4µs
2025-10-28T17:08:03.635253Z DEBUG compress:prove:batch:open:compute quotient values:compute quotient values for domain: close time.busy=6.65s time.idle=22.9µs
2025-10-28T17:08:03.637580Z DEBUG compress:prove:batch:open:compute quotient values:compute quotient values for domain: close time.busy=6.66s time.idle=4.37µs
2025-10-28T17:08:03.653607Z DEBUG compress:prove:batch:open:compute quotient values:compute quotient values for domain: close time.busy=6.67s time.idle=6.24µs
2025-10-28T17:08:03.742515Z DEBUG compress:prove:batch:open:compute quotient values:compute quotient values for domain: close time.busy=6.76s time.idle=8.28µs
2025-10-28T17:08:04.041733Z DEBUG compress:prove:batch:open:compute quotient values:compute quotient values for domain: close time.busy=7.06s time.idle=7.56µs
2025-10-28T17:08:15.901874Z DEBUG compress:prove:batch:open:compute quotient values:compute quotient values for domain: close time.busy=18.9s time.idle=5.91µs
2025-10-28T17:08:15.999381Z DEBUG compress:prove:batch:open:compute quotient values:compute quotient values for domain: close time.busy=19.0s time.idle=6.30µs
2025-10-28T17:08:16.053914Z DEBUG compress:prove:batch:open:compute quotient values:compute quotient values for domain: close time.busy=19.1s time.idle=48.7µs
2025-10-28T17:08:26.387006Z DEBUG compress:prove:batch:open:commit to permutation traces: close time.busy=37.1s time.idle=6.76µs
2025-10-28T17:08:26.387683Z DEBUG compress:prove:batch:open:compute quotient values:compute quotient values for domain: close time.busy=193µs time.idle=12.4µs
2025-10-28T17:08:27.792575Z DEBUG compress:prove:batch:open:compute quotient values:compute quotient values for domain: close time.busy=1.41s time.idle=6.18µs
2025-10-28T17:08:27.801611Z DEBUG compress:prove:batch:open:compute quotient values:compute quotient values for domain: close time.busy=1.41s time.idle=13.4µs
2025-10-28T17:08:27.857466Z DEBUG compress:prove:batch:open:compute quotient values:compute quotient values for domain: close time.busy=1.47s time.idle=20.4µs
2025-10-28T17:08:44.642348Z DEBUG compress:prove:batch:open:compute quotient values:compute quotient values for domain: close time.busy=18.3s time.idle=13.2µs
2025-10-28T17:08:44.661029Z DEBUG compress:prove:batch:open:compute quotient values:compute quotient values for domain: close time.busy=18.3s time.idle=14.9µs
2025-10-28T17:08:44.668131Z DEBUG compress:prove:batch:open:compute quotient values:compute quotient values for domain: close time.busy=18.3s time.idle=6.77µs
2025-10-28T17:08:44.679914Z DEBUG compress:prove:batch:open:compute quotient values:compute quotient values for domain: close time.busy=18.3s time.idle=6.86µs
2025-10-28T17:08:44.898980Z DEBUG compress:prove:batch:open:compute quotient values:compute quotient values for domain: close time.busy=18.5s time.idle=6.99µs
2025-10-28T17:08:51.395740Z DEBUG compress:prove:batch:open:commit to quotient traces: close time.busy=34.5s time.idle=7.93µs
2025-10-28T17:08:51.395858Z DEBUG compress:prove:batch:open:compute preprocessed opening points: close time.busy=25.2µs time.idle=5.06µs
2025-10-28T17:08:51.395897Z DEBUG compress:prove:batch:open:compute main trace opening points: close time.busy=15.9µs time.idle=3.34µs
2025-10-28T17:08:51.395929Z DEBUG compress:prove:batch:open:compute permutation trace opening points: close time.busy=5.96µs time.idle=3.44µs
2025-10-28T17:08:59.841774Z DEBUG compress:prove:batch:open:commit to quotient traces: close time.busy=14.0s time.idle=9.19µs
2025-10-28T17:08:59.841911Z DEBUG compress:prove:batch:open:compute preprocessed opening points: close time.busy=14.9µs time.idle=4.88µs
2025-10-28T17:08:59.841985Z DEBUG compress:prove:batch:open:compute main trace opening points: close time.busy=50.9µs time.idle=3.66µs
2025-10-28T17:08:59.842020Z DEBUG compress:prove:batch:open:compute permutation trace opening points: close time.busy=13.7µs time.idle=3.46µs
2025-10-28T17:09:22.075786Z DEBUG compress:prove:batch:open:open multi batches: close time.busy=30.7s time.idle=4.90µs
2025-10-28T17:09:22.136804Z DEBUG compress:prove:batch:open:compute quotient values: close time.busy=19.1s time.idle=66.1s
2025-10-28T17:09:22.756403Z DEBUG compress:prove:batch:open: close time.busy=122s time.idle=5.96µs
2025-10-28T17:09:22.801383Z DEBUG compress:generate records and traces:get program and witness stream: close time.busy=23.1ms time.idle=14.9µs
2025-10-28T17:09:22.962540Z DEBUG compress:prove:batch: close time.busy=164s time.idle=23.9µs
2025-10-28T17:09:23.368834Z DEBUG compress:prove:batch:Setup compress program:setup machine:generate preprocessed traces: generated preprocessed trace for chip PublicValues in 117.687476ms
2025-10-28T17:09:23.375204Z DEBUG compress:prove:batch:Setup compress program:setup machine:generate preprocessed traces: generated preprocessed trace for chip MemoryConst in 124.061888ms
2025-10-28T17:09:23.377294Z DEBUG compress:prove:batch:Setup compress program:setup machine:generate preprocessed traces: generated preprocessed trace for chip ExpReverseBitsLen in 126.14758ms
2025-10-28T17:09:23.379819Z DEBUG compress:prove:batch:Setup compress program:setup machine:generate preprocessed traces: generated preprocessed trace for chip BaseAlu in 128.677007ms
2025-10-28T17:09:23.396184Z DEBUG compress:prove:batch:Setup compress program:setup machine:generate preprocessed traces: generated preprocessed trace for chip MemoryVar in 145.035611ms
2025-10-28T17:09:23.453613Z DEBUG compress:prove:batch:Setup compress program:setup machine:generate preprocessed traces: generated preprocessed trace for chip Poseidon2WideDeg3 in 202.463977ms
2025-10-28T17:09:23.454314Z DEBUG compress:prove:batch:Setup compress program:setup machine:generate preprocessed traces: generated preprocessed trace for chip Select in 203.168853ms
2025-10-28T17:09:23.458970Z DEBUG fixed log2 rows can be potentially reduced: got 213200, expected 2097152
2025-10-28T17:09:23.488992Z DEBUG compress:prove:batch:Setup compress program:setup machine:generate preprocessed traces: generated preprocessed trace for chip ExtAlu in 237.850249ms
2025-10-28T17:09:23.626379Z DEBUG compress:generate records and traces:execute runtime: close time.busy=825ms time.idle=7.12µs
2025-10-28T17:09:23.626515Z DEBUG compress:generate records and traces:generate dependencies:register nonces: close time.busy=1.25µs time.idle=3.77µs
2025-10-28T17:09:23.626532Z DEBUG compress:generate records and traces:generate dependencies: close time.busy=49.4µs time.idle=4.47µs
2025-10-28T17:09:23.626973Z DEBUG fixed log2 rows can be potentially reduced: got 510704, expected 1048576
2025-10-28T17:09:23.627114Z DEBUG compress:generate records and traces:generate traces:generate traces for shard: generated trace for chip MemoryConst in 390.986µs
2025-10-28T17:09:23.627376Z DEBUG compress:generate records and traces:generate traces:generate traces for shard: generated trace for chip PublicValues in 398.721µs
2025-10-28T17:09:23.628276Z DEBUG compress:generate records and traces:generate traces:generate traces for shard: generated trace for chip BaseAlu in 1.406646ms
2025-10-28T17:09:23.633947Z DEBUG compress:generate records and traces:generate traces:generate traces for shard: generated trace for chip Select in 6.979055ms
2025-10-28T17:09:23.637206Z DEBUG compress:prove:batch:Setup compress program:setup machine:generate preprocessed traces: generated preprocessed trace for chip BatchFRI in 386.059961ms
2025-10-28T17:09:23.638001Z DEBUG fixed log2 rows can be potentially reduced: got 367020, expected 1048576
2025-10-28T17:09:23.654601Z DEBUG generate batch fri trace: fixed log2 rows can be potentially reduced: got 213200, expected 2097152 rows=213200
2025-10-28T17:09:23.736023Z DEBUG generate exp reverse bits len trace: close time.busy=109ms time.idle=8.64µs rows=9200
2025-10-28T17:09:23.736119Z DEBUG compress:generate records and traces:generate traces:generate traces for shard: generated trace for chip ExpReverseBitsLen in 109.147945ms
2025-10-28T17:09:23.787799Z DEBUG compress:generate records and traces:generate traces:generate traces for shard: generated trace for chip MemoryVar in 160.96129ms
2025-10-28T17:09:24.025397Z DEBUG compress:generate records and traces:generate traces:generate traces for shard: generated trace for chip ExtAlu in 398.472827ms
2025-10-28T17:09:24.249615Z DEBUG generate batch fri trace: close time.busy=623ms time.idle=7.32µs rows=213200
2025-10-28T17:09:24.249697Z DEBUG compress:generate records and traces:generate traces:generate traces for shard: generated trace for chip BatchFRI in 622.698182ms
2025-10-28T17:09:24.361134Z DEBUG generate poseidon2 wide trace: close time.busy=734ms time.idle=7.33µs rows=95402
2025-10-28T17:09:24.361196Z DEBUG compress:generate records and traces:generate traces:generate traces for shard: generated trace for chip Poseidon2WideDeg3 in 734.148982ms
2025-10-28T17:09:24.361337Z DEBUG compress:generate records and traces:generate traces:generate traces for shard: close time.busy=735ms time.idle=4.07µs
2025-10-28T17:09:24.361363Z DEBUG compress:generate records and traces:generate traces: close time.busy=735ms time.idle=4.89µs
2025-10-28T17:09:37.018954Z DEBUG compress:prove:batch:Setup compress program:setup machine:commit to preprocessed traces: close time.busy=12.3s time.idle=15.9µs
2025-10-28T17:09:37.019101Z DEBUG compress:prove:batch:Setup compress program:setup machine:generate preprocessed traces: close time.busy=1.28s time.idle=12.8s
2025-10-28T17:09:37.019123Z DEBUG compress:prove:batch:Setup compress program:setup machine: close time.busy=14.1s time.idle=5.05µs
2025-10-28T17:09:37.019147Z DEBUG compress:prove:batch:Setup compress program: close time.busy=14.1s time.idle=12.5µs
2025-10-28T17:09:37.019206Z DEBUG compress:prove:batch:observe proving key: close time.busy=17.9µs time.idle=4.65µs
2025-10-28T17:09:38.714330Z DEBUG compress:prove:batch:open:open multi batches: close time.busy=38.9s time.idle=5.04µs
2025-10-28T17:09:38.785593Z DEBUG compress:prove:batch:open:compute quotient values: close time.busy=18.5s time.idle=53.9s
2025-10-28T17:09:39.568930Z DEBUG compress:prove:batch:open: close time.busy=117s time.idle=16.5µs
2025-10-28T17:09:39.889106Z DEBUG compress:prove:batch: close time.busy=165s time.idle=7.11µs
2025-10-28T17:09:40.028256Z DEBUG compress:prove:batch:Setup compress program:setup machine:generate preprocessed traces: generated preprocessed trace for chip PublicValues in 135.544601ms
2025-10-28T17:09:40.041604Z DEBUG compress:prove:batch:Setup compress program:setup machine:generate preprocessed traces: generated preprocessed trace for chip BaseAlu in 149.130285ms
2025-10-28T17:09:40.048326Z DEBUG compress:prove:batch:Setup compress program:setup machine:generate preprocessed traces: generated preprocessed trace for chip MemoryVar in 155.635739ms
2025-10-28T17:09:40.055775Z DEBUG compress:prove:batch:Setup compress program:setup machine:generate preprocessed traces: generated preprocessed trace for chip ExpReverseBitsLen in 163.150424ms
2025-10-28T17:09:40.061863Z DEBUG compress:prove:batch:Setup compress program:setup machine:generate preprocessed traces: generated preprocessed trace for chip MemoryConst in 169.539774ms
2025-10-28T17:09:40.078264Z DEBUG compress:prove:batch:Setup compress program:setup machine:generate preprocessed traces: generated preprocessed trace for chip Select in 185.710002ms
2025-10-28T17:09:40.100140Z DEBUG fixed log2 rows can be potentially reduced: got 213200, expected 2097152
2025-10-28T17:09:40.128995Z DEBUG compress:prove:batch:Setup compress program:setup machine:generate preprocessed traces: generated preprocessed trace for chip Poseidon2WideDeg3 in 236.576905ms
2025-10-28T17:09:40.138141Z DEBUG compress:prove:batch:Setup compress program:setup machine:generate preprocessed traces: generated preprocessed trace for chip ExtAlu in 245.476947ms
2025-10-28T17:09:40.313282Z DEBUG compress:prove:batch:Setup compress program:setup machine:generate preprocessed traces: generated preprocessed trace for chip BatchFRI in 420.458445ms
2025-10-28T17:09:54.623876Z DEBUG compress:prove:batch:Setup compress program:setup machine:commit to preprocessed traces: close time.busy=13.9s time.idle=7.07µs
2025-10-28T17:09:54.624026Z DEBUG compress:prove:batch:Setup compress program:setup machine:generate preprocessed traces: close time.busy=477ms time.idle=14.3s
2025-10-28T17:09:54.624074Z DEBUG compress:prove:batch:Setup compress program:setup machine: close time.busy=14.7s time.idle=26.7µs
2025-10-28T17:09:54.624096Z DEBUG compress:prove:batch:Setup compress program: close time.busy=14.7s time.idle=8.44µs
2025-10-28T17:09:54.624157Z DEBUG compress:prove:batch:observe proving key: close time.busy=17.0µs time.idle=5.35µs
2025-10-28T17:10:05.780579Z DEBUG compress:prove:batch:commit: close time.busy=28.8s time.idle=5.04µs
2025-10-28T17:10:10.404488Z DEBUG compress:prove:batch:open:generate permutation traces: close time.busy=4.62s time.idle=5.97µs
2025-10-28T17:10:10.404560Z DEBUG compress:prove:batch:open: BatchFRI        | Main Cols = 13    | Pre Cols = 6      | Perm Cols = 12    | Rows = 2097152 | Cells = 65011712  
2025-10-28T17:10:10.404578Z DEBUG compress:prove:batch:open: MemoryVar       | Main Cols = 8     | Pre Cols = 4      | Perm Cols = 8     | Rows = 1048576 | Cells = 20971520  
2025-10-28T17:10:10.404591Z DEBUG compress:prove:batch:open: Select          | Main Cols = 5     | Pre Cols = 8      | Perm Cols = 16    | Rows = 1048576 | Cells = 30408704  
2025-10-28T17:10:10.404603Z DEBUG compress:prove:batch:open: ExtAlu          | Main Cols = 48    | Pre Cols = 32     | Perm Cols = 28    | Rows = 524288 | Cells = 56623104  
2025-10-28T17:10:10.404635Z DEBUG compress:prove:batch:open: ExpReverseBitsLen | Main Cols = 7     | Pre Cols = 10     | Perm Cols = 12    | Rows = 262144 | Cells = 7602176   
2025-10-28T17:10:10.404648Z DEBUG compress:prove:batch:open: MemoryConst     | Main Cols = 1     | Pre Cols = 12     | Perm Cols = 8     | Rows = 262144 | Cells = 5505024   
2025-10-28T17:10:10.404662Z DEBUG compress:prove:batch:open: Poseidon2WideDeg3 | Main Cols = 313   | Pre Cols = 49     | Perm Cols = 68    | Rows = 262144 | Cells = 112721920 
2025-10-28T17:10:10.404675Z DEBUG compress:prove:batch:open: BaseAlu         | Main Cols = 12    | Pre Cols = 32     | Perm Cols = 28    | Rows = 65536 | Cells = 4718592   
2025-10-28T17:10:10.404687Z DEBUG compress:prove:batch:open: PublicValues    | Main Cols = 1     | Pre Cols = 10     | Perm Cols = 8     | Rows = 16    | Cells = 304       
2025-10-28T17:10:12.068298Z DEBUG compress:prove:batch:open:flatten permutation traces and collect domains: close time.busy=1.66s time.idle=6.23µs
2025-10-28T17:10:28.788226Z DEBUG compress:prove:batch:commit: close time.busy=34.2s time.idle=7.77µs
2025-10-28T17:10:32.917966Z DEBUG compress:prove:batch:open:generate permutation traces: close time.busy=4.13s time.idle=11.3µs
2025-10-28T17:10:32.918042Z DEBUG compress:prove:batch:open: BatchFRI        | Main Cols = 13    | Pre Cols = 6      | Perm Cols = 12    | Rows = 2097152 | Cells = 65011712  
2025-10-28T17:10:32.918058Z DEBUG compress:prove:batch:open: MemoryVar       | Main Cols = 8     | Pre Cols = 4      | Perm Cols = 8     | Rows = 1048576 | Cells = 20971520  
2025-10-28T17:10:32.918070Z DEBUG compress:prove:batch:open: Select          | Main Cols = 5     | Pre Cols = 8      | Perm Cols = 16    | Rows = 1048576 | Cells = 30408704  
2025-10-28T17:10:32.918081Z DEBUG compress:prove:batch:open: ExtAlu          | Main Cols = 48    | Pre Cols = 32     | Perm Cols = 28    | Rows = 524288 | Cells = 56623104  
2025-10-28T17:10:32.918093Z DEBUG compress:prove:batch:open: ExpReverseBitsLen | Main Cols = 7     | Pre Cols = 10     | Perm Cols = 12    | Rows = 262144 | Cells = 7602176   
2025-10-28T17:10:32.918104Z DEBUG compress:prove:batch:open: MemoryConst     | Main Cols = 1     | Pre Cols = 12     | Perm Cols = 8     | Rows = 262144 | Cells = 5505024   
2025-10-28T17:10:32.918118Z DEBUG compress:prove:batch:open: Poseidon2WideDeg3 | Main Cols = 313   | Pre Cols = 49     | Perm Cols = 68    | Rows = 262144 | Cells = 112721920 
2025-10-28T17:10:32.918129Z DEBUG compress:prove:batch:open: BaseAlu         | Main Cols = 12    | Pre Cols = 32     | Perm Cols = 28    | Rows = 65536 | Cells = 4718592   
2025-10-28T17:10:32.918140Z DEBUG compress:prove:batch:open: PublicValues    | Main Cols = 1     | Pre Cols = 10     | Perm Cols = 8     | Rows = 16    | Cells = 304       
2025-10-28T17:10:34.776649Z DEBUG compress:prove:batch:open:flatten permutation traces and collect domains: close time.busy=1.86s time.idle=6.18µs
2025-10-28T17:10:43.065204Z DEBUG compress:prove:batch:open:commit to permutation traces: close time.busy=31.0s time.idle=13.1µs
2025-10-28T17:10:43.067329Z DEBUG compress:prove:batch:open:compute quotient values:compute quotient values for domain: close time.busy=1.47ms time.idle=21.3µs
2025-10-28T17:10:44.128595Z DEBUG compress:prove:batch:open:compute quotient values:compute quotient values for domain: close time.busy=1.06s time.idle=6.90µs
2025-10-28T17:10:44.137539Z DEBUG compress:prove:batch:open:compute quotient values:compute quotient values for domain: close time.busy=1.07s time.idle=22.0µs
2025-10-28T17:10:52.027167Z DEBUG compress:prove:batch:open:compute quotient values:compute quotient values for domain: close time.busy=8.96s time.idle=16.6µs
2025-10-28T17:10:52.345111Z DEBUG compress:prove:batch:open:compute quotient values:compute quotient values for domain: close time.busy=9.28s time.idle=13.7µs
2025-10-28T17:10:52.452493Z DEBUG compress:prove:batch:open:compute quotient values:compute quotient values for domain: close time.busy=9.39s time.idle=29.9µs
2025-10-28T17:10:52.471364Z DEBUG compress:prove:batch:open:compute quotient values:compute quotient values for domain: close time.busy=9.41s time.idle=15.5µs
2025-10-28T17:11:01.909403Z DEBUG compress:prove:batch:open:compute quotient values:compute quotient values for domain: close time.busy=18.8s time.idle=20.1µs
2025-10-28T17:11:02.248594Z DEBUG compress:prove:batch:open:compute quotient values:compute quotient values for domain: close time.busy=19.2s time.idle=17.4µs
2025-10-28T17:11:11.949392Z DEBUG compress:prove:batch:open:commit to permutation traces: close time.busy=37.2s time.idle=6.71µs
2025-10-28T17:11:11.950669Z DEBUG compress:prove:batch:open:compute quotient values:compute quotient values for domain: close time.busy=800µs time.idle=10.4µs
2025-10-28T17:11:13.535002Z DEBUG compress:prove:batch:open:compute quotient values:compute quotient values for domain: close time.busy=1.59s time.idle=13.2µs
2025-10-28T17:11:13.536612Z DEBUG compress:prove:batch:open:compute quotient values:compute quotient values for domain: close time.busy=1.59s time.idle=4.97µs
2025-10-28T17:11:13.552754Z DEBUG compress:prove:batch:open:compute quotient values:compute quotient values for domain: close time.busy=1.60s time.idle=5.95µs
2025-10-28T17:11:22.169598Z DEBUG compress:prove:batch:open:compute quotient values:compute quotient values for domain: close time.busy=10.2s time.idle=16.3µs
2025-10-28T17:11:22.211765Z DEBUG compress:prove:batch:open:compute quotient values:compute quotient values for domain: close time.busy=10.3s time.idle=12.8µs
2025-10-28T17:11:22.342332Z DEBUG compress:prove:batch:open:compute quotient values:compute quotient values for domain: close time.busy=10.4s time.idle=8.14µs
2025-10-28T17:11:29.959900Z DEBUG compress:prove:batch:open:compute quotient values:compute quotient values for domain: close time.busy=18.0s time.idle=9.65µs
2025-10-28T17:11:30.041351Z DEBUG compress:prove:batch:open:compute quotient values:compute quotient values for domain: close time.busy=18.1s time.idle=8.51µs
2025-10-28T17:11:37.536549Z DEBUG compress:prove:batch:open:commit to quotient traces: close time.busy=34.4s time.idle=9.05µs
2025-10-28T17:11:37.536686Z DEBUG compress:prove:batch:open:compute preprocessed opening points: close time.busy=32.3µs time.idle=5.08µs
2025-10-28T17:11:37.536720Z DEBUG compress:prove:batch:open:compute main trace opening points: close time.busy=8.74µs time.idle=3.38µs
2025-10-28T17:11:37.536747Z DEBUG compress:prove:batch:open:compute permutation trace opening points: close time.busy=7.08µs time.idle=3.07µs
2025-10-28T17:11:44.844457Z DEBUG compress:prove:batch:open:commit to quotient traces: close time.busy=13.9s time.idle=35.9µs
2025-10-28T17:11:44.844795Z DEBUG compress:prove:batch:open:compute preprocessed opening points: close time.busy=16.4µs time.idle=5.58µs
2025-10-28T17:11:44.844855Z DEBUG compress:prove:batch:open:compute main trace opening points: close time.busy=33.1µs time.idle=3.68µs
2025-10-28T17:11:44.844944Z DEBUG compress:prove:batch:open:compute permutation trace opening points: close time.busy=64.9µs time.idle=3.53µs
2025-10-28T17:12:06.166929Z DEBUG compress:prove:batch:open:open multi batches: close time.busy=28.6s time.idle=4.78µs
2025-10-28T17:12:06.408789Z DEBUG compress:prove:batch:open:compute quotient values: close time.busy=19.2s time.idle=64.2s
2025-10-28T17:12:07.213222Z DEBUG compress:prove:batch:open: close time.busy=121s time.idle=7.12µs
2025-10-28T17:12:07.389939Z DEBUG compress:prove:batch: close time.busy=164s time.idle=9.61µs
2025-10-28T17:12:14.091513Z DEBUG compress:prove:batch:open:open multi batches: close time.busy=29.2s time.idle=4.53µs
2025-10-28T17:12:14.149325Z DEBUG compress:prove:batch:open:compute quotient values: close time.busy=18.1s time.idle=44.1s
2025-10-28T17:12:14.815088Z DEBUG compress:prove:batch:open: close time.busy=106s time.idle=20.6µs
2025-10-28T17:12:14.842994Z DEBUG compress:generate records and traces:get program and witness stream: close time.busy=22.2ms time.idle=13.2µs
2025-10-28T17:12:14.969855Z DEBUG compress:prove:batch: close time.busy=155s time.idle=12.3µs
2025-10-28T17:12:15.488386Z DEBUG compress:generate records and traces:execute runtime: close time.busy=645ms time.idle=6.86µs
2025-10-28T17:12:15.488547Z DEBUG compress:generate records and traces:generate dependencies:register nonces: close time.busy=1.41µs time.idle=4.42µs
2025-10-28T17:12:15.488568Z DEBUG compress:generate records and traces:generate dependencies: close time.busy=72.6µs time.idle=4.80µs
2025-10-28T17:12:15.488861Z DEBUG fixed log2 rows can be potentially reduced: got 510704, expected 1048576
2025-10-28T17:12:15.488962Z DEBUG compress:generate records and traces:generate traces:generate traces for shard: generated trace for chip PublicValues in 15.061µs
2025-10-28T17:12:15.489174Z DEBUG compress:generate records and traces:generate traces:generate traces for shard: generated trace for chip MemoryConst in 412.552µs
2025-10-28T17:12:15.490624Z DEBUG compress:generate records and traces:generate traces:generate traces for shard: generated trace for chip BaseAlu in 1.622185ms
2025-10-28T17:12:15.499173Z DEBUG compress:generate records and traces:generate traces:generate traces for shard: generated trace for chip Select in 10.3153ms
2025-10-28T17:12:15.512019Z DEBUG generate batch fri trace: fixed log2 rows can be potentially reduced: got 213200, expected 2097152 rows=213200
2025-10-28T17:12:15.524392Z DEBUG fixed log2 rows can be potentially reduced: got 367020, expected 1048576
2025-10-28T17:12:15.529688Z DEBUG generate exp reverse bits len trace: close time.busy=40.8ms time.idle=6.52µs rows=9200
2025-10-28T17:12:15.529750Z DEBUG compress:generate records and traces:generate traces:generate traces for shard: generated trace for chip ExpReverseBitsLen in 40.840317ms
2025-10-28T17:12:15.623664Z DEBUG compress:generate records and traces:generate traces:generate traces for shard: generated trace for chip MemoryVar in 134.662843ms
2025-10-28T17:12:15.671410Z DEBUG compress:generate records and traces:generate traces:generate traces for shard: generated trace for chip ExtAlu in 182.4039ms
2025-10-28T17:12:15.960404Z DEBUG generate batch fri trace: close time.busy=471ms time.idle=5.14µs rows=213200
2025-10-28T17:12:15.960521Z DEBUG compress:generate records and traces:generate traces:generate traces for shard: generated trace for chip BatchFRI in 471.474976ms
2025-10-28T17:12:16.166026Z DEBUG generate poseidon2 wide trace: close time.busy=677ms time.idle=6.65µs rows=95402
2025-10-28T17:12:16.166085Z DEBUG compress:generate records and traces:generate traces:generate traces for shard: generated trace for chip Poseidon2WideDeg3 in 677.107963ms
2025-10-28T17:12:16.166309Z DEBUG compress:generate records and traces:generate traces:generate traces for shard: close time.busy=678ms time.idle=3.61µs
2025-10-28T17:12:16.166333Z DEBUG compress:generate records and traces:generate traces: close time.busy=678ms time.idle=3.84µs
2025-10-28T17:12:16.187663Z DEBUG compress:prove:batch:Setup compress program:setup machine:generate preprocessed traces: generated preprocessed trace for chip PublicValues in 20.819129ms
2025-10-28T17:12:16.191025Z DEBUG compress:prove:batch:Setup compress program:setup machine:generate preprocessed traces: generated preprocessed trace for chip BaseAlu in 24.384601ms
2025-10-28T17:12:16.199705Z DEBUG fixed log2 rows can be potentially reduced: got 213200, expected 2097152
2025-10-28T17:12:16.210852Z DEBUG compress:prove:batch:Setup compress program:setup machine:generate preprocessed traces: generated preprocessed trace for chip MemoryConst in 44.311233ms
2025-10-28T17:12:16.217359Z DEBUG compress:prove:batch:Setup compress program:setup machine:generate preprocessed traces: generated preprocessed trace for chip ExpReverseBitsLen in 50.519484ms
2025-10-28T17:12:16.241765Z DEBUG compress:prove:batch:Setup compress program:setup machine:generate preprocessed traces: generated preprocessed trace for chip MemoryVar in 75.154708ms
2025-10-28T17:12:16.260499Z DEBUG compress:prove:batch:Setup compress program:setup machine:generate preprocessed traces: generated preprocessed trace for chip Poseidon2WideDeg3 in 93.728184ms
2025-10-28T17:12:16.260493Z DEBUG compress:prove:batch:Setup compress program:setup machine:generate preprocessed traces: generated preprocessed trace for chip Select in 93.662747ms
2025-10-28T17:12:16.305955Z DEBUG compress:prove:batch:Setup compress program:setup machine:generate preprocessed traces: generated preprocessed trace for chip ExtAlu in 139.273463ms
2025-10-28T17:12:16.382122Z DEBUG compress:prove:batch:Setup compress program:setup machine:generate preprocessed traces: generated preprocessed trace for chip BatchFRI in 215.272574ms
2025-10-28T17:12:26.746878Z DEBUG compress:prove:batch:Setup compress program:setup machine:commit to preprocessed traces: close time.busy=9.94s time.idle=14.7µs
2025-10-28T17:12:26.747031Z DEBUG compress:prove:batch:Setup compress program:setup machine:generate preprocessed traces: close time.busy=216ms time.idle=10.4s
2025-10-28T17:12:26.747052Z DEBUG compress:prove:batch:Setup compress program:setup machine: close time.busy=10.6s time.idle=3.89µs
2025-10-28T17:12:26.747071Z DEBUG compress:prove:batch:Setup compress program: close time.busy=10.6s time.idle=5.46µs
2025-10-28T17:12:26.747135Z DEBUG compress:prove:batch:observe proving key: close time.busy=17.8µs time.idle=4.95µs
2025-10-28T17:12:46.274309Z DEBUG compress:prove:batch:commit: close time.busy=19.5s time.idle=9.91µs
2025-10-28T17:12:50.297050Z DEBUG compress:prove:batch:open:generate permutation traces: close time.busy=4.02s time.idle=7.68µs
2025-10-28T17:12:50.297132Z DEBUG compress:prove:batch:open: BatchFRI        | Main Cols = 13    | Pre Cols = 6      | Perm Cols = 12    | Rows = 2097152 | Cells = 65011712  
2025-10-28T17:12:50.297150Z DEBUG compress:prove:batch:open: MemoryVar       | Main Cols = 8     | Pre Cols = 4      | Perm Cols = 8     | Rows = 1048576 | Cells = 20971520  
2025-10-28T17:12:50.297162Z DEBUG compress:prove:batch:open: Select          | Main Cols = 5     | Pre Cols = 8      | Perm Cols = 16    | Rows = 1048576 | Cells = 30408704  
2025-10-28T17:12:50.297177Z DEBUG compress:prove:batch:open: ExtAlu          | Main Cols = 48    | Pre Cols = 32     | Perm Cols = 28    | Rows = 524288 | Cells = 56623104  
2025-10-28T17:12:50.297192Z DEBUG compress:prove:batch:open: ExpReverseBitsLen | Main Cols = 7     | Pre Cols = 10     | Perm Cols = 12    | Rows = 262144 | Cells = 7602176   
2025-10-28T17:12:50.297203Z DEBUG compress:prove:batch:open: MemoryConst     | Main Cols = 1     | Pre Cols = 12     | Perm Cols = 8     | Rows = 262144 | Cells = 5505024   
2025-10-28T17:12:50.297216Z DEBUG compress:prove:batch:open: Poseidon2WideDeg3 | Main Cols = 313   | Pre Cols = 49     | Perm Cols = 68    | Rows = 262144 | Cells = 112721920 
2025-10-28T17:12:50.297227Z DEBUG compress:prove:batch:open: BaseAlu         | Main Cols = 12    | Pre Cols = 32     | Perm Cols = 28    | Rows = 65536 | Cells = 4718592   
2025-10-28T17:12:50.297239Z DEBUG compress:prove:batch:open: PublicValues    | Main Cols = 1     | Pre Cols = 10     | Perm Cols = 8     | Rows = 16    | Cells = 304       
2025-10-28T17:12:52.446121Z DEBUG compress:prove:batch:open:flatten permutation traces and collect domains: close time.busy=2.15s time.idle=6.80µs
2025-10-28T17:13:05.408412Z DEBUG compress:prove:batch:open:commit to permutation traces: close time.busy=13.0s time.idle=10.3µs
2025-10-28T17:13:05.409471Z DEBUG compress:prove:batch:open:compute quotient values:compute quotient values for domain: close time.busy=402µs time.idle=5.33µs
2025-10-28T17:13:18.715517Z DEBUG compress:prove:batch:open:compute quotient values:compute quotient values for domain: close time.busy=13.3s time.idle=6.03µs
2025-10-28T17:13:18.720728Z DEBUG compress:prove:batch:open:compute quotient values:compute quotient values for domain: close time.busy=13.3s time.idle=7.83µs
2025-10-28T17:13:18.725376Z DEBUG compress:prove:batch:open:compute quotient values:compute quotient values for domain: close time.busy=13.3s time.idle=5.32µs
2025-10-28T17:13:19.026019Z DEBUG compress:prove:batch:open:compute quotient values:compute quotient values for domain: close time.busy=13.6s time.idle=5.73µs
2025-10-28T17:13:19.070292Z DEBUG compress:prove:batch:open:compute quotient values:compute quotient values for domain: close time.busy=13.7s time.idle=6.36µs
2025-10-28T17:13:19.137418Z DEBUG compress:prove:batch:open:compute quotient values:compute quotient values for domain: close time.busy=13.7s time.idle=7.63µs
2025-10-28T17:13:19.163329Z DEBUG compress:prove:batch:open:compute quotient values:compute quotient values for domain: close time.busy=13.8s time.idle=17.1µs
2025-10-28T17:13:25.498810Z DEBUG compress:prove:batch:open:compute quotient values:compute quotient values for domain: close time.busy=20.1s time.idle=8.88µs
2025-10-28T17:13:35.566215Z DEBUG compress:prove:batch:open:commit to quotient traces: close time.busy=9.20s time.idle=7.63µs
2025-10-28T17:13:35.566317Z DEBUG compress:prove:batch:open:compute preprocessed opening points: close time.busy=6.75µs time.idle=4.49µs
2025-10-28T17:13:35.566342Z DEBUG compress:prove:batch:open:compute main trace opening points: close time.busy=7.18µs time.idle=2.24µs
2025-10-28T17:13:35.566363Z DEBUG compress:prove:batch:open:compute permutation trace opening points: close time.busy=6.10µs time.idle=2.77µs
2025-10-28T17:13:58.579386Z DEBUG compress:prove:batch:open:open multi batches: close time.busy=23.0s time.idle=6.04µs
2025-10-28T17:13:58.741406Z DEBUG compress:prove:batch:open:compute quotient values: close time.busy=20.1s time.idle=33.2s
2025-10-28T17:13:59.267881Z DEBUG compress:prove:batch:open: close time.busy=73.0s time.idle=5.95µs
2025-10-28T17:13:59.297756Z DEBUG compress:generate next layer inputs: close time.busy=1115s time.idle=4.20ms
2025-10-28T17:13:59.327722Z DEBUG compress:generate records and traces:get program and witness stream: close time.busy=31.7ms time.idle=34.8µs
2025-10-28T17:13:59.435716Z DEBUG compress:prove:batch: close time.busy=103s time.idle=7.10µs
2025-10-28T17:13:59.744572Z DEBUG compress:generate records and traces:execute runtime: close time.busy=417ms time.idle=6.77µs
2025-10-28T17:13:59.744715Z DEBUG compress:generate records and traces:generate dependencies:register nonces: close time.busy=1.22µs time.idle=3.99µs
2025-10-28T17:13:59.744737Z DEBUG compress:generate records and traces:generate dependencies: close time.busy=87.4µs time.idle=4.30µs
2025-10-28T17:13:59.745087Z DEBUG fixed log2 rows can be potentially reduced: got 510704, expected 1048576
2025-10-28T17:13:59.745176Z DEBUG compress:generate records and traces:generate traces:generate traces for shard: generated trace for chip PublicValues in 18.335µs
2025-10-28T17:13:59.745304Z DEBUG compress:generate records and traces:generate traces:generate traces for shard: generated trace for chip MemoryConst in 388.997µs
2025-10-28T17:13:59.748570Z DEBUG generate batch fri trace: fixed log2 rows can be potentially reduced: got 213200, expected 2097152 rows=213200
2025-10-28T17:13:59.749357Z DEBUG fixed log2 rows can be potentially reduced: got 367020, expected 1048576
2025-10-28T17:13:59.755554Z DEBUG compress:generate records and traces:generate traces:generate traces for shard: generated trace for chip BaseAlu in 10.527691ms
2025-10-28T17:13:59.790885Z DEBUG generate exp reverse bits len trace: close time.busy=45.7ms time.idle=5.88µs rows=9200
2025-10-28T17:13:59.790955Z DEBUG compress:generate records and traces:generate traces:generate traces for shard: generated trace for chip ExpReverseBitsLen in 45.80121ms
2025-10-28T17:13:59.844831Z DEBUG compress:generate records and traces:generate traces:generate traces for shard: generated trace for chip Select in 99.749042ms
2025-10-28T17:14:00.022665Z DEBUG compress:generate records and traces:generate traces:generate traces for shard: generated trace for chip MemoryVar in 277.538242ms
2025-10-28T17:14:00.053719Z DEBUG compress:generate records and traces:generate traces:generate traces for shard: generated trace for chip ExtAlu in 308.573974ms
2025-10-28T17:14:00.285560Z DEBUG generate batch fri trace: close time.busy=540ms time.idle=6.35µs rows=213200
2025-10-28T17:14:00.285642Z DEBUG compress:generate records and traces:generate traces:generate traces for shard: generated trace for chip BatchFRI in 540.598971ms
2025-10-28T17:14:00.397849Z DEBUG generate poseidon2 wide trace: close time.busy=653ms time.idle=6.60µs rows=95402
2025-10-28T17:14:00.397922Z DEBUG compress:generate records and traces:generate traces:generate traces for shard: generated trace for chip Poseidon2WideDeg3 in 652.955935ms
2025-10-28T17:14:00.398009Z DEBUG compress:generate records and traces:generate traces:generate traces for shard: close time.busy=653ms time.idle=3.90µs
2025-10-28T17:14:00.398057Z DEBUG compress:generate records and traces:generate traces: close time.busy=653ms time.idle=4.33µs
2025-10-28T17:14:00.398132Z DEBUG compress:generate records and traces: close time.busy=1116s time.idle=5.57ms
2025-10-28T17:14:00.398302Z DEBUG compress:prove: close time.busy=1116s time.idle=459µs
2025-10-28T17:14:00.464038Z DEBUG compress:prove:batch:Setup compress program:setup machine:generate preprocessed traces: generated preprocessed trace for chip BaseAlu in 65.280874ms
2025-10-28T17:14:00.468620Z DEBUG compress:prove:batch:Setup compress program:setup machine:generate preprocessed traces: generated preprocessed trace for chip PublicValues in 69.614911ms
2025-10-28T17:14:00.480942Z DEBUG compress:prove:batch:Setup compress program:setup machine:generate preprocessed traces: generated preprocessed trace for chip ExpReverseBitsLen in 81.994345ms
2025-10-28T17:14:00.488200Z DEBUG fixed log2 rows can be potentially reduced: got 213200, expected 2097152
2025-10-28T17:14:00.530838Z DEBUG compress:prove:batch:Setup compress program:setup machine:generate preprocessed traces: generated preprocessed trace for chip MemoryConst in 132.188194ms
2025-10-28T17:14:00.591710Z DEBUG compress:prove:batch:Setup compress program:setup machine:generate preprocessed traces: generated preprocessed trace for chip Poseidon2WideDeg3 in 192.915867ms
2025-10-28T17:14:00.614951Z DEBUG compress:prove:batch:Setup compress program:setup machine:generate preprocessed traces: generated preprocessed trace for chip ExtAlu in 215.922678ms
2025-10-28T17:14:00.624309Z DEBUG compress:prove:batch:Setup compress program:setup machine:generate preprocessed traces: generated preprocessed trace for chip Select in 225.435326ms
2025-10-28T17:14:00.645655Z DEBUG compress:prove:batch:Setup compress program:setup machine:generate preprocessed traces: generated preprocessed trace for chip MemoryVar in 246.768021ms
2025-10-28T17:14:00.710301Z DEBUG compress:prove:batch:Setup compress program:setup machine:generate preprocessed traces: generated preprocessed trace for chip BatchFRI in 311.375307ms
2025-10-28T17:14:10.825872Z DEBUG compress:prove:batch:Setup compress program:setup machine:commit to preprocessed traces: close time.busy=9.70s time.idle=13.2µs
2025-10-28T17:14:10.826184Z DEBUG compress:prove:batch:Setup compress program:setup machine:generate preprocessed traces: close time.busy=313ms time.idle=10.1s
2025-10-28T17:14:10.826239Z DEBUG compress:prove:batch:Setup compress program:setup machine: close time.busy=10.4s time.idle=30.0µs
2025-10-28T17:14:10.826292Z DEBUG compress:prove:batch:Setup compress program: close time.busy=10.4s time.idle=15.5µs
2025-10-28T17:14:10.826386Z DEBUG compress:prove:batch:observe proving key: close time.busy=16.7µs time.idle=4.71µs
2025-10-28T17:14:29.760328Z DEBUG compress:prove:batch:commit: close time.busy=18.9s time.idle=10.0µs
2025-10-28T17:14:33.715316Z DEBUG compress:prove:batch:open:generate permutation traces: close time.busy=3.95s time.idle=6.06µs
2025-10-28T17:14:33.715380Z DEBUG compress:prove:batch:open: BatchFRI        | Main Cols = 13    | Pre Cols = 6      | Perm Cols = 12    | Rows = 2097152 | Cells = 65011712  
2025-10-28T17:14:33.715396Z DEBUG compress:prove:batch:open: MemoryVar       | Main Cols = 8     | Pre Cols = 4      | Perm Cols = 8     | Rows = 1048576 | Cells = 20971520  
2025-10-28T17:14:33.715410Z DEBUG compress:prove:batch:open: Select          | Main Cols = 5     | Pre Cols = 8      | Perm Cols = 16    | Rows = 1048576 | Cells = 30408704  
2025-10-28T17:14:33.715421Z DEBUG compress:prove:batch:open: ExtAlu          | Main Cols = 48    | Pre Cols = 32     | Perm Cols = 28    | Rows = 524288 | Cells = 56623104  
2025-10-28T17:14:33.715460Z DEBUG compress:prove:batch:open: ExpReverseBitsLen | Main Cols = 7     | Pre Cols = 10     | Perm Cols = 12    | Rows = 262144 | Cells = 7602176   
2025-10-28T17:14:33.715472Z DEBUG compress:prove:batch:open: MemoryConst     | Main Cols = 1     | Pre Cols = 12     | Perm Cols = 8     | Rows = 262144 | Cells = 5505024   
2025-10-28T17:14:33.715484Z DEBUG compress:prove:batch:open: Poseidon2WideDeg3 | Main Cols = 313   | Pre Cols = 49     | Perm Cols = 68    | Rows = 262144 | Cells = 112721920 
2025-10-28T17:14:33.715495Z DEBUG compress:prove:batch:open: BaseAlu         | Main Cols = 12    | Pre Cols = 32     | Perm Cols = 28    | Rows = 65536 | Cells = 4718592   
2025-10-28T17:14:33.715508Z DEBUG compress:prove:batch:open: PublicValues    | Main Cols = 1     | Pre Cols = 10     | Perm Cols = 8     | Rows = 16    | Cells = 304       
2025-10-28T17:14:35.224607Z DEBUG compress:prove:batch:open:flatten permutation traces and collect domains: close time.busy=1.51s time.idle=6.12µs
2025-10-28T17:14:47.949383Z DEBUG compress:prove:batch:open:commit to permutation traces: close time.busy=12.7s time.idle=5.61µs
2025-10-28T17:14:47.950200Z DEBUG compress:prove:batch:open:compute quotient values:compute quotient values for domain: close time.busy=288µs time.idle=5.38µs
2025-10-28T17:14:49.356767Z DEBUG compress:prove:batch:open:compute quotient values:compute quotient values for domain: close time.busy=1.41s time.idle=17.6µs
2025-10-28T17:14:49.371733Z DEBUG compress:prove:batch:open:compute quotient values:compute quotient values for domain: close time.busy=1.42s time.idle=13.1µs
2025-10-28T17:14:49.376161Z DEBUG compress:prove:batch:open:compute quotient values:compute quotient values for domain: close time.busy=1.43s time.idle=5.66µs
2025-10-28T17:15:06.096324Z DEBUG compress:prove:batch:open:compute quotient values:compute quotient values for domain: close time.busy=18.1s time.idle=5.85µs
2025-10-28T17:15:06.141201Z DEBUG compress:prove:batch:open:compute quotient values:compute quotient values for domain: close time.busy=18.2s time.idle=13.6µs
2025-10-28T17:15:06.234869Z DEBUG compress:prove:batch:open:compute quotient values:compute quotient values for domain: close time.busy=18.3s time.idle=5.10µs
2025-10-28T17:15:06.301855Z DEBUG compress:prove:batch:open:compute quotient values:compute quotient values for domain: close time.busy=18.4s time.idle=6.72µs
2025-10-28T17:15:06.357937Z DEBUG compress:prove:batch:open:compute quotient values:compute quotient values for domain: close time.busy=18.4s time.idle=4.79µs
2025-10-28T17:15:16.010140Z DEBUG compress:prove:batch:open:commit to quotient traces: close time.busy=8.74s time.idle=6.97µs
2025-10-28T17:15:16.010235Z DEBUG compress:prove:batch:open:compute preprocessed opening points: close time.busy=7.13µs time.idle=5.14µs
2025-10-28T17:15:16.010314Z DEBUG compress:prove:batch:open:compute main trace opening points: close time.busy=53.9µs time.idle=3.15µs
2025-10-28T17:15:16.010366Z DEBUG compress:prove:batch:open:compute permutation trace opening points: close time.busy=29.4µs time.idle=2.50µs
2025-10-28T17:15:39.049114Z DEBUG compress:prove:batch:open:open multi batches: close time.busy=23.0s time.idle=5.36µs
2025-10-28T17:15:39.126226Z DEBUG compress:prove:batch:open:compute quotient values: close time.busy=18.4s time.idle=32.8s
2025-10-28T17:15:40.018406Z DEBUG compress:prove:batch:open: close time.busy=70.3s time.idle=5.87µs
2025-10-28T17:15:40.177609Z DEBUG compress:prove:batch: close time.busy=99.8s time.idle=9.66µs
2025-10-28T17:15:40.183404Z DEBUG compress:prove: close time.busy=1216s time.idle=4.03ms
2025-10-28T17:15:40.184213Z DEBUG compress: joined handles
2025-10-28T17:15:40.184797Z  INFO compress: close time.busy=1216s time.idle=127ms
2025-10-28T17:15:40.557078Z DEBUG shrink:build shrink program:assert lookup multiplicities: close time.busy=11.7µs time.idle=7.53µs
2025-10-28T17:15:40.770951Z DEBUG shrink:build shrink program:2adic pcs:verify shape and challenges: close time.busy=155ms time.idle=8.60µs
2025-10-28T17:15:41.045235Z DEBUG shrink:build shrink program:2adic pcs:verify challenges: close time.busy=165ms time.idle=7.06µs
2025-10-28T17:15:41.045484Z DEBUG shrink:build shrink program:2adic pcs: close time.busy=484ms time.idle=6.75µs
2025-10-28T17:15:41.047761Z DEBUG shrink:build shrink program:verify constraints: close time.busy=2.25ms time.idle=4.20µs
2025-10-28T17:15:41.073383Z DEBUG shrink:build shrink program: close time.busy=837ms time.idle=12.1µs
2025-10-28T17:15:41.368779Z DEBUG shrink:compile shrink program:compile raw program: close time.busy=295ms time.idle=4.10µs
2025-10-28T17:15:41.395548Z DEBUG shrink:compile shrink program:backfill mult: close time.busy=26.7ms time.idle=6.20µs
2025-10-28T17:15:41.395703Z DEBUG shrink:compile shrink program:prepend constants: close time.busy=75.9µs time.idle=4.89µs
2025-10-28T17:15:41.395720Z DEBUG shrink:compile shrink program: close time.busy=322ms time.idle=5.01µs
2025-10-28T17:15:41.551348Z DEBUG shrink: total events: 1168792
2025-10-28T17:15:41.551408Z DEBUG shrink:   base_alu_events: 112498
2025-10-28T17:15:41.551418Z DEBUG shrink:   batch_fri_events: 106600
2025-10-28T17:15:41.551444Z DEBUG shrink:   commit_pv_hash_events: 1
2025-10-28T17:15:41.551453Z DEBUG shrink:   exp_reverse_bits_len_events: 4600
2025-10-28T17:15:41.551461Z DEBUG shrink:   ext_alu_events: 133236
2025-10-28T17:15:41.551468Z DEBUG shrink:   fri_fold_events: 0
2025-10-28T17:15:41.551476Z DEBUG shrink:   mem_const_count: 141766
2025-10-28T17:15:41.551484Z DEBUG shrink:   mem_var_events: 367024
2025-10-28T17:15:41.551491Z DEBUG shrink:   poseidon2_events: 47715
2025-10-28T17:15:41.551499Z DEBUG shrink:   select_events: 255352
2025-10-28T17:15:41.551508Z DEBUG shrink: Shrink program executed successfully
2025-10-28T17:15:41.561967Z DEBUG shrink:setup shrink:setup machine:generate preprocessed traces: generated preprocessed trace for chip PublicValues in 9.899088ms
2025-10-28T17:15:41.571291Z DEBUG shrink:setup shrink:setup machine:generate preprocessed traces: generated preprocessed trace for chip Select in 19.23358ms
2025-10-28T17:15:41.572795Z DEBUG shrink:setup shrink:setup machine:generate preprocessed traces: generated preprocessed trace for chip MemoryConst in 21.068087ms
2025-10-28T17:15:41.574157Z DEBUG shrink:setup shrink:setup machine:generate preprocessed traces: generated preprocessed trace for chip Poseidon2WideDeg3 in 22.345056ms
2025-10-28T17:15:41.574684Z DEBUG shrink:setup shrink:setup machine:generate preprocessed traces: generated preprocessed trace for chip BatchFRI in 22.546524ms
2025-10-28T17:15:41.575133Z DEBUG shrink:setup shrink:setup machine:generate preprocessed traces: generated preprocessed trace for chip ExpReverseBitsLen in 23.071598ms
2025-10-28T17:15:41.580182Z DEBUG shrink:setup shrink:setup machine:generate preprocessed traces: generated preprocessed trace for chip BaseAlu in 28.299316ms
2025-10-28T17:15:41.584273Z DEBUG shrink:setup shrink:setup machine:generate preprocessed traces: generated preprocessed trace for chip MemoryVar in 32.367622ms
2025-10-28T17:15:41.592075Z DEBUG shrink:setup shrink:setup machine:generate preprocessed traces: generated preprocessed trace for chip ExtAlu in 40.166671ms
2025-10-28T17:15:46.247687Z DEBUG shrink:setup shrink:setup machine:commit to preprocessed traces: close time.busy=4.53s time.idle=9.69µs
2025-10-28T17:15:46.247776Z DEBUG shrink:setup shrink:setup machine:generate preprocessed traces: close time.busy=41.1ms time.idle=4.66s
2025-10-28T17:15:46.247795Z DEBUG shrink:setup shrink:setup machine: close time.busy=4.70s time.idle=3.02µs
2025-10-28T17:15:46.247815Z DEBUG shrink:setup shrink: close time.busy=4.70s time.idle=5.63µs
2025-10-28T17:15:46.247852Z DEBUG shrink:register nonces: close time.busy=1.68µs time.idle=4.18µs
2025-10-28T17:15:46.248230Z DEBUG shrink:prove_shards:generate traces for shard: generated trace for chip MemoryConst in 247.129µs
2025-10-28T17:15:46.248222Z DEBUG shrink:prove_shards:generate traces for shard: generated trace for chip PublicValues in 36.775µs
2025-10-28T17:15:46.249646Z DEBUG shrink:prove_shards:generate traces for shard: generated trace for chip Select in 1.475115ms
2025-10-28T17:15:46.250850Z DEBUG shrink:prove_shards:generate traces for shard: generated trace for chip BaseAlu in 2.784407ms
2025-10-28T17:15:46.268018Z DEBUG generate batch fri trace: close time.busy=19.8ms time.idle=5.01µs rows=106600
2025-10-28T17:15:46.268081Z DEBUG shrink:prove_shards:generate traces for shard: generated trace for chip BatchFRI in 19.89297ms
2025-10-28T17:15:46.268804Z DEBUG shrink:prove_shards:generate traces for shard: generated trace for chip MemoryVar in 20.78554ms
2025-10-28T17:15:46.271200Z DEBUG generate exp reverse bits len trace: close time.busy=23.0ms time.idle=5.11µs rows=4600
2025-10-28T17:15:46.271233Z DEBUG shrink:prove_shards:generate traces for shard: generated trace for chip ExpReverseBitsLen in 23.052696ms
2025-10-28T17:15:46.323238Z DEBUG shrink:prove_shards:generate traces for shard: generated trace for chip ExtAlu in 75.150634ms
2025-10-28T17:15:46.390273Z DEBUG generate poseidon2 wide trace: close time.busy=142ms time.idle=6.47µs rows=47715
2025-10-28T17:15:46.390348Z DEBUG shrink:prove_shards:generate traces for shard: generated trace for chip Poseidon2WideDeg3 in 142.221281ms
2025-10-28T17:15:46.390637Z DEBUG shrink:prove_shards:generate traces for shard: close time.busy=143ms time.idle=4.96µs
2025-10-28T17:15:55.822982Z DEBUG shrink:prove_shards:generate permutation traces: close time.busy=1.01s time.idle=7.04µs
2025-10-28T17:15:55.823130Z DEBUG shrink:prove_shards: ExtAlu          | Main Cols = 48    | Pre Cols = 32     | Perm Cols = 28    | Rows = 262144 | Cells = 28311552  
2025-10-28T17:15:55.823149Z DEBUG shrink:prove_shards: MemoryVar       | Main Cols = 8     | Pre Cols = 4      | Perm Cols = 8     | Rows = 262144 | Cells = 5242880   
2025-10-28T17:15:55.823186Z DEBUG shrink:prove_shards: Select          | Main Cols = 5     | Pre Cols = 8      | Perm Cols = 16    | Rows = 262144 | Cells = 7602176   
2025-10-28T17:15:55.823201Z DEBUG shrink:prove_shards: BaseAlu         | Main Cols = 12    | Pre Cols = 32     | Perm Cols = 28    | Rows = 131072 | Cells = 9437184   
2025-10-28T17:15:55.823213Z DEBUG shrink:prove_shards: BatchFRI        | Main Cols = 13    | Pre Cols = 6      | Perm Cols = 12    | Rows = 131072 | Cells = 4063232   
2025-10-28T17:15:55.823225Z DEBUG shrink:prove_shards: ExpReverseBitsLen | Main Cols = 7     | Pre Cols = 10     | Perm Cols = 12    | Rows = 131072 | Cells = 3801088   
2025-10-28T17:15:55.823894Z DEBUG shrink:prove_shards: MemoryConst     | Main Cols = 1     | Pre Cols = 12     | Perm Cols = 8     | Rows = 131072 | Cells = 2752512   
2025-10-28T17:15:55.823910Z DEBUG shrink:prove_shards: Poseidon2WideDeg3 | Main Cols = 313   | Pre Cols = 49     | Perm Cols = 68    | Rows = 65536 | Cells = 28180480  
2025-10-28T17:15:55.823943Z DEBUG shrink:prove_shards: PublicValues    | Main Cols = 1     | Pre Cols = 10     | Perm Cols = 8     | Rows = 16    | Cells = 304       
2025-10-28T17:15:56.206969Z DEBUG shrink:prove_shards:flatten permutation traces and collect domains: close time.busy=383ms time.idle=5.10µs
2025-10-28T17:16:01.572908Z DEBUG shrink:prove_shards:commit to permutation traces: close time.busy=5.37s time.idle=6.11µs
2025-10-28T17:16:01.573659Z DEBUG shrink:prove_shards:compute quotient values:compute quotient values for domain: close time.busy=328µs time.idle=5.54µs
2025-10-28T17:16:03.334846Z DEBUG shrink:prove_shards:compute quotient values:compute quotient values for domain: close time.busy=1.76s time.idle=6.06µs
2025-10-28T17:16:03.703092Z DEBUG shrink:prove_shards:compute quotient values:compute quotient values for domain: close time.busy=2.13s time.idle=5.91µs
2025-10-28T17:16:06.688390Z DEBUG shrink:prove_shards:compute quotient values:compute quotient values for domain: close time.busy=5.12s time.idle=4.49µs
2025-10-28T17:16:06.695020Z DEBUG shrink:prove_shards:compute quotient values:compute quotient values for domain: close time.busy=5.12s time.idle=6.61µs
2025-10-28T17:16:06.697622Z DEBUG shrink:prove_shards:compute quotient values:compute quotient values for domain: close time.busy=5.12s time.idle=5.24µs
2025-10-28T17:16:06.719903Z DEBUG shrink:prove_shards:compute quotient values:compute quotient values for domain: close time.busy=5.15s time.idle=5.54µs
2025-10-28T17:16:06.726091Z DEBUG shrink:prove_shards:compute quotient values:compute quotient values for domain: close time.busy=5.15s time.idle=7.18µs
2025-10-28T17:16:06.766142Z DEBUG shrink:prove_shards:compute quotient values:compute quotient values for domain: close time.busy=5.19s time.idle=6.25µs
2025-10-28T17:16:10.190543Z DEBUG shrink:prove_shards:commit to quotient traces: close time.busy=3.22s time.idle=9.50µs
2025-10-28T17:16:10.190675Z DEBUG shrink:prove_shards:compute preprocessed opening points: close time.busy=46.6µs time.idle=4.97µs
2025-10-28T17:16:10.190820Z DEBUG shrink:prove_shards:compute main trace opening points: close time.busy=119µs time.idle=3.53µs
2025-10-28T17:16:10.190938Z DEBUG shrink:prove_shards:compute permutation trace opening points: close time.busy=94.4µs time.idle=3.53µs
2025-10-28T17:16:16.829258Z DEBUG shrink:prove_shards:open multi batches: close time.busy=6.64s time.idle=5.15µs
2025-10-28T17:16:16.873344Z DEBUG shrink:prove_shards:compute quotient values: close time.busy=5.19s time.idle=10.1s
2025-10-28T17:16:17.318234Z  INFO shrink:prove_shards: close time.busy=31.1s time.idle=12.1µs
2025-10-28T17:16:17.845163Z  INFO shrink: close time.busy=37.6s time.idle=8.19µs
2025-10-28T17:16:17.965080Z DEBUG wrap_bn254:build compress program:assert lookup multiplicities: close time.busy=8.24µs time.idle=5.94µs
2025-10-28T17:16:18.027358Z DEBUG wrap_bn254:build compress program:2adic pcs:verify shape and challenges: close time.busy=43.1ms time.idle=6.90µs
2025-10-28T17:16:18.176362Z DEBUG wrap_bn254:build compress program:2adic pcs:verify challenges: close time.busy=57.7ms time.idle=6.47µs
2025-10-28T17:16:18.176513Z DEBUG wrap_bn254:build compress program:2adic pcs: close time.busy=209ms time.idle=3.98µs
2025-10-28T17:16:18.178543Z DEBUG wrap_bn254:build compress program:verify constraints: close time.busy=2.01ms time.idle=3.75µs
2025-10-28T17:16:18.196945Z DEBUG wrap_bn254:build compress program: close time.busy=348ms time.idle=5.57µs
2025-10-28T17:16:18.492378Z DEBUG wrap_bn254:compile compress program:compile raw program: close time.busy=295ms time.idle=4.68µs
2025-10-28T17:16:18.518355Z DEBUG wrap_bn254:compile compress program:backfill mult: close time.busy=25.9ms time.idle=5.07µs
2025-10-28T17:16:18.518508Z DEBUG wrap_bn254:compile compress program:prepend constants: close time.busy=85.8µs time.idle=3.94µs
2025-10-28T17:16:18.518526Z DEBUG wrap_bn254:compile compress program: close time.busy=322ms time.idle=4.72µs
2025-10-28T17:16:18.632179Z DEBUG wrap_bn254: total events: 1016207
2025-10-28T17:16:18.632225Z DEBUG wrap_bn254:   base_alu_events: 423964
2025-10-28T17:16:18.632235Z DEBUG wrap_bn254:   batch_fri_events: 0
2025-10-28T17:16:18.632243Z DEBUG wrap_bn254:   commit_pv_hash_events: 1
2025-10-28T17:16:18.632251Z DEBUG wrap_bn254:   exp_reverse_bits_len_events: 0
2025-10-28T17:16:18.632258Z DEBUG wrap_bn254:   ext_alu_events: 232140
2025-10-28T17:16:18.632266Z DEBUG wrap_bn254:   fri_fold_events: 0
2025-10-28T17:16:18.632273Z DEBUG wrap_bn254:   mem_const_count: 65664
2025-10-28T17:16:18.632281Z DEBUG wrap_bn254:   mem_var_events: 165500
2025-10-28T17:16:18.632289Z DEBUG wrap_bn254:   poseidon2_events: 21186
2025-10-28T17:16:18.632296Z DEBUG wrap_bn254:   select_events: 107752
2025-10-28T17:16:18.632306Z DEBUG wrap_bn254: wrap program executed successfully
2025-10-28T17:16:18.644936Z DEBUG wrap_bn254:setup wrap:setup machine:generate preprocessed traces: generated preprocessed trace for chip PublicValues in 12.066915ms
2025-10-28T17:16:18.645773Z DEBUG wrap_bn254:setup wrap:setup machine:generate preprocessed traces: generated preprocessed trace for chip MemoryConst in 13.218336ms
2025-10-28T17:16:18.652328Z DEBUG wrap_bn254:setup wrap:setup machine:generate preprocessed traces: generated preprocessed trace for chip Select in 19.504312ms
2025-10-28T17:16:18.656945Z DEBUG wrap_bn254:setup wrap:setup machine:generate preprocessed traces: generated preprocessed trace for chip ExtAlu in 24.048035ms
2025-10-28T17:16:18.656945Z DEBUG wrap_bn254:setup wrap:setup machine:generate preprocessed traces: generated preprocessed trace for chip MemoryVar in 24.269128ms
2025-10-28T17:16:18.683927Z DEBUG wrap_bn254:setup wrap:setup machine:generate preprocessed traces: generated preprocessed trace for chip BaseAlu in 51.160985ms
2025-10-28T17:16:18.880755Z DEBUG wrap_bn254:setup wrap:setup machine:generate preprocessed traces: generated preprocessed trace for chip Poseidon2SkinnyDeg9 in 248.02911ms
2025-10-28T17:18:14.190034Z DEBUG wrap_bn254:setup wrap:setup machine:commit to preprocessed traces: close time.busy=115s time.idle=82.2µs
2025-10-28T17:18:14.190660Z DEBUG wrap_bn254:setup wrap:setup machine:generate preprocessed traces: close time.busy=250ms time.idle=115s
2025-10-28T17:18:14.190752Z DEBUG wrap_bn254:setup wrap:setup machine: close time.busy=116s time.idle=22.2µs
2025-10-28T17:18:14.190863Z DEBUG wrap_bn254:setup wrap: close time.busy=116s time.idle=81.4µs
2025-10-28T17:18:14.191247Z DEBUG wrap_bn254: wrap verifier key set
2025-10-28T17:18:14.191503Z DEBUG wrap_bn254:register nonces: close time.busy=1.70µs time.idle=4.06µs
2025-10-28T17:18:14.192532Z DEBUG wrap_bn254:prove_shards:generate traces for shard: generated trace for chip PublicValues in 155.661µs
2025-10-28T17:18:14.192907Z DEBUG wrap_bn254:prove_shards:generate traces for shard: generated trace for chip MemoryConst in 648.413µs
2025-10-28T17:18:14.199170Z DEBUG wrap_bn254:prove_shards:generate traces for shard: generated trace for chip Select in 6.80593ms
2025-10-28T17:18:14.202336Z DEBUG wrap_bn254:prove_shards:generate traces for shard: generated trace for chip BaseAlu in 9.888353ms
2025-10-28T17:18:14.230240Z DEBUG wrap_bn254:prove_shards:generate traces for shard: generated trace for chip ExtAlu in 37.939862ms
2025-10-28T17:18:14.250865Z DEBUG wrap_bn254:prove_shards:generate traces for shard: generated trace for chip MemoryVar in 58.472525ms
2025-10-28T17:18:14.483856Z DEBUG generate poseidon2 skinny trace: close time.busy=291ms time.idle=45.8µs rows=21186
2025-10-28T17:18:14.483922Z DEBUG wrap_bn254:prove_shards:generate traces for shard: generated trace for chip Poseidon2SkinnyDeg9 in 291.4263ms
2025-10-28T17:18:14.484391Z DEBUG wrap_bn254:prove_shards:generate traces for shard: close time.busy=292ms time.idle=3.22µs
2025-10-28T17:19:37.208868Z DEBUG wrap_bn254:prove_shards:generate permutation traces: close time.busy=958ms time.idle=16.1µs
2025-10-28T17:19:37.209023Z DEBUG wrap_bn254:prove_shards: Poseidon2SkinnyDeg9 | Main Cols = 28    | Pre Cols = 51     | Perm Cols = 12    | Rows = 262144 | Cells = 23855104  
2025-10-28T17:19:37.209041Z DEBUG wrap_bn254:prove_shards: BaseAlu         | Main Cols = 12    | Pre Cols = 32     | Perm Cols = 28    | Rows = 131072 | Cells = 9437184   
2025-10-28T17:19:37.209055Z DEBUG wrap_bn254:prove_shards: MemoryVar       | Main Cols = 8     | Pre Cols = 4      | Perm Cols = 8     | Rows = 131072 | Cells = 2621440   
2025-10-28T17:19:37.209066Z DEBUG wrap_bn254:prove_shards: Select          | Main Cols = 5     | Pre Cols = 8      | Perm Cols = 16    | Rows = 131072 | Cells = 3801088   
2025-10-28T17:19:37.209076Z DEBUG wrap_bn254:prove_shards: ExtAlu          | Main Cols = 48    | Pre Cols = 32     | Perm Cols = 28    | Rows = 65536 | Cells = 7077888   
2025-10-28T17:19:37.209087Z DEBUG wrap_bn254:prove_shards: MemoryConst     | Main Cols = 1     | Pre Cols = 12     | Perm Cols = 8     | Rows = 65536 | Cells = 1376256   
2025-10-28T17:19:37.209097Z DEBUG wrap_bn254:prove_shards: PublicValues    | Main Cols = 1     | Pre Cols = 10     | Perm Cols = 8     | Rows = 16    | Cells = 304       
2025-10-28T17:19:37.363266Z DEBUG wrap_bn254:prove_shards:flatten permutation traces and collect domains: close time.busy=154ms time.idle=6.35µs
2025-10-28T17:20:55.078369Z DEBUG wrap_bn254:prove_shards:commit to permutation traces: close time.busy=77.7s time.idle=23.2µs
2025-10-28T17:20:55.082998Z DEBUG wrap_bn254:prove_shards:compute quotient values:compute quotient values for domain: close time.busy=2.05ms time.idle=10.8µs
2025-10-28T17:20:57.075577Z DEBUG wrap_bn254:prove_shards:compute quotient values:compute quotient values for domain: close time.busy=1.99s time.idle=10.3µs
2025-10-28T17:20:57.076768Z DEBUG wrap_bn254:prove_shards:compute quotient values:compute quotient values for domain: close time.busy=2.00s time.idle=14.1µs
2025-10-28T17:20:57.079716Z DEBUG wrap_bn254:prove_shards:compute quotient values:compute quotient values for domain: close time.busy=2.00s time.idle=11.0µs
2025-10-28T17:20:57.080095Z DEBUG wrap_bn254:prove_shards:compute quotient values:compute quotient values for domain: close time.busy=2.00s time.idle=41.0µs
2025-10-28T17:20:57.085796Z DEBUG wrap_bn254:prove_shards:compute quotient values:compute quotient values for domain: close time.busy=2.00s time.idle=7.00µs
2025-10-28T17:21:08.716549Z DEBUG wrap_bn254:prove_shards:compute quotient values:compute quotient values for domain: close time.busy=13.6s time.idle=30.7µs
2025-10-28T17:22:21.995412Z DEBUG wrap_bn254:prove_shards:commit to quotient traces: close time.busy=73.1s time.idle=16.1µs
2025-10-28T17:22:21.995887Z DEBUG wrap_bn254:prove_shards:compute preprocessed opening points: close time.busy=31.4µs time.idle=3.74µs
2025-10-28T17:22:21.995972Z DEBUG wrap_bn254:prove_shards:compute main trace opening points: close time.busy=51.2µs time.idle=4.55µs
2025-10-28T17:22:21.996149Z DEBUG wrap_bn254:prove_shards:compute permutation trace opening points: close time.busy=148µs time.idle=4.33µs
2025-10-28T17:23:02.407705Z DEBUG wrap_bn254:prove_shards:open multi batches: close time.busy=40.4s time.idle=17.8µs
2025-10-28T17:23:02.616777Z DEBUG wrap_bn254:prove_shards:compute quotient values: close time.busy=13.6s time.idle=114s
2025-10-28T17:23:03.247086Z  INFO wrap_bn254:prove_shards: close time.busy=289s time.idle=17.7µs
2025-10-28T17:23:03.247179Z DEBUG wrap_bn254: wrap proving time: 289.055769985s
2025-10-28T17:23:03.549865Z DEBUG wrap_bn254:verify:verify shard proofs:verifying shard: close time.busy=302ms time.idle=4.44µs shard=0
2025-10-28T17:23:03.549960Z DEBUG wrap_bn254:verify:verify shard proofs: close time.busy=303ms time.idle=4.29µs
2025-10-28T17:23:03.550066Z DEBUG wrap_bn254:verify:verify global cumulative sum is 0: close time.busy=69.3µs time.idle=7.88µs
2025-10-28T17:23:03.550083Z  INFO wrap_bn254:verify: close time.busy=303ms time.idle=21.6µs
2025-10-28T17:23:03.550101Z DEBUG wrap_bn254: wrapping successful
2025-10-28T17:23:04.103897Z  INFO wrap_bn254: close time.busy=406s time.idle=6.08µs
[sp1] plonk circuit artifacts already seem to exist at /home/ubuntu/.sp1/circuits/plonk/v5.0.0. if you want to re-download them, delete the directory
2025-10-28T17:23:04.202867Z  INFO wrap_plonk_bn254: Running prove in docker
2025-10-28T17:34:14.089837Z  INFO wrap_plonk_bn254: Running verify in docker
2025-10-28T17:34:15.090681Z  INFO wrap_plonk_bn254: close time.busy=671s time.idle=5.95µs
	Command being timed: "cargo run --release -p pessimistic-proof-test-suite --bin ppgen_sabv_lmtr4 -- --n-exits 20 --validator-nodes 3 --proof-dir /home/ubuntu/thanhhuyen/proofs/v4"
	User time (seconds): 31572.88
	System time (seconds): 892.09
	Percent of CPU this job got: 979%
	Elapsed (wall clock) time (h:mm:ss or m:ss): 55:13.20
	Average shared text size (kbytes): 0
	Average unshared data size (kbytes): 0
	Average stack size (kbytes): 0
	Average total size (kbytes): 0
	Maximum resident set size (kbytes): 20739912
	Average resident set size (kbytes): 0
	Major (requiring I/O) page faults: 0
	Minor (reclaiming a frame) page faults: 113224505
	Voluntary context switches: 1897726
	Involuntary context switches: 1617753
	Swaps: 0
	File system inputs: 0
	File system outputs: 7816
	Socket messages sent: 0
	Socket messages received: 0
	Signals delivered: 0
	Page size (bytes): 4096
	Exit status: 0
=== DONE N=20 ===
