\n=== RUN N=2 @ 20251028_150038 ===
warning: unused import: `keccak::Keccak256Hasher`
 --> crates/pessimistic-proof-core/src/sabv2.rs:2:35
  |
2 | use agglayer_primitives::{Digest, keccak::Keccak256Hasher};
  |                                   ^^^^^^^^^^^^^^^^^^^^^^^
  |
  = note: `#[warn(unused_imports)]` on by default

warning: unused import: `keccak::Keccak256Hasher`
 --> crates/pessimistic-proof-core/src/lmtr2.rs:2:35
  |
2 | use agglayer_primitives::{Digest, keccak::Keccak256Hasher};
  |                                   ^^^^^^^^^^^^^^^^^^^^^^^

warning: unused import: `keccak::Keccak256Hasher`
 --> crates/pessimistic-proof-core/src/sabv3.rs:2:35
  |
2 | use agglayer_primitives::{Digest, keccak::Keccak256Hasher};
  |                                   ^^^^^^^^^^^^^^^^^^^^^^^

warning: unused import: `keccak::Keccak256Hasher`
 --> crates/pessimistic-proof-core/src/lmtr3.rs:2:35
  |
2 | use agglayer_primitives::{Digest, keccak::Keccak256Hasher};
  |                                   ^^^^^^^^^^^^^^^^^^^^^^^

warning: unused import: `keccak::Keccak256Hasher`
 --> crates/pessimistic-proof-core/src/sabv4.rs:2:35
  |
2 | use agglayer_primitives::{Digest, keccak::Keccak256Hasher};
  |                                   ^^^^^^^^^^^^^^^^^^^^^^^

warning: unused import: `keccak::Keccak256Hasher`
 --> crates/pessimistic-proof-core/src/lmtr4.rs:2:35
  |
2 | use agglayer_primitives::{Digest, keccak::Keccak256Hasher};
  |                                   ^^^^^^^^^^^^^^^^^^^^^^^

warning: unused imports: `BridgeExit`, `ImportedBridgeExit`, `NetworkId`, and `TokenInfo`
   --> crates/pessimistic-proof-core/src/lmtr4.rs:245:30
    |
245 |         use unified_bridge::{BridgeExit, ImportedBridgeExit, NetworkId, TokenInfo};
    |                              ^^^^^^^^^^  ^^^^^^^^^^^^^^^^^^  ^^^^^^^^^  ^^^^^^^^^

warning: unused import: `agglayer_primitives::U256`
   --> crates/pessimistic-proof-core/src/lmtr4.rs:247:13
    |
247 |         use agglayer_primitives::U256;
    |             ^^^^^^^^^^^^^^^^^^^^^^^^^

warning: unused import: `crate::nullifier_tree::NullifierPath`
   --> crates/pessimistic-proof-core/src/lmtr4.rs:248:13
    |
248 |         use crate::nullifier_tree::NullifierPath;
    |             ^^^^^^^^^^^^^^^^^^^^^^^^^^^^^^^^^^^^

warning: unused import: `crate::local_balance_tree::LocalBalancePath`
   --> crates/pessimistic-proof-core/src/lmtr4.rs:249:13
    |
249 |         use crate::local_balance_tree::LocalBalancePath;
    |             ^^^^^^^^^^^^^^^^^^^^^^^^^^^^^^^^^^^^^^^^^^^

warning: unused import: `crate::aggchain_proof::AggchainData`
   --> crates/pessimistic-proof-core/src/lmtr4.rs:250:13
    |
250 |         use crate::aggchain_proof::AggchainData;
    |             ^^^^^^^^^^^^^^^^^^^^^^^^^^^^^^^^^^^

warning: unused variable: `branching_factor`
  --> crates/pessimistic-proof-core/src/lmtr.rs:31:9
   |
31 |         branching_factor: usize,
   |         ^^^^^^^^^^^^^^^^ help: if this is intentional, prefix it with an underscore: `_branching_factor`
   |
   = note: `#[warn(unused_variables)]` on by default

warning: unused variable: `block`
  --> crates/pessimistic-proof-core/src/sabv2.rs:72:13
   |
72 |         for block in blocks {
   |             ^^^^^ help: if this is intentional, prefix it with an underscore: `_block`

warning: unused variable: `consensus_result`
  --> crates/pessimistic-proof-core/src/sabv2.rs:79:13
   |
79 |         let consensus_result = self.run_consensus_mechanism(blocks, validator_nodes)?;
   |             ^^^^^^^^^^^^^^^^ help: if this is intentional, prefix it with an underscore: `_consensus_result`

warning: unused variable: `global_root`
  --> crates/pessimistic-proof-core/src/sabv2.rs:63:9
   |
63 |         global_root: &agglayer_primitives::Digest,
   |         ^^^^^^^^^^^ help: if this is intentional, prefix it with an underscore: `_global_root`

warning: unused variable: `computed_hash`
   --> crates/pessimistic-proof-core/src/sabv2.rs:136:13
    |
136 |         let computed_hash = Keccak256::digest(&block_data);
    |             ^^^^^^^^^^^^^ help: if this is intentional, prefix it with an underscore: `_computed_hash`

warning: unused variable: `declared_hash`
   --> crates/pessimistic-proof-core/src/sabv2.rs:139:13
    |
139 |         let declared_hash = self.get_block_declared_hash(block)?;
    |             ^^^^^^^^^^^^^ help: if this is intentional, prefix it with an underscore: `_declared_hash`

warning: unused variable: `block`
   --> crates/pessimistic-proof-core/src/sabv2.rs:229:32
    |
229 |     fn get_block_height(&self, block: &crate::multi_batch_header::MultiBatchHeader<agglayer_primitives::keccak::Keccak256Hasher>) -> Resu...
    |                                ^^^^^ help: if this is intentional, prefix it with an underscore: `_block`

warning: unused variable: `block`
   --> crates/pessimistic-proof-core/src/sabv2.rs:241:39
    |
241 |     fn get_block_declared_hash(&self, block: &crate::multi_batch_header::MultiBatchHeader<agglayer_primitives::keccak::Keccak256Hasher>) ...
    |                                       ^^^^^ help: if this is intentional, prefix it with an underscore: `_block`

warning: unused variable: `block`
   --> crates/pessimistic-proof-core/src/sabv2.rs:247:32
    |
247 |     fn get_block_signer(&self, block: &crate::multi_batch_header::MultiBatchHeader<agglayer_primitives::keccak::Keccak256Hasher>) -> Resu...
    |                                ^^^^^ help: if this is intentional, prefix it with an underscore: `_block`

warning: unused variable: `block`
   --> crates/pessimistic-proof-core/src/sabv2.rs:257:35
    |
257 |     fn get_block_signature(&self, block: &crate::multi_batch_header::MultiBatchHeader<agglayer_primitives::keccak::Keccak256Hasher>) -> R...
    |                                   ^^^^^ help: if this is intentional, prefix it with an underscore: `_block`

warning: unused variable: `hash`
   --> crates/pessimistic-proof-core/src/sabv2.rs:274:13
    |
274 |         let hash = Keccak256::digest(&block_data);
    |             ^^^^ help: if this is intentional, prefix it with an underscore: `_hash`

warning: unused variable: `block`
   --> crates/pessimistic-proof-core/src/sabv2.rs:295:35
    |
295 |     fn estimate_block_size(&self, block: &crate::multi_batch_header::MultiBatchHeader<agglayer_primitives::keccak::Keccak256Hasher>) -> R...
    |                                   ^^^^^ help: if this is intentional, prefix it with an underscore: `_block`

warning: unused variable: `i`
   --> crates/pessimistic-proof-core/src/lmtr2.rs:144:14
    |
144 |         for (i, block) in blocks.iter().enumerate() {
    |              ^ help: if this is intentional, prefix it with an underscore: `_i`

warning: unused variable: `leaf_hash`
   --> crates/pessimistic-proof-core/src/lmtr2.rs:146:17
    |
146 |             let leaf_hash = Keccak256::digest(&block_data);
    |                 ^^^^^^^^^ help: if this is intentional, prefix it with an underscore: `_leaf_hash`

warning: unused variable: `current_efficiency`
   --> crates/pessimistic-proof-core/src/lmtr2.rs:179:13
    |
179 |         let current_efficiency = self.calculate_tree_efficiency(num_blocks, branching_factor)?;
    |             ^^^^^^^^^^^^^^^^^^ help: if this is intentional, prefix it with an underscore: `_current_efficiency`

warning: unused variable: `new_hash`
   --> crates/pessimistic-proof-core/src/lmtr2.rs:229:21
    |
229 |                 let new_hash = Keccak256::digest(&optimized_data);
    |                     ^^^^^^^^ help: if this is intentional, prefix it with an underscore: `_new_hash`

warning: unused variable: `optimal_config`
   --> crates/pessimistic-proof-core/src/lmtr2.rs:217:9
    |
217 |         optimal_config: &OptimalConfig,
    |         ^^^^^^^^^^^^^^ help: if this is intentional, prefix it with an underscore: `_optimal_config`

warning: unused variable: `parent_hash`
   --> crates/pessimistic-proof-core/src/lmtr2.rs:312:21
    |
312 |                 let parent_hash = Keccak256::digest(&parent_data);
    |                     ^^^^^^^^^^^ help: if this is intentional, prefix it with an underscore: `_parent_hash`

warning: unused variable: `tree`
   --> crates/pessimistic-proof-core/src/lmtr2.rs:399:136
    |
399 | ...ves::keccak::Keccak256Hasher>, tree: &MerkleTree) -> Result<crate::multi_batch_header::MultiBatchHeader<agglayer_primitives::keccak::K...
    |                                   ^^^^ help: if this is intentional, prefix it with an underscore: `_tree`

warning: unused variable: `j_star`
   --> crates/pessimistic-proof-core/src/sabv3.rs:305:9
    |
305 |         j_star: usize,
    |         ^^^^^^ help: if this is intentional, prefix it with an underscore: `_j_star`

warning: unused variable: `j_star`
   --> crates/pessimistic-proof-core/src/sabv4.rs:496:9
    |
496 |         j_star: usize,
    |         ^^^^^^ help: if this is intentional, prefix it with an underscore: `_j_star`

warning: unused variable: `expected_root`
   --> crates/pessimistic-proof-core/src/sabv4.rs:603:72
    |
603 | ...mputed_root: &Digest, expected_root: &agglayer_primitives::Digest, signature: &agglayer_primitives::Signature, signer: &agglayer_primi...
    |                          ^^^^^^^^^^^^^ help: if this is intentional, prefix it with an underscore: `_expected_root`

warning: unused variable: `expected_bytes`
   --> crates/pessimistic-proof-core/src/sabv4.rs:744:56
    |
744 |     fn verify_hash_chain(&self, computed_bytes: &[u8], expected_bytes: &[u8]) -> Result<bool, ProofError> {
    |                                                        ^^^^^^^^^^^^^^ help: if this is intentional, prefix it with an underscore: `_expected_bytes`

warning: field `config` is never read
  --> crates/pessimistic-proof-core/src/sabv.rs:13:5
   |
12 | pub struct SabvAlgorithm {
   |            ------------- field in this struct
13 |     config: SabvConfig,
   |     ^^^^^^
   |
   = note: `SabvAlgorithm` has derived impls for the traits `Clone` and `Debug`, but these are intentionally ignored during dead code analysis
   = note: `#[warn(dead_code)]` on by default

warning: field `config` is never read
  --> crates/pessimistic-proof-core/src/lmtr.rs:12:5
   |
11 | pub struct LmtrAlgorithm {
   |            ------------- field in this struct
12 |     config: LmtrConfig,
   |     ^^^^^^
   |
   = note: `LmtrAlgorithm` has derived impls for the traits `Clone` and `Debug`, but these are intentionally ignored during dead code analysis

warning: fields `config` and `consensus_messages` are never read
  --> crates/pessimistic-proof-core/src/sabv2.rs:34:5
   |
33 | pub struct Sabv2Algorithm {
   |            -------------- fields in this struct
34 |     config: Sabv2Config,
   |     ^^^^^^
35 |     validators: Vec<ValidatorNode>,
36 |     consensus_messages: HashMap<Digest, Vec<ConsensusMessage>>,
   |     ^^^^^^^^^^^^^^^^^^
   |
   = note: `Sabv2Algorithm` has derived impls for the traits `Clone` and `Debug`, but these are intentionally ignored during dead code analysis

warning: multiple methods are never used
   --> crates/pessimistic-proof-core/src/sabv2.rs:89:8
    |
 39 | impl Sabv2Algorithm {
    | ------------------- methods in this implementation
...
 89 |     fn validate_block_cryptography(
    |        ^^^^^^^^^^^^^^^^^^^^^^^^^^^
...
112 |     fn verify_merkle_tree_structure(
    |        ^^^^^^^^^^^^^^^^^^^^^^^^^^^^
...
130 |     fn verify_hash_integrity(
    |        ^^^^^^^^^^^^^^^^^^^^^
...
149 |     fn verify_signature_validity(
    |        ^^^^^^^^^^^^^^^^^^^^^^^^^
...
204 |     fn verify_consensus_threshold(
    |        ^^^^^^^^^^^^^^^^^^^^^^^^^^
...
222 |     fn calculate_optimal_height(&self, block: &crate::multi_batch_header::MultiBatchHeader<agglayer_primitives::keccak::Keccak256Hasher>)...
    |        ^^^^^^^^^^^^^^^^^^^^^^^^
...
229 |     fn get_block_height(&self, block: &crate::multi_batch_header::MultiBatchHeader<agglayer_primitives::keccak::Keccak256Hasher>) -> Resu...
    |        ^^^^^^^^^^^^^^^^
...
241 |     fn get_block_declared_hash(&self, block: &crate::multi_batch_header::MultiBatchHeader<agglayer_primitives::keccak::Keccak256Hasher>) ...
    |        ^^^^^^^^^^^^^^^^^^^^^^^
...
247 |     fn get_block_signer(&self, block: &crate::multi_batch_header::MultiBatchHeader<agglayer_primitives::keccak::Keccak256Hasher>) -> Resu...
    |        ^^^^^^^^^^^^^^^^
...
252 |     fn get_block_message(&self, block: &crate::multi_batch_header::MultiBatchHeader<agglayer_primitives::keccak::Keccak256Hasher>) -> Res...
    |        ^^^^^^^^^^^^^^^^^
...
257 |     fn get_block_signature(&self, block: &crate::multi_batch_header::MultiBatchHeader<agglayer_primitives::keccak::Keccak256Hasher>) -> R...
    |        ^^^^^^^^^^^^^^^^^^^
...
262 |     fn compute_expected_signature(&self, signer: &str, message: &[u8]) -> Result<String, ProofError> {
    |        ^^^^^^^^^^^^^^^^^^^^^^^^^^
...
295 |     fn estimate_block_size(&self, block: &crate::multi_batch_header::MultiBatchHeader<agglayer_primitives::keccak::Keccak256Hasher>) -> R...
    |        ^^^^^^^^^^^^^^^^^^^

warning: field `tree_cache` is never read
  --> crates/pessimistic-proof-core/src/lmtr2.rs:53:5
   |
51 | pub struct Lmtr2Algorithm {
   |            -------------- field in this struct
52 |     config: Lmtr2Config,
53 |     tree_cache: HashMap<Digest, MerkleTree>,
   |     ^^^^^^^^^^
   |
   = note: `Lmtr2Algorithm` has derived impls for the traits `Clone` and `Debug`, but these are intentionally ignored during dead code analysis

warning: fields `branching_factor` and `rebalancing_cost` are never read
   --> crates/pessimistic-proof-core/src/lmtr2.rs:415:5
    |
413 | struct OptimalConfig {
    |        ------------- fields in this struct
414 |     optimal_height: usize,
415 |     branching_factor: usize,
    |     ^^^^^^^^^^^^^^^^
416 |     expected_efficiency: f64,
417 |     rebalancing_cost: u64,
    |     ^^^^^^^^^^^^^^^^
    |
    = note: `OptimalConfig` has derived impls for the traits `Clone` and `Debug`, but these are intentionally ignored during dead code analysis

warning: field `validators` is never read
  --> crates/pessimistic-proof-core/src/sabv3.rs:41:5
   |
39 | pub struct Sabv3Algorithm {
   |            -------------- field in this struct
40 |     config: Sabv3Config,
41 |     validators: Vec<ValidatorNode>,
   |     ^^^^^^^^^^
   |
   = note: `Sabv3Algorithm` has derived impls for the traits `Clone` and `Debug`, but these are intentionally ignored during dead code analysis

warning: methods `construct_local_cc_mbmt`, `compute_shard_hash`, `build_merkle_tree`, and `calculate_tree_height` are never used
   --> crates/pessimistic-proof-core/src/sabv3.rs:302:8
    |
 44 | impl Sabv3Algorithm {
    | ------------------- methods in this implementation
...
302 |     fn construct_local_cc_mbmt(
    |        ^^^^^^^^^^^^^^^^^^^^^^^
...
441 |     fn compute_shard_hash(&self, blocks: &[crate::multi_batch_header::MultiBatchHeader<agglayer_primitives::keccak::Keccak256Hasher>]) ->...
    |        ^^^^^^^^^^^^^^^^^^
...
459 |     fn build_merkle_tree(&self, blocks: &[crate::multi_batch_header::MultiBatchHeader<agglayer_primitives::keccak::Keccak256Hasher>], b: ...
    |        ^^^^^^^^^^^^^^^^^
...
526 |     fn calculate_tree_height(&self, num_blocks: usize, b: usize) -> usize {
    |        ^^^^^^^^^^^^^^^^^^^^^

warning: struct `BlockchainMerkleProof` is never constructed
  --> crates/pessimistic-proof-core/src/sabv4.rs:38:8
   |
38 | struct BlockchainMerkleProof {
   |        ^^^^^^^^^^^^^^^^^^^^^

warning: fields `shard_index` and `round` are never read
  --> crates/pessimistic-proof-core/src/sabv4.rs:50:9
   |
47 | struct MPCShareMessage {
   |        --------------- fields in this struct
...
50 |     pub shard_index: usize,
   |         ^^^^^^^^^^^
51 |     pub share: (f64, f64), // (x, y) = share point
52 |     pub round: u64,
   |         ^^^^^
   |
   = note: `MPCShareMessage` has derived impls for the traits `Clone` and `Debug`, but these are intentionally ignored during dead code analysis

warning: field `consensus_reached` is never read
  --> crates/pessimistic-proof-core/src/sabv4.rs:60:9
   |
57 | struct MPCNetworkState {
   |        --------------- field in this struct
...
60 |     pub consensus_reached: bool,
   |         ^^^^^^^^^^^^^^^^^
   |
   = note: `MPCNetworkState` has a derived impl for the trait `Debug`, but this is intentionally ignored during dead code analysis

warning: field `validators` is never read
  --> crates/pessimistic-proof-core/src/sabv4.rs:67:5
   |
65 | pub struct Sabv4Algorithm {
   |            -------------- field in this struct
66 |     config: Sabv4Config,
67 |     validators: Vec<ValidatorNode>,
   |     ^^^^^^^^^^
   |
   = note: `Sabv4Algorithm` has a derived impl for the trait `Debug`, but this is intentionally ignored during dead code analysis

warning: multiple methods are never used
    --> crates/pessimistic-proof-core/src/sabv4.rs:493:8
     |
  71 | impl Sabv4Algorithm {
     | ------------------- methods in this implementation
...
 493 |     fn construct_local_cc_mbmt(
     |        ^^^^^^^^^^^^^^^^^^^^^^^
...
 564 |     fn verify_integrity_with_blocks(&self, computed_root: &Digest, expected_root: &agglayer_primitives::Digest, blocks: &[crate::multi_ba...
     |        ^^^^^^^^^^^^^^^^^^^^^^^^^^^^
...
 603 |     fn verify_blockchain_signature_real(&self, computed_root: &Digest, expected_root: &agglayer_primitives::Digest, signature: &agglayer_...
     |        ^^^^^^^^^^^^^^^^^^^^^^^^^^^^^^^^
...
 618 |     fn extract_blockchain_public_key(&self, computed_bytes: &[u8]) -> Result<Vec<u8>, ProofError> {
     |        ^^^^^^^^^^^^^^^^^^^^^^^^^^^^^
...
 629 |     fn validate_blockchain_signature(&self, signature: &[u8], public_key: &[u8]) -> Result<bool, ProofError> {
     |        ^^^^^^^^^^^^^^^^^^^^^^^^^^^^^
...
 648 |     fn verify_merkle_proof(&self, computed_root: &Digest, expected_root: &agglayer_primitives::Digest) -> Result<bool, ProofError> {
     |        ^^^^^^^^^^^^^^^^^^^
...
 682 |     fn extract_blockchain_merkle_proof(&self, computed_root: &Digest, expected_root: &agglayer_primitives::Digest) -> Result<BlockchainMe...
     |        ^^^^^^^^^^^^^^^^^^^^^^^^^^^^^^^
...
 717 |     fn validate_blockchain_proof(&self, proof: &BlockchainMerkleProof) -> Result<bool, ProofError> {
     |        ^^^^^^^^^^^^^^^^^^^^^^^^^
...
 744 |     fn verify_hash_chain(&self, computed_bytes: &[u8], expected_bytes: &[u8]) -> Result<bool, ProofError> {
     |        ^^^^^^^^^^^^^^^^^
...
 772 |     fn verify_timestamp_freshness(&self) -> Result<bool, ProofError> {
     |        ^^^^^^^^^^^^^^^^^^^^^^^^^^
...
 784 |     fn verify_nonce_uniqueness(&self, computed_bytes: &[u8], expected_bytes: &[u8]) -> Result<bool, ProofError> {
     |        ^^^^^^^^^^^^^^^^^^^^^^^
...
 814 |     fn verify_zero_knowledge_proof(&self, computed_root: &Digest, expected_root: &agglayer_primitives::Digest) -> Result<bool, ProofError> {
     |        ^^^^^^^^^^^^^^^^^^^^^^^^^^^
...
 853 |     fn calculate_signature_strength(&self, signature_bytes: &[u8]) -> f64 {
     |        ^^^^^^^^^^^^^^^^^^^^^^^^^^^^
...
 950 |     fn calculate_entropy(&self, data: &[u8]) -> f64 {
     |        ^^^^^^^^^^^^^^^^^
...
 970 |     fn compute_shard_hash(&self, blocks: &[crate::multi_batch_header::MultiBatchHeader<agglayer_primitives::keccak::Keccak256Hasher>]) ->...
     |        ^^^^^^^^^^^^^^^^^^
...
1037 |     fn build_merkle_tree(&self, blocks: &[crate::multi_batch_header::MultiBatchHeader<agglayer_primitives::keccak::Keccak256Hasher>], b: ...
     |        ^^^^^^^^^^^^^^^^^
...
1104 |     fn calculate_tree_height(&self, num_blocks: usize, b: usize) -> usize {
     |        ^^^^^^^^^^^^^^^^^^^^^
...
1113 |     fn compute_root_from_blocks(
     |        ^^^^^^^^^^^^^^^^^^^^^^^^

warning: method `reconstruct_block_from_bytes` is never used
   --> crates/pessimistic-proof-core/src/lmtr4.rs:241:8
    |
 27 | impl Lmtr4Algorithm {
    | ------------------- method in this implementation
...
241 |     fn reconstruct_block_from_bytes(&self, bytes: &[u8]) -> Result<crate::multi_batch_header::MultiBatchHeader<agglayer_primitives::kecca...
    |        ^^^^^^^^^^^^^^^^^^^^^^^^^^^^

warning: `pessimistic-proof-core` (lib) generated 48 warnings (run `cargo fix --lib -p pessimistic-proof-core` to apply 11 suggestions)
warning: unused variable: `vk`
   --> crates/pessimistic-proof-test-suite/src/bin/ppgen_sabv_lmtr4.rs:184:24
    |
184 |             Ok((proof, vk, new_roots)) => {
    |                        ^^ help: if this is intentional, prefix it with an underscore: `_vk`
    |
    = note: `#[warn(unused_variables)]` on by default

warning: unused variable: `new_roots`
   --> crates/pessimistic-proof-test-suite/src/bin/ppgen_sabv_lmtr4.rs:184:28
    |
184 |             Ok((proof, vk, new_roots)) => {
    |                            ^^^^^^^^^ help: if this is intentional, prefix it with an underscore: `_new_roots`

warning: `pessimistic-proof-test-suite` (bin "ppgen_sabv_lmtr4") generated 2 warnings
    Finished `release` profile [optimized] target(s) in 1.02s
     Running `target/release/ppgen_sabv_lmtr4 --n-exits 2 --validator-nodes 3 --proof-dir /home/ubuntu/thanhhuyen/proofs/v4`
🔍 SABV4: Starting Algorithm 1 - Verify Aggregated Blocks Integrity
   Input: N=1 blocks, branching_factor=3, validators=3
📊 SABV4: Calculated j* = 1 with variance = 179769313486231570814527423731704356798070567525844996598917476803157260780028538760589558632766878171540458953514382464234321326889464182768467546703537516986049910576551282076245490090389328944075868508455133942304583236903222948165808559332123348274797826204144723168738177180919299881250404026184124858368.0000
✅ Step 1: Optimal sharding size j* = 1 (shard_size = 3^1 = 3)
📦 SABV4: Created 1 shards (0 full + 1 remainder)
✅ Step 2: Partitioned 1 blocks into 1 shards (shard_size = 3)
📡 SABV4: REAL MPC Network - 3 validators broadcast shares, 3 received sufficient shares
🔐 SABV4: REAL Shamir secret sharing - Secret: 0.466299, Reconstructed: 0.466299, Match: true
   Polynomial degree: 2, Shares: 3, Threshold: 3/3
   Validator 2 assigned with share value: 6.312499
✅ Step 3: Secret sharing applied (threshold k=3/3)
📊 Step 4: Rebalancing shards with LMTR4 (Algorithm 2)...
🔧 LMTR4: Starting Algorithm 2 rebalancing for 1 blocks
📊 LMTR4: Initial state - Ni = 1, b = 3, htarget = 4
🔄 LMTR4: Fixed branch imbalance by appending last block - Ni = 2
🔄 LMTR4: Fixed branch imbalance by appending last block - Ni = 3
📊 LMTR4: Height adjustment - Current height = 2, Target = 4
⬆️ LMTR4: Added block to increase height - Ni = 4, height = 2
📊 LMTR4: Height adjustment - Current height = 3, Target = 4
⬆️ LMTR4: Added block to increase height - Ni = 5, height = 3
📊 LMTR4: Height adjustment - Current height = 3, Target = 4
⬆️ LMTR4: Added block to increase height - Ni = 6, height = 3
📊 LMTR4: Height adjustment - Current height = 3, Target = 4
⬆️ LMTR4: Added block to increase height - Ni = 7, height = 3
📊 LMTR4: Height adjustment - Current height = 3, Target = 4
⬆️ LMTR4: Added block to increase height - Ni = 8, height = 3
📊 LMTR4: Height adjustment - Current height = 3, Target = 4
⬆️ LMTR4: Added block to increase height - Ni = 9, height = 3
📊 LMTR4: Height adjustment - Current height = 3, Target = 4
⬆️ LMTR4: Added block to increase height - Ni = 10, height = 3
✅ LMTR4: Rebalancing complete - Final Ni = 10, height = 4
   ✅ Shard 0 (validator 2) - 1 → 10 blocks, height=4
🌳 Step 5a: Building REAL Local CC-MBMT from rebalanced blocks...
   ✅ Validator 2 built REAL local CC-MBMT (shard 0) - 10 blocks → tree height=4
🔗 SABV4: Merged 1 local CC-MBMTs into global CC-MBMT using REAL tree structure
✅ Step 5b: Merged 1 local CC-MBMTs into global root r
✅ Step 6: Computed alternative root r' using SAME Merkle tree method as Step 5a
   Using 10 rebalanced blocks, tree height=4
🔐 Step 7: Verifying integrity...
   r  (from merged trees):     8873d6fc47e0633e391d84cc182928b2d234104e6d4a5fab8ac826e9c64ce888
   r' (from all blocks):       8873d6fc47e0633e391d84cc182928b2d234104e6d4a5fab8ac826e9c64ce888
   R  (global_root expected): 9deac7cecc4d54fd38f62296b96db3dffa60c36cdde748e5a39140f1449559d4
   r == r'? true
✅ SABV4: Verification PASSED - Algorithm executed correctly
   ✅ r == r' (no tampering detected, root consistency verified)
   ✅ Algorithm integrity: SABV4 + LMTR4 working as designed
📝 Note: Blockchain signature verification delegated to SP1 proving
🔧 LMTR4: Starting Algorithm 2 rebalancing for 1 blocks
📊 LMTR4: Initial state - Ni = 1, b = 3, htarget = 4
🔄 LMTR4: Fixed branch imbalance by appending last block - Ni = 2
🔄 LMTR4: Fixed branch imbalance by appending last block - Ni = 3
📊 LMTR4: Height adjustment - Current height = 2, Target = 4
⬆️ LMTR4: Added block to increase height - Ni = 4, height = 2
📊 LMTR4: Height adjustment - Current height = 3, Target = 4
⬆️ LMTR4: Added block to increase height - Ni = 5, height = 3
📊 LMTR4: Height adjustment - Current height = 3, Target = 4
⬆️ LMTR4: Added block to increase height - Ni = 6, height = 3
📊 LMTR4: Height adjustment - Current height = 3, Target = 4
⬆️ LMTR4: Added block to increase height - Ni = 7, height = 3
📊 LMTR4: Height adjustment - Current height = 3, Target = 4
⬆️ LMTR4: Added block to increase height - Ni = 8, height = 3
📊 LMTR4: Height adjustment - Current height = 3, Target = 4
⬆️ LMTR4: Added block to increase height - Ni = 9, height = 3
📊 LMTR4: Height adjustment - Current height = 3, Target = 4
⬆️ LMTR4: Added block to increase height - Ni = 10, height = 3
✅ LMTR4: Rebalancing complete - Final Ni = 10, height = 4
2025-10-28T15:00:39.817341Z DEBUG initialize prover: chip Cpu has 11 byte interactions
2025-10-28T15:00:39.817705Z DEBUG initialize prover: chip Program has 0 byte interactions
2025-10-28T15:00:39.817953Z DEBUG initialize prover: chip ShaExtend has 60 byte interactions
2025-10-28T15:00:39.818479Z DEBUG initialize prover: chip ShaCompress has 112 byte interactions
2025-10-28T15:00:39.825980Z DEBUG initialize prover: chip EdAddAssign has 818 byte interactions
2025-10-28T15:00:39.844474Z DEBUG initialize prover: chip EdDecompress has 710 byte interactions
2025-10-28T15:00:39.855971Z DEBUG initialize prover: chip Secp256k1Decompress has 616 byte interactions
2025-10-28T15:00:39.869233Z DEBUG initialize prover: chip Secp256k1AddAssign has 1006 byte interactions
2025-10-28T15:00:39.887236Z DEBUG initialize prover: chip Secp256k1DoubleAssign has 1068 byte interactions
2025-10-28T15:00:39.904623Z DEBUG initialize prover: chip Secp256r1Decompress has 616 byte interactions
2025-10-28T15:00:39.914034Z DEBUG initialize prover: chip Secp256r1AddAssign has 1006 byte interactions
2025-10-28T15:00:39.925657Z DEBUG initialize prover: chip Secp256r1DoubleAssign has 1068 byte interactions
2025-10-28T15:00:39.937607Z DEBUG initialize prover: chip KeccakPermute has 200 byte interactions
2025-10-28T15:00:39.958341Z DEBUG initialize prover: chip Bn254AddAssign has 1006 byte interactions
2025-10-28T15:00:39.985998Z DEBUG initialize prover: chip Bn254DoubleAssign has 1068 byte interactions
2025-10-28T15:00:40.023307Z DEBUG initialize prover: chip Bls12381AddAssign has 1518 byte interactions
2025-10-28T15:00:40.085669Z DEBUG initialize prover: chip Bls12381DoubleAssign has 1612 byte interactions
2025-10-28T15:00:40.135009Z DEBUG initialize prover: chip Uint256MulMod has 145 byte interactions
2025-10-28T15:00:40.148411Z DEBUG initialize prover: chip U256XU2048Mul has 1060 byte interactions
2025-10-28T15:00:40.160558Z DEBUG initialize prover: chip Bls12381FpOpAssign has 191 byte interactions
2025-10-28T15:00:40.167721Z DEBUG initialize prover: chip Bls12381Fp2AddSubAssign has 382 byte interactions
2025-10-28T15:00:40.180271Z DEBUG initialize prover: chip Bls12381Fp2MulAssign has 950 byte interactions
2025-10-28T15:00:40.192923Z DEBUG initialize prover: chip Bn254FpOpAssign has 127 byte interactions
2025-10-28T15:00:40.196469Z DEBUG initialize prover: chip Bn254Fp2AddSubAssign has 254 byte interactions
2025-10-28T15:00:40.202572Z DEBUG initialize prover: chip Bn254Fp2MulAssign has 630 byte interactions
2025-10-28T15:00:40.214901Z DEBUG initialize prover: chip Bls12381Decompress has 930 byte interactions
2025-10-28T15:00:40.226180Z DEBUG initialize prover: chip SyscallCore has 0 byte interactions
2025-10-28T15:00:40.226222Z DEBUG initialize prover: chip SyscallPrecompile has 0 byte interactions
2025-10-28T15:00:40.226327Z DEBUG initialize prover: chip DivRem has 11 byte interactions
2025-10-28T15:00:40.226524Z DEBUG initialize prover: chip AddSub has 6 byte interactions
2025-10-28T15:00:40.226588Z DEBUG initialize prover: chip Bitwise has 4 byte interactions
2025-10-28T15:00:40.226650Z DEBUG initialize prover: chip Mul has 14 byte interactions
2025-10-28T15:00:40.226753Z DEBUG initialize prover: chip ShiftRight has 25 byte interactions
2025-10-28T15:00:40.226874Z DEBUG initialize prover: chip ShiftLeft has 4 byte interactions
2025-10-28T15:00:40.226958Z DEBUG initialize prover: chip Lt has 3 byte interactions
2025-10-28T15:00:40.227180Z DEBUG initialize prover: chip MemoryInstrs has 7 byte interactions
2025-10-28T15:00:40.227329Z DEBUG initialize prover: chip Auipc has 1 byte interactions
2025-10-28T15:00:40.227403Z DEBUG initialize prover: chip Branch has 2 byte interactions
2025-10-28T15:00:40.227518Z DEBUG initialize prover: chip Jump has 3 byte interactions
2025-10-28T15:00:40.227605Z DEBUG initialize prover: chip SyscallInstrs has 3 byte interactions
2025-10-28T15:00:40.227818Z DEBUG initialize prover: chip MemoryGlobalInit has 0 byte interactions
2025-10-28T15:00:40.228164Z DEBUG initialize prover: chip MemoryGlobalFinalize has 0 byte interactions
2025-10-28T15:00:40.228418Z DEBUG initialize prover: chip MemoryLocal has 0 byte interactions
2025-10-28T15:00:40.228868Z DEBUG initialize prover: chip Global has 1 byte interactions
2025-10-28T15:00:40.229517Z DEBUG initialize prover: chip Byte has 9 byte interactions
2025-10-28T15:00:40.229578Z DEBUG initialize prover: chip MemoryConst has 0 byte interactions
2025-10-28T15:00:40.229598Z DEBUG initialize prover: chip MemoryVar has 0 byte interactions
2025-10-28T15:00:40.229628Z DEBUG initialize prover: chip BaseAlu has 0 byte interactions
2025-10-28T15:00:40.229710Z DEBUG initialize prover: chip ExtAlu has 0 byte interactions
2025-10-28T15:00:40.230030Z DEBUG initialize prover: chip Poseidon2WideDeg3 has 0 byte interactions
2025-10-28T15:00:40.230372Z DEBUG initialize prover: chip BatchFRI has 0 byte interactions
2025-10-28T15:00:40.230517Z DEBUG initialize prover: chip Select has 0 byte interactions
2025-10-28T15:00:40.230552Z DEBUG initialize prover: chip ExpReverseBitsLen has 0 byte interactions
2025-10-28T15:00:40.230576Z DEBUG initialize prover: chip PublicValues has 0 byte interactions
2025-10-28T15:00:40.230602Z DEBUG initialize prover: chip MemoryConst has 0 byte interactions
2025-10-28T15:00:40.230616Z DEBUG initialize prover: chip MemoryVar has 0 byte interactions
2025-10-28T15:00:40.230643Z DEBUG initialize prover: chip BaseAlu has 0 byte interactions
2025-10-28T15:00:40.230717Z DEBUG initialize prover: chip ExtAlu has 0 byte interactions
2025-10-28T15:00:40.231028Z DEBUG initialize prover: chip Poseidon2WideDeg3 has 0 byte interactions
2025-10-28T15:00:40.231354Z DEBUG initialize prover: chip BatchFRI has 0 byte interactions
2025-10-28T15:00:40.231498Z DEBUG initialize prover: chip Select has 0 byte interactions
2025-10-28T15:00:40.231532Z DEBUG initialize prover: chip ExpReverseBitsLen has 0 byte interactions
2025-10-28T15:00:40.231554Z DEBUG initialize prover: chip PublicValues has 0 byte interactions
2025-10-28T15:00:40.231773Z DEBUG initialize prover: chip MemoryConst has 0 byte interactions
2025-10-28T15:00:40.231798Z DEBUG initialize prover: chip MemoryVar has 0 byte interactions
2025-10-28T15:00:40.231826Z DEBUG initialize prover: chip BaseAlu has 0 byte interactions
2025-10-28T15:00:40.231901Z DEBUG initialize prover: chip ExtAlu has 0 byte interactions
2025-10-28T15:00:40.232120Z DEBUG initialize prover: chip Poseidon2SkinnyDeg9 has 0 byte interactions
2025-10-28T15:00:40.232299Z DEBUG initialize prover: chip Select has 0 byte interactions
2025-10-28T15:00:40.232361Z DEBUG initialize prover: chip PublicValues has 0 byte interactions
2025-10-28T15:00:40.251743Z DEBUG initialize prover: chip Cpu has 11 byte interactions
2025-10-28T15:00:40.251842Z DEBUG initialize prover: chip Program has 0 byte interactions
2025-10-28T15:00:40.251941Z DEBUG initialize prover: chip ShaExtend has 60 byte interactions
2025-10-28T15:00:40.252246Z DEBUG initialize prover: chip ShaCompress has 112 byte interactions
2025-10-28T15:00:40.259978Z DEBUG initialize prover: chip EdAddAssign has 818 byte interactions
2025-10-28T15:00:40.278609Z DEBUG initialize prover: chip EdDecompress has 710 byte interactions
2025-10-28T15:00:40.292137Z DEBUG initialize prover: chip Secp256k1Decompress has 616 byte interactions
2025-10-28T15:00:40.305992Z DEBUG initialize prover: chip Secp256k1AddAssign has 1006 byte interactions
2025-10-28T15:00:40.323688Z DEBUG initialize prover: chip Secp256k1DoubleAssign has 1068 byte interactions
2025-10-28T15:00:40.341657Z DEBUG initialize prover: chip Secp256r1Decompress has 616 byte interactions
2025-10-28T15:00:40.355376Z DEBUG initialize prover: chip Secp256r1AddAssign has 1006 byte interactions
2025-10-28T15:00:40.372562Z DEBUG initialize prover: chip Secp256r1DoubleAssign has 1068 byte interactions
2025-10-28T15:00:40.384688Z DEBUG initialize prover: chip KeccakPermute has 200 byte interactions
2025-10-28T15:00:40.398763Z DEBUG initialize prover: chip Bn254AddAssign has 1006 byte interactions
2025-10-28T15:00:40.411950Z DEBUG initialize prover: chip Bn254DoubleAssign has 1068 byte interactions
2025-10-28T15:00:40.432750Z DEBUG initialize prover: chip Bls12381AddAssign has 1518 byte interactions
2025-10-28T15:00:40.468045Z DEBUG initialize prover: chip Bls12381DoubleAssign has 1612 byte interactions
2025-10-28T15:00:40.499831Z DEBUG initialize prover: chip Uint256MulMod has 145 byte interactions
2025-10-28T15:00:40.508506Z DEBUG initialize prover: chip U256XU2048Mul has 1060 byte interactions
2025-10-28T15:00:40.523561Z DEBUG initialize prover: chip Bls12381FpOpAssign has 191 byte interactions
2025-10-28T15:00:40.530820Z DEBUG initialize prover: chip Bls12381Fp2AddSubAssign has 382 byte interactions
2025-10-28T15:00:40.543443Z DEBUG initialize prover: chip Bls12381Fp2MulAssign has 950 byte interactions
2025-10-28T15:00:40.556663Z DEBUG initialize prover: chip Bn254FpOpAssign has 127 byte interactions
2025-10-28T15:00:40.560191Z DEBUG initialize prover: chip Bn254Fp2AddSubAssign has 254 byte interactions
2025-10-28T15:00:40.566303Z DEBUG initialize prover: chip Bn254Fp2MulAssign has 630 byte interactions
2025-10-28T15:00:40.578617Z DEBUG initialize prover: chip Bls12381Decompress has 930 byte interactions
2025-10-28T15:00:40.590188Z DEBUG initialize prover: chip SyscallCore has 0 byte interactions
2025-10-28T15:00:40.590234Z DEBUG initialize prover: chip SyscallPrecompile has 0 byte interactions
2025-10-28T15:00:40.590330Z DEBUG initialize prover: chip DivRem has 11 byte interactions
2025-10-28T15:00:40.590558Z DEBUG initialize prover: chip AddSub has 6 byte interactions
2025-10-28T15:00:40.590622Z DEBUG initialize prover: chip Bitwise has 4 byte interactions
2025-10-28T15:00:40.590688Z DEBUG initialize prover: chip Mul has 14 byte interactions
2025-10-28T15:00:40.590788Z DEBUG initialize prover: chip ShiftRight has 25 byte interactions
2025-10-28T15:00:40.590883Z DEBUG initialize prover: chip ShiftLeft has 4 byte interactions
2025-10-28T15:00:40.590967Z DEBUG initialize prover: chip Lt has 3 byte interactions
2025-10-28T15:00:40.591093Z DEBUG initialize prover: chip MemoryInstrs has 7 byte interactions
2025-10-28T15:00:40.591217Z DEBUG initialize prover: chip Auipc has 1 byte interactions
2025-10-28T15:00:40.591295Z DEBUG initialize prover: chip Branch has 2 byte interactions
2025-10-28T15:00:40.591376Z DEBUG initialize prover: chip Jump has 3 byte interactions
2025-10-28T15:00:40.591487Z DEBUG initialize prover: chip SyscallInstrs has 3 byte interactions
2025-10-28T15:00:40.591699Z DEBUG initialize prover: chip MemoryGlobalInit has 0 byte interactions
2025-10-28T15:00:40.592044Z DEBUG initialize prover: chip MemoryGlobalFinalize has 0 byte interactions
2025-10-28T15:00:40.592285Z DEBUG initialize prover: chip MemoryLocal has 0 byte interactions
2025-10-28T15:00:40.592734Z DEBUG initialize prover: chip Global has 1 byte interactions
2025-10-28T15:00:40.593322Z DEBUG initialize prover: chip Byte has 9 byte interactions
2025-10-28T15:00:40.602448Z DEBUG initialize prover: chip U256XU2048Mul has 1060 byte interactions
2025-10-28T15:00:40.612648Z DEBUG initialize prover: chip Bn254Fp2MulAssign has 630 byte interactions
2025-10-28T15:00:40.620283Z DEBUG initialize prover: chip Secp256r1Decompress has 616 byte interactions
2025-10-28T15:00:40.628319Z DEBUG initialize prover: chip Secp256k1Decompress has 616 byte interactions
2025-10-28T15:00:40.637506Z DEBUG initialize prover: chip Bn254AddAssign has 1006 byte interactions
2025-10-28T15:00:40.646283Z DEBUG initialize prover: chip KeccakPermute has 200 byte interactions
2025-10-28T15:00:40.659679Z DEBUG initialize prover: chip Secp256k1AddAssign has 1006 byte interactions
2025-10-28T15:00:40.672581Z DEBUG initialize prover: chip Bn254FpOpAssign has 127 byte interactions
2025-10-28T15:00:40.674800Z DEBUG initialize prover: chip ShaExtend has 60 byte interactions
2025-10-28T15:00:40.693363Z DEBUG initialize prover: chip Bls12381AddAssign has 1518 byte interactions
2025-10-28T15:00:40.732501Z DEBUG initialize prover: chip Bls12381Fp2AddSubAssign has 382 byte interactions
2025-10-28T15:00:40.747623Z DEBUG initialize prover: chip EdDecompress has 710 byte interactions
2025-10-28T15:00:40.766665Z DEBUG initialize prover: chip Secp256r1AddAssign has 1006 byte interactions
2025-10-28T15:00:40.788804Z DEBUG initialize prover: chip Bn254DoubleAssign has 1068 byte interactions
2025-10-28T15:00:40.801280Z DEBUG initialize prover: chip Uint256MulMod has 145 byte interactions
2025-10-28T15:00:40.826250Z DEBUG initialize prover: chip Bls12381DoubleAssign has 1612 byte interactions
2025-10-28T15:00:40.867804Z DEBUG initialize prover: chip Bls12381Fp2MulAssign has 950 byte interactions
2025-10-28T15:00:40.881521Z DEBUG initialize prover: chip EdAddAssign has 818 byte interactions
2025-10-28T15:00:40.896167Z DEBUG initialize prover: chip Bls12381Decompress has 930 byte interactions
2025-10-28T15:00:40.910918Z DEBUG initialize prover: chip Secp256r1DoubleAssign has 1068 byte interactions
2025-10-28T15:00:40.919733Z DEBUG initialize prover: chip Bn254Fp2AddSubAssign has 254 byte interactions
2025-10-28T15:00:40.924422Z DEBUG initialize prover: chip Bls12381FpOpAssign has 191 byte interactions
2025-10-28T15:00:40.927036Z DEBUG initialize prover: chip ShaCompress has 112 byte interactions
2025-10-28T15:00:40.933329Z DEBUG initialize prover: chip Secp256k1DoubleAssign has 1068 byte interactions
2025-10-28T15:00:40.941996Z DEBUG initialize prover: vk verification: true
2025-10-28T15:00:41.352961Z DEBUG initialize prover:build compress program:assert lookup multiplicities: close time.busy=8.88µs time.idle=5.97µs
2025-10-28T15:00:41.499347Z DEBUG initialize prover:build compress program:2adic pcs:verify shape and challenges: close time.busy=127ms time.idle=5.07µs
2025-10-28T15:00:41.752563Z DEBUG initialize prover:build compress program:2adic pcs:verify challenges: close time.busy=143ms time.idle=20.6µs
2025-10-28T15:00:41.752661Z DEBUG initialize prover:build compress program:2adic pcs: close time.busy=398ms time.idle=3.22µs
2025-10-28T15:00:41.754752Z DEBUG initialize prover:build compress program:verify constraints: close time.busy=2.06ms time.idle=3.90µs
2025-10-28T15:00:41.767753Z DEBUG initialize prover:build compress program:assert lookup multiplicities: close time.busy=5.02µs time.idle=3.27µs
2025-10-28T15:00:41.856542Z DEBUG initialize prover:build compress program:2adic pcs:verify shape and challenges: close time.busy=72.0ms time.idle=4.76µs
2025-10-28T15:00:42.142684Z DEBUG initialize prover:build compress program:2adic pcs:verify challenges: close time.busy=196ms time.idle=8.07µs
2025-10-28T15:00:42.142849Z DEBUG initialize prover:build compress program:2adic pcs: close time.busy=373ms time.idle=3.82µs
2025-10-28T15:00:42.145766Z DEBUG initialize prover:build compress program:verify constraints: close time.busy=2.89ms time.idle=5.14µs
2025-10-28T15:00:42.172138Z DEBUG initialize prover:build compress program: close time.busy=942ms time.idle=12.2µs
2025-10-28T15:00:42.658288Z DEBUG initialize prover:compile compress program:compile raw program: close time.busy=486ms time.idle=5.82µs
2025-10-28T15:00:42.695680Z DEBUG initialize prover:compile compress program:backfill mult: close time.busy=37.3ms time.idle=5.76µs
2025-10-28T15:00:42.695824Z DEBUG initialize prover:compile compress program:prepend constants: close time.busy=74.8µs time.idle=5.14µs
2025-10-28T15:00:42.712696Z DEBUG initialize prover:compile compress program: close time.busy=540ms time.idle=6.41µs
2025-10-28T15:00:42.951287Z DEBUG initialize prover:build compress program:assert lookup multiplicities: close time.busy=10.9µs time.idle=8.22µs
2025-10-28T15:00:43.081731Z DEBUG initialize prover:build compress program:2adic pcs:verify shape and challenges: close time.busy=98.9ms time.idle=7.66µs
2025-10-28T15:00:43.289015Z DEBUG initialize prover:build compress program:2adic pcs:verify challenges: close time.busy=133ms time.idle=11.0µs
2025-10-28T15:00:43.289128Z DEBUG initialize prover:build compress program:2adic pcs: close time.busy=335ms time.idle=4.02µs
2025-10-28T15:00:43.291325Z DEBUG initialize prover:build compress program:verify constraints: close time.busy=2.17ms time.idle=4.87µs
2025-10-28T15:00:43.305512Z DEBUG initialize prover:build compress program:assert lookup multiplicities: close time.busy=5.00µs time.idle=3.77µs
2025-10-28T15:00:43.403231Z DEBUG initialize prover:build compress program:2adic pcs:verify shape and challenges: close time.busy=76.6ms time.idle=4.49µs
2025-10-28T15:00:43.723715Z DEBUG initialize prover:build compress program:2adic pcs:verify challenges: close time.busy=227ms time.idle=5.73µs
2025-10-28T15:00:43.723863Z DEBUG initialize prover:build compress program:2adic pcs: close time.busy=413ms time.idle=3.56µs
2025-10-28T15:00:43.726006Z DEBUG initialize prover:build compress program:verify constraints: close time.busy=2.12ms time.idle=3.63µs
2025-10-28T15:00:43.743139Z DEBUG initialize prover:build compress program: close time.busy=988ms time.idle=19.2µs
2025-10-28T15:00:44.450028Z DEBUG initialize prover:compile compress program:compile raw program: close time.busy=707ms time.idle=5.71µs
2025-10-28T15:00:44.571716Z DEBUG initialize prover:compile compress program:backfill mult: close time.busy=122ms time.idle=6.42µs
2025-10-28T15:00:44.571850Z DEBUG initialize prover:compile compress program:prepend constants: close time.busy=60.1µs time.idle=3.67µs
2025-10-28T15:00:44.592782Z DEBUG initialize prover:compile compress program: close time.busy=850ms time.idle=5.26µs
2025-10-28T15:00:44.746602Z DEBUG initialize prover:build compress program:assert lookup multiplicities: close time.busy=7.94µs time.idle=4.93µs
2025-10-28T15:00:44.835831Z DEBUG initialize prover:build compress program:2adic pcs:verify shape and challenges: close time.busy=72.7ms time.idle=5.63µs
2025-10-28T15:00:45.123604Z DEBUG initialize prover:build compress program:2adic pcs:verify challenges: close time.busy=210ms time.idle=6.48µs
2025-10-28T15:00:45.123740Z DEBUG initialize prover:build compress program:2adic pcs: close time.busy=376ms time.idle=3.20µs
2025-10-28T15:00:45.125964Z DEBUG initialize prover:build compress program:verify constraints: close time.busy=2.20ms time.idle=3.87µs
2025-10-28T15:00:45.140453Z DEBUG initialize prover:build compress program:assert lookup multiplicities: close time.busy=4.99µs time.idle=4.57µs
2025-10-28T15:00:45.237222Z DEBUG initialize prover:build compress program:2adic pcs:verify shape and challenges: close time.busy=78.4ms time.idle=4.82µs
2025-10-28T15:00:45.473491Z DEBUG initialize prover:build compress program:2adic pcs:verify challenges: close time.busy=145ms time.idle=5.70µs
2025-10-28T15:00:45.473634Z DEBUG initialize prover:build compress program:2adic pcs: close time.busy=330ms time.idle=3.35µs
2025-10-28T15:00:45.475818Z DEBUG initialize prover:build compress program:verify constraints: close time.busy=2.16ms time.idle=3.97µs
2025-10-28T15:00:45.492095Z DEBUG initialize prover:build compress program: close time.busy=882ms time.idle=6.50µs
2025-10-28T15:00:46.149331Z DEBUG initialize prover:compile compress program:compile raw program: close time.busy=657ms time.idle=3.90µs
2025-10-28T15:00:46.195729Z DEBUG initialize prover:compile compress program:backfill mult: close time.busy=46.3ms time.idle=32.4µs
2025-10-28T15:00:46.195867Z DEBUG initialize prover:compile compress program:prepend constants: close time.busy=61.9µs time.idle=3.43µs
2025-10-28T15:00:46.216595Z DEBUG initialize prover:compile compress program: close time.busy=724ms time.idle=5.46µs
2025-10-28T15:00:46.418362Z DEBUG initialize prover:build compress program:assert lookup multiplicities: close time.busy=7.82µs time.idle=5.09µs
2025-10-28T15:00:46.505242Z DEBUG initialize prover:build compress program:2adic pcs:verify shape and challenges: close time.busy=70.5ms time.idle=3.60µs
2025-10-28T15:00:46.684123Z DEBUG initialize prover:build compress program:2adic pcs:verify challenges: close time.busy=134ms time.idle=5.40µs
2025-10-28T15:00:46.684235Z DEBUG initialize prover:build compress program:2adic pcs: close time.busy=264ms time.idle=3.46µs
2025-10-28T15:00:46.686831Z DEBUG initialize prover:build compress program:verify constraints: close time.busy=2.57ms time.idle=5.18µs
2025-10-28T15:00:46.701268Z DEBUG initialize prover:build compress program:assert lookup multiplicities: close time.busy=4.54µs time.idle=3.19µs
2025-10-28T15:00:46.801148Z DEBUG initialize prover:build compress program:2adic pcs:verify shape and challenges: close time.busy=80.7ms time.idle=22.6µs
2025-10-28T15:00:47.094358Z DEBUG initialize prover:build compress program:2adic pcs:verify challenges: close time.busy=194ms time.idle=6.16µs
2025-10-28T15:00:47.094542Z DEBUG initialize prover:build compress program:2adic pcs: close time.busy=390ms time.idle=5.17µs
2025-10-28T15:00:47.097487Z DEBUG initialize prover:build compress program:verify constraints: close time.busy=2.91ms time.idle=5.05µs
2025-10-28T15:00:47.123643Z DEBUG initialize prover:build compress program: close time.busy=889ms time.idle=6.12µs
2025-10-28T15:00:47.705573Z DEBUG initialize prover:compile compress program:compile raw program: close time.busy=582ms time.idle=4.38µs
2025-10-28T15:00:47.753844Z DEBUG initialize prover:compile compress program:backfill mult: close time.busy=48.2ms time.idle=5.94µs
2025-10-28T15:00:47.753978Z DEBUG initialize prover:compile compress program:prepend constants: close time.busy=56.3µs time.idle=4.44µs
2025-10-28T15:00:47.773919Z DEBUG initialize prover:compile compress program: close time.busy=650ms time.idle=4.78µs
2025-10-28T15:00:47.786096Z DEBUG initialize prover: close time.busy=7.97s time.idle=12.3µs
2025-10-28T15:00:47.874871Z DEBUG fixed log2 rows can be potentially reduced: got 50022, expected 524288
2025-10-28T15:00:47.874905Z DEBUG setup:setup machine:generate preprocessed traces: generated preprocessed trace for chip Cpu in 9.313µs
2025-10-28T15:00:47.874952Z DEBUG setup:setup machine:generate preprocessed traces: generated preprocessed trace for chip ShaExtend in 7.43µs
2025-10-28T15:00:47.874927Z DEBUG setup:setup machine:generate preprocessed traces: generated preprocessed trace for chip EdAddAssign in 1.62µs
2025-10-28T15:00:47.875002Z DEBUG setup:setup machine:generate preprocessed traces: generated preprocessed trace for chip KeccakPermute in 7.177µs
2025-10-28T15:00:47.874967Z DEBUG setup:setup machine:generate preprocessed traces: generated preprocessed trace for chip ShaCompress in 7.018µs
2025-10-28T15:00:47.875003Z DEBUG setup:setup machine:generate preprocessed traces: generated preprocessed trace for chip Secp256r1DoubleAssign in 7.112µs
2025-10-28T15:00:47.875056Z DEBUG setup:setup machine:generate preprocessed traces: generated preprocessed trace for chip Bn254Fp2MulAssign in 7.325µs
2025-10-28T15:00:47.875053Z DEBUG setup:setup machine:generate preprocessed traces: generated preprocessed trace for chip Bn254FpOpAssign in 7.009µs
2025-10-28T15:00:47.875096Z DEBUG setup:setup machine:generate preprocessed traces: generated preprocessed trace for chip Bn254Fp2AddSubAssign in 1.468µs
2025-10-28T15:00:47.875101Z DEBUG setup:setup machine:generate preprocessed traces: generated preprocessed trace for chip SyscallPrecompile in 6.989µs
2025-10-28T15:00:47.875016Z DEBUG setup:setup machine:generate preprocessed traces: generated preprocessed trace for chip Bls12381Decompress in 1.553µs
2025-10-28T15:00:47.875154Z DEBUG setup:setup machine:generate preprocessed traces: generated preprocessed trace for chip SyscallCore in 1.527µs
2025-10-28T15:00:47.875153Z DEBUG setup:setup machine:generate preprocessed traces: generated preprocessed trace for chip ShiftLeft in 7.704µs
2025-10-28T15:00:47.875195Z DEBUG setup:setup machine:generate preprocessed traces: generated preprocessed trace for chip Bitwise in 1.34µs
2025-10-28T15:00:47.875208Z DEBUG setup:setup machine:generate preprocessed traces: generated preprocessed trace for chip DivRem in 1.735µs
2025-10-28T15:00:47.875205Z DEBUG setup:setup machine:generate preprocessed traces: generated preprocessed trace for chip Bn254AddAssign in 7.162µs
2025-10-28T15:00:47.875265Z DEBUG setup:setup machine:generate preprocessed traces: generated preprocessed trace for chip Mul in 1.353µs
2025-10-28T15:00:47.875274Z DEBUG setup:setup machine:generate preprocessed traces: generated preprocessed trace for chip Bls12381DoubleAssign in 7.566µs
2025-10-28T15:00:47.875314Z DEBUG setup:setup machine:generate preprocessed traces: generated preprocessed trace for chip Lt in 1.404µs
2025-10-28T15:00:47.875353Z DEBUG setup:setup machine:generate preprocessed traces: generated preprocessed trace for chip ShiftRight in 1.55µs
2025-10-28T15:00:47.875383Z DEBUG setup:setup machine:generate preprocessed traces: generated preprocessed trace for chip MemoryInstrs in 1.324µs
2025-10-28T15:00:47.875394Z DEBUG setup:setup machine:generate preprocessed traces: generated preprocessed trace for chip Bn254DoubleAssign in 1.324µs
2025-10-28T15:00:47.875677Z DEBUG setup:setup machine:generate preprocessed traces: generated preprocessed trace for chip SyscallInstrs in 1.468µs
2025-10-28T15:00:47.875705Z DEBUG setup:setup machine:generate preprocessed traces: generated preprocessed trace for chip Auipc in 1.431µs
2025-10-28T15:00:47.875832Z DEBUG setup:setup machine:generate preprocessed traces: generated preprocessed trace for chip Branch in 1.548µs
2025-10-28T15:00:47.875841Z DEBUG setup:setup machine:generate preprocessed traces: generated preprocessed trace for chip AddSub in 5.391µs
2025-10-28T15:00:47.875954Z DEBUG setup:setup machine:generate preprocessed traces: generated preprocessed trace for chip MemoryGlobalInit in 1.419µs
2025-10-28T15:00:47.875978Z DEBUG setup:setup machine:generate preprocessed traces: generated preprocessed trace for chip Jump in 1.372µs
2025-10-28T15:00:47.876065Z DEBUG setup:setup machine:generate preprocessed traces: generated preprocessed trace for chip Bls12381FpOpAssign in 1.303µs
2025-10-28T15:00:47.876094Z DEBUG setup:setup machine:generate preprocessed traces: generated preprocessed trace for chip Bls12381Fp2AddSubAssign in 1.558µs
2025-10-28T15:00:47.876367Z DEBUG setup:setup machine:generate preprocessed traces: generated preprocessed trace for chip MemoryGlobalFinalize in 1.432µs
2025-10-28T15:00:47.876802Z DEBUG setup:setup machine:generate preprocessed traces: generated preprocessed trace for chip MemoryLocal in 1.488µs
2025-10-28T15:00:47.876874Z DEBUG setup:setup machine:generate preprocessed traces: generated preprocessed trace for chip EdDecompress in 7.029µs
2025-10-28T15:00:47.876961Z DEBUG setup:setup machine:generate preprocessed traces: generated preprocessed trace for chip Global in 1.395µs
2025-10-28T15:00:47.878335Z DEBUG setup:setup machine:generate preprocessed traces: generated preprocessed trace for chip Bls12381AddAssign in 1.515µs
2025-10-28T15:00:47.887673Z DEBUG setup:setup machine:generate preprocessed traces: generated preprocessed trace for chip Byte in 6.863117ms
2025-10-28T15:00:47.887812Z DEBUG setup:setup machine:generate preprocessed traces: generated preprocessed trace for chip Secp256k1DoubleAssign in 1.451µs
2025-10-28T15:00:47.893810Z DEBUG setup:setup machine:generate preprocessed traces: generated preprocessed trace for chip Secp256k1Decompress in 1.752µs
2025-10-28T15:00:47.910935Z DEBUG setup:setup machine:generate preprocessed traces: generated preprocessed trace for chip Secp256r1Decompress in 1.56µs
2025-10-28T15:00:47.915035Z DEBUG setup:setup machine:generate preprocessed traces: generated preprocessed trace for chip Bls12381Fp2MulAssign in 1.501µs
2025-10-28T15:00:47.936851Z DEBUG setup:setup machine:generate preprocessed traces: generated preprocessed trace for chip Program in 61.994363ms
2025-10-28T15:00:47.936944Z DEBUG setup:setup machine:generate preprocessed traces: generated preprocessed trace for chip Uint256MulMod in 1.324µs
2025-10-28T15:00:47.940127Z DEBUG setup:setup machine:generate preprocessed traces: generated preprocessed trace for chip Secp256r1AddAssign in 2.654µs
2025-10-28T15:00:47.946525Z DEBUG setup:setup machine:generate preprocessed traces: generated preprocessed trace for chip Secp256k1AddAssign in 2.857µs
2025-10-28T15:00:47.951273Z DEBUG setup:setup machine:generate preprocessed traces: generated preprocessed trace for chip U256XU2048Mul in 2.342µs
2025-10-28T15:00:48.953746Z DEBUG setup:setup machine:commit to preprocessed traces: close time.busy=871ms time.idle=6.71µs
2025-10-28T15:00:48.953843Z DEBUG setup:setup machine:generate preprocessed traces: close time.busy=165ms time.idle=914ms
2025-10-28T15:00:48.953868Z DEBUG setup:setup machine: close time.busy=1.16s time.idle=3.74µs
2025-10-28T15:00:49.456805Z DEBUG setup: close time.busy=1.67s time.idle=4.87µs
2025-10-28T15:00:49.563497Z DEBUG prove_core:checkpoint generator:batch:clone: close time.busy=260µs time.idle=3.17µs
2025-10-28T15:00:49.563572Z DEBUG prove_core:checkpoint generator:batch:execute: loading memory image
2025-10-28T15:00:49.565884Z  INFO prove_core:checkpoint generator:batch:execute: clk = 0 pc = 0x201504
2025-10-28T15:00:49.990472Z DEBUG prove_core:checkpoint generator:batch:execute: close time.busy=427ms time.idle=4.04µs
2025-10-28T15:00:49.994071Z DEBUG prove_core:checkpoint generator:batch:create memory checkpoint: close time.busy=3.54ms time.idle=3.78µs
2025-10-28T15:00:49.997208Z DEBUG prove_core:checkpoint generator:batch: close time.busy=434ms time.idle=2.63µs
2025-10-28T15:00:49.997229Z DEBUG prove_core:checkpoint generator: close time.busy=434ms time.idle=9.91µs
2025-10-28T15:00:50.006509Z DEBUG prove_core:phase 2 trace generation:trace checkpoint: loading memory image
2025-10-28T15:00:50.007140Z  INFO prove_core:phase 2 trace generation:trace checkpoint: clk = 0 pc = 0x201504
2025-10-28T15:00:51.208556Z DEBUG prove_core:phase 2 trace generation:trace checkpoint: close time.busy=1.21s time.idle=4.64µs
2025-10-28T15:00:51.632055Z DEBUG prove_core:phase 2 trace generation: deferred 4 records
2025-10-28T15:00:51.746191Z DEBUG prove_core:phase 2 trace generation:generate dependencies:generate cpu dependencies: close time.busy=114ms time.idle=4.09µs index=0
2025-10-28T15:00:51.937929Z DEBUG prove_core:phase 2 trace generation:generate dependencies:register nonces: close time.busy=2.85µs time.idle=4.72µs index=0
2025-10-28T15:00:51.937989Z DEBUG prove_core:phase 2 trace generation:generate dependencies:generate cpu dependencies: close time.busy=8.76µs time.idle=2.88µs index=0
2025-10-28T15:00:51.971861Z DEBUG prove_core:phase 2 trace generation:generate dependencies:register nonces: close time.busy=2.31µs time.idle=4.22µs index=0
2025-10-28T15:00:51.971906Z DEBUG prove_core:phase 2 trace generation:generate dependencies:generate cpu dependencies: close time.busy=7.23µs time.idle=2.56µs index=0
2025-10-28T15:00:52.034097Z DEBUG prove_core:phase 2 trace generation:generate dependencies:register nonces: close time.busy=3.12µs time.idle=8.70µs index=0
2025-10-28T15:00:52.034223Z DEBUG prove_core:phase 2 trace generation:generate dependencies:generate cpu dependencies: close time.busy=8.54µs time.idle=2.90µs index=0
2025-10-28T15:00:52.218550Z DEBUG prove_core:phase 2 trace generation:generate dependencies:register nonces: close time.busy=2.98µs time.idle=7.27µs index=0
2025-10-28T15:00:52.218639Z DEBUG prove_core:phase 2 trace generation:generate dependencies:generate cpu dependencies: close time.busy=14.3µs time.idle=3.64µs index=0
2025-10-28T15:00:52.239211Z DEBUG prove_core:phase 2 trace generation:generate dependencies:register nonces: close time.busy=3.27µs time.idle=7.01µs index=0
2025-10-28T15:00:52.239278Z DEBUG prove_core:phase 2 trace generation:generate dependencies: close time.busy=607ms time.idle=4.17µs index=0
2025-10-28T15:00:52.241327Z DEBUG prove_core:phase 2 trace generation: Shard Lifted: Index=1, Cluster=4
2025-10-28T15:00:52.241354Z DEBUG prove_core:phase 2 trace generation: Chip Cpu: 21  -> 21 
2025-10-28T15:00:52.241368Z DEBUG prove_core:phase 2 trace generation: Chip AddSub: 21  -> 21 
2025-10-28T15:00:52.241379Z DEBUG prove_core:phase 2 trace generation: Chip Bitwise: 17  -> 17 
2025-10-28T15:00:52.241389Z DEBUG prove_core:phase 2 trace generation: Chip Mul: 12  -> 17 
2025-10-28T15:00:52.241400Z DEBUG prove_core:phase 2 trace generation: Chip ShiftRight: 15  -> 17 
2025-10-28T15:00:52.241411Z DEBUG prove_core:phase 2 trace generation: Chip ShiftLeft: 15  -> 17 
2025-10-28T15:00:52.241421Z DEBUG prove_core:phase 2 trace generation: Chip Lt: 19  -> 19 
2025-10-28T15:00:52.241459Z DEBUG prove_core:phase 2 trace generation: Chip MemoryLocal: 14  -> 18 
2025-10-28T15:00:52.241470Z DEBUG prove_core:phase 2 trace generation: Chip MemoryInstrs: 20  -> 20 
2025-10-28T15:00:52.241481Z DEBUG prove_core:phase 2 trace generation: Chip Auipc: 15  -> 18 
2025-10-28T15:00:52.241491Z DEBUG prove_core:phase 2 trace generation: Chip Branch: 18  -> 18 
2025-10-28T15:00:52.241502Z DEBUG prove_core:phase 2 trace generation: Chip Jump: 16  -> 18 
2025-10-28T15:00:52.241512Z DEBUG prove_core:phase 2 trace generation: Chip Global: 17  -> 17 
2025-10-28T15:00:52.241522Z DEBUG prove_core:phase 2 trace generation: Chip SyscallCore: 12  -> 18 
2025-10-28T15:00:52.241533Z DEBUG prove_core:phase 2 trace generation: Chip SyscallInstrs: 12  -> 18 
2025-10-28T15:00:52.243528Z DEBUG generate traces for shard: fixed log2 rows can be potentially reduced: got 50022, expected 524288
2025-10-28T15:00:52.243575Z DEBUG generate traces for shard: fixed log2 rows can be potentially reduced: got 50022, expected 524288
2025-10-28T15:00:52.244199Z DEBUG generate traces for shard: generated trace for chip Program in 1.189708ms
2025-10-28T15:00:52.245243Z DEBUG generate traces for shard: generated trace for chip MemoryLocal in 1.019359ms
2025-10-28T15:00:52.245300Z DEBUG generate traces for shard: generated trace for chip Program in 2.254904ms
2025-10-28T15:00:52.246947Z DEBUG generate traces for shard: fixed log2 rows can be potentially reduced: got 50022, expected 524288
2025-10-28T15:00:52.247470Z DEBUG generate traces for shard: generated trace for chip Program in 941.929µs
2025-10-28T15:00:52.247626Z DEBUG generate traces for shard: generated trace for chip MemoryLocal in 1.141217ms
2025-10-28T15:00:52.247822Z DEBUG generate traces for shard: generated trace for chip SyscallPrecompile in 148.51µs
2025-10-28T15:00:52.247935Z DEBUG generate traces for shard: generated trace for chip SyscallPrecompile in 85.189µs
2025-10-28T15:00:52.282464Z DEBUG prove_core: core cache miss, misses: 0
2025-10-28T15:00:52.311689Z DEBUG fixed log2 rows can be potentially reduced: got 50022, expected 524288
2025-10-28T15:00:52.323401Z DEBUG generate traces for shard: generated trace for chip Bitwise in 76.646081ms
2025-10-28T15:00:52.323496Z DEBUG fixed log2 rows can be potentially reduced: got 4077, expected 131072
2025-10-28T15:00:52.348791Z DEBUG generate traces for shard: generated trace for chip Program in 105.732237ms
2025-10-28T15:00:52.349608Z DEBUG generate traces for shard: generated trace for chip Mul in 26.124036ms
2025-10-28T15:00:52.349675Z DEBUG fixed log2 rows can be potentially reduced: got 17664, expected 131072
2025-10-28T15:00:52.408592Z DEBUG generate traces for shard: generated trace for chip ShiftRight in 58.928353ms
2025-10-28T15:00:52.411379Z DEBUG fixed log2 rows can be potentially reduced: got 21028, expected 131072
2025-10-28T15:00:52.426550Z DEBUG generate traces for shard: generated trace for chip Secp256k1DoubleAssign in 183.460861ms
2025-10-28T15:00:52.430485Z DEBUG prove_core:build recursion program:read input: close time.busy=148ms time.idle=3.79µs
2025-10-28T15:00:52.431623Z DEBUG prove_core:build recursion program:verify:verify shard:assert lookup multiplicities: close time.busy=19.6µs time.idle=3.00µs
2025-10-28T15:00:52.446134Z DEBUG generate traces for shard: generated trace for chip Secp256k1AddAssign in 200.807148ms
2025-10-28T15:00:52.446225Z DEBUG generate traces for shard: fixed log2 rows can be potentially reduced: got 41674, expected 262144
2025-10-28T15:00:52.461985Z DEBUG generate traces for shard: generated trace for chip Jump in 15.784036ms
2025-10-28T15:00:52.462062Z DEBUG generate traces for shard: fixed log2 rows can be potentially reduced: got 2447, expected 262144
2025-10-28T15:00:52.464032Z DEBUG generate traces for shard: generated trace for chip Lt in 220.861914ms
2025-10-28T15:00:52.465504Z DEBUG generate traces for shard: generated trace for chip SyscallInstrs in 3.469048ms
2025-10-28T15:00:52.465807Z DEBUG generate traces for shard: fixed log2 rows can be potentially reduced: got 15589, expected 262144
2025-10-28T15:00:52.468628Z DEBUG generate traces for shard: fixed log2 rows can be potentially reduced: got 50022, expected 524288
2025-10-28T15:00:52.469240Z DEBUG generate traces for shard: generated trace for chip Program in 1.054954ms
2025-10-28T15:00:52.471697Z DEBUG generate traces for shard: generated trace for chip Byte in 2.117804ms
2025-10-28T15:00:52.472040Z DEBUG generate traces for shard: generated trace for chip MemoryLocal in 6.508259ms
2025-10-28T15:00:52.489735Z DEBUG generate traces for shard: fixed log2 rows can be potentially reduced: got 19872, expected 65536
2025-10-28T15:00:52.493567Z DEBUG generate traces for shard: generated trace for chip MemoryLocal in 4.790947ms
2025-10-28T15:00:52.493617Z DEBUG generate traces for shard: generated trace for chip ShiftLeft in 84.968101ms
2025-10-28T15:00:52.493735Z DEBUG fixed log2 rows can be potentially reduced: got 825, expected 2048
2025-10-28T15:00:52.493767Z DEBUG generate traces for shard: generated trace for chip SyscallPrecompile in 151.807µs
2025-10-28T15:00:52.494373Z DEBUG generate traces for shard: generated trace for chip Byte in 14.392774ms
2025-10-28T15:00:52.556591Z DEBUG generate traces for shard: generated trace for chip MemoryGlobalInit in 87.319616ms
2025-10-28T15:00:52.586153Z DEBUG generate traces for shard: generated trace for chip AddSub in 343.169703ms
2025-10-28T15:00:52.586221Z DEBUG fixed log2 rows can be potentially reduced: got 19171, expected 262144
2025-10-28T15:00:52.587789Z DEBUG prove_core:build recursion program:verify:verify shard:2adic pcs:verify shape and challenges: close time.busy=101ms time.idle=9.17µs
2025-10-28T15:00:52.588910Z DEBUG generate traces for shard: generated trace for chip Auipc in 2.709541ms
2025-10-28T15:00:52.602891Z DEBUG fixed log2 rows can be potentially reduced: got 76748, expected 262144
2025-10-28T15:00:52.645375Z DEBUG generate traces for shard: generated trace for chip Branch in 56.441515ms
2025-10-28T15:00:52.824297Z DEBUG generate traces for shard: generated trace for chip Byte in 874.486µs
2025-10-28T15:00:52.849592Z DEBUG generate traces for shard: generated trace for chip MemoryInstrs in 385.513207ms
2025-10-28T15:00:52.884869Z DEBUG generate traces for shard: generated trace for chip Byte in 317.311µs
2025-10-28T15:00:52.901836Z DEBUG generate traces for shard: generated trace for chip Byte in 1.599595ms
2025-10-28T15:00:52.913735Z DEBUG generate traces for shard: generated trace for chip MemoryGlobalFinalize in 440.041175ms
2025-10-28T15:00:52.962482Z DEBUG prove_core:build recursion program:verify:verify shard:2adic pcs:verify challenges: close time.busy=196ms time.idle=5.96µs
2025-10-28T15:00:52.962640Z DEBUG prove_core:build recursion program:verify:verify shard:2adic pcs: close time.busy=527ms time.idle=3.40µs
2025-10-28T15:00:52.975237Z DEBUG prove_core:build recursion program:verify:verify shard:verify constraints: close time.busy=12.6ms time.idle=4.25µs
2025-10-28T15:00:52.975275Z DEBUG prove_core:build recursion program:verify:verify shard: close time.busy=544ms time.idle=6.64µs
2025-10-28T15:00:53.033207Z DEBUG prove_core:build recursion program:verify: close time.busy=603ms time.idle=5.14µs
2025-10-28T15:00:53.033267Z DEBUG prove_core:build recursion program:build block: close time.busy=2.63µs time.idle=4.48µs
2025-10-28T15:00:53.033284Z DEBUG prove_core:build recursion program: close time.busy=751ms time.idle=16.3µs
2025-10-28T15:00:53.186249Z DEBUG fixed log2 rows can be potentially reduced: got 2447, expected 262144
2025-10-28T15:00:53.205890Z DEBUG generate traces for shard: generated trace for chip SyscallCore in 962.964447ms
2025-10-28T15:00:53.435576Z DEBUG generate traces for shard: generated trace for chip KeccakPermute in 1.188073842s
2025-10-28T15:00:53.572760Z DEBUG generate traces for shard: generated trace for chip Global in 1.326083311s
2025-10-28T15:00:53.639684Z DEBUG prove_core:compile recursion program:compile raw program: close time.busy=606ms time.idle=8.35µs
2025-10-28T15:00:53.665210Z DEBUG generate traces for shard: generated trace for chip Global in 1.419945944s
2025-10-28T15:00:53.665253Z DEBUG generate traces for shard: close time.busy=1.42s time.idle=6.94µs
2025-10-28T15:00:53.746126Z DEBUG generate traces for shard: generated trace for chip Global in 1.252480235s
2025-10-28T15:00:53.746310Z DEBUG generate traces for shard: close time.busy=1.28s time.idle=8.15µs
2025-10-28T15:00:53.747886Z DEBUG generate traces for shard: generated trace for chip Global in 1.254621645s
2025-10-28T15:00:53.747963Z DEBUG generate traces for shard: generated trace for chip Cpu in 1.505097074s
2025-10-28T15:00:53.748040Z DEBUG generate traces for shard: close time.busy=1.50s time.idle=7.54µs
2025-10-28T15:00:53.764752Z DEBUG prove_core:compile recursion program:backfill mult: close time.busy=125ms time.idle=4.65µs
2025-10-28T15:00:53.764857Z DEBUG prove_core:compile recursion program:prepend constants: close time.busy=60.4µs time.idle=3.72µs
2025-10-28T15:00:53.775559Z DEBUG prove_core:compile recursion program: close time.busy=742ms time.idle=4.26µs
2025-10-28T15:00:53.801225Z DEBUG prove_core: core cache miss, misses: 1
2025-10-28T15:00:53.849874Z DEBUG generate traces for shard: generated trace for chip Global in 1.37779141s
2025-10-28T15:00:53.849959Z DEBUG generate traces for shard: close time.busy=1.61s time.idle=6.17µs
2025-10-28T15:00:53.850007Z DEBUG generate traces for shard: close time.busy=1.61s time.idle=4.74µs
2025-10-28T15:00:53.850117Z  INFO prove_core:phase 2 trace generation:generate main traces: close time.busy=1.61s time.idle=10.6µs index=0
2025-10-28T15:00:54.000920Z DEBUG prove_core:build recursion program:read input: close time.busy=200ms time.idle=3.48µs
2025-10-28T15:00:54.001870Z DEBUG prove_core:build recursion program:verify:verify shard:assert lookup multiplicities: close time.busy=27.2µs time.idle=3.33µs
2025-10-28T15:00:54.313845Z DEBUG prove_core:build recursion program:verify:verify shard:2adic pcs:verify shape and challenges: close time.busy=90.9ms time.idle=6.68µs
2025-10-28T15:00:54.700334Z DEBUG prove_core:build recursion program:verify:verify shard:2adic pcs:verify challenges: close time.busy=157ms time.idle=5.95µs
2025-10-28T15:00:54.700459Z DEBUG prove_core:build recursion program:verify:verify shard:2adic pcs: close time.busy=697ms time.idle=3.36µs
2025-10-28T15:00:54.722329Z DEBUG prove_core:build recursion program:verify:verify shard:verify constraints: close time.busy=21.8ms time.idle=5.39µs
2025-10-28T15:00:54.722468Z DEBUG prove_core:build recursion program:verify:verify shard: close time.busy=721ms time.idle=5.59µs
2025-10-28T15:00:54.773735Z DEBUG prove_core:build recursion program:verify: close time.busy=773ms time.idle=5.61µs
2025-10-28T15:00:54.773825Z DEBUG prove_core:build recursion program:build block: close time.busy=2.62µs time.idle=4.17µs
2025-10-28T15:00:54.773844Z DEBUG prove_core:build recursion program: close time.busy=973ms time.idle=4.18µs
2025-10-28T15:00:55.276305Z DEBUG prove_core:compile recursion program:compile raw program: close time.busy=502ms time.idle=5.26µs
2025-10-28T15:00:55.313019Z DEBUG prove_core:compile recursion program:backfill mult: close time.busy=36.6ms time.idle=5.79µs
2025-10-28T15:00:55.313152Z DEBUG prove_core:compile recursion program:prepend constants: close time.busy=52.7µs time.idle=3.48µs
2025-10-28T15:00:55.326130Z DEBUG prove_core:compile recursion program: close time.busy=552ms time.idle=4.48µs
2025-10-28T15:00:55.340546Z DEBUG prove_core: core cache miss, misses: 2
2025-10-28T15:00:55.518104Z DEBUG prove_core:build recursion program:read input: close time.busy=177ms time.idle=11.3µs
2025-10-28T15:00:55.519831Z DEBUG prove_core:build recursion program:verify:verify shard:assert lookup multiplicities: close time.busy=34.3µs time.idle=4.96µs
2025-10-28T15:00:55.770328Z DEBUG prove_core:build recursion program:verify:verify shard:2adic pcs:verify shape and challenges: close time.busy=79.2ms time.idle=5.66µs
2025-10-28T15:00:56.147309Z DEBUG prove_core:build recursion program:verify:verify shard:2adic pcs:verify challenges: close time.busy=202ms time.idle=6.48µs
2025-10-28T15:00:56.147476Z DEBUG prove_core:build recursion program:verify:verify shard:2adic pcs: close time.busy=626ms time.idle=4.47µs
2025-10-28T15:00:56.173924Z DEBUG prove_core:build recursion program:verify:verify shard:verify constraints: close time.busy=26.4ms time.idle=6.69µs
2025-10-28T15:00:56.174049Z DEBUG prove_core:build recursion program:verify:verify shard: close time.busy=654ms time.idle=6.46µs
2025-10-28T15:00:56.221598Z DEBUG prove_core:build recursion program:verify: close time.busy=703ms time.idle=11.6µs
2025-10-28T15:00:56.221675Z DEBUG prove_core:build recursion program:build block: close time.busy=2.31µs time.idle=3.48µs
2025-10-28T15:00:56.221689Z DEBUG prove_core:build recursion program: close time.busy=881ms time.idle=4.14µs
2025-10-28T15:00:56.696034Z DEBUG prove_core:compile recursion program:compile raw program: close time.busy=474ms time.idle=4.43µs
2025-10-28T15:00:56.733665Z DEBUG prove_core:compile recursion program:backfill mult: close time.busy=37.5ms time.idle=5.07µs
2025-10-28T15:00:56.733820Z DEBUG prove_core:compile recursion program:prepend constants: close time.busy=53.3µs time.idle=4.19µs
2025-10-28T15:00:56.747939Z DEBUG prove_core:compile recursion program: close time.busy=526ms time.idle=4.40µs
2025-10-28T15:01:23.222206Z DEBUG prove_core:phase 2 prover:batch:commit: close time.busy=29.4s time.idle=5.16µs shard=1
2025-10-28T15:01:31.407290Z DEBUG prove_core:phase 2 prover:batch:opening:generate permutation traces: close time.busy=8.18s time.idle=4.57µs shard=1
2025-10-28T15:01:31.407397Z DEBUG prove_core:phase 2 prover:batch:opening: AddSub          | Main Cols = 19    | Pre Cols = 0      | Perm Cols = 20    | Rows = 2097152 | Cells = 81788928   shard=1
2025-10-28T15:01:31.407414Z DEBUG prove_core:phase 2 prover:batch:opening: Cpu             | Main Cols = 57    | Pre Cols = 0      | Perm Cols = 44    | Rows = 2097152 | Cells = 211812352  shard=1
2025-10-28T15:01:31.407454Z DEBUG prove_core:phase 2 prover:batch:opening: MemoryInstrs    | Main Cols = 57    | Pre Cols = 0      | Perm Cols = 28    | Rows = 1048576 | Cells = 89128960   shard=1
2025-10-28T15:01:31.407467Z DEBUG prove_core:phase 2 prover:batch:opening: Lt              | Main Cols = 33    | Pre Cols = 0      | Perm Cols = 12    | Rows = 524288 | Cells = 23592960   shard=1
2025-10-28T15:01:31.407481Z DEBUG prove_core:phase 2 prover:batch:opening: Program         | Main Cols = 1     | Pre Cols = 14     | Perm Cols = 8     | Rows = 524288 | Cells = 12058624   shard=1
2025-10-28T15:01:31.407491Z DEBUG prove_core:phase 2 prover:batch:opening: Auipc           | Main Cols = 21    | Pre Cols = 0      | Perm Cols = 12    | Rows = 262144 | Cells = 8650752    shard=1
2025-10-28T15:01:31.407500Z DEBUG prove_core:phase 2 prover:batch:opening: Branch          | Main Cols = 34    | Pre Cols = 0      | Perm Cols = 16    | Rows = 262144 | Cells = 13107200   shard=1
2025-10-28T15:01:31.407508Z DEBUG prove_core:phase 2 prover:batch:opening: Jump            | Main Cols = 26    | Pre Cols = 0      | Perm Cols = 16    | Rows = 262144 | Cells = 11010048   shard=1
2025-10-28T15:01:31.407517Z DEBUG prove_core:phase 2 prover:batch:opening: MemoryLocal     | Main Cols = 56    | Pre Cols = 0      | Perm Cols = 36    | Rows = 262144 | Cells = 24117248   shard=1
2025-10-28T15:01:31.407528Z DEBUG prove_core:phase 2 prover:batch:opening: SyscallCore     | Main Cols = 6     | Pre Cols = 0      | Perm Cols = 8     | Rows = 262144 | Cells = 3670016    shard=1
2025-10-28T15:01:31.407537Z DEBUG prove_core:phase 2 prover:batch:opening: SyscallInstrs   | Main Cols = 52    | Pre Cols = 0      | Perm Cols = 20    | Rows = 262144 | Cells = 18874368   shard=1
2025-10-28T15:01:31.407546Z DEBUG prove_core:phase 2 prover:batch:opening: Bitwise         | Main Cols = 17    | Pre Cols = 0      | Perm Cols = 16    | Rows = 131072 | Cells = 4325376    shard=1
2025-10-28T15:01:31.407555Z DEBUG prove_core:phase 2 prover:batch:opening: Global          | Main Cols = 412   | Pre Cols = 0      | Perm Cols = 8     | Rows = 131072 | Cells = 55050240   shard=1
2025-10-28T15:01:31.407564Z DEBUG prove_core:phase 2 prover:batch:opening: Mul             | Main Cols = 39    | Pre Cols = 0      | Perm Cols = 36    | Rows = 131072 | Cells = 9830400    shard=1
2025-10-28T15:01:31.407573Z DEBUG prove_core:phase 2 prover:batch:opening: ShiftLeft       | Main Cols = 44    | Pre Cols = 0      | Perm Cols = 16    | Rows = 131072 | Cells = 7864320    shard=1
2025-10-28T15:01:31.407581Z DEBUG prove_core:phase 2 prover:batch:opening: ShiftRight      | Main Cols = 70    | Pre Cols = 0      | Perm Cols = 56    | Rows = 131072 | Cells = 16515072   shard=1
2025-10-28T15:01:31.407590Z DEBUG prove_core:phase 2 prover:batch:opening: Byte            | Main Cols = 9     | Pre Cols = 11     | Perm Cols = 24    | Rows = 65536 | Cells = 2883584    shard=1
2025-10-28T15:01:34.361174Z DEBUG prove_core:phase 2 prover:batch:opening:flatten permutation traces and collect domains: close time.busy=2.95s time.idle=4.12µs shard=1
2025-10-28T15:01:51.534267Z DEBUG prove_core:phase 2 prover:batch:opening:commit to permutation traces: close time.busy=17.2s time.idle=10.2µs shard=1
2025-10-28T15:01:53.661113Z DEBUG prove_core:phase 2 prover:batch:opening:compute quotient values:compute quotient values for domain: close time.busy=2.13s time.idle=70.9µs shard=1
2025-10-28T15:01:54.811102Z DEBUG prove_core:phase 2 prover:batch:opening:compute quotient values:compute quotient values for domain: close time.busy=3.28s time.idle=26.8µs shard=1
2025-10-28T15:01:55.588628Z DEBUG prove_core:phase 2 prover:batch:opening:compute quotient values:compute quotient values for domain: close time.busy=4.05s time.idle=6.24µs shard=1
2025-10-28T15:01:58.031612Z DEBUG prove_core:phase 2 prover:batch:opening:compute quotient values:compute quotient values for domain: close time.busy=6.50s time.idle=21.3µs shard=1
2025-10-28T15:02:04.886777Z DEBUG prove_core:phase 2 prover:batch:opening:compute quotient values:compute quotient values for domain: close time.busy=13.4s time.idle=5.82µs shard=1
2025-10-28T15:02:07.182552Z DEBUG prove_core:phase 2 prover:batch:opening:compute quotient values:compute quotient values for domain: close time.busy=15.6s time.idle=13.4µs shard=1
2025-10-28T15:02:24.162086Z DEBUG prove_core:phase 2 prover:batch:opening:compute quotient values:compute quotient values for domain: close time.busy=32.6s time.idle=9.27µs shard=1
2025-10-28T15:02:24.172026Z DEBUG prove_core:phase 2 prover:batch:opening:compute quotient values:compute quotient values for domain: close time.busy=32.6s time.idle=18.6µs shard=1
2025-10-28T15:02:24.210656Z DEBUG prove_core:phase 2 prover:batch:opening:compute quotient values:compute quotient values for domain: close time.busy=32.7s time.idle=8.36µs shard=1
2025-10-28T15:02:24.237009Z DEBUG prove_core:phase 2 prover:batch:opening:compute quotient values:compute quotient values for domain: close time.busy=24.1s time.idle=9.64µs shard=1
2025-10-28T15:02:24.317382Z DEBUG prove_core:phase 2 prover:batch:opening:compute quotient values:compute quotient values for domain: close time.busy=32.8s time.idle=6.07µs shard=1
2025-10-28T15:02:24.349027Z DEBUG prove_core:phase 2 prover:batch:opening:compute quotient values:compute quotient values for domain: close time.busy=32.8s time.idle=14.7µs shard=1
2025-10-28T15:02:24.472796Z DEBUG prove_core:phase 2 prover:batch:opening:compute quotient values:compute quotient values for domain: close time.busy=32.9s time.idle=6.53µs shard=1
2025-10-28T15:02:24.481032Z DEBUG prove_core:phase 2 prover:batch:opening:compute quotient values:compute quotient values for domain: close time.busy=32.9s time.idle=30.7µs shard=1
2025-10-28T15:02:24.600490Z DEBUG prove_core:phase 2 prover:batch:opening:compute quotient values:compute quotient values for domain: close time.busy=33.1s time.idle=10.2µs shard=1
2025-10-28T15:02:24.631450Z DEBUG prove_core:phase 2 prover:batch:opening:compute quotient values:compute quotient values for domain: close time.busy=33.1s time.idle=6.00µs shard=1
2025-10-28T15:02:24.941458Z DEBUG prove_core:phase 2 prover:batch:opening:compute quotient values:compute quotient values for domain: close time.busy=33.4s time.idle=8.76µs shard=1
2025-10-28T15:02:33.767536Z DEBUG prove_core:phase 2 prover:batch:opening:commit to quotient traces: close time.busy=7.74s time.idle=16.3µs shard=1
2025-10-28T15:02:33.767729Z DEBUG prove_core:phase 2 prover:batch:opening:compute preprocessed opening points: close time.busy=31.8µs time.idle=60.9µs shard=1
2025-10-28T15:02:33.767776Z DEBUG prove_core:phase 2 prover:batch:opening:compute main trace opening points: close time.busy=20.0µs time.idle=3.27µs shard=1
2025-10-28T15:02:33.767800Z DEBUG prove_core:phase 2 prover:batch:opening:compute permutation trace opening points: close time.busy=4.86µs time.idle=2.75µs shard=1
2025-10-28T15:02:57.000197Z DEBUG prove_core:phase 2 prover:batch:opening:open multi batches: close time.busy=23.2s time.idle=4.89µs shard=1
2025-10-28T15:02:57.110390Z DEBUG prove_core:phase 2 prover:batch:opening:compute quotient values: close time.busy=33.4s time.idle=32.2s shard=1
2025-10-28T15:02:58.235783Z DEBUG prove_core:phase 2 prover:batch:opening: close time.busy=95.0s time.idle=12.1µs shard=1
2025-10-28T15:02:58.235863Z DEBUG prove_core:phase 2 prover:batch: proving shard 1 took 124385168540 ns. shape: Some([(Byte, 16), (Global, 17), (ShiftLeft, 17), (Bitwise, 17), (ShiftRight, 17), (Mul, 17), (SyscallCore, 18), (SyscallInstrs, 18), (Jump, 18), (MemoryLocal, 18), (Auipc, 18), (Branch, 18), (Lt, 19), (Program, 19), (MemoryInstrs, 20), (Cpu, 21), (AddSub, 21)])
2025-10-28T15:02:58.236008Z DEBUG prove_core:phase 2 prover:batch: close time.busy=124s time.idle=28.2µs
2025-10-28T15:03:00.833045Z DEBUG prove_core:phase 2 prover:batch:commit: close time.busy=2.60s time.idle=4.29µs shard=2
2025-10-28T15:03:01.010636Z DEBUG prove_core:phase 2 prover:batch:opening:generate permutation traces: close time.busy=177ms time.idle=4.50µs shard=2
2025-10-28T15:03:01.010710Z DEBUG prove_core:phase 2 prover:batch:opening: Program         | Main Cols = 1     | Pre Cols = 14     | Perm Cols = 8     | Rows = 524288 | Cells = 12058624   shard=2
2025-10-28T15:03:01.010726Z DEBUG prove_core:phase 2 prover:batch:opening: Byte            | Main Cols = 9     | Pre Cols = 11     | Perm Cols = 24    | Rows = 65536 | Cells = 2883584    shard=2
2025-10-28T15:03:01.010735Z DEBUG prove_core:phase 2 prover:batch:opening: Global          | Main Cols = 412   | Pre Cols = 0      | Perm Cols = 8     | Rows = 65536 | Cells = 27525120   shard=2
2025-10-28T15:03:01.010745Z DEBUG prove_core:phase 2 prover:batch:opening: MemoryLocal     | Main Cols = 56    | Pre Cols = 0      | Perm Cols = 36    | Rows = 8192  | Cells = 753664     shard=2
2025-10-28T15:03:01.010754Z DEBUG prove_core:phase 2 prover:batch:opening: Secp256k1AddAssign | Main Cols = 2305  | Pre Cols = 0      | Perm Cols = 2148  | Rows = 1024  | Cells = 4559872    shard=2
2025-10-28T15:03:01.010866Z DEBUG prove_core:phase 2 prover:batch:opening: SyscallPrecompile | Main Cols = 6     | Pre Cols = 0      | Perm Cols = 8     | Rows = 1024  | Cells = 14336      shard=2
2025-10-28T15:03:01.053630Z DEBUG prove_core:phase 2 prover:batch:opening:flatten permutation traces and collect domains: close time.busy=42.7ms time.idle=6.46µs shard=2
2025-10-28T15:03:01.798916Z DEBUG prove_core:phase 2 prover:batch:opening:commit to permutation traces: close time.busy=745ms time.idle=5.73µs shard=2
2025-10-28T15:03:01.803224Z DEBUG prove_core:phase 2 prover:batch:opening:compute quotient values:compute quotient values for domain: close time.busy=4.01ms time.idle=6.28µs shard=2
2025-10-28T15:03:02.950751Z DEBUG prove_core:phase 2 prover:batch:opening:compute quotient values:compute quotient values for domain: close time.busy=1.15s time.idle=6.02µs shard=2
2025-10-28T15:03:02.951106Z DEBUG prove_core:phase 2 prover:batch:opening:compute quotient values:compute quotient values for domain: close time.busy=1.15s time.idle=4.89µs shard=2
2025-10-28T15:03:02.957823Z DEBUG prove_core:phase 2 prover:batch:opening:compute quotient values:compute quotient values for domain: close time.busy=1.16s time.idle=7.56µs shard=2
2025-10-28T15:03:02.994565Z DEBUG prove_core:phase 2 prover:batch:opening:compute quotient values:compute quotient values for domain: close time.busy=1.20s time.idle=6.28µs shard=2
2025-10-28T15:03:03.012577Z DEBUG prove_core:phase 2 prover:batch:opening:compute quotient values:compute quotient values for domain: close time.busy=1.21s time.idle=7.98µs shard=2
2025-10-28T15:03:03.637987Z DEBUG prove_core:phase 2 prover:batch:opening:commit to quotient traces: close time.busy=590ms time.idle=7.75µs shard=2
2025-10-28T15:03:03.638136Z DEBUG prove_core:phase 2 prover:batch:opening:compute preprocessed opening points: close time.busy=91.0µs time.idle=4.67µs shard=2
2025-10-28T15:03:03.638182Z DEBUG prove_core:phase 2 prover:batch:opening:compute main trace opening points: close time.busy=5.88µs time.idle=3.19µs shard=2
2025-10-28T15:03:03.638203Z DEBUG prove_core:phase 2 prover:batch:opening:compute permutation trace opening points: close time.busy=5.67µs time.idle=2.41µs shard=2
2025-10-28T15:03:06.092495Z DEBUG prove_core:phase 2 prover:batch:opening:open multi batches: close time.busy=2.45s time.idle=4.10µs shard=2
2025-10-28T15:03:06.092614Z DEBUG prove_core:phase 2 prover:batch:opening:compute quotient values: close time.busy=1.21s time.idle=3.08s shard=2
2025-10-28T15:03:06.148982Z DEBUG prove_core:phase 2 prover:batch:opening: close time.busy=5.32s time.idle=6.69µs shard=2
2025-10-28T15:03:06.149046Z DEBUG prove_core:phase 2 prover:batch: proving shard 2 took 7912965353 ns. shape: Some([(Secp256k1AddAssign, 10), (SyscallPrecompile, 10), (MemoryLocal, 13), (Byte, 16), (Global, 16), (Program, 19)])
2025-10-28T15:03:06.149148Z DEBUG prove_core:phase 2 prover:batch: close time.busy=7.91s time.idle=19.4µs
2025-10-28T15:03:08.738972Z DEBUG prove_core:phase 2 prover:batch:commit: close time.busy=2.59s time.idle=4.21µs shard=3
2025-10-28T15:03:08.948699Z DEBUG prove_core:phase 2 prover:batch:opening:generate permutation traces: close time.busy=210ms time.idle=4.27µs shard=3
2025-10-28T15:03:08.948756Z DEBUG prove_core:phase 2 prover:batch:opening: Program         | Main Cols = 1     | Pre Cols = 14     | Perm Cols = 8     | Rows = 524288 | Cells = 12058624   shard=3
2025-10-28T15:03:08.948769Z DEBUG prove_core:phase 2 prover:batch:opening: Byte            | Main Cols = 9     | Pre Cols = 11     | Perm Cols = 24    | Rows = 65536 | Cells = 2883584    shard=3
2025-10-28T15:03:08.948779Z DEBUG prove_core:phase 2 prover:batch:opening: Global          | Main Cols = 412   | Pre Cols = 0      | Perm Cols = 8     | Rows = 65536 | Cells = 27525120   shard=3
2025-10-28T15:03:08.948789Z DEBUG prove_core:phase 2 prover:batch:opening: MemoryLocal     | Main Cols = 56    | Pre Cols = 0      | Perm Cols = 36    | Rows = 4096  | Cells = 376832     shard=3
2025-10-28T15:03:08.948798Z DEBUG prove_core:phase 2 prover:batch:opening: Secp256k1DoubleAssign | Main Cols = 2348  | Pre Cols = 0      | Perm Cols = 2208  | Rows = 1024  | Cells = 4665344    shard=3
2025-10-28T15:03:08.948810Z DEBUG prove_core:phase 2 prover:batch:opening: SyscallPrecompile | Main Cols = 6     | Pre Cols = 0      | Perm Cols = 8     | Rows = 1024  | Cells = 14336      shard=3
2025-10-28T15:03:08.974584Z DEBUG prove_core:phase 2 prover:batch:opening:flatten permutation traces and collect domains: close time.busy=25.8ms time.idle=5.44µs shard=3
2025-10-28T15:03:09.743169Z DEBUG prove_core:phase 2 prover:batch:opening:commit to permutation traces: close time.busy=769ms time.idle=5.33µs shard=3
2025-10-28T15:03:09.747228Z DEBUG prove_core:phase 2 prover:batch:opening:compute quotient values:compute quotient values for domain: close time.busy=3.75ms time.idle=5.21µs shard=3
2025-10-28T15:03:10.559113Z DEBUG prove_core:phase 2 prover:batch:opening:compute quotient values:compute quotient values for domain: close time.busy=816ms time.idle=5.08µs shard=3
2025-10-28T15:03:10.560193Z DEBUG prove_core:phase 2 prover:batch:opening:compute quotient values:compute quotient values for domain: close time.busy=817ms time.idle=6.08µs shard=3
2025-10-28T15:03:10.560617Z DEBUG prove_core:phase 2 prover:batch:opening:compute quotient values:compute quotient values for domain: close time.busy=817ms time.idle=8.03µs shard=3
2025-10-28T15:03:10.605211Z DEBUG prove_core:phase 2 prover:batch:opening:compute quotient values:compute quotient values for domain: close time.busy=862ms time.idle=7.06µs shard=3
2025-10-28T15:03:10.901879Z DEBUG prove_core:phase 2 prover:batch:opening:compute quotient values:compute quotient values for domain: close time.busy=1.16s time.idle=5.90µs shard=3
2025-10-28T15:03:11.667794Z DEBUG prove_core:phase 2 prover:batch:opening:commit to quotient traces: close time.busy=721ms time.idle=7.98µs shard=3
2025-10-28T15:03:11.667882Z DEBUG prove_core:phase 2 prover:batch:opening:compute preprocessed opening points: close time.busy=5.80µs time.idle=5.13µs shard=3
2025-10-28T15:03:11.667918Z DEBUG prove_core:phase 2 prover:batch:opening:compute main trace opening points: close time.busy=6.92µs time.idle=3.27µs shard=3
2025-10-28T15:03:11.667945Z DEBUG prove_core:phase 2 prover:batch:opening:compute permutation trace opening points: close time.busy=5.81µs time.idle=3.00µs shard=3
2025-10-28T15:03:14.333796Z DEBUG prove_core:phase 2 prover:batch:opening:open multi batches: close time.busy=2.67s time.idle=4.58µs shard=3
2025-10-28T15:03:14.333894Z DEBUG prove_core:phase 2 prover:batch:opening:compute quotient values: close time.busy=1.16s time.idle=3.43s shard=3
2025-10-28T15:03:14.390513Z DEBUG prove_core:phase 2 prover:batch:opening: close time.busy=5.65s time.idle=6.28µs shard=3
2025-10-28T15:03:14.390570Z DEBUG prove_core:phase 2 prover:batch: proving shard 3 took 8241361838 ns. shape: Some([(SyscallPrecompile, 10), (Secp256k1DoubleAssign, 10), (MemoryLocal, 12), (Global, 16), (Byte, 16), (Program, 19)])
2025-10-28T15:03:14.390648Z DEBUG prove_core:phase 2 prover:batch: close time.busy=8.24s time.idle=16.8µs
2025-10-28T15:03:14.452456Z DEBUG prove_core:phase 2 trace generation: close time.busy=145s time.idle=44.7µs
2025-10-28T15:03:26.757051Z DEBUG prove_core:phase 2 prover:batch:commit: close time.busy=12.4s time.idle=3.54µs shard=4
2025-10-28T15:03:27.630584Z DEBUG prove_core:phase 2 prover:batch:opening:generate permutation traces: close time.busy=873ms time.idle=4.49µs shard=4
2025-10-28T15:03:27.630649Z DEBUG prove_core:phase 2 prover:batch:opening: Program         | Main Cols = 1     | Pre Cols = 14     | Perm Cols = 8     | Rows = 524288 | Cells = 12058624   shard=4
2025-10-28T15:03:27.630664Z DEBUG prove_core:phase 2 prover:batch:opening: Global          | Main Cols = 412   | Pre Cols = 0      | Perm Cols = 8     | Rows = 131072 | Cells = 55050240   shard=4
2025-10-28T15:03:27.630676Z DEBUG prove_core:phase 2 prover:batch:opening: Byte            | Main Cols = 9     | Pre Cols = 11     | Perm Cols = 24    | Rows = 65536 | Cells = 2883584    shard=4
2025-10-28T15:03:27.630687Z DEBUG prove_core:phase 2 prover:batch:opening: KeccakPermute   | Main Cols = 3289  | Pre Cols = 0      | Perm Cols = 608   | Rows = 32768 | Cells = 127696896  shard=4
2025-10-28T15:03:27.630699Z DEBUG prove_core:phase 2 prover:batch:opening: MemoryLocal     | Main Cols = 56    | Pre Cols = 0      | Perm Cols = 36    | Rows = 16384 | Cells = 1507328    shard=4
2025-10-28T15:03:27.630716Z DEBUG prove_core:phase 2 prover:batch:opening: SyscallPrecompile | Main Cols = 6     | Pre Cols = 0      | Perm Cols = 8     | Rows = 2048  | Cells = 28672      shard=4
2025-10-28T15:03:27.982580Z DEBUG prove_core:phase 2 prover:batch:opening:flatten permutation traces and collect domains: close time.busy=352ms time.idle=4.79µs shard=4
2025-10-28T15:03:29.950316Z DEBUG prove_core:phase 2 prover:batch:opening:commit to permutation traces: close time.busy=1.97s time.idle=4.46µs shard=4
2025-10-28T15:03:29.955868Z DEBUG prove_core:phase 2 prover:batch:opening:compute quotient values:compute quotient values for domain: close time.busy=5.35ms time.idle=4.53µs shard=4
2025-10-28T15:03:30.303527Z DEBUG prove_core:phase 2 prover:batch:opening:compute quotient values:compute quotient values for domain: close time.busy=353ms time.idle=5.86µs shard=4
2025-10-28T15:03:30.313411Z DEBUG prove_core:phase 2 prover:batch:opening:compute quotient values:compute quotient values for domain: close time.busy=363ms time.idle=6.30µs shard=4
2025-10-28T15:03:30.971855Z DEBUG prove_core:phase 2 prover:batch:opening:compute quotient values:compute quotient values for domain: close time.busy=1.02s time.idle=5.50µs shard=4
2025-10-28T15:03:31.543942Z DEBUG prove_core:phase 2 prover:batch:opening:compute quotient values:compute quotient values for domain: close time.busy=1.59s time.idle=4.71µs shard=4
2025-10-28T15:03:35.135589Z DEBUG prove_core:phase 2 prover:batch:opening:compute quotient values:compute quotient values for domain: close time.busy=5.19s time.idle=7.04µs shard=4
2025-10-28T15:03:35.850237Z DEBUG prove_core:phase 2 prover:batch:opening:commit to quotient traces: close time.busy=685ms time.idle=6.47µs shard=4
2025-10-28T15:03:35.850312Z DEBUG prove_core:phase 2 prover:batch:opening:compute preprocessed opening points: close time.busy=5.37µs time.idle=4.66µs shard=4
2025-10-28T15:03:35.850344Z DEBUG prove_core:phase 2 prover:batch:opening:compute main trace opening points: close time.busy=8.01µs time.idle=3.64µs shard=4
2025-10-28T15:03:35.850368Z DEBUG prove_core:phase 2 prover:batch:opening:compute permutation trace opening points: close time.busy=3.76µs time.idle=3.40µs shard=4
2025-10-28T15:03:39.301828Z DEBUG prove_core:phase 2 prover:batch:opening:open multi batches: close time.busy=3.45s time.idle=3.95µs shard=4
2025-10-28T15:03:39.301911Z DEBUG prove_core:phase 2 prover:batch:opening:compute quotient values: close time.busy=5.19s time.idle=4.17s shard=4
2025-10-28T15:03:39.670631Z DEBUG prove_core:phase 2 prover:batch:opening: close time.busy=12.9s time.idle=10.2µs shard=4
2025-10-28T15:03:39.670698Z DEBUG prove_core:phase 2 prover:batch: proving shard 4 took 25279998663 ns. shape: Some([(SyscallPrecompile, 11), (MemoryLocal, 14), (KeccakPermute, 15), (Byte, 16), (Global, 17), (Program, 19)])
2025-10-28T15:03:39.670830Z DEBUG prove_core:phase 2 prover:batch: close time.busy=25.3s time.idle=20.4µs
2025-10-28T15:03:46.459333Z DEBUG prove_core:phase 2 prover:batch:commit: close time.busy=6.79s time.idle=5.08µs shard=5
2025-10-28T15:03:46.635971Z DEBUG prove_core:phase 2 prover:batch:opening:generate permutation traces: close time.busy=176ms time.idle=5.22µs shard=5
2025-10-28T15:03:46.636037Z DEBUG prove_core:phase 2 prover:batch:opening: Program         | Main Cols = 1     | Pre Cols = 14     | Perm Cols = 8     | Rows = 524288 | Cells = 12058624   shard=5
2025-10-28T15:03:46.636055Z DEBUG prove_core:phase 2 prover:batch:opening: MemoryGlobalFinalize | Main Cols = 108   | Pre Cols = 0      | Perm Cols = 8     | Rows = 262144 | Cells = 30408704   shard=5
2025-10-28T15:03:46.636067Z DEBUG prove_core:phase 2 prover:batch:opening: Global          | Main Cols = 412   | Pre Cols = 0      | Perm Cols = 8     | Rows = 131072 | Cells = 55050240   shard=5
2025-10-28T15:03:46.636079Z DEBUG prove_core:phase 2 prover:batch:opening: Byte            | Main Cols = 9     | Pre Cols = 11     | Perm Cols = 24    | Rows = 65536 | Cells = 2883584    shard=5
2025-10-28T15:03:46.636091Z DEBUG prove_core:phase 2 prover:batch:opening: MemoryGlobalInit | Main Cols = 108   | Pre Cols = 0      | Perm Cols = 8     | Rows = 65536 | Cells = 7602176    shard=5
2025-10-28T15:03:46.695356Z DEBUG prove_core:phase 2 prover:batch:opening:flatten permutation traces and collect domains: close time.busy=59.2ms time.idle=6.08µs shard=5
2025-10-28T15:03:47.603121Z DEBUG prove_core:phase 2 prover:batch:opening:commit to permutation traces: close time.busy=908ms time.idle=5.72µs shard=5
2025-10-28T15:03:48.953876Z DEBUG prove_core:phase 2 prover:batch:opening:compute quotient values:compute quotient values for domain: close time.busy=1.35s time.idle=8.24µs shard=5
2025-10-28T15:03:48.965202Z DEBUG prove_core:phase 2 prover:batch:opening:compute quotient values:compute quotient values for domain: close time.busy=1.36s time.idle=8.05µs shard=5
2025-10-28T15:03:48.984470Z DEBUG prove_core:phase 2 prover:batch:opening:compute quotient values:compute quotient values for domain: close time.busy=1.38s time.idle=7.34µs shard=5
2025-10-28T15:03:49.030878Z DEBUG prove_core:phase 2 prover:batch:opening:compute quotient values:compute quotient values for domain: close time.busy=1.43s time.idle=5.56µs shard=5
2025-10-28T15:03:49.538418Z DEBUG prove_core:phase 2 prover:batch:opening:compute quotient values:compute quotient values for domain: close time.busy=1.94s time.idle=5.51µs shard=5
2025-10-28T15:03:50.494356Z DEBUG prove_core:phase 2 prover:batch:opening:commit to quotient traces: close time.busy=901ms time.idle=6.41µs shard=5
2025-10-28T15:03:50.494469Z DEBUG prove_core:phase 2 prover:batch:opening:compute preprocessed opening points: close time.busy=5.48µs time.idle=4.87µs shard=5
2025-10-28T15:03:50.494500Z DEBUG prove_core:phase 2 prover:batch:opening:compute main trace opening points: close time.busy=6.95µs time.idle=3.26µs shard=5
2025-10-28T15:03:50.494522Z DEBUG prove_core:phase 2 prover:batch:opening:compute permutation trace opening points: close time.busy=2.93µs time.idle=2.97µs shard=5
2025-10-28T15:03:54.108126Z DEBUG prove_core:phase 2 prover:batch:opening:open multi batches: close time.busy=3.61s time.idle=4.31µs shard=5
2025-10-28T15:03:54.108263Z DEBUG prove_core:phase 2 prover:batch:opening:compute quotient values: close time.busy=1.94s time.idle=4.57s shard=5
2025-10-28T15:03:54.273218Z DEBUG prove_core:phase 2 prover:batch:opening: close time.busy=7.81s time.idle=5.62µs shard=5
2025-10-28T15:03:54.273269Z DEBUG prove_core:phase 2 prover:batch: proving shard 5 took 14602401326 ns. shape: Some([(Byte, 16), (MemoryGlobalInit, 16), (Global, 17), (MemoryGlobalFinalize, 18), (Program, 19)])
2025-10-28T15:03:54.278484Z DEBUG prove_core:phase 2 prover:batch: close time.busy=14.6s time.idle=11.9µs
2025-10-28T15:03:54.278514Z DEBUG prove_core:phase 2 prover: close time.busy=185s time.idle=4.33µs
2025-10-28T15:03:54.278808Z DEBUG prove_core: execution report (totals): total_cycles=1660399, total_syscall_cycles=2447, touched_memory_addresses=76747
2025-10-28T15:03:54.278847Z DEBUG prove_core: execution report (opcode counts):
2025-10-28T15:03:54.278866Z DEBUG prove_core:   425302 add
2025-10-28T15:03:54.278876Z DEBUG prove_core:   266832 sw
2025-10-28T15:03:54.278883Z DEBUG prove_core:   221744 lw
2025-10-28T15:03:54.278891Z DEBUG prove_core:   175468 lbu
2025-10-28T15:03:54.278898Z DEBUG prove_core:   127347 sb
2025-10-28T15:03:54.278906Z DEBUG prove_core:    71817 bne
2025-10-28T15:03:54.278913Z DEBUG prove_core:    69725 beq
2025-10-28T15:03:54.278921Z DEBUG prove_core:    58207 xor
2025-10-28T15:03:54.278929Z DEBUG prove_core:    52955 bltu
2025-10-28T15:03:54.278936Z DEBUG prove_core:    38332 jalr
2025-10-28T15:03:54.278943Z DEBUG prove_core:    26292 and
2025-10-28T15:03:54.278951Z DEBUG prove_core:    24269 or
2025-10-28T15:03:54.278958Z DEBUG prove_core:    21028 sll
2025-10-28T15:03:54.278966Z DEBUG prove_core:    19171 auipc
2025-10-28T15:03:54.278973Z DEBUG prove_core:    17556 srl
2025-10-28T15:03:54.278981Z DEBUG prove_core:    12225 lb
2025-10-28T15:03:54.278989Z DEBUG prove_core:     9729 sltu
2025-10-28T15:03:54.278996Z DEBUG prove_core:     8086 sub
2025-10-28T15:03:54.279004Z DEBUG prove_core:     3342 jal
2025-10-28T15:03:54.279011Z DEBUG prove_core:     2766 bgeu
2025-10-28T15:03:54.279019Z DEBUG prove_core:     2485 mul
2025-10-28T15:03:54.279026Z DEBUG prove_core:     2447 ecall
2025-10-28T15:03:54.279033Z DEBUG prove_core:     1592 mulhu
2025-10-28T15:03:54.279041Z DEBUG prove_core:     1423 sh
2025-10-28T15:03:54.279048Z DEBUG prove_core:      108 sra
2025-10-28T15:03:54.279056Z DEBUG prove_core:       84 lh
2025-10-28T15:03:54.279063Z DEBUG prove_core:       52 lhu
2025-10-28T15:03:54.279071Z DEBUG prove_core:        9 bge
2025-10-28T15:03:54.279078Z DEBUG prove_core:        6 blt
2025-10-28T15:03:54.279086Z DEBUG prove_core:        0 slt
2025-10-28T15:03:54.279094Z DEBUG prove_core:        0 mulh
2025-10-28T15:03:54.279101Z DEBUG prove_core:        0 mulhsu
2025-10-28T15:03:54.279109Z DEBUG prove_core:        0 div
2025-10-28T15:03:54.279116Z DEBUG prove_core:        0 divu
2025-10-28T15:03:54.279126Z DEBUG prove_core:        0 rem
2025-10-28T15:03:54.279134Z DEBUG prove_core:        0 remu
2025-10-28T15:03:54.279141Z DEBUG prove_core:        0 ebreak
2025-10-28T15:03:54.279149Z DEBUG prove_core:        0 unimp
2025-10-28T15:03:54.279156Z DEBUG prove_core: execution report (syscall counts):
2025-10-28T15:03:54.279170Z DEBUG prove_core:   1024 secp256k1_double
2025-10-28T15:03:54.279178Z DEBUG prove_core:    825 keccak_permute
2025-10-28T15:03:54.279186Z DEBUG prove_core:    560 secp256k1_add
2025-10-28T15:03:54.279194Z DEBUG prove_core:      8 commit
2025-10-28T15:03:54.279202Z DEBUG prove_core:      8 commit_deferred_proofs
2025-10-28T15:03:54.279210Z DEBUG prove_core:      8 hint_len
2025-10-28T15:03:54.279217Z DEBUG prove_core:      8 hint_read
2025-10-28T15:03:54.279225Z DEBUG prove_core:      4 enter_unconstrained
2025-10-28T15:03:54.279232Z DEBUG prove_core:      1 halt
2025-10-28T15:03:54.279240Z DEBUG prove_core:      1 write
2025-10-28T15:03:54.279248Z DEBUG prove_core:      0 exit_unconstrained
2025-10-28T15:03:54.279256Z DEBUG prove_core:      0 verify_sp1_proof
2025-10-28T15:03:54.279263Z DEBUG prove_core:      0 ed_decompress
2025-10-28T15:03:54.279271Z DEBUG prove_core:      0 secp256k1_decompress
2025-10-28T15:03:54.279278Z DEBUG prove_core:      0 bn254_double
2025-10-28T15:03:54.279286Z DEBUG prove_core:      0 bls12381_decompress
2025-10-28T15:03:54.279294Z DEBUG prove_core:      0 bls12381_double
2025-10-28T15:03:54.279301Z DEBUG prove_core:      0 secp256r1_double
2025-10-28T15:03:54.279309Z DEBUG prove_core:      0 secp256r1_decompress
2025-10-28T15:03:54.279317Z DEBUG prove_core:      0 sha_compress
2025-10-28T15:03:54.279324Z DEBUG prove_core:      0 ed_add
2025-10-28T15:03:54.279332Z DEBUG prove_core:      0 bn254_add
2025-10-28T15:03:54.279339Z DEBUG prove_core:      0 uint256_mul
2025-10-28T15:03:54.279347Z DEBUG prove_core:      0 bls12381_add
2025-10-28T15:03:54.279354Z DEBUG prove_core:      0 bls12381_fp_add
2025-10-28T15:03:54.279362Z DEBUG prove_core:      0 bls12381_fp_sub
2025-10-28T15:03:54.279370Z DEBUG prove_core:      0 bls12381_fp_mul
2025-10-28T15:03:54.279377Z DEBUG prove_core:      0 bls12381_fp2_add
2025-10-28T15:03:54.279385Z DEBUG prove_core:      0 bls12381_fp2_sub
2025-10-28T15:03:54.279392Z DEBUG prove_core:      0 bls12381_fp2_mul
2025-10-28T15:03:54.279400Z DEBUG prove_core:      0 bn254_fp_add
2025-10-28T15:03:54.279408Z DEBUG prove_core:      0 bn254_fp_sub
2025-10-28T15:03:54.279415Z DEBUG prove_core:      0 bn254_fp_mul
2025-10-28T15:03:54.279445Z DEBUG prove_core:      0 bn254_fp2_add
2025-10-28T15:03:54.279455Z DEBUG prove_core:      0 bn254_fp2_sub
2025-10-28T15:03:54.279463Z DEBUG prove_core:      0 bn254_fp2_mul
2025-10-28T15:03:54.279471Z DEBUG prove_core:      0 secp256r1_add
2025-10-28T15:03:54.279478Z DEBUG prove_core:      0 u256xu2048_mul
2025-10-28T15:03:54.279486Z DEBUG prove_core:      0 sha_extend
2025-10-28T15:03:54.279499Z DEBUG prove_core: summary: cycles=1660399, e2e=184.716832597s, khz=8.99
2025-10-28T15:03:54.290872Z  INFO prove_core: close time.busy=185s time.idle=11.1ms
2025-10-28T15:03:54.351385Z DEBUG compress:generate records and traces:get program and witness stream: core cache miss, misses: 3
2025-10-28T15:03:54.384710Z DEBUG compress:generate records and traces:get program and witness stream:build recursion program:read input: close time.busy=33.2ms time.idle=3.36µs
2025-10-28T15:03:54.385709Z DEBUG compress:generate records and traces:get program and witness stream:build recursion program:verify:verify shard:assert lookup multiplicities: close time.busy=82.7µs time.idle=3.45µs
2025-10-28T15:03:54.467680Z DEBUG compress:generate records and traces:get program and witness stream:build recursion program:verify:verify shard:2adic pcs:verify shape and challenges: close time.busy=57.4ms time.idle=4.31µs
2025-10-28T15:03:54.645810Z DEBUG compress:generate records and traces:get program and witness stream:build recursion program:verify:verify shard:2adic pcs:verify challenges: close time.busy=116ms time.idle=7.64µs
2025-10-28T15:03:54.645952Z DEBUG compress:generate records and traces:get program and witness stream:build recursion program:verify:verify shard:2adic pcs: close time.busy=258ms time.idle=3.89µs
2025-10-28T15:03:54.649248Z DEBUG compress:generate records and traces:get program and witness stream:build recursion program:verify:verify shard:verify constraints: close time.busy=3.27ms time.idle=4.68µs
2025-10-28T15:03:54.649302Z DEBUG compress:generate records and traces:get program and witness stream:build recursion program:verify:verify shard: close time.busy=264ms time.idle=6.35µs
2025-10-28T15:03:54.671665Z DEBUG compress:generate records and traces:get program and witness stream:build recursion program:verify: close time.busy=287ms time.idle=5.42µs
2025-10-28T15:03:54.671746Z DEBUG compress:generate records and traces:get program and witness stream:build recursion program:build block: close time.busy=3.48µs time.idle=4.46µs
2025-10-28T15:03:54.671766Z DEBUG compress:generate records and traces:get program and witness stream:build recursion program: close time.busy=320ms time.idle=3.57µs
2025-10-28T15:03:54.844446Z DEBUG compress:generate records and traces:get program and witness stream:compile recursion program:compile raw program: close time.busy=173ms time.idle=4.96µs
2025-10-28T15:03:54.869631Z DEBUG compress:generate records and traces:get program and witness stream:compile recursion program:backfill mult: close time.busy=25.1ms time.idle=4.99µs
2025-10-28T15:03:54.869745Z DEBUG compress:generate records and traces:get program and witness stream:compile recursion program:prepend constants: close time.busy=37.3µs time.idle=4.02µs
2025-10-28T15:03:54.881274Z DEBUG compress:generate records and traces:get program and witness stream:compile recursion program: close time.busy=209ms time.idle=4.76µs
2025-10-28T15:03:54.882548Z DEBUG compress:generate records and traces:get program and witness stream: close time.busy=534ms time.idle=4.52µs
2025-10-28T15:03:54.985475Z DEBUG compress:generate records and traces:execute runtime: close time.busy=103ms time.idle=4.99µs
2025-10-28T15:03:54.985552Z DEBUG compress:generate records and traces:generate dependencies:register nonces: close time.busy=1.10µs time.idle=3.03µs
2025-10-28T15:03:54.985573Z DEBUG compress:generate records and traces:generate dependencies: close time.busy=32.5µs time.idle=3.52µs
2025-10-28T15:03:54.985971Z DEBUG compress:generate records and traces:generate traces:generate traces for shard: generated trace for chip MemoryConst in 205.618µs
2025-10-28T15:03:54.986019Z DEBUG fixed log2 rows can be potentially reduced: got 253600, expected 524288
2025-10-28T15:03:54.986026Z DEBUG compress:generate records and traces:generate traces:generate traces for shard: generated trace for chip PublicValues in 7.994µs
2025-10-28T15:03:54.987033Z DEBUG compress:generate records and traces:generate traces:generate traces for shard: generated trace for chip BaseAlu in 1.142086ms
2025-10-28T15:03:54.988470Z DEBUG fixed log2 rows can be potentially reduced: got 219146, expected 524288
2025-10-28T15:03:54.990024Z DEBUG compress:generate records and traces:generate traces:generate traces for shard: generated trace for chip ExtAlu in 4.061324ms
2025-10-28T15:03:54.990524Z DEBUG compress:generate records and traces:generate traces:generate traces for shard: generated trace for chip Select in 4.508658ms
2025-10-28T15:03:54.990725Z DEBUG generate batch fri trace: fixed log2 rows can be potentially reduced: got 248400, expected 524288 rows=248400
2025-10-28T15:03:55.002169Z DEBUG compress:generate records and traces:generate traces:generate traces for shard: generated trace for chip MemoryVar in 16.219233ms
2025-10-28T15:03:55.010387Z DEBUG generate exp reverse bits len trace: close time.busy=24.4ms time.idle=4.59µs rows=7100
2025-10-28T15:03:55.010457Z DEBUG compress:generate records and traces:generate traces:generate traces for shard: generated trace for chip ExpReverseBitsLen in 24.441863ms
2025-10-28T15:03:55.022830Z DEBUG generate batch fri trace: close time.busy=36.8ms time.idle=4.36µs rows=248400
2025-10-28T15:03:55.022876Z DEBUG compress:generate records and traces:generate traces:generate traces for shard: generated trace for chip BatchFRI in 36.848208ms
2025-10-28T15:03:55.237342Z DEBUG generate poseidon2 wide trace: close time.busy=251ms time.idle=6.45µs rows=56071
2025-10-28T15:03:55.237418Z DEBUG compress:generate records and traces:generate traces:generate traces for shard: generated trace for chip Poseidon2WideDeg3 in 251.59335ms
2025-10-28T15:03:55.237565Z DEBUG compress:generate records and traces:generate traces:generate traces for shard: close time.busy=252ms time.idle=4.33µs
2025-10-28T15:03:55.237614Z DEBUG compress:generate records and traces:generate traces: close time.busy=252ms time.idle=3.28µs
2025-10-28T15:03:55.244785Z DEBUG compress:generate records and traces:get program and witness stream: core cache miss, misses: 4
2025-10-28T15:03:55.257236Z DEBUG compress:prove:batch:Setup compress program:setup machine:generate preprocessed traces: generated preprocessed trace for chip PublicValues in 14.617006ms
2025-10-28T15:03:55.261048Z DEBUG compress:prove:batch:Setup compress program:setup machine:generate preprocessed traces: generated preprocessed trace for chip BaseAlu in 22.08813ms
2025-10-28T15:03:55.265882Z DEBUG fixed log2 rows can be potentially reduced: got 248400, expected 524288
2025-10-28T15:03:55.267934Z DEBUG compress:prove:batch:Setup compress program:setup machine:generate preprocessed traces: generated preprocessed trace for chip Select in 25.424944ms
2025-10-28T15:03:55.267956Z DEBUG compress:prove:batch:Setup compress program:setup machine:generate preprocessed traces: generated preprocessed trace for chip ExtAlu in 28.924655ms
2025-10-28T15:03:55.270141Z DEBUG compress:prove:batch:Setup compress program:setup machine:generate preprocessed traces: generated preprocessed trace for chip MemoryConst in 30.646171ms
2025-10-28T15:03:55.270219Z DEBUG compress:prove:batch:Setup compress program:setup machine:generate preprocessed traces: generated preprocessed trace for chip ExpReverseBitsLen in 27.646938ms
2025-10-28T15:03:55.281248Z DEBUG compress:prove:batch:Setup compress program:setup machine:generate preprocessed traces: generated preprocessed trace for chip MemoryVar in 42.235346ms
2025-10-28T15:03:55.281317Z DEBUG compress:prove:batch:Setup compress program:setup machine:generate preprocessed traces: generated preprocessed trace for chip Poseidon2WideDeg3 in 42.398589ms
2025-10-28T15:03:55.291401Z DEBUG compress:prove:batch:Setup compress program:setup machine:generate preprocessed traces: generated preprocessed trace for chip BatchFRI in 52.41163ms
2025-10-28T15:03:55.445838Z DEBUG compress:generate records and traces:get program and witness stream:build recursion program:read input: close time.busy=201ms time.idle=7.83µs
2025-10-28T15:03:55.446522Z DEBUG compress:generate records and traces:get program and witness stream:build recursion program:verify:verify shard:assert lookup multiplicities: close time.busy=112µs time.idle=2.98µs
2025-10-28T15:03:55.627158Z DEBUG compress:generate records and traces:get program and witness stream:build recursion program:verify:verify shard:2adic pcs:verify shape and challenges: close time.busy=72.2ms time.idle=7.73µs
2025-10-28T15:03:55.891919Z DEBUG compress:generate records and traces:get program and witness stream:build recursion program:verify:verify shard:2adic pcs:verify challenges: close time.busy=103ms time.idle=14.1µs
2025-10-28T15:03:55.892036Z DEBUG compress:generate records and traces:get program and witness stream:build recursion program:verify:verify shard:2adic pcs: close time.busy=445ms time.idle=3.73µs
2025-10-28T15:03:55.918640Z DEBUG compress:generate records and traces:get program and witness stream:build recursion program:verify:verify shard:verify constraints: close time.busy=26.6ms time.idle=5.84µs
2025-10-28T15:03:55.918718Z DEBUG compress:generate records and traces:get program and witness stream:build recursion program:verify:verify shard: close time.busy=472ms time.idle=4.05µs
2025-10-28T15:03:55.961234Z DEBUG compress:generate records and traces:get program and witness stream:build recursion program:verify: close time.busy=515ms time.idle=5.14µs
2025-10-28T15:03:55.961301Z DEBUG compress:generate records and traces:get program and witness stream:build recursion program:build block: close time.busy=3.17µs time.idle=4.28µs
2025-10-28T15:03:55.961315Z DEBUG compress:generate records and traces:get program and witness stream:build recursion program: close time.busy=716ms time.idle=13.7µs
2025-10-28T15:03:56.204216Z DEBUG compress:generate records and traces:get program and witness stream:compile recursion program:compile raw program: close time.busy=243ms time.idle=4.03µs
2025-10-28T15:03:56.253206Z DEBUG compress:generate records and traces:get program and witness stream:compile recursion program:backfill mult: close time.busy=48.9ms time.idle=4.48µs
2025-10-28T15:03:56.253332Z DEBUG compress:generate records and traces:get program and witness stream:compile recursion program:prepend constants: close time.busy=62.1µs time.idle=3.62µs
2025-10-28T15:03:56.264962Z DEBUG compress:generate records and traces:get program and witness stream:compile recursion program: close time.busy=304ms time.idle=4.21µs
2025-10-28T15:03:56.272629Z DEBUG compress:generate records and traces:get program and witness stream: close time.busy=1.03s time.idle=5.59µs
2025-10-28T15:03:57.270576Z DEBUG compress:generate records and traces:execute runtime: close time.busy=998ms time.idle=5.68µs
2025-10-28T15:03:57.270650Z DEBUG compress:generate records and traces:generate dependencies:register nonces: close time.busy=1.18µs time.idle=3.13µs
2025-10-28T15:03:57.270667Z DEBUG compress:generate records and traces:generate dependencies: close time.busy=37.9µs time.idle=3.36µs
2025-10-28T15:03:57.644894Z DEBUG fixed log2 rows can be potentially reduced: got 216000, expected 1048576
2025-10-28T15:03:57.644905Z DEBUG compress:generate records and traces:generate traces:generate traces for shard: generated trace for chip PublicValues in 9.736µs
2025-10-28T15:03:57.645320Z DEBUG fixed log2 rows can be potentially reduced: got 73032, expected 262144
2025-10-28T15:03:57.645853Z DEBUG compress:generate records and traces:generate traces:generate traces for shard: generated trace for chip MemoryConst in 965.244µs
2025-10-28T15:03:57.647450Z DEBUG generate exp reverse bits len trace: fixed log2 rows can be potentially reduced: got 41700, expected 262144 rows=2700
2025-10-28T15:03:57.662577Z DEBUG fixed log2 rows can be potentially reduced: got 393883, expected 1048576
2025-10-28T15:03:57.663268Z DEBUG compress:generate records and traces:generate traces:generate traces for shard: generated trace for chip BaseAlu in 18.374051ms
2025-10-28T15:03:57.663594Z DEBUG compress:generate records and traces:generate traces:generate traces for shard: generated trace for chip Select in 18.707641ms
2025-10-28T15:03:57.667388Z DEBUG generate exp reverse bits len trace: close time.busy=22.5ms time.idle=6.05µs rows=2700
2025-10-28T15:03:57.667453Z DEBUG compress:generate records and traces:generate traces:generate traces for shard: generated trace for chip ExpReverseBitsLen in 22.560302ms
2025-10-28T15:03:57.707052Z DEBUG generate batch fri trace: fixed log2 rows can be potentially reduced: got 783500, expected 2097152 rows=783500
2025-10-28T15:03:57.755799Z DEBUG compress:generate records and traces:generate traces:generate traces for shard: generated trace for chip MemoryVar in 110.902997ms
2025-10-28T15:03:57.775319Z DEBUG compress:generate records and traces:generate traces:generate traces for shard: generated trace for chip ExtAlu in 130.421643ms
2025-10-28T15:03:57.996713Z DEBUG generate batch fri trace: close time.busy=352ms time.idle=6.72µs rows=783500
2025-10-28T15:03:57.996798Z DEBUG compress:generate records and traces:generate traces:generate traces for shard: generated trace for chip BatchFRI in 351.909734ms
2025-10-28T15:03:58.130706Z DEBUG generate poseidon2 wide trace: close time.busy=486ms time.idle=8.36µs rows=97920
2025-10-28T15:03:58.130753Z DEBUG compress:generate records and traces:generate traces:generate traces for shard: generated trace for chip Poseidon2WideDeg3 in 485.864391ms
2025-10-28T15:03:58.130835Z DEBUG compress:generate records and traces:generate traces:generate traces for shard: close time.busy=860ms time.idle=3.42µs
2025-10-28T15:03:58.130862Z DEBUG compress:generate records and traces:generate traces: close time.busy=860ms time.idle=3.06µs
2025-10-28T15:03:58.143103Z DEBUG compress:prove:batch:Setup compress program:setup machine:generate preprocessed traces: generated preprocessed trace for chip PublicValues in 12.034891ms
2025-10-28T15:03:58.145234Z DEBUG fixed log2 rows can be potentially reduced: got 41700, expected 262144
2025-10-28T15:03:58.145999Z DEBUG compress:prove:batch:Setup compress program:setup machine:generate preprocessed traces: generated preprocessed trace for chip BaseAlu in 14.911246ms
2025-10-28T15:03:58.146778Z DEBUG fixed log2 rows can be potentially reduced: got 73032, expected 262144
2025-10-28T15:03:58.149665Z DEBUG compress:prove:batch:Setup compress program:setup machine:generate preprocessed traces: generated preprocessed trace for chip ExpReverseBitsLen in 18.598749ms
2025-10-28T15:03:58.151969Z DEBUG compress:generate records and traces:get program and witness stream: core cache miss, misses: 5
2025-10-28T15:03:58.165271Z DEBUG compress:prove:batch:Setup compress program:setup machine:generate preprocessed traces: generated preprocessed trace for chip MemoryConst in 34.241503ms
2025-10-28T15:03:58.172604Z DEBUG compress:prove:batch:Setup compress program:setup machine:generate preprocessed traces: generated preprocessed trace for chip MemoryVar in 41.567796ms
2025-10-28T15:03:58.179534Z DEBUG fixed log2 rows can be potentially reduced: got 783500, expected 2097152
2025-10-28T15:03:58.188105Z DEBUG compress:prove:batch:Setup compress program:setup machine:generate preprocessed traces: generated preprocessed trace for chip Select in 57.036009ms
2025-10-28T15:03:58.223312Z DEBUG compress:prove:batch:Setup compress program:setup machine:generate preprocessed traces: generated preprocessed trace for chip Poseidon2WideDeg3 in 92.246685ms
2025-10-28T15:03:58.230347Z DEBUG compress:prove:batch:Setup compress program:setup machine:generate preprocessed traces: generated preprocessed trace for chip ExtAlu in 99.256273ms
2025-10-28T15:03:58.330815Z DEBUG compress:prove:batch:Setup compress program:setup machine:generate preprocessed traces: generated preprocessed trace for chip BatchFRI in 199.736592ms
2025-10-28T15:03:58.338548Z DEBUG compress:generate records and traces:get program and witness stream:build recursion program:read input: close time.busy=187ms time.idle=3.09µs
2025-10-28T15:03:58.339305Z DEBUG compress:generate records and traces:get program and witness stream:build recursion program:verify:verify shard:assert lookup multiplicities: close time.busy=81.6µs time.idle=3.73µs
2025-10-28T15:03:58.523557Z DEBUG compress:generate records and traces:get program and witness stream:build recursion program:verify:verify shard:2adic pcs:verify shape and challenges: close time.busy=71.0ms time.idle=5.82µs
2025-10-28T15:03:58.587826Z DEBUG compress:prove:batch:Setup compress program:setup machine:commit to preprocessed traces: close time.busy=3.13s time.idle=6.04µs
2025-10-28T15:03:58.587917Z DEBUG compress:prove:batch:Setup compress program:setup machine:generate preprocessed traces: close time.busy=54.0ms time.idle=3.30s
2025-10-28T15:03:58.588008Z DEBUG compress:prove:batch:Setup compress program:setup machine: close time.busy=3.35s time.idle=3.17µs
2025-10-28T15:03:58.588031Z DEBUG compress:prove:batch:Setup compress program: close time.busy=3.35s time.idle=4.96µs
2025-10-28T15:03:58.588074Z DEBUG compress:prove:batch:observe proving key: close time.busy=15.8µs time.idle=4.05µs
2025-10-28T15:03:58.926877Z DEBUG compress:generate records and traces:get program and witness stream:build recursion program:verify:verify shard:2adic pcs:verify challenges: close time.busy=72.4ms time.idle=24.0µs
2025-10-28T15:03:58.926976Z DEBUG compress:generate records and traces:get program and witness stream:build recursion program:verify:verify shard:2adic pcs: close time.busy=587ms time.idle=3.25µs
2025-10-28T15:03:58.948190Z DEBUG compress:generate records and traces:get program and witness stream:build recursion program:verify:verify shard:verify constraints: close time.busy=21.2ms time.idle=5.38µs
2025-10-28T15:03:58.948260Z DEBUG compress:generate records and traces:get program and witness stream:build recursion program:verify:verify shard: close time.busy=609ms time.idle=4.32µs
2025-10-28T15:03:58.976290Z DEBUG compress:generate records and traces:get program and witness stream:build recursion program:verify: close time.busy=638ms time.idle=5.66µs
2025-10-28T15:03:58.976360Z DEBUG compress:generate records and traces:get program and witness stream:build recursion program:build block: close time.busy=3.55µs time.idle=3.53µs
2025-10-28T15:03:58.976375Z DEBUG compress:generate records and traces:get program and witness stream:build recursion program: close time.busy=824ms time.idle=4.69µs
2025-10-28T15:03:59.431487Z DEBUG compress:generate records and traces:get program and witness stream:compile recursion program:compile raw program: close time.busy=455ms time.idle=4.27µs
2025-10-28T15:03:59.463709Z DEBUG compress:generate records and traces:get program and witness stream:compile recursion program:backfill mult: close time.busy=32.2ms time.idle=4.97µs
2025-10-28T15:03:59.463806Z DEBUG compress:generate records and traces:get program and witness stream:compile recursion program:prepend constants: close time.busy=40.5µs time.idle=3.57µs
2025-10-28T15:03:59.474941Z DEBUG compress:generate records and traces:get program and witness stream:compile recursion program: close time.busy=499ms time.idle=4.21µs
2025-10-28T15:03:59.665493Z DEBUG compress:generate records and traces:get program and witness stream: close time.busy=1.53s time.idle=5.13µs
2025-10-28T15:04:00.098276Z DEBUG compress:generate records and traces:execute runtime: close time.busy=433ms time.idle=5.40µs
2025-10-28T15:04:00.098361Z DEBUG compress:generate records and traces:generate dependencies:register nonces: close time.busy=1.18µs time.idle=3.09µs
2025-10-28T15:04:00.098382Z DEBUG compress:generate records and traces:generate dependencies: close time.busy=41.5µs time.idle=3.37µs
2025-10-28T15:04:00.098596Z DEBUG fixed log2 rows can be potentially reduced: got 73440, expected 262144
2025-10-28T15:04:00.098892Z DEBUG fixed log2 rows can be potentially reduced: got 216000, expected 1048576
2025-10-28T15:04:00.098908Z DEBUG compress:generate records and traces:generate traces:generate traces for shard: generated trace for chip PublicValues in 16.89µs
2025-10-28T15:04:00.098984Z DEBUG compress:generate records and traces:generate traces:generate traces for shard: generated trace for chip MemoryConst in 437.885µs
2025-10-28T15:04:00.100613Z DEBUG compress:generate records and traces:generate traces:generate traces for shard: generated trace for chip BaseAlu in 1.914053ms
2025-10-28T15:04:00.101458Z DEBUG generate exp reverse bits len trace: fixed log2 rows can be potentially reduced: got 41300, expected 262144 rows=2700
2025-10-28T15:04:00.103629Z DEBUG compress:generate records and traces:generate traces:generate traces for shard: generated trace for chip Select in 4.742821ms
2025-10-28T15:04:00.120235Z DEBUG generate exp reverse bits len trace: close time.busy=21.3ms time.idle=7.10µs rows=2700
2025-10-28T15:04:00.120302Z DEBUG compress:generate records and traces:generate traces:generate traces for shard: generated trace for chip ExpReverseBitsLen in 21.414592ms
2025-10-28T15:04:00.120806Z DEBUG fixed log2 rows can be potentially reduced: got 399462, expected 1048576
2025-10-28T15:04:00.155687Z DEBUG generate batch fri trace: fixed log2 rows can be potentially reduced: got 799800, expected 2097152 rows=799800
2025-10-28T15:04:00.212907Z DEBUG compress:generate records and traces:generate traces:generate traces for shard: generated trace for chip MemoryVar in 114.12148ms
2025-10-28T15:04:00.227913Z DEBUG compress:generate records and traces:generate traces:generate traces for shard: generated trace for chip ExtAlu in 129.143043ms
2025-10-28T15:04:00.449530Z DEBUG generate batch fri trace: close time.busy=351ms time.idle=13.6µs rows=799800
2025-10-28T15:04:00.449596Z DEBUG compress:generate records and traces:generate traces:generate traces for shard: generated trace for chip BatchFRI in 350.851457ms
2025-10-28T15:04:00.701343Z DEBUG generate poseidon2 wide trace: close time.busy=603ms time.idle=4.99µs rows=99301
2025-10-28T15:04:00.701443Z DEBUG compress:generate records and traces:generate traces:generate traces for shard: generated trace for chip Poseidon2WideDeg3 in 602.796443ms
2025-10-28T15:04:00.762570Z DEBUG compress:generate records and traces:generate traces:generate traces for shard: close time.busy=664ms time.idle=3.66µs
2025-10-28T15:04:00.762622Z DEBUG compress:generate records and traces:generate traces: close time.busy=664ms time.idle=3.26µs
2025-10-28T15:04:00.772079Z DEBUG compress:generate records and traces:get program and witness stream: core cache miss, misses: 6
2025-10-28T15:04:00.946623Z DEBUG compress:generate records and traces:get program and witness stream:build recursion program:read input: close time.busy=174ms time.idle=3.90µs
2025-10-28T15:04:00.947529Z DEBUG compress:generate records and traces:get program and witness stream:build recursion program:verify:verify shard:assert lookup multiplicities: close time.busy=40.1µs time.idle=4.03µs
2025-10-28T15:04:01.153813Z DEBUG compress:generate records and traces:get program and witness stream:build recursion program:verify:verify shard:2adic pcs:verify shape and challenges: close time.busy=62.4ms time.idle=25.3µs
2025-10-28T15:04:01.415769Z DEBUG compress:generate records and traces:get program and witness stream:build recursion program:verify:verify shard:2adic pcs:verify challenges: close time.busy=101ms time.idle=5.32µs
2025-10-28T15:04:01.415876Z DEBUG compress:generate records and traces:get program and witness stream:build recursion program:verify:verify shard:2adic pcs: close time.busy=467ms time.idle=3.92µs
2025-10-28T15:04:01.429172Z DEBUG compress:generate records and traces:get program and witness stream:build recursion program:verify:verify shard:verify constraints: close time.busy=13.3ms time.idle=4.21µs
2025-10-28T15:04:01.429211Z DEBUG compress:generate records and traces:get program and witness stream:build recursion program:verify:verify shard: close time.busy=482ms time.idle=4.43µs
2025-10-28T15:04:01.452573Z DEBUG compress:generate records and traces:get program and witness stream:build recursion program:verify: close time.busy=506ms time.idle=5.01µs
2025-10-28T15:04:01.452621Z DEBUG compress:generate records and traces:get program and witness stream:build recursion program:build block: close time.busy=2.59µs time.idle=3.15µs
2025-10-28T15:04:01.452635Z DEBUG compress:generate records and traces:get program and witness stream:build recursion program: close time.busy=681ms time.idle=4.15µs
2025-10-28T15:04:01.952691Z DEBUG compress:generate records and traces:get program and witness stream:compile recursion program:compile raw program: close time.busy=500ms time.idle=5.19µs
2025-10-28T15:04:02.005657Z DEBUG compress:generate records and traces:get program and witness stream:compile recursion program:backfill mult: close time.busy=52.9ms time.idle=6.53µs
2025-10-28T15:04:02.005784Z DEBUG compress:generate records and traces:get program and witness stream:compile recursion program:prepend constants: close time.busy=53.7µs time.idle=4.33µs
2025-10-28T15:04:02.019925Z DEBUG compress:generate records and traces:get program and witness stream:compile recursion program: close time.busy=567ms time.idle=4.35µs
2025-10-28T15:04:02.227475Z DEBUG compress:generate records and traces:get program and witness stream: close time.busy=1.46s time.idle=5.06µs
2025-10-28T15:04:04.109887Z DEBUG compress:generate records and traces:execute runtime: close time.busy=1.88s time.idle=6.65µs
2025-10-28T15:04:04.109978Z DEBUG compress:generate records and traces:generate dependencies:register nonces: close time.busy=1.54µs time.idle=4.62µs
2025-10-28T15:04:04.110005Z DEBUG compress:generate records and traces:generate dependencies: close time.busy=44.6µs time.idle=4.93µs
2025-10-28T15:04:04.113638Z DEBUG fixed log2 rows can be potentially reduced: got 216000, expected 1048576
2025-10-28T15:04:04.113652Z DEBUG compress:generate records and traces:generate traces:generate traces for shard: generated trace for chip PublicValues in 14.609µs
2025-10-28T15:04:04.113694Z DEBUG fixed log2 rows can be potentially reduced: got 81132, expected 262144
2025-10-28T15:04:04.114179Z DEBUG compress:generate records and traces:generate traces:generate traces for shard: generated trace for chip MemoryConst in 549.646µs
2025-10-28T15:04:04.114812Z DEBUG compress:generate records and traces:generate traces:generate traces for shard: generated trace for chip BaseAlu in 1.181168ms
2025-10-28T15:04:04.118350Z DEBUG generate exp reverse bits len trace: fixed log2 rows can be potentially reduced: got 44900, expected 262144 rows=2700
2025-10-28T15:04:04.119307Z DEBUG compress:generate records and traces:generate traces:generate traces for shard: generated trace for chip Select in 5.67344ms
2025-10-28T15:04:04.121952Z DEBUG fixed log2 rows can be potentially reduced: got 367913, expected 1048576
2025-10-28T15:04:04.152611Z DEBUG generate exp reverse bits len trace: close time.busy=39.0ms time.idle=6.09µs rows=2700
2025-10-28T15:04:04.152674Z DEBUG compress:generate records and traces:generate traces:generate traces for shard: generated trace for chip ExpReverseBitsLen in 39.040548ms
2025-10-28T15:04:04.201157Z DEBUG generate batch fri trace: fixed log2 rows can be potentially reduced: got 902800, expected 2097152 rows=902800
2025-10-28T15:04:04.247019Z DEBUG compress:generate records and traces:generate traces:generate traces for shard: generated trace for chip MemoryVar in 133.381078ms
2025-10-28T15:04:04.274061Z DEBUG compress:generate records and traces:generate traces:generate traces for shard: generated trace for chip ExtAlu in 160.426066ms
2025-10-28T15:04:04.451347Z DEBUG generate batch fri trace: close time.busy=338ms time.idle=6.93µs rows=902800
2025-10-28T15:04:04.451412Z DEBUG compress:generate records and traces:generate traces:generate traces for shard: generated trace for chip BatchFRI in 337.780597ms
2025-10-28T15:04:04.560642Z DEBUG generate poseidon2 wide trace: close time.busy=447ms time.idle=5.67µs rows=92316
2025-10-28T15:04:04.560691Z DEBUG compress:generate records and traces:generate traces:generate traces for shard: generated trace for chip Poseidon2WideDeg3 in 447.061953ms
2025-10-28T15:04:04.560787Z DEBUG compress:generate records and traces:generate traces:generate traces for shard: close time.busy=451ms time.idle=3.54µs
2025-10-28T15:04:04.560812Z DEBUG compress:generate records and traces:generate traces: close time.busy=451ms time.idle=4.04µs
2025-10-28T15:04:04.579561Z DEBUG compress:prove:batch:commit: close time.busy=5.99s time.idle=4.11µs
2025-10-28T15:04:05.573202Z DEBUG compress:prove:batch:open:generate permutation traces: close time.busy=994ms time.idle=4.32µs
2025-10-28T15:04:05.573260Z DEBUG compress:prove:batch:open: BatchFRI        | Main Cols = 13    | Pre Cols = 6      | Perm Cols = 12    | Rows = 524288 | Cells = 16252928  
2025-10-28T15:04:05.573273Z DEBUG compress:prove:batch:open: MemoryVar       | Main Cols = 8     | Pre Cols = 4      | Perm Cols = 8     | Rows = 524288 | Cells = 10485760  
2025-10-28T15:04:05.573282Z DEBUG compress:prove:batch:open: Select          | Main Cols = 5     | Pre Cols = 8      | Perm Cols = 16    | Rows = 524288 | Cells = 15204352  
2025-10-28T15:04:05.573290Z DEBUG compress:prove:batch:open: ExpReverseBitsLen | Main Cols = 7     | Pre Cols = 10     | Perm Cols = 12    | Rows = 262144 | Cells = 7602176   
2025-10-28T15:04:05.573299Z DEBUG compress:prove:batch:open: MemoryConst     | Main Cols = 1     | Pre Cols = 12     | Perm Cols = 8     | Rows = 131072 | Cells = 2752512   
2025-10-28T15:04:05.573308Z DEBUG compress:prove:batch:open: Poseidon2WideDeg3 | Main Cols = 313   | Pre Cols = 49     | Perm Cols = 68    | Rows = 131072 | Cells = 56360960  
2025-10-28T15:04:05.573317Z DEBUG compress:prove:batch:open: BaseAlu         | Main Cols = 12    | Pre Cols = 32     | Perm Cols = 28    | Rows = 65536 | Cells = 4718592   
2025-10-28T15:04:05.573325Z DEBUG compress:prove:batch:open: ExtAlu          | Main Cols = 48    | Pre Cols = 32     | Perm Cols = 28    | Rows = 65536 | Cells = 7077888   
2025-10-28T15:04:05.573333Z DEBUG compress:prove:batch:open: PublicValues    | Main Cols = 1     | Pre Cols = 10     | Perm Cols = 8     | Rows = 16    | Cells = 304       
2025-10-28T15:04:06.093789Z DEBUG compress:prove:batch:open:flatten permutation traces and collect domains: close time.busy=520ms time.idle=4.94µs
2025-10-28T15:04:10.189560Z DEBUG compress:prove:batch:Setup compress program:setup machine:commit to preprocessed traces: close time.busy=11.3s time.idle=7.42µs
2025-10-28T15:04:10.189718Z DEBUG compress:prove:batch:Setup compress program:setup machine:generate preprocessed traces: close time.busy=200ms time.idle=11.9s
2025-10-28T15:04:10.189736Z DEBUG compress:prove:batch:Setup compress program:setup machine: close time.busy=12.1s time.idle=10.2µs
2025-10-28T15:04:10.189750Z DEBUG compress:prove:batch:Setup compress program: close time.busy=12.1s time.idle=2.59µs
2025-10-28T15:04:10.189783Z DEBUG compress:prove:batch:observe proving key: close time.busy=11.7µs time.idle=3.08µs
2025-10-28T15:04:12.938486Z DEBUG compress:prove:batch:open:commit to permutation traces: close time.busy=6.84s time.idle=7.05µs
2025-10-28T15:04:12.939154Z DEBUG compress:prove:batch:open:compute quotient values:compute quotient values for domain: close time.busy=233µs time.idle=4.89µs
2025-10-28T15:04:16.138980Z DEBUG compress:prove:batch:open:compute quotient values:compute quotient values for domain: close time.busy=3.20s time.idle=6.59µs
2025-10-28T15:04:16.139094Z DEBUG compress:prove:batch:open:compute quotient values:compute quotient values for domain: close time.busy=3.20s time.idle=8.32µs
2025-10-28T15:04:16.139787Z DEBUG compress:prove:batch:open:compute quotient values:compute quotient values for domain: close time.busy=3.20s time.idle=4.92µs
2025-10-28T15:04:16.147281Z DEBUG compress:prove:batch:open:compute quotient values:compute quotient values for domain: close time.busy=3.21s time.idle=4.66µs
2025-10-28T15:04:16.215969Z DEBUG compress:prove:batch:open:compute quotient values:compute quotient values for domain: close time.busy=3.28s time.idle=8.54µs
2025-10-28T15:04:16.232660Z DEBUG compress:prove:batch:open:compute quotient values:compute quotient values for domain: close time.busy=3.29s time.idle=25.0µs
2025-10-28T15:04:16.241921Z DEBUG compress:prove:batch:open:compute quotient values:compute quotient values for domain: close time.busy=3.30s time.idle=4.89µs
2025-10-28T15:04:17.311496Z DEBUG compress:prove:batch:open:compute quotient values:compute quotient values for domain: close time.busy=4.37s time.idle=5.93µs
2025-10-28T15:04:20.363755Z DEBUG compress:prove:batch:open:commit to quotient traces: close time.busy=2.89s time.idle=6.68µs
2025-10-28T15:04:20.363863Z DEBUG compress:prove:batch:open:compute preprocessed opening points: close time.busy=21.5µs time.idle=3.93µs
2025-10-28T15:04:20.363884Z DEBUG compress:prove:batch:open:compute main trace opening points: close time.busy=5.33µs time.idle=2.49µs
2025-10-28T15:04:20.363903Z DEBUG compress:prove:batch:open:compute permutation trace opening points: close time.busy=4.73µs time.idle=2.50µs
2025-10-28T15:04:28.952805Z DEBUG compress:prove:batch:commit: close time.busy=18.8s time.idle=3.69µs
2025-10-28T15:04:31.326315Z DEBUG compress:prove:batch:open:generate permutation traces: close time.busy=2.37s time.idle=4.29µs
2025-10-28T15:04:31.326380Z DEBUG compress:prove:batch:open: BatchFRI        | Main Cols = 13    | Pre Cols = 6      | Perm Cols = 12    | Rows = 2097152 | Cells = 65011712  
2025-10-28T15:04:31.326393Z DEBUG compress:prove:batch:open: MemoryVar       | Main Cols = 8     | Pre Cols = 4      | Perm Cols = 8     | Rows = 1048576 | Cells = 20971520  
2025-10-28T15:04:31.326402Z DEBUG compress:prove:batch:open: Select          | Main Cols = 5     | Pre Cols = 8      | Perm Cols = 16    | Rows = 1048576 | Cells = 30408704  
2025-10-28T15:04:31.326411Z DEBUG compress:prove:batch:open: ExtAlu          | Main Cols = 48    | Pre Cols = 32     | Perm Cols = 28    | Rows = 524288 | Cells = 56623104  
2025-10-28T15:04:31.326419Z DEBUG compress:prove:batch:open: ExpReverseBitsLen | Main Cols = 7     | Pre Cols = 10     | Perm Cols = 12    | Rows = 262144 | Cells = 7602176   
2025-10-28T15:04:31.326449Z DEBUG compress:prove:batch:open: MemoryConst     | Main Cols = 1     | Pre Cols = 12     | Perm Cols = 8     | Rows = 262144 | Cells = 5505024   
2025-10-28T15:04:31.326459Z DEBUG compress:prove:batch:open: Poseidon2WideDeg3 | Main Cols = 313   | Pre Cols = 49     | Perm Cols = 68    | Rows = 262144 | Cells = 112721920 
2025-10-28T15:04:31.326468Z DEBUG compress:prove:batch:open: BaseAlu         | Main Cols = 12    | Pre Cols = 32     | Perm Cols = 28    | Rows = 65536 | Cells = 4718592   
2025-10-28T15:04:31.326476Z DEBUG compress:prove:batch:open: PublicValues    | Main Cols = 1     | Pre Cols = 10     | Perm Cols = 8     | Rows = 16    | Cells = 304       
2025-10-28T15:04:32.580138Z DEBUG compress:prove:batch:open:flatten permutation traces and collect domains: close time.busy=1.25s time.idle=4.20µs
2025-10-28T15:04:39.370929Z DEBUG compress:prove:batch:open:open multi batches: close time.busy=19.0s time.idle=4.71µs
2025-10-28T15:04:39.376924Z DEBUG compress:prove:batch:open:compute quotient values: close time.busy=4.38s time.idle=22.1s
2025-10-28T15:04:39.541535Z DEBUG compress:prove:batch:open: close time.busy=35.0s time.idle=4.93µs
2025-10-28T15:04:39.568607Z DEBUG compress:prove:batch: close time.busy=44.3s time.idle=6.80µs
2025-10-28T15:04:39.581664Z DEBUG compress:generate records and traces:get program and witness stream: core cache miss, misses: 7
2025-10-28T15:04:39.705887Z DEBUG compress:generate records and traces:get program and witness stream:build recursion program:read input: close time.busy=124ms time.idle=3.94µs
2025-10-28T15:04:39.706807Z DEBUG compress:generate records and traces:get program and witness stream:build recursion program:verify:verify shard:assert lookup multiplicities: close time.busy=62.3µs time.idle=5.37µs
2025-10-28T15:04:39.792176Z DEBUG compress:generate records and traces:get program and witness stream:build recursion program:verify:verify shard:2adic pcs:verify shape and challenges: close time.busy=63.9ms time.idle=4.66µs
2025-10-28T15:04:39.925372Z DEBUG compress:generate records and traces:get program and witness stream:build recursion program:verify:verify shard:2adic pcs:verify challenges: close time.busy=79.7ms time.idle=4.98µs
2025-10-28T15:04:39.925468Z DEBUG compress:generate records and traces:get program and witness stream:build recursion program:verify:verify shard:2adic pcs: close time.busy=218ms time.idle=3.21µs
2025-10-28T15:04:39.927534Z DEBUG compress:generate records and traces:get program and witness stream:build recursion program:verify:verify shard:verify constraints: close time.busy=2.04ms time.idle=4.11µs
2025-10-28T15:04:39.927571Z DEBUG compress:generate records and traces:get program and witness stream:build recursion program:verify:verify shard: close time.busy=221ms time.idle=4.53µs
2025-10-28T15:04:39.940911Z DEBUG compress:generate records and traces:get program and witness stream:build recursion program:verify: close time.busy=235ms time.idle=4.00µs
2025-10-28T15:04:39.940946Z DEBUG compress:generate records and traces:get program and witness stream:build recursion program:build block: close time.busy=8.90µs time.idle=2.61µs
2025-10-28T15:04:39.940960Z DEBUG compress:generate records and traces:get program and witness stream:build recursion program: close time.busy=359ms time.idle=4.79µs
2025-10-28T15:04:40.205211Z DEBUG compress:generate records and traces:get program and witness stream:compile recursion program:compile raw program: close time.busy=264ms time.idle=3.55µs
2025-10-28T15:04:40.224018Z DEBUG compress:generate records and traces:get program and witness stream:compile recursion program:backfill mult: close time.busy=18.7ms time.idle=4.91µs
2025-10-28T15:04:40.224117Z DEBUG compress:generate records and traces:get program and witness stream:compile recursion program:prepend constants: close time.busy=42.9µs time.idle=3.91µs
2025-10-28T15:04:40.231710Z DEBUG compress:generate records and traces:get program and witness stream:compile recursion program: close time.busy=291ms time.idle=4.13µs
2025-10-28T15:04:40.407785Z DEBUG compress:generate records and traces:get program and witness stream: close time.busy=837ms time.idle=8.45µs
2025-10-28T15:04:40.520637Z DEBUG compress:generate records and traces:execute runtime: close time.busy=113ms time.idle=5.98µs
2025-10-28T15:04:40.520734Z DEBUG compress:generate records and traces:generate dependencies:register nonces: close time.busy=1.46µs time.idle=3.99µs
2025-10-28T15:04:40.520756Z DEBUG compress:generate records and traces:generate dependencies: close time.busy=38.3µs time.idle=4.90µs
2025-10-28T15:04:40.521075Z DEBUG fixed log2 rows can be potentially reduced: got 216000, expected 524288
2025-10-28T15:04:40.521102Z DEBUG fixed log2 rows can be potentially reduced: got 56929, expected 131072
2025-10-28T15:04:40.521346Z DEBUG compress:generate records and traces:generate traces:generate traces for shard: generated trace for chip MemoryConst in 360.016µs
2025-10-28T15:04:40.522652Z DEBUG compress:generate records and traces:generate traces:generate traces for shard: generated trace for chip PublicValues in 10.012µs
2025-10-28T15:04:40.524305Z DEBUG fixed log2 rows can be potentially reduced: got 160079, expected 524288
2025-10-28T15:04:40.524306Z DEBUG generate batch fri trace: fixed log2 rows can be potentially reduced: got 147800, expected 524288 rows=147800
2025-10-28T15:04:40.525300Z DEBUG compress:generate records and traces:generate traces:generate traces for shard: generated trace for chip Select in 4.232366ms
2025-10-28T15:04:40.527245Z DEBUG generate exp reverse bits len trace: fixed log2 rows can be potentially reduced: got 42100, expected 262144 rows=2300
2025-10-28T15:04:40.530279Z DEBUG compress:generate records and traces:generate traces:generate traces for shard: generated trace for chip ExtAlu in 8.903614ms
2025-10-28T15:04:40.532536Z DEBUG compress:generate records and traces:generate traces:generate traces for shard: generated trace for chip MemoryVar in 11.422016ms
2025-10-28T15:04:40.544284Z DEBUG generate batch fri trace: close time.busy=23.1ms time.idle=7.06µs rows=147800
2025-10-28T15:04:40.544352Z DEBUG compress:generate records and traces:generate traces:generate traces for shard: generated trace for chip BatchFRI in 23.226135ms
2025-10-28T15:04:40.564159Z DEBUG generate exp reverse bits len trace: close time.busy=41.6ms time.idle=6.42µs rows=2300
2025-10-28T15:04:40.564227Z DEBUG compress:generate records and traces:generate traces:generate traces for shard: generated trace for chip ExpReverseBitsLen in 41.737285ms
2025-10-28T15:04:40.564287Z DEBUG compress:generate records and traces:generate traces:generate traces for shard: generated trace for chip BaseAlu in 43.210485ms
2025-10-28T15:04:40.580607Z DEBUG compress:prove:batch:Setup compress program:setup machine:generate preprocessed traces: generated preprocessed trace for chip PublicValues in 161.259893ms
2025-10-28T15:04:40.580812Z DEBUG fixed log2 rows can be potentially reduced: got 41300, expected 262144
2025-10-28T15:04:40.581966Z DEBUG fixed log2 rows can be potentially reduced: got 73440, expected 262144
2025-10-28T15:04:40.583916Z DEBUG compress:prove:batch:Setup compress program:setup machine:generate preprocessed traces: generated preprocessed trace for chip BaseAlu in 164.569239ms
2025-10-28T15:04:40.585283Z DEBUG compress:prove:batch:Setup compress program:setup machine:generate preprocessed traces: generated preprocessed trace for chip ExpReverseBitsLen in 165.939429ms
2025-10-28T15:04:40.587578Z DEBUG compress:prove:batch:Setup compress program:setup machine:generate preprocessed traces: generated preprocessed trace for chip MemoryConst in 168.233954ms
2025-10-28T15:04:40.606379Z DEBUG compress:prove:batch:Setup compress program:setup machine:generate preprocessed traces: generated preprocessed trace for chip MemoryVar in 187.030632ms
2025-10-28T15:04:40.607679Z DEBUG fixed log2 rows can be potentially reduced: got 799800, expected 2097152
2025-10-28T15:04:40.642681Z DEBUG compress:prove:batch:Setup compress program:setup machine:generate preprocessed traces: generated preprocessed trace for chip Select in 223.333019ms
2025-10-28T15:04:40.690285Z DEBUG compress:prove:batch:Setup compress program:setup machine:generate preprocessed traces: generated preprocessed trace for chip ExtAlu in 270.936724ms
2025-10-28T15:04:40.721213Z DEBUG compress:prove:batch:Setup compress program:setup machine:generate preprocessed traces: generated preprocessed trace for chip Poseidon2WideDeg3 in 301.865428ms
2025-10-28T15:04:40.758663Z DEBUG compress:prove:batch:Setup compress program:setup machine:generate preprocessed traces: generated preprocessed trace for chip BatchFRI in 339.316216ms
2025-10-28T15:04:40.781090Z DEBUG generate poseidon2 wide trace: close time.busy=260ms time.idle=7.05µs rows=40539
2025-10-28T15:04:40.781144Z DEBUG compress:generate records and traces:generate traces:generate traces for shard: generated trace for chip Poseidon2WideDeg3 in 260.077078ms
2025-10-28T15:04:40.781247Z DEBUG compress:generate records and traces:generate traces:generate traces for shard: close time.busy=260ms time.idle=3.79µs
2025-10-28T15:04:40.781294Z DEBUG compress:generate records and traces:generate traces: close time.busy=261ms time.idle=3.84µs
2025-10-28T15:04:42.215458Z DEBUG compress:prove:batch:open:commit to permutation traces: close time.busy=9.64s time.idle=4.79µs
2025-10-28T15:04:42.216267Z DEBUG compress:prove:batch:open:compute quotient values:compute quotient values for domain: close time.busy=539µs time.idle=5.08µs
2025-10-28T15:04:43.899397Z DEBUG compress:prove:batch:open:compute quotient values:compute quotient values for domain: close time.busy=1.68s time.idle=5.28µs
2025-10-28T15:04:43.903617Z DEBUG compress:prove:batch:open:compute quotient values:compute quotient values for domain: close time.busy=1.69s time.idle=7.41µs
2025-10-28T15:04:43.924526Z DEBUG compress:prove:batch:open:compute quotient values:compute quotient values for domain: close time.busy=1.71s time.idle=7.47µs
2025-10-28T15:04:44.011332Z DEBUG compress:prove:batch:open:compute quotient values:compute quotient values for domain: close time.busy=1.80s time.idle=5.66µs
2025-10-28T15:04:53.097040Z DEBUG compress:prove:batch:open:compute quotient values:compute quotient values for domain: close time.busy=10.9s time.idle=6.25µs
2025-10-28T15:04:53.118293Z DEBUG compress:prove:batch:open:compute quotient values:compute quotient values for domain: close time.busy=10.9s time.idle=4.65µs
2025-10-28T15:04:53.133494Z DEBUG compress:prove:batch:open:compute quotient values:compute quotient values for domain: close time.busy=10.9s time.idle=6.98µs
2025-10-28T15:04:53.242787Z DEBUG compress:prove:batch:open:compute quotient values:compute quotient values for domain: close time.busy=11.0s time.idle=6.06µs
2025-10-28T15:04:59.032651Z DEBUG compress:prove:batch:Setup compress program:setup machine:commit to preprocessed traces: close time.busy=18.0s time.idle=7.49µs
2025-10-28T15:04:59.032728Z DEBUG compress:prove:batch:Setup compress program:setup machine:generate preprocessed traces: close time.busy=1.19s time.idle=18.3s
2025-10-28T15:04:59.032743Z DEBUG compress:prove:batch:Setup compress program:setup machine: close time.busy=19.5s time.idle=3.38µs
2025-10-28T15:04:59.032757Z DEBUG compress:prove:batch:Setup compress program: close time.busy=19.5s time.idle=3.44µs
2025-10-28T15:04:59.032791Z DEBUG compress:prove:batch:observe proving key: close time.busy=12.3µs time.idle=3.47µs
2025-10-28T15:05:03.895854Z DEBUG compress:prove:batch:open:commit to quotient traces: close time.busy=9.99s time.idle=6.52µs
2025-10-28T15:05:03.895928Z DEBUG compress:prove:batch:open:compute preprocessed opening points: close time.busy=5.54µs time.idle=3.62µs
2025-10-28T15:05:03.895949Z DEBUG compress:prove:batch:open:compute main trace opening points: close time.busy=5.29µs time.idle=2.16µs
2025-10-28T15:05:03.895966Z DEBUG compress:prove:batch:open:compute permutation trace opening points: close time.busy=4.33µs time.idle=2.14µs
2025-10-28T15:05:15.558278Z DEBUG compress:prove:batch:commit: close time.busy=16.5s time.idle=8.58µs
2025-10-28T15:05:18.016137Z DEBUG compress:prove:batch:open:generate permutation traces: close time.busy=2.46s time.idle=4.14µs
2025-10-28T15:05:18.016209Z DEBUG compress:prove:batch:open: BatchFRI        | Main Cols = 13    | Pre Cols = 6      | Perm Cols = 12    | Rows = 2097152 | Cells = 65011712  
2025-10-28T15:05:18.016224Z DEBUG compress:prove:batch:open: MemoryVar       | Main Cols = 8     | Pre Cols = 4      | Perm Cols = 8     | Rows = 1048576 | Cells = 20971520  
2025-10-28T15:05:18.016233Z DEBUG compress:prove:batch:open: Select          | Main Cols = 5     | Pre Cols = 8      | Perm Cols = 16    | Rows = 1048576 | Cells = 30408704  
2025-10-28T15:05:18.016243Z DEBUG compress:prove:batch:open: ExtAlu          | Main Cols = 48    | Pre Cols = 32     | Perm Cols = 28    | Rows = 524288 | Cells = 56623104  
2025-10-28T15:05:18.016252Z DEBUG compress:prove:batch:open: ExpReverseBitsLen | Main Cols = 7     | Pre Cols = 10     | Perm Cols = 12    | Rows = 262144 | Cells = 7602176   
2025-10-28T15:05:18.016261Z DEBUG compress:prove:batch:open: MemoryConst     | Main Cols = 1     | Pre Cols = 12     | Perm Cols = 8     | Rows = 262144 | Cells = 5505024   
2025-10-28T15:05:18.016272Z DEBUG compress:prove:batch:open: Poseidon2WideDeg3 | Main Cols = 313   | Pre Cols = 49     | Perm Cols = 68    | Rows = 262144 | Cells = 112721920 
2025-10-28T15:05:18.016281Z DEBUG compress:prove:batch:open: BaseAlu         | Main Cols = 12    | Pre Cols = 32     | Perm Cols = 28    | Rows = 65536 | Cells = 4718592   
2025-10-28T15:05:18.016290Z DEBUG compress:prove:batch:open: PublicValues    | Main Cols = 1     | Pre Cols = 10     | Perm Cols = 8     | Rows = 16    | Cells = 304       
2025-10-28T15:05:19.328148Z DEBUG compress:prove:batch:open:flatten permutation traces and collect domains: close time.busy=1.31s time.idle=5.84µs
2025-10-28T15:05:28.218498Z DEBUG compress:prove:batch:open:commit to permutation traces: close time.busy=8.89s time.idle=6.27µs
2025-10-28T15:05:28.219540Z DEBUG compress:prove:batch:open:compute quotient values:compute quotient values for domain: close time.busy=296µs time.idle=6.80µs
2025-10-28T15:05:28.624283Z DEBUG compress:prove:batch:open:compute quotient values:compute quotient values for domain: close time.busy=405ms time.idle=5.39µs
2025-10-28T15:05:33.963165Z DEBUG compress:prove:batch:open:compute quotient values:compute quotient values for domain: close time.busy=5.74s time.idle=5.51µs
2025-10-28T15:05:33.974312Z DEBUG compress:prove:batch:open:compute quotient values:compute quotient values for domain: close time.busy=5.76s time.idle=7.19µs
2025-10-28T15:05:34.034497Z DEBUG compress:prove:batch:open:compute quotient values:compute quotient values for domain: close time.busy=5.82s time.idle=5.47µs
2025-10-28T15:05:34.249309Z DEBUG compress:prove:batch:open:compute quotient values:compute quotient values for domain: close time.busy=6.03s time.idle=5.58µs
2025-10-28T15:05:34.272030Z DEBUG compress:prove:batch:open:compute quotient values:compute quotient values for domain: close time.busy=6.05s time.idle=6.27µs
2025-10-28T15:05:39.540290Z DEBUG compress:prove:batch:open:compute quotient values:compute quotient values for domain: close time.busy=11.3s time.idle=6.16µs
2025-10-28T15:05:39.672025Z DEBUG compress:prove:batch:open:compute quotient values:compute quotient values for domain: close time.busy=11.5s time.idle=5.57µs
2025-10-28T15:05:46.223797Z DEBUG compress:prove:batch:open:commit to quotient traces: close time.busy=5.94s time.idle=7.33µs
2025-10-28T15:05:46.224140Z DEBUG compress:prove:batch:open:compute preprocessed opening points: close time.busy=7.24µs time.idle=5.33µs
2025-10-28T15:05:46.224451Z DEBUG compress:prove:batch:open:compute main trace opening points: close time.busy=22.6µs time.idle=26.7µs
2025-10-28T15:05:46.224498Z DEBUG compress:prove:batch:open:compute permutation trace opening points: close time.busy=6.24µs time.idle=4.12µs
2025-10-28T15:05:51.099622Z DEBUG compress:prove:batch:open:open multi batches: close time.busy=47.2s time.idle=4.83µs
2025-10-28T15:05:51.189220Z DEBUG compress:prove:batch:open:compute quotient values: close time.busy=11.0s time.idle=57.9s
2025-10-28T15:05:51.692580Z DEBUG compress:prove:batch:open: close time.busy=82.7s time.idle=5.39µs
2025-10-28T15:05:51.883505Z DEBUG compress:prove:batch: close time.busy=114s time.idle=5.49µs
2025-10-28T15:05:51.908501Z DEBUG compress:generate records and traces:get program and witness stream: close time.busy=24.0ms time.idle=13.1µs
2025-10-28T15:05:51.935141Z DEBUG fixed log2 rows can be potentially reduced: got 81132, expected 262144
2025-10-28T15:05:51.935156Z DEBUG compress:prove:batch:Setup compress program:setup machine:generate preprocessed traces: generated preprocessed trace for chip PublicValues in 49.532798ms
2025-10-28T15:05:51.935141Z DEBUG fixed log2 rows can be potentially reduced: got 44900, expected 262144
2025-10-28T15:05:51.945758Z DEBUG compress:prove:batch:Setup compress program:setup machine:generate preprocessed traces: generated preprocessed trace for chip BaseAlu in 61.078666ms
2025-10-28T15:05:51.948904Z DEBUG compress:prove:batch:Setup compress program:setup machine:generate preprocessed traces: generated preprocessed trace for chip MemoryVar in 64.261498ms
2025-10-28T15:05:51.956906Z DEBUG compress:prove:batch:Setup compress program:setup machine:generate preprocessed traces: generated preprocessed trace for chip ExpReverseBitsLen in 71.333557ms
2025-10-28T15:05:51.962758Z DEBUG compress:prove:batch:Setup compress program:setup machine:generate preprocessed traces: generated preprocessed trace for chip MemoryConst in 78.198783ms
2025-10-28T15:05:51.979313Z DEBUG compress:prove:batch:Setup compress program:setup machine:generate preprocessed traces: generated preprocessed trace for chip Select in 93.759946ms
2025-10-28T15:05:51.980163Z DEBUG fixed log2 rows can be potentially reduced: got 902800, expected 2097152
2025-10-28T15:05:52.001576Z DEBUG compress:prove:batch:Setup compress program:setup machine:generate preprocessed traces: generated preprocessed trace for chip Poseidon2WideDeg3 in 116.819111ms
2025-10-28T15:05:52.023808Z DEBUG compress:prove:batch:Setup compress program:setup machine:generate preprocessed traces: generated preprocessed trace for chip ExtAlu in 139.008838ms
2025-10-28T15:05:52.097553Z DEBUG compress:prove:batch:Setup compress program:setup machine:generate preprocessed traces: generated preprocessed trace for chip BatchFRI in 212.83914ms
2025-10-28T15:05:52.250762Z DEBUG compress:generate records and traces:execute runtime: close time.busy=342ms time.idle=5.19µs
2025-10-28T15:05:52.250830Z DEBUG compress:generate records and traces:generate dependencies:register nonces: close time.busy=1.13µs time.idle=2.90µs
2025-10-28T15:05:52.250844Z DEBUG compress:generate records and traces:generate dependencies: close time.busy=26.0µs time.idle=3.24µs
2025-10-28T15:05:52.251107Z DEBUG fixed log2 rows can be potentially reduced: got 471504, expected 1048576
2025-10-28T15:05:52.251174Z DEBUG compress:generate records and traces:generate traces:generate traces for shard: generated trace for chip PublicValues in 7.852µs
2025-10-28T15:05:52.251336Z DEBUG compress:generate records and traces:generate traces:generate traces for shard: generated trace for chip MemoryConst in 342.811µs
2025-10-28T15:05:52.252211Z DEBUG compress:generate records and traces:generate traces:generate traces for shard: generated trace for chip BaseAlu in 1.028518ms
2025-10-28T15:05:52.254383Z DEBUG fixed log2 rows can be potentially reduced: got 346512, expected 1048576
2025-10-28T15:05:52.262828Z DEBUG generate batch fri trace: fixed log2 rows can be potentially reduced: got 213200, expected 2097152 rows=213200
2025-10-28T15:05:52.279824Z DEBUG compress:generate records and traces:generate traces:generate traces for shard: generated trace for chip Select in 28.719146ms
2025-10-28T15:05:52.305857Z DEBUG generate exp reverse bits len trace: close time.busy=54.7ms time.idle=5.16µs rows=9200
2025-10-28T15:05:52.305917Z DEBUG compress:generate records and traces:generate traces:generate traces for shard: generated trace for chip ExpReverseBitsLen in 54.752089ms
2025-10-28T15:05:52.360504Z DEBUG compress:generate records and traces:generate traces:generate traces for shard: generated trace for chip MemoryVar in 109.379061ms
2025-10-28T15:05:52.458049Z DEBUG compress:generate records and traces:generate traces:generate traces for shard: generated trace for chip ExtAlu in 206.860961ms
2025-10-28T15:05:52.623157Z DEBUG generate batch fri trace: close time.busy=372ms time.idle=4.93µs rows=213200
2025-10-28T15:05:52.623223Z DEBUG compress:generate records and traces:generate traces:generate traces for shard: generated trace for chip BatchFRI in 372.07196ms
2025-10-28T15:05:52.786476Z DEBUG generate poseidon2 wide trace: close time.busy=535ms time.idle=6.19µs rows=90000
2025-10-28T15:05:52.786533Z DEBUG compress:generate records and traces:generate traces:generate traces for shard: generated trace for chip Poseidon2WideDeg3 in 535.473482ms
2025-10-28T15:05:52.786657Z DEBUG compress:generate records and traces:generate traces:generate traces for shard: close time.busy=536ms time.idle=3.68µs
2025-10-28T15:05:52.786716Z DEBUG compress:generate records and traces:generate traces: close time.busy=536ms time.idle=3.05µs
2025-10-28T15:05:59.461868Z DEBUG compress:prove:batch:Setup compress program:setup machine:commit to preprocessed traces: close time.busy=7.16s time.idle=7.21µs
2025-10-28T15:05:59.461937Z DEBUG compress:prove:batch:Setup compress program:setup machine:generate preprocessed traces: close time.busy=230ms time.idle=7.35s
2025-10-28T15:05:59.461952Z DEBUG compress:prove:batch:Setup compress program:setup machine: close time.busy=7.58s time.idle=2.47µs
2025-10-28T15:05:59.461970Z DEBUG compress:prove:batch:Setup compress program: close time.busy=7.58s time.idle=7.87µs
2025-10-28T15:05:59.462002Z DEBUG compress:prove:batch:observe proving key: close time.busy=12.2µs time.idle=3.27µs
2025-10-28T15:06:13.801632Z DEBUG compress:prove:batch:commit: close time.busy=14.3s time.idle=4.11µs
2025-10-28T15:06:16.293193Z DEBUG compress:prove:batch:open:generate permutation traces: close time.busy=2.49s time.idle=19.6µs
2025-10-28T15:06:16.293256Z DEBUG compress:prove:batch:open: BatchFRI        | Main Cols = 13    | Pre Cols = 6      | Perm Cols = 12    | Rows = 2097152 | Cells = 65011712  
2025-10-28T15:06:16.293269Z DEBUG compress:prove:batch:open: MemoryVar       | Main Cols = 8     | Pre Cols = 4      | Perm Cols = 8     | Rows = 1048576 | Cells = 20971520  
2025-10-28T15:06:16.293279Z DEBUG compress:prove:batch:open: Select          | Main Cols = 5     | Pre Cols = 8      | Perm Cols = 16    | Rows = 1048576 | Cells = 30408704  
2025-10-28T15:06:16.293288Z DEBUG compress:prove:batch:open: ExtAlu          | Main Cols = 48    | Pre Cols = 32     | Perm Cols = 28    | Rows = 524288 | Cells = 56623104  
2025-10-28T15:06:16.293297Z DEBUG compress:prove:batch:open: ExpReverseBitsLen | Main Cols = 7     | Pre Cols = 10     | Perm Cols = 12    | Rows = 262144 | Cells = 7602176   
2025-10-28T15:06:16.293305Z DEBUG compress:prove:batch:open: MemoryConst     | Main Cols = 1     | Pre Cols = 12     | Perm Cols = 8     | Rows = 262144 | Cells = 5505024   
2025-10-28T15:06:16.293314Z DEBUG compress:prove:batch:open: Poseidon2WideDeg3 | Main Cols = 313   | Pre Cols = 49     | Perm Cols = 68    | Rows = 262144 | Cells = 112721920 
2025-10-28T15:06:16.293323Z DEBUG compress:prove:batch:open: BaseAlu         | Main Cols = 12    | Pre Cols = 32     | Perm Cols = 28    | Rows = 65536 | Cells = 4718592   
2025-10-28T15:06:16.293331Z DEBUG compress:prove:batch:open: PublicValues    | Main Cols = 1     | Pre Cols = 10     | Perm Cols = 8     | Rows = 16    | Cells = 304       
2025-10-28T15:06:17.684501Z DEBUG compress:prove:batch:open:flatten permutation traces and collect domains: close time.busy=1.39s time.idle=4.86µs
2025-10-28T15:06:20.272479Z DEBUG compress:prove:batch:open:open multi batches: close time.busy=34.0s time.idle=4.63µs
2025-10-28T15:06:20.346602Z DEBUG compress:prove:batch:open:compute quotient values: close time.busy=11.5s time.idle=40.7s
2025-10-28T15:06:20.859543Z DEBUG compress:prove:batch:open: close time.busy=65.3s time.idle=5.38µs
2025-10-28T15:06:20.993749Z DEBUG compress:prove:batch: close time.busy=101s time.idle=8.22µs
2025-10-28T15:06:21.229117Z DEBUG fixed log2 rows can be potentially reduced: got 56929, expected 131072
2025-10-28T15:06:21.229126Z DEBUG compress:prove:batch:Setup compress program:setup machine:generate preprocessed traces: generated preprocessed trace for chip PublicValues in 224.785208ms
2025-10-28T15:06:21.232402Z DEBUG compress:prove:batch:Setup compress program:setup machine:generate preprocessed traces: generated preprocessed trace for chip BaseAlu in 227.980498ms
2025-10-28T15:06:21.234235Z DEBUG fixed log2 rows can be potentially reduced: got 42100, expected 262144
2025-10-28T15:06:21.235245Z DEBUG compress:prove:batch:Setup compress program:setup machine:generate preprocessed traces: generated preprocessed trace for chip Select in 231.02424ms
2025-10-28T15:06:21.238837Z DEBUG compress:prove:batch:Setup compress program:setup machine:generate preprocessed traces: generated preprocessed trace for chip ExtAlu in 234.413255ms
2025-10-28T15:06:21.240130Z DEBUG compress:prove:batch:Setup compress program:setup machine:generate preprocessed traces: generated preprocessed trace for chip MemoryConst in 235.932882ms
2025-10-28T15:06:21.249818Z DEBUG compress:prove:batch:Setup compress program:setup machine:generate preprocessed traces: generated preprocessed trace for chip MemoryVar in 245.649243ms
2025-10-28T15:06:21.251497Z DEBUG fixed log2 rows can be potentially reduced: got 147800, expected 524288
2025-10-28T15:06:21.254140Z DEBUG compress:prove:batch:Setup compress program:setup machine:generate preprocessed traces: generated preprocessed trace for chip ExpReverseBitsLen in 249.822475ms
2025-10-28T15:06:21.258798Z DEBUG compress:prove:batch:Setup compress program:setup machine:generate preprocessed traces: generated preprocessed trace for chip Poseidon2WideDeg3 in 254.421989ms
2025-10-28T15:06:21.301672Z DEBUG compress:prove:batch:Setup compress program:setup machine:generate preprocessed traces: generated preprocessed trace for chip BatchFRI in 297.401611ms
2025-10-28T15:06:27.892250Z DEBUG compress:prove:batch:open:commit to permutation traces: close time.busy=10.2s time.idle=5.15µs
2025-10-28T15:06:27.893379Z DEBUG compress:prove:batch:open:compute quotient values:compute quotient values for domain: close time.busy=702µs time.idle=8.60µs
2025-10-28T15:06:29.824920Z DEBUG compress:prove:batch:open:compute quotient values:compute quotient values for domain: close time.busy=1.93s time.idle=5.61µs
2025-10-28T15:06:29.829514Z DEBUG compress:prove:batch:open:compute quotient values:compute quotient values for domain: close time.busy=1.94s time.idle=4.80µs
2025-10-28T15:06:29.835653Z DEBUG compress:prove:batch:open:compute quotient values:compute quotient values for domain: close time.busy=1.94s time.idle=4.89µs
2025-10-28T15:06:30.139901Z DEBUG compress:prove:batch:open:compute quotient values:compute quotient values for domain: close time.busy=2.25s time.idle=12.4µs
2025-10-28T15:06:38.041189Z DEBUG compress:prove:batch:open:compute quotient values:compute quotient values for domain: close time.busy=10.1s time.idle=5.67µs
2025-10-28T15:06:38.138884Z DEBUG compress:prove:batch:open:compute quotient values:compute quotient values for domain: close time.busy=10.2s time.idle=13.3µs
2025-10-28T15:06:38.158090Z DEBUG compress:prove:batch:open:compute quotient values:compute quotient values for domain: close time.busy=10.3s time.idle=10.1µs
2025-10-28T15:06:41.998340Z DEBUG compress:prove:batch:Setup compress program:setup machine:commit to preprocessed traces: close time.busy=20.6s time.idle=6.49µs
2025-10-28T15:06:41.998475Z DEBUG compress:prove:batch:Setup compress program:setup machine:generate preprocessed traces: close time.busy=312ms time.idle=20.7s
2025-10-28T15:06:41.998493Z DEBUG compress:prove:batch:Setup compress program:setup machine: close time.busy=21.0s time.idle=3.31µs
2025-10-28T15:06:41.998521Z DEBUG compress:prove:batch:Setup compress program: close time.busy=21.0s time.idle=19.4µs
2025-10-28T15:06:41.998570Z DEBUG compress:prove:batch:observe proving key: close time.busy=12.5µs time.idle=3.51µs
2025-10-28T15:06:42.269279Z DEBUG compress:prove:batch:open:compute quotient values:compute quotient values for domain: close time.busy=14.4s time.idle=4.92µs
2025-10-28T15:06:47.895002Z DEBUG compress:prove:batch:commit: close time.busy=5.90s time.idle=4.23µs
2025-10-28T15:06:48.978063Z DEBUG compress:prove:batch:open:generate permutation traces: close time.busy=1.08s time.idle=4.43µs
2025-10-28T15:06:48.978132Z DEBUG compress:prove:batch:open: BatchFRI        | Main Cols = 13    | Pre Cols = 6      | Perm Cols = 12    | Rows = 524288 | Cells = 16252928  
2025-10-28T15:06:48.978146Z DEBUG compress:prove:batch:open: MemoryVar       | Main Cols = 8     | Pre Cols = 4      | Perm Cols = 8     | Rows = 524288 | Cells = 10485760  
2025-10-28T15:06:48.978155Z DEBUG compress:prove:batch:open: Select          | Main Cols = 5     | Pre Cols = 8      | Perm Cols = 16    | Rows = 524288 | Cells = 15204352  
2025-10-28T15:06:48.978163Z DEBUG compress:prove:batch:open: ExpReverseBitsLen | Main Cols = 7     | Pre Cols = 10     | Perm Cols = 12    | Rows = 262144 | Cells = 7602176   
2025-10-28T15:06:48.978172Z DEBUG compress:prove:batch:open: MemoryConst     | Main Cols = 1     | Pre Cols = 12     | Perm Cols = 8     | Rows = 131072 | Cells = 2752512   
2025-10-28T15:06:48.978181Z DEBUG compress:prove:batch:open: Poseidon2WideDeg3 | Main Cols = 313   | Pre Cols = 49     | Perm Cols = 68    | Rows = 131072 | Cells = 56360960  
2025-10-28T15:06:48.978189Z DEBUG compress:prove:batch:open: BaseAlu         | Main Cols = 12    | Pre Cols = 32     | Perm Cols = 28    | Rows = 65536 | Cells = 4718592   
2025-10-28T15:06:48.978197Z DEBUG compress:prove:batch:open: ExtAlu          | Main Cols = 48    | Pre Cols = 32     | Perm Cols = 28    | Rows = 65536 | Cells = 7077888   
2025-10-28T15:06:48.978206Z DEBUG compress:prove:batch:open: PublicValues    | Main Cols = 1     | Pre Cols = 10     | Perm Cols = 8     | Rows = 16    | Cells = 304       
2025-10-28T15:06:49.275043Z DEBUG compress:prove:batch:open:flatten permutation traces and collect domains: close time.busy=297ms time.idle=5.49µs
2025-10-28T15:06:55.957897Z DEBUG compress:prove:batch:open:commit to quotient traces: close time.busy=12.9s time.idle=17.8µs
2025-10-28T15:06:55.958033Z DEBUG compress:prove:batch:open:compute preprocessed opening points: close time.busy=27.5µs time.idle=10.0µs
2025-10-28T15:06:55.958067Z DEBUG compress:prove:batch:open:compute main trace opening points: close time.busy=13.4µs time.idle=3.28µs
2025-10-28T15:06:55.958091Z DEBUG compress:prove:batch:open:compute permutation trace opening points: close time.busy=5.40µs time.idle=2.80µs
2025-10-28T15:06:55.958118Z DEBUG compress:prove:batch:open:commit to permutation traces: close time.busy=6.68s time.idle=6.12µs
2025-10-28T15:06:55.960277Z DEBUG compress:prove:batch:open:compute quotient values:compute quotient values for domain: close time.busy=1.62ms time.idle=6.15µs
2025-10-28T15:06:57.049204Z DEBUG compress:prove:batch:open:compute quotient values:compute quotient values for domain: close time.busy=1.09s time.idle=6.29µs
2025-10-28T15:06:57.052519Z DEBUG compress:prove:batch:open:compute quotient values:compute quotient values for domain: close time.busy=1.09s time.idle=4.17µs
2025-10-28T15:06:57.054458Z DEBUG compress:prove:batch:open:compute quotient values:compute quotient values for domain: close time.busy=1.10s time.idle=5.18µs
2025-10-28T15:06:57.064788Z DEBUG compress:prove:batch:open:compute quotient values:compute quotient values for domain: close time.busy=1.11s time.idle=4.76µs
2025-10-28T15:07:00.704741Z DEBUG compress:prove:batch:open:compute quotient values:compute quotient values for domain: close time.busy=4.75s time.idle=6.63µs
2025-10-28T15:07:00.722359Z DEBUG compress:prove:batch:open:compute quotient values:compute quotient values for domain: close time.busy=4.76s time.idle=5.23µs
2025-10-28T15:07:00.739040Z DEBUG compress:prove:batch:open:compute quotient values:compute quotient values for domain: close time.busy=4.78s time.idle=6.52µs
2025-10-28T15:07:00.748478Z DEBUG compress:prove:batch:open:compute quotient values:compute quotient values for domain: close time.busy=4.79s time.idle=7.31µs
2025-10-28T15:07:03.154625Z DEBUG compress:prove:batch:open:commit to quotient traces: close time.busy=2.31s time.idle=6.78µs
2025-10-28T15:07:03.154700Z DEBUG compress:prove:batch:open:compute preprocessed opening points: close time.busy=6.19µs time.idle=3.92µs
2025-10-28T15:07:03.154733Z DEBUG compress:prove:batch:open:compute main trace opening points: close time.busy=13.6µs time.idle=2.44µs
2025-10-28T15:07:03.154772Z DEBUG compress:prove:batch:open:compute permutation trace opening points: close time.busy=24.4µs time.idle=2.43µs
2025-10-28T15:07:09.902447Z DEBUG compress:prove:batch:open:open multi batches: close time.busy=6.75s time.idle=22.6µs
2025-10-28T15:07:09.907925Z DEBUG compress:prove:batch:open:compute quotient values: close time.busy=4.79s time.idle=9.16s
2025-10-28T15:07:10.045251Z DEBUG compress:prove:batch:open: close time.busy=22.2s time.idle=5.43µs
2025-10-28T15:07:18.794725Z DEBUG compress:prove:batch:open:open multi batches: close time.busy=22.8s time.idle=4.77µs
2025-10-28T15:07:18.872899Z DEBUG compress:prove:batch:open:compute quotient values: close time.busy=14.4s time.idle=36.6s
2025-10-28T15:07:19.406668Z DEBUG compress:prove:batch:open: close time.busy=65.6s time.idle=8.13µs
2025-10-28T15:07:19.407224Z DEBUG compress:prove:batch: close time.busy=58.4s time.idle=11.1µs
2025-10-28T15:07:19.459154Z DEBUG compress:generate records and traces:get program and witness stream: close time.busy=38.3ms time.idle=11.5µs
2025-10-28T15:07:19.534029Z DEBUG compress:prove:batch:Setup compress program:setup machine:generate preprocessed traces: generated preprocessed trace for chip MemoryConst in 124.664548ms
2025-10-28T15:07:19.542626Z DEBUG compress:prove:batch:Setup compress program:setup machine:generate preprocessed traces: generated preprocessed trace for chip ExpReverseBitsLen in 132.994114ms
2025-10-28T15:07:19.543420Z DEBUG compress:prove:batch:Setup compress program:setup machine:generate preprocessed traces: generated preprocessed trace for chip Select in 133.793373ms
2025-10-28T15:07:19.543461Z DEBUG compress:prove:batch:Setup compress program:setup machine:generate preprocessed traces: generated preprocessed trace for chip MemoryVar in 133.894475ms
2025-10-28T15:07:19.543496Z DEBUG compress:prove:batch:Setup compress program:setup machine:generate preprocessed traces: generated preprocessed trace for chip BaseAlu in 133.910868ms
2025-10-28T15:07:19.559220Z DEBUG compress:prove:batch:Setup compress program:setup machine:generate preprocessed traces: generated preprocessed trace for chip PublicValues in 149.589152ms
2025-10-28T15:07:19.559264Z DEBUG compress:prove:batch: close time.busy=87.7s time.idle=11.3µs
2025-10-28T15:07:19.594514Z DEBUG fixed log2 rows can be potentially reduced: got 213200, expected 2097152
2025-10-28T15:07:19.633161Z DEBUG compress:prove:batch:Setup compress program:setup machine:generate preprocessed traces: generated preprocessed trace for chip Poseidon2WideDeg3 in 223.693758ms
2025-10-28T15:07:19.663454Z DEBUG compress:prove:batch:Setup compress program:setup machine:generate preprocessed traces: generated preprocessed trace for chip ExtAlu in 253.837896ms
2025-10-28T15:07:19.760560Z DEBUG compress:prove:batch:Setup compress program:setup machine:generate preprocessed traces: generated preprocessed trace for chip BatchFRI in 351.029551ms
2025-10-28T15:07:19.821040Z DEBUG compress:generate records and traces:execute runtime: close time.busy=362ms time.idle=5.79µs
2025-10-28T15:07:19.821111Z DEBUG compress:generate records and traces:generate dependencies:register nonces: close time.busy=1.16µs time.idle=2.96µs
2025-10-28T15:07:19.821125Z DEBUG compress:generate records and traces:generate dependencies: close time.busy=28.4µs time.idle=3.44µs
2025-10-28T15:07:19.821494Z DEBUG fixed log2 rows can be potentially reduced: got 510704, expected 1048576
2025-10-28T15:07:19.821511Z DEBUG compress:generate records and traces:generate traces:generate traces for shard: generated trace for chip PublicValues in 10.722µs
2025-10-28T15:07:19.821735Z DEBUG compress:generate records and traces:generate traces:generate traces for shard: generated trace for chip MemoryConst in 453.305µs
2025-10-28T15:07:19.823230Z DEBUG compress:generate records and traces:generate traces:generate traces for shard: generated trace for chip BaseAlu in 1.805597ms
2025-10-28T15:07:19.824733Z DEBUG generate batch fri trace: fixed log2 rows can be potentially reduced: got 213200, expected 2097152 rows=213200
2025-10-28T15:07:19.825256Z DEBUG fixed log2 rows can be potentially reduced: got 367020, expected 1048576
2025-10-28T15:07:19.861514Z DEBUG compress:generate records and traces:generate traces:generate traces for shard: generated trace for chip Select in 40.020194ms
2025-10-28T15:07:19.868077Z DEBUG generate exp reverse bits len trace: close time.busy=46.6ms time.idle=6.22µs rows=9200
2025-10-28T15:07:19.868126Z DEBUG compress:generate records and traces:generate traces:generate traces for shard: generated trace for chip ExpReverseBitsLen in 46.631716ms
2025-10-28T15:07:19.925185Z DEBUG compress:generate records and traces:generate traces:generate traces for shard: generated trace for chip MemoryVar in 103.662527ms
2025-10-28T15:07:19.956552Z DEBUG compress:generate records and traces:generate traces:generate traces for shard: generated trace for chip ExtAlu in 135.085434ms
2025-10-28T15:07:20.184823Z DEBUG generate batch fri trace: close time.busy=363ms time.idle=4.21µs rows=213200
2025-10-28T15:07:20.184883Z DEBUG compress:generate records and traces:generate traces:generate traces for shard: generated trace for chip BatchFRI in 363.481144ms
2025-10-28T15:07:20.333694Z DEBUG generate poseidon2 wide trace: close time.busy=512ms time.idle=4.96µs rows=95402
2025-10-28T15:07:20.333744Z DEBUG compress:generate records and traces:generate traces:generate traces for shard: generated trace for chip Poseidon2WideDeg3 in 512.417703ms
2025-10-28T15:07:20.333814Z DEBUG compress:generate records and traces:generate traces:generate traces for shard: close time.busy=513ms time.idle=3.24µs
2025-10-28T15:07:20.333839Z DEBUG compress:generate records and traces:generate traces: close time.busy=513ms time.idle=3.96µs
2025-10-28T15:07:20.351259Z DEBUG compress:prove:batch:Setup compress program:setup machine:generate preprocessed traces: generated preprocessed trace for chip PublicValues in 17.026283ms
2025-10-28T15:07:20.356699Z DEBUG compress:prove:batch:Setup compress program:setup machine:generate preprocessed traces: generated preprocessed trace for chip BaseAlu in 22.575666ms
2025-10-28T15:07:20.360781Z DEBUG fixed log2 rows can be potentially reduced: got 213200, expected 2097152
2025-10-28T15:07:20.367469Z DEBUG compress:prove:batch:Setup compress program:setup machine:generate preprocessed traces: generated preprocessed trace for chip Select in 33.244532ms
2025-10-28T15:07:20.369072Z DEBUG compress:prove:batch:Setup compress program:setup machine:generate preprocessed traces: generated preprocessed trace for chip ExpReverseBitsLen in 34.844812ms
2025-10-28T15:07:20.383279Z DEBUG compress:prove:batch:Setup compress program:setup machine:generate preprocessed traces: generated preprocessed trace for chip MemoryConst in 49.248582ms
2025-10-28T15:07:20.384945Z DEBUG compress:prove:batch:Setup compress program:setup machine:generate preprocessed traces: generated preprocessed trace for chip MemoryVar in 50.890842ms
2025-10-28T15:07:20.416647Z DEBUG compress:prove:batch:Setup compress program:setup machine:generate preprocessed traces: generated preprocessed trace for chip Poseidon2WideDeg3 in 82.461372ms
2025-10-28T15:07:20.442115Z DEBUG compress:prove:batch:Setup compress program:setup machine:generate preprocessed traces: generated preprocessed trace for chip ExtAlu in 107.973403ms
2025-10-28T15:07:20.499375Z DEBUG compress:prove:batch:Setup compress program:setup machine:generate preprocessed traces: generated preprocessed trace for chip BatchFRI in 165.129015ms
2025-10-28T15:07:27.905178Z DEBUG compress:prove:batch:Setup compress program:setup machine:commit to preprocessed traces: close time.busy=7.91s time.idle=8.39µs
2025-10-28T15:07:27.905396Z DEBUG compress:prove:batch:Setup compress program:setup machine:generate preprocessed traces: close time.busy=352ms time.idle=8.14s
2025-10-28T15:07:27.905414Z DEBUG compress:prove:batch:Setup compress program:setup machine: close time.busy=8.50s time.idle=2.84µs
2025-10-28T15:07:27.905455Z DEBUG compress:prove:batch:Setup compress program: close time.busy=8.50s time.idle=2.97µs
2025-10-28T15:07:27.905494Z DEBUG compress:prove:batch:observe proving key: close time.busy=12.3µs time.idle=3.28µs
2025-10-28T15:07:33.532920Z DEBUG compress:prove:batch:Setup compress program:setup machine:commit to preprocessed traces: close time.busy=12.6s time.idle=7.03µs
2025-10-28T15:07:33.533017Z DEBUG compress:prove:batch:Setup compress program:setup machine:generate preprocessed traces: close time.busy=166ms time.idle=13.0s
2025-10-28T15:07:33.533040Z DEBUG compress:prove:batch:Setup compress program:setup machine: close time.busy=13.2s time.idle=8.58µs
2025-10-28T15:07:33.533070Z DEBUG compress:prove:batch:Setup compress program: close time.busy=13.2s time.idle=8.31µs
2025-10-28T15:07:33.533104Z DEBUG compress:prove:batch:observe proving key: close time.busy=12.4µs time.idle=3.56µs
2025-10-28T15:07:46.654770Z DEBUG compress:prove:batch:commit: close time.busy=18.7s time.idle=8.11µs
2025-10-28T15:07:50.000495Z DEBUG compress:prove:batch:open:generate permutation traces: close time.busy=3.35s time.idle=9.47µs
2025-10-28T15:07:50.000669Z DEBUG compress:prove:batch:open: BatchFRI        | Main Cols = 13    | Pre Cols = 6      | Perm Cols = 12    | Rows = 2097152 | Cells = 65011712  
2025-10-28T15:07:50.000690Z DEBUG compress:prove:batch:open: MemoryVar       | Main Cols = 8     | Pre Cols = 4      | Perm Cols = 8     | Rows = 1048576 | Cells = 20971520  
2025-10-28T15:07:50.000703Z DEBUG compress:prove:batch:open: Select          | Main Cols = 5     | Pre Cols = 8      | Perm Cols = 16    | Rows = 1048576 | Cells = 30408704  
2025-10-28T15:07:50.000715Z DEBUG compress:prove:batch:open: ExtAlu          | Main Cols = 48    | Pre Cols = 32     | Perm Cols = 28    | Rows = 524288 | Cells = 56623104  
2025-10-28T15:07:50.000727Z DEBUG compress:prove:batch:open: ExpReverseBitsLen | Main Cols = 7     | Pre Cols = 10     | Perm Cols = 12    | Rows = 262144 | Cells = 7602176   
2025-10-28T15:07:50.000739Z DEBUG compress:prove:batch:open: MemoryConst     | Main Cols = 1     | Pre Cols = 12     | Perm Cols = 8     | Rows = 262144 | Cells = 5505024   
2025-10-28T15:07:50.000754Z DEBUG compress:prove:batch:open: Poseidon2WideDeg3 | Main Cols = 313   | Pre Cols = 49     | Perm Cols = 68    | Rows = 262144 | Cells = 112721920 
2025-10-28T15:07:50.000765Z DEBUG compress:prove:batch:open: BaseAlu         | Main Cols = 12    | Pre Cols = 32     | Perm Cols = 28    | Rows = 65536 | Cells = 4718592   
2025-10-28T15:07:50.000778Z DEBUG compress:prove:batch:open: PublicValues    | Main Cols = 1     | Pre Cols = 10     | Perm Cols = 8     | Rows = 16    | Cells = 304       
2025-10-28T15:07:51.637234Z DEBUG compress:prove:batch:open:flatten permutation traces and collect domains: close time.busy=1.64s time.idle=7.01µs
2025-10-28T15:07:59.634281Z DEBUG compress:prove:batch:commit: close time.busy=26.1s time.idle=4.79µs
2025-10-28T15:08:02.611960Z DEBUG compress:prove:batch:open:generate permutation traces: close time.busy=2.98s time.idle=4.63µs
2025-10-28T15:08:02.612018Z DEBUG compress:prove:batch:open: BatchFRI        | Main Cols = 13    | Pre Cols = 6      | Perm Cols = 12    | Rows = 2097152 | Cells = 65011712  
2025-10-28T15:08:02.612031Z DEBUG compress:prove:batch:open: MemoryVar       | Main Cols = 8     | Pre Cols = 4      | Perm Cols = 8     | Rows = 1048576 | Cells = 20971520  
2025-10-28T15:08:02.612040Z DEBUG compress:prove:batch:open: Select          | Main Cols = 5     | Pre Cols = 8      | Perm Cols = 16    | Rows = 1048576 | Cells = 30408704  
2025-10-28T15:08:02.612050Z DEBUG compress:prove:batch:open: ExtAlu          | Main Cols = 48    | Pre Cols = 32     | Perm Cols = 28    | Rows = 524288 | Cells = 56623104  
2025-10-28T15:08:02.612059Z DEBUG compress:prove:batch:open: ExpReverseBitsLen | Main Cols = 7     | Pre Cols = 10     | Perm Cols = 12    | Rows = 262144 | Cells = 7602176   
2025-10-28T15:08:02.612068Z DEBUG compress:prove:batch:open: MemoryConst     | Main Cols = 1     | Pre Cols = 12     | Perm Cols = 8     | Rows = 262144 | Cells = 5505024   
2025-10-28T15:08:02.612079Z DEBUG compress:prove:batch:open: Poseidon2WideDeg3 | Main Cols = 313   | Pre Cols = 49     | Perm Cols = 68    | Rows = 262144 | Cells = 112721920 
2025-10-28T15:08:02.612088Z DEBUG compress:prove:batch:open: BaseAlu         | Main Cols = 12    | Pre Cols = 32     | Perm Cols = 28    | Rows = 65536 | Cells = 4718592   
2025-10-28T15:08:02.612097Z DEBUG compress:prove:batch:open: PublicValues    | Main Cols = 1     | Pre Cols = 10     | Perm Cols = 8     | Rows = 16    | Cells = 304       
2025-10-28T15:08:04.110466Z DEBUG compress:prove:batch:open:flatten permutation traces and collect domains: close time.busy=1.50s time.idle=5.47µs
2025-10-28T15:08:10.830967Z DEBUG compress:prove:batch:open:commit to permutation traces: close time.busy=19.2s time.idle=6.44µs
2025-10-28T15:08:10.831831Z DEBUG compress:prove:batch:open:compute quotient values:compute quotient values for domain: close time.busy=521µs time.idle=6.61µs
2025-10-28T15:08:19.206648Z DEBUG compress:prove:batch:open:compute quotient values:compute quotient values for domain: close time.busy=8.38s time.idle=4.73µs
2025-10-28T15:08:19.351144Z DEBUG compress:prove:batch:open:compute quotient values:compute quotient values for domain: close time.busy=8.52s time.idle=5.27µs
2025-10-28T15:08:19.354030Z DEBUG compress:prove:batch:open:compute quotient values:compute quotient values for domain: close time.busy=8.52s time.idle=12.7µs
2025-10-28T15:08:19.402381Z DEBUG compress:prove:batch:open:compute quotient values:compute quotient values for domain: close time.busy=8.57s time.idle=5.88µs
2025-10-28T15:08:19.476063Z DEBUG compress:prove:batch:open:compute quotient values:compute quotient values for domain: close time.busy=8.64s time.idle=4.98µs
2025-10-28T15:08:19.496912Z DEBUG compress:prove:batch:open:compute quotient values:compute quotient values for domain: close time.busy=8.67s time.idle=7.20µs
2025-10-28T15:08:19.519445Z DEBUG compress:prove:batch:open:compute quotient values:compute quotient values for domain: close time.busy=8.69s time.idle=9.19µs
2025-10-28T15:08:23.493534Z DEBUG compress:prove:batch:open:compute quotient values:compute quotient values for domain: close time.busy=12.7s time.idle=5.59µs
2025-10-28T15:08:30.335357Z DEBUG compress:prove:batch:open:commit to permutation traces: close time.busy=26.2s time.idle=5.24µs
2025-10-28T15:08:30.336444Z DEBUG compress:prove:batch:open:compute quotient values:compute quotient values for domain: close time.busy=683µs time.idle=25.5µs
2025-10-28T15:08:31.263561Z DEBUG compress:prove:batch:open:compute quotient values:compute quotient values for domain: close time.busy=928ms time.idle=7.03µs
2025-10-28T15:08:31.274515Z DEBUG compress:prove:batch:open:compute quotient values:compute quotient values for domain: close time.busy=939ms time.idle=6.46µs
2025-10-28T15:08:31.274672Z DEBUG compress:prove:batch:open:compute quotient values:compute quotient values for domain: close time.busy=939ms time.idle=3.97µs
2025-10-28T15:08:39.430726Z DEBUG compress:prove:batch:open:compute quotient values:compute quotient values for domain: close time.busy=9.09s time.idle=6.43µs
2025-10-28T15:08:39.448534Z DEBUG compress:prove:batch:open:compute quotient values:compute quotient values for domain: close time.busy=9.11s time.idle=18.7µs
2025-10-28T15:08:39.471842Z DEBUG compress:prove:batch:open:compute quotient values:compute quotient values for domain: close time.busy=9.14s time.idle=5.07µs
2025-10-28T15:08:39.538111Z DEBUG compress:prove:batch:open:compute quotient values:compute quotient values for domain: close time.busy=9.20s time.idle=8.25µs
2025-10-28T15:08:44.061820Z DEBUG compress:prove:batch:open:compute quotient values:compute quotient values for domain: close time.busy=13.7s time.idle=8.88µs
2025-10-28T15:08:46.946407Z DEBUG compress:prove:batch:open:commit to quotient traces: close time.busy=22.9s time.idle=5.41µs
2025-10-28T15:08:46.946524Z DEBUG compress:prove:batch:open:compute preprocessed opening points: close time.busy=5.30µs time.idle=4.07µs
2025-10-28T15:08:46.946562Z DEBUG compress:prove:batch:open:compute main trace opening points: close time.busy=20.6µs time.idle=2.42µs
2025-10-28T15:08:46.946590Z DEBUG compress:prove:batch:open:compute permutation trace opening points: close time.busy=14.2µs time.idle=2.21µs
2025-10-28T15:08:52.691866Z DEBUG compress:prove:batch:open:commit to quotient traces: close time.busy=7.64s time.idle=6.65µs
2025-10-28T15:08:52.691946Z DEBUG compress:prove:batch:open:compute preprocessed opening points: close time.busy=4.92µs time.idle=3.93µs
2025-10-28T15:08:52.691978Z DEBUG compress:prove:batch:open:compute main trace opening points: close time.busy=16.5µs time.idle=2.30µs
2025-10-28T15:08:52.691995Z DEBUG compress:prove:batch:open:compute permutation trace opening points: close time.busy=3.30µs time.idle=2.23µs
2025-10-28T15:09:08.986391Z DEBUG compress:prove:batch:open:open multi batches: close time.busy=22.0s time.idle=4.86µs
2025-10-28T15:09:09.045137Z DEBUG compress:prove:batch:open:compute quotient values: close time.busy=12.7s time.idle=45.6s
2025-10-28T15:09:09.932110Z DEBUG compress:prove:batch:open: close time.busy=83.3s time.idle=6.02µs
2025-10-28T15:09:10.080776Z DEBUG compress:prove:batch: close time.busy=111s time.idle=10.7µs
2025-10-28T15:09:14.069795Z DEBUG compress:prove:batch:open:open multi batches: close time.busy=21.4s time.idle=4.83µs
2025-10-28T15:09:14.142020Z DEBUG compress:prove:batch:open:compute quotient values: close time.busy=13.7s time.idle=30.1s
2025-10-28T15:09:14.643693Z DEBUG compress:prove:batch:open: close time.busy=75.0s time.idle=11.7µs
2025-10-28T15:09:14.658761Z DEBUG compress:generate records and traces:get program and witness stream: close time.busy=10.7ms time.idle=30.7µs
2025-10-28T15:09:14.793266Z DEBUG compress:prove:batch: close time.busy=114s time.idle=8.22µs
2025-10-28T15:09:15.240920Z DEBUG compress:generate records and traces:execute runtime: close time.busy=582ms time.idle=6.01µs
2025-10-28T15:09:15.241007Z DEBUG compress:generate records and traces:generate dependencies:register nonces: close time.busy=1.12µs time.idle=3.17µs
2025-10-28T15:09:15.241023Z DEBUG compress:generate records and traces:generate dependencies: close time.busy=29.6µs time.idle=4.18µs
2025-10-28T15:09:15.241261Z DEBUG fixed log2 rows can be potentially reduced: got 510704, expected 1048576
2025-10-28T15:09:15.241323Z DEBUG compress:generate records and traces:generate traces:generate traces for shard: generated trace for chip PublicValues in 7.617µs
2025-10-28T15:09:15.241895Z DEBUG compress:generate records and traces:generate traces:generate traces for shard: generated trace for chip MemoryConst in 502.766µs
2025-10-28T15:09:15.243672Z DEBUG compress:generate records and traces:generate traces:generate traces for shard: generated trace for chip BaseAlu in 1.976546ms
2025-10-28T15:09:15.245194Z DEBUG fixed log2 rows can be potentially reduced: got 367020, expected 1048576
2025-10-28T15:09:15.245208Z DEBUG generate batch fri trace: fixed log2 rows can be potentially reduced: got 213200, expected 2097152 rows=213200
2025-10-28T15:09:15.263847Z DEBUG compress:generate records and traces:generate traces:generate traces for shard: generated trace for chip Select in 22.587231ms
2025-10-28T15:09:15.285021Z DEBUG generate exp reverse bits len trace: close time.busy=43.7ms time.idle=4.34µs rows=9200
2025-10-28T15:09:15.285075Z DEBUG compress:generate records and traces:generate traces:generate traces for shard: generated trace for chip ExpReverseBitsLen in 43.782406ms
2025-10-28T15:09:15.342599Z DEBUG compress:generate records and traces:generate traces:generate traces for shard: generated trace for chip MemoryVar in 101.238778ms
2025-10-28T15:09:15.380978Z DEBUG compress:generate records and traces:generate traces:generate traces for shard: generated trace for chip ExtAlu in 139.256778ms
2025-10-28T15:09:15.591469Z DEBUG generate batch fri trace: close time.busy=350ms time.idle=5.19µs rows=213200
2025-10-28T15:09:15.591527Z DEBUG compress:generate records and traces:generate traces:generate traces for shard: generated trace for chip BatchFRI in 350.18925ms
2025-10-28T15:09:15.744108Z DEBUG generate poseidon2 wide trace: close time.busy=503ms time.idle=5.43µs rows=95402
2025-10-28T15:09:15.744158Z DEBUG compress:generate records and traces:generate traces:generate traces for shard: generated trace for chip Poseidon2WideDeg3 in 502.948327ms
2025-10-28T15:09:15.744225Z DEBUG compress:generate records and traces:generate traces:generate traces for shard: close time.busy=503ms time.idle=3.22µs
2025-10-28T15:09:15.744265Z DEBUG compress:generate records and traces:generate traces: close time.busy=503ms time.idle=3.37µs
2025-10-28T15:09:15.760532Z DEBUG compress:prove:batch:Setup compress program:setup machine:generate preprocessed traces: generated preprocessed trace for chip PublicValues in 15.872269ms
2025-10-28T15:09:15.766210Z DEBUG compress:prove:batch:Setup compress program:setup machine:generate preprocessed traces: generated preprocessed trace for chip BaseAlu in 21.659236ms
2025-10-28T15:09:15.770780Z DEBUG fixed log2 rows can be potentially reduced: got 213200, expected 2097152
2025-10-28T15:09:15.773363Z DEBUG compress:prove:batch:Setup compress program:setup machine:generate preprocessed traces: generated preprocessed trace for chip MemoryConst in 28.773356ms
2025-10-28T15:09:15.792456Z DEBUG compress:prove:batch:Setup compress program:setup machine:generate preprocessed traces: generated preprocessed trace for chip MemoryVar in 47.815475ms
2025-10-28T15:09:15.795800Z DEBUG compress:prove:batch:Setup compress program:setup machine:generate preprocessed traces: generated preprocessed trace for chip ExpReverseBitsLen in 51.147769ms
2025-10-28T15:09:15.805686Z DEBUG compress:prove:batch:Setup compress program:setup machine:generate preprocessed traces: generated preprocessed trace for chip Select in 61.031871ms
2025-10-28T15:09:15.829089Z DEBUG compress:prove:batch:Setup compress program:setup machine:generate preprocessed traces: generated preprocessed trace for chip Poseidon2WideDeg3 in 84.406243ms
2025-10-28T15:09:15.853313Z DEBUG compress:prove:batch:Setup compress program:setup machine:generate preprocessed traces: generated preprocessed trace for chip ExtAlu in 108.73753ms
2025-10-28T15:09:15.889192Z DEBUG compress:prove:batch:Setup compress program:setup machine:generate preprocessed traces: generated preprocessed trace for chip BatchFRI in 144.536856ms
2025-10-28T15:09:23.485171Z DEBUG compress:prove:batch:Setup compress program:setup machine:commit to preprocessed traces: close time.busy=7.23s time.idle=7.89µs
2025-10-28T15:09:23.485269Z DEBUG compress:prove:batch:Setup compress program:setup machine:generate preprocessed traces: close time.busy=145ms time.idle=7.60s
2025-10-28T15:09:23.485285Z DEBUG compress:prove:batch:Setup compress program:setup machine: close time.busy=7.74s time.idle=17.3µs
2025-10-28T15:09:23.485299Z DEBUG compress:prove:batch:Setup compress program: close time.busy=7.74s time.idle=2.83µs
2025-10-28T15:09:23.485333Z DEBUG compress:prove:batch:observe proving key: close time.busy=11.8µs time.idle=3.57µs
2025-10-28T15:09:37.475848Z DEBUG compress:prove:batch:commit: close time.busy=14.0s time.idle=4.06µs
2025-10-28T15:09:40.145799Z DEBUG compress:prove:batch:open:generate permutation traces: close time.busy=2.67s time.idle=9.72µs
2025-10-28T15:09:40.145881Z DEBUG compress:prove:batch:open: BatchFRI        | Main Cols = 13    | Pre Cols = 6      | Perm Cols = 12    | Rows = 2097152 | Cells = 65011712  
2025-10-28T15:09:40.145898Z DEBUG compress:prove:batch:open: MemoryVar       | Main Cols = 8     | Pre Cols = 4      | Perm Cols = 8     | Rows = 1048576 | Cells = 20971520  
2025-10-28T15:09:40.145910Z DEBUG compress:prove:batch:open: Select          | Main Cols = 5     | Pre Cols = 8      | Perm Cols = 16    | Rows = 1048576 | Cells = 30408704  
2025-10-28T15:09:40.145921Z DEBUG compress:prove:batch:open: ExtAlu          | Main Cols = 48    | Pre Cols = 32     | Perm Cols = 28    | Rows = 524288 | Cells = 56623104  
2025-10-28T15:09:40.145933Z DEBUG compress:prove:batch:open: ExpReverseBitsLen | Main Cols = 7     | Pre Cols = 10     | Perm Cols = 12    | Rows = 262144 | Cells = 7602176   
2025-10-28T15:09:40.145944Z DEBUG compress:prove:batch:open: MemoryConst     | Main Cols = 1     | Pre Cols = 12     | Perm Cols = 8     | Rows = 262144 | Cells = 5505024   
2025-10-28T15:09:40.145957Z DEBUG compress:prove:batch:open: Poseidon2WideDeg3 | Main Cols = 313   | Pre Cols = 49     | Perm Cols = 68    | Rows = 262144 | Cells = 112721920 
2025-10-28T15:09:40.145969Z DEBUG compress:prove:batch:open: BaseAlu         | Main Cols = 12    | Pre Cols = 32     | Perm Cols = 28    | Rows = 65536 | Cells = 4718592   
2025-10-28T15:09:40.145980Z DEBUG compress:prove:batch:open: PublicValues    | Main Cols = 1     | Pre Cols = 10     | Perm Cols = 8     | Rows = 16    | Cells = 304       
2025-10-28T15:09:41.510244Z DEBUG compress:prove:batch:open:flatten permutation traces and collect domains: close time.busy=1.36s time.idle=6.26µs
2025-10-28T15:09:50.858476Z DEBUG compress:prove:batch:open:commit to permutation traces: close time.busy=9.35s time.idle=6.77µs
2025-10-28T15:09:50.859023Z DEBUG compress:prove:batch:open:compute quotient values:compute quotient values for domain: close time.busy=192µs time.idle=4.81µs
2025-10-28T15:09:52.044677Z DEBUG compress:prove:batch:open:compute quotient values:compute quotient values for domain: close time.busy=1.19s time.idle=4.60µs
2025-10-28T15:09:52.044959Z DEBUG compress:prove:batch:open:compute quotient values:compute quotient values for domain: close time.busy=1.19s time.idle=12.8µs
2025-10-28T15:09:52.053881Z DEBUG compress:prove:batch:open:compute quotient values:compute quotient values for domain: close time.busy=1.20s time.idle=4.30µs
2025-10-28T15:10:00.307565Z DEBUG compress:prove:batch:open:compute quotient values:compute quotient values for domain: close time.busy=9.45s time.idle=6.72µs
2025-10-28T15:10:00.335564Z DEBUG compress:prove:batch:open:compute quotient values:compute quotient values for domain: close time.busy=9.48s time.idle=6.16µs
2025-10-28T15:10:00.380007Z DEBUG compress:prove:batch:open:compute quotient values:compute quotient values for domain: close time.busy=9.52s time.idle=14.4µs
2025-10-28T15:10:00.510668Z DEBUG compress:prove:batch:open:compute quotient values:compute quotient values for domain: close time.busy=9.65s time.idle=4.68µs
2025-10-28T15:10:03.065737Z DEBUG compress:prove:batch:open:compute quotient values:compute quotient values for domain: close time.busy=12.2s time.idle=5.27µs
2025-10-28T15:10:09.457485Z DEBUG compress:prove:batch:open:commit to quotient traces: close time.busy=5.89s time.idle=7.45µs
2025-10-28T15:10:09.457570Z DEBUG compress:prove:batch:open:compute preprocessed opening points: close time.busy=5.64µs time.idle=3.80µs
2025-10-28T15:10:09.457600Z DEBUG compress:prove:batch:open:compute main trace opening points: close time.busy=13.8µs time.idle=2.36µs
2025-10-28T15:10:09.457639Z DEBUG compress:prove:batch:open:compute permutation trace opening points: close time.busy=24.3µs time.idle=2.38µs
2025-10-28T15:10:27.187748Z DEBUG compress:prove:batch:open:open multi batches: close time.busy=17.7s time.idle=3.90µs
2025-10-28T15:10:27.243740Z DEBUG compress:prove:batch:open:compute quotient values: close time.busy=12.2s time.idle=24.2s
2025-10-28T15:10:27.767216Z DEBUG compress:prove:batch:open: close time.busy=50.3s time.idle=5.31µs
2025-10-28T15:10:27.775264Z DEBUG compress:generate next layer inputs: close time.busy=393s time.idle=145µs
2025-10-28T15:10:27.780874Z DEBUG compress:generate records and traces:get program and witness stream: close time.busy=6.06ms time.idle=12.4µs
2025-10-28T15:10:27.909992Z DEBUG compress:prove:batch: close time.busy=72.2s time.idle=6.73µs
2025-10-28T15:10:28.108096Z DEBUG compress:generate records and traces:execute runtime: close time.busy=327ms time.idle=6.03µs
2025-10-28T15:10:28.108175Z DEBUG compress:generate records and traces:generate dependencies:register nonces: close time.busy=1.13µs time.idle=2.92µs
2025-10-28T15:10:28.108192Z DEBUG compress:generate records and traces:generate dependencies: close time.busy=28.9µs time.idle=4.12µs
2025-10-28T15:10:28.108555Z DEBUG fixed log2 rows can be potentially reduced: got 471504, expected 1048576
2025-10-28T15:10:28.108561Z DEBUG compress:generate records and traces:generate traces:generate traces for shard: generated trace for chip PublicValues in 8.598µs
2025-10-28T15:10:28.108783Z DEBUG compress:generate records and traces:generate traces:generate traces for shard: generated trace for chip MemoryConst in 462.607µs
2025-10-28T15:10:28.110389Z DEBUG compress:generate records and traces:generate traces:generate traces for shard: generated trace for chip BaseAlu in 1.889557ms
2025-10-28T15:10:28.112090Z DEBUG fixed log2 rows can be potentially reduced: got 346512, expected 1048576
2025-10-28T15:10:28.113835Z DEBUG generate batch fri trace: fixed log2 rows can be potentially reduced: got 213200, expected 2097152 rows=213200
2025-10-28T15:10:28.118794Z DEBUG compress:generate records and traces:generate traces:generate traces for shard: generated trace for chip Select in 10.241868ms
2025-10-28T15:10:28.130769Z DEBUG generate exp reverse bits len trace: close time.busy=22.2ms time.idle=5.80µs rows=9200
2025-10-28T15:10:28.130825Z DEBUG compress:generate records and traces:generate traces:generate traces for shard: generated trace for chip ExpReverseBitsLen in 22.27402ms
2025-10-28T15:10:28.162031Z DEBUG compress:generate records and traces:generate traces:generate traces for shard: generated trace for chip MemoryVar in 53.607738ms
2025-10-28T15:10:28.250596Z DEBUG compress:generate records and traces:generate traces:generate traces for shard: generated trace for chip ExtAlu in 142.069915ms
2025-10-28T15:10:28.462070Z DEBUG generate batch fri trace: close time.busy=353ms time.idle=4.83µs rows=213200
2025-10-28T15:10:28.462122Z DEBUG compress:generate records and traces:generate traces:generate traces for shard: generated trace for chip BatchFRI in 353.548886ms
2025-10-28T15:10:28.612260Z DEBUG generate poseidon2 wide trace: close time.busy=504ms time.idle=5.32µs rows=90000
2025-10-28T15:10:28.612305Z DEBUG compress:generate records and traces:generate traces:generate traces for shard: generated trace for chip Poseidon2WideDeg3 in 503.931984ms
2025-10-28T15:10:28.612390Z DEBUG compress:generate records and traces:generate traces:generate traces for shard: close time.busy=504ms time.idle=4.33µs
2025-10-28T15:10:28.612445Z DEBUG compress:generate records and traces:generate traces: close time.busy=504ms time.idle=4.20µs
2025-10-28T15:10:28.612494Z DEBUG compress:generate records and traces: close time.busy=394s time.idle=243µs
2025-10-28T15:10:28.612695Z DEBUG compress:prove: close time.busy=394s time.idle=145µs
2025-10-28T15:10:28.634483Z DEBUG compress:prove:batch:Setup compress program:setup machine:generate preprocessed traces: generated preprocessed trace for chip BaseAlu in 21.535522ms
2025-10-28T15:10:28.636568Z DEBUG fixed log2 rows can be potentially reduced: got 213200, expected 2097152
2025-10-28T15:10:28.640172Z DEBUG compress:prove:batch:Setup compress program:setup machine:generate preprocessed traces: generated preprocessed trace for chip ExpReverseBitsLen in 27.225241ms
2025-10-28T15:10:28.642275Z DEBUG compress:prove:batch:Setup compress program:setup machine:generate preprocessed traces: generated preprocessed trace for chip MemoryConst in 29.50637ms
2025-10-28T15:10:28.644870Z DEBUG compress:prove:batch:Setup compress program:setup machine:generate preprocessed traces: generated preprocessed trace for chip PublicValues in 31.921569ms
2025-10-28T15:10:28.656132Z DEBUG compress:prove:batch:Setup compress program:setup machine:generate preprocessed traces: generated preprocessed trace for chip MemoryVar in 43.307083ms
2025-10-28T15:10:28.694092Z DEBUG compress:prove:batch:Setup compress program:setup machine:generate preprocessed traces: generated preprocessed trace for chip Select in 81.160016ms
2025-10-28T15:10:28.712393Z DEBUG compress:prove:batch:Setup compress program:setup machine:generate preprocessed traces: generated preprocessed trace for chip Poseidon2WideDeg3 in 99.543493ms
2025-10-28T15:10:28.717233Z DEBUG compress:prove:batch:Setup compress program:setup machine:generate preprocessed traces: generated preprocessed trace for chip BatchFRI in 104.349042ms
2025-10-28T15:10:28.730879Z DEBUG compress:prove:batch:Setup compress program:setup machine:generate preprocessed traces: generated preprocessed trace for chip ExtAlu in 117.92996ms
2025-10-28T15:10:36.206354Z DEBUG compress:prove:batch:Setup compress program:setup machine:commit to preprocessed traces: close time.busy=7.08s time.idle=8.95µs
2025-10-28T15:10:36.206466Z DEBUG compress:prove:batch:Setup compress program:setup machine:generate preprocessed traces: close time.busy=119ms time.idle=7.48s
2025-10-28T15:10:36.206483Z DEBUG compress:prove:batch:Setup compress program:setup machine: close time.busy=7.59s time.idle=10.2µs
2025-10-28T15:10:36.206495Z DEBUG compress:prove:batch:Setup compress program: close time.busy=7.59s time.idle=2.93µs
2025-10-28T15:10:36.206541Z DEBUG compress:prove:batch:observe proving key: close time.busy=11.7µs time.idle=3.84µs
2025-10-28T15:10:50.677782Z DEBUG compress:prove:batch:commit: close time.busy=14.5s time.idle=5.64µs
2025-10-28T15:10:53.463184Z DEBUG compress:prove:batch:open:generate permutation traces: close time.busy=2.79s time.idle=6.39µs
2025-10-28T15:10:53.463258Z DEBUG compress:prove:batch:open: BatchFRI        | Main Cols = 13    | Pre Cols = 6      | Perm Cols = 12    | Rows = 2097152 | Cells = 65011712  
2025-10-28T15:10:53.463271Z DEBUG compress:prove:batch:open: MemoryVar       | Main Cols = 8     | Pre Cols = 4      | Perm Cols = 8     | Rows = 1048576 | Cells = 20971520  
2025-10-28T15:10:53.463281Z DEBUG compress:prove:batch:open: Select          | Main Cols = 5     | Pre Cols = 8      | Perm Cols = 16    | Rows = 1048576 | Cells = 30408704  
2025-10-28T15:10:53.463290Z DEBUG compress:prove:batch:open: ExtAlu          | Main Cols = 48    | Pre Cols = 32     | Perm Cols = 28    | Rows = 524288 | Cells = 56623104  
2025-10-28T15:10:53.463299Z DEBUG compress:prove:batch:open: ExpReverseBitsLen | Main Cols = 7     | Pre Cols = 10     | Perm Cols = 12    | Rows = 262144 | Cells = 7602176   
2025-10-28T15:10:53.463308Z DEBUG compress:prove:batch:open: MemoryConst     | Main Cols = 1     | Pre Cols = 12     | Perm Cols = 8     | Rows = 262144 | Cells = 5505024   
2025-10-28T15:10:53.463319Z DEBUG compress:prove:batch:open: Poseidon2WideDeg3 | Main Cols = 313   | Pre Cols = 49     | Perm Cols = 68    | Rows = 262144 | Cells = 112721920 
2025-10-28T15:10:53.463328Z DEBUG compress:prove:batch:open: BaseAlu         | Main Cols = 12    | Pre Cols = 32     | Perm Cols = 28    | Rows = 65536 | Cells = 4718592   
2025-10-28T15:10:53.463337Z DEBUG compress:prove:batch:open: PublicValues    | Main Cols = 1     | Pre Cols = 10     | Perm Cols = 8     | Rows = 16    | Cells = 304       
2025-10-28T15:10:54.666379Z DEBUG compress:prove:batch:open:flatten permutation traces and collect domains: close time.busy=1.20s time.idle=4.99µs
2025-10-28T15:11:03.587824Z DEBUG compress:prove:batch:open:commit to permutation traces: close time.busy=8.92s time.idle=11.2µs
2025-10-28T15:11:03.588500Z DEBUG compress:prove:batch:open:compute quotient values:compute quotient values for domain: close time.busy=222µs time.idle=5.48µs
2025-10-28T15:11:04.437849Z DEBUG compress:prove:batch:open:compute quotient values:compute quotient values for domain: close time.busy=850ms time.idle=5.99µs
2025-10-28T15:11:04.440123Z DEBUG compress:prove:batch:open:compute quotient values:compute quotient values for domain: close time.busy=852ms time.idle=5.64µs
2025-10-28T15:11:04.447683Z DEBUG compress:prove:batch:open:compute quotient values:compute quotient values for domain: close time.busy=859ms time.idle=5.14µs
2025-10-28T15:11:09.683134Z DEBUG compress:prove:batch:open:compute quotient values:compute quotient values for domain: close time.busy=6.09s time.idle=5.25µs
2025-10-28T15:11:09.743313Z DEBUG compress:prove:batch:open:compute quotient values:compute quotient values for domain: close time.busy=6.16s time.idle=5.10µs
2025-10-28T15:11:09.749368Z DEBUG compress:prove:batch:open:compute quotient values:compute quotient values for domain: close time.busy=6.16s time.idle=4.09µs
2025-10-28T15:11:15.748675Z DEBUG compress:prove:batch:open:compute quotient values:compute quotient values for domain: close time.busy=12.2s time.idle=6.41µs
2025-10-28T15:11:15.867641Z DEBUG compress:prove:batch:open:compute quotient values:compute quotient values for domain: close time.busy=12.3s time.idle=6.64µs
2025-10-28T15:11:22.102627Z DEBUG compress:prove:batch:open:commit to quotient traces: close time.busy=5.60s time.idle=8.04µs
2025-10-28T15:11:22.102709Z DEBUG compress:prove:batch:open:compute preprocessed opening points: close time.busy=10.4µs time.idle=3.78µs
2025-10-28T15:11:22.102734Z DEBUG compress:prove:batch:open:compute main trace opening points: close time.busy=10.4µs time.idle=2.25µs
2025-10-28T15:11:22.102759Z DEBUG compress:prove:batch:open:compute permutation trace opening points: close time.busy=10.6µs time.idle=2.25µs
2025-10-28T15:11:40.199672Z DEBUG compress:prove:batch:open:open multi batches: close time.busy=18.1s time.idle=5.06µs
2025-10-28T15:11:40.271584Z DEBUG compress:prove:batch:open:compute quotient values: close time.busy=12.3s time.idle=24.4s
2025-10-28T15:11:40.758911Z DEBUG compress:prove:batch:open: close time.busy=50.1s time.idle=8.96µs
2025-10-28T15:11:40.916679Z DEBUG compress:prove:batch: close time.busy=72.3s time.idle=7.52µs
2025-10-28T15:11:40.933031Z DEBUG compress:prove: close time.busy=467s time.idle=184µs
2025-10-28T15:11:41.094117Z DEBUG compress: joined handles
2025-10-28T15:11:41.094582Z  INFO compress: close time.busy=467s time.idle=56.9ms
2025-10-28T15:11:41.273156Z DEBUG shrink:build shrink program:assert lookup multiplicities: close time.busy=34.3µs time.idle=5.24µs
2025-10-28T15:11:41.399951Z DEBUG shrink:build shrink program:2adic pcs:verify shape and challenges: close time.busy=104ms time.idle=4.34µs
2025-10-28T15:11:41.665914Z DEBUG shrink:build shrink program:2adic pcs:verify challenges: close time.busy=154ms time.idle=6.83µs
2025-10-28T15:11:41.666212Z DEBUG shrink:build shrink program:2adic pcs: close time.busy=391ms time.idle=3.85µs
2025-10-28T15:11:41.670177Z DEBUG shrink:build shrink program:verify constraints: close time.busy=3.92ms time.idle=7.59µs
2025-10-28T15:11:41.709179Z DEBUG shrink:build shrink program: close time.busy=596ms time.idle=5.30µs
2025-10-28T15:11:42.039236Z DEBUG shrink:compile shrink program:compile raw program: close time.busy=330ms time.idle=4.47µs
2025-10-28T15:11:42.065675Z DEBUG shrink:compile shrink program:backfill mult: close time.busy=26.4ms time.idle=4.75µs
2025-10-28T15:11:42.065780Z DEBUG shrink:compile shrink program:prepend constants: close time.busy=40.7µs time.idle=3.85µs
2025-10-28T15:11:42.065796Z DEBUG shrink:compile shrink program: close time.busy=357ms time.idle=4.48µs
2025-10-28T15:11:42.167382Z DEBUG shrink: total events: 1168792
2025-10-28T15:11:42.167443Z DEBUG shrink:   base_alu_events: 112498
2025-10-28T15:11:42.167453Z DEBUG shrink:   batch_fri_events: 106600
2025-10-28T15:11:42.167460Z DEBUG shrink:   commit_pv_hash_events: 1
2025-10-28T15:11:42.167467Z DEBUG shrink:   exp_reverse_bits_len_events: 4600
2025-10-28T15:11:42.167474Z DEBUG shrink:   ext_alu_events: 133236
2025-10-28T15:11:42.167481Z DEBUG shrink:   fri_fold_events: 0
2025-10-28T15:11:42.167488Z DEBUG shrink:   mem_const_count: 141766
2025-10-28T15:11:42.167495Z DEBUG shrink:   mem_var_events: 367024
2025-10-28T15:11:42.167502Z DEBUG shrink:   poseidon2_events: 47715
2025-10-28T15:11:42.167508Z DEBUG shrink:   select_events: 255352
2025-10-28T15:11:42.167517Z DEBUG shrink: Shrink program executed successfully
2025-10-28T15:11:42.175649Z DEBUG shrink:setup shrink:setup machine:generate preprocessed traces: generated preprocessed trace for chip PublicValues in 7.747047ms
2025-10-28T15:11:42.181404Z DEBUG shrink:setup shrink:setup machine:generate preprocessed traces: generated preprocessed trace for chip Poseidon2WideDeg3 in 13.687726ms
2025-10-28T15:11:42.181567Z DEBUG shrink:setup shrink:setup machine:generate preprocessed traces: generated preprocessed trace for chip BaseAlu in 13.693226ms
2025-10-28T15:11:42.183481Z DEBUG shrink:setup shrink:setup machine:generate preprocessed traces: generated preprocessed trace for chip MemoryConst in 15.820703ms
2025-10-28T15:11:42.183640Z DEBUG shrink:setup shrink:setup machine:generate preprocessed traces: generated preprocessed trace for chip ExpReverseBitsLen in 15.790237ms
2025-10-28T15:11:42.183402Z DEBUG shrink:setup shrink:setup machine:generate preprocessed traces: generated preprocessed trace for chip BatchFRI in 15.629248ms
2025-10-28T15:11:42.186588Z DEBUG shrink:setup shrink:setup machine:generate preprocessed traces: generated preprocessed trace for chip Select in 18.774726ms
2025-10-28T15:11:42.192516Z DEBUG shrink:setup shrink:setup machine:generate preprocessed traces: generated preprocessed trace for chip MemoryVar in 24.591082ms
2025-10-28T15:11:42.219528Z DEBUG shrink:setup shrink:setup machine:generate preprocessed traces: generated preprocessed trace for chip ExtAlu in 51.648336ms
2025-10-28T15:11:45.849459Z DEBUG shrink:setup shrink:setup machine:commit to preprocessed traces: close time.busy=3.52s time.idle=6.29µs
2025-10-28T15:11:45.849538Z DEBUG shrink:setup shrink:setup machine:generate preprocessed traces: close time.busy=52.4ms time.idle=3.63s
2025-10-28T15:11:45.849554Z DEBUG shrink:setup shrink:setup machine: close time.busy=3.68s time.idle=2.51µs
2025-10-28T15:11:45.849568Z DEBUG shrink:setup shrink: close time.busy=3.68s time.idle=4.42µs
2025-10-28T15:11:45.849599Z DEBUG shrink:register nonces: close time.busy=1.77µs time.idle=3.59µs
2025-10-28T15:11:45.849874Z DEBUG shrink:prove_shards:generate traces for shard: generated trace for chip PublicValues in 8.025µs
2025-10-28T15:11:45.849896Z DEBUG shrink:prove_shards:generate traces for shard: generated trace for chip MemoryConst in 202.658µs
2025-10-28T15:11:45.852153Z DEBUG shrink:prove_shards:generate traces for shard: generated trace for chip Select in 2.289296ms
2025-10-28T15:11:45.852167Z DEBUG shrink:prove_shards:generate traces for shard: generated trace for chip BaseAlu in 2.366499ms
2025-10-28T15:11:45.853853Z DEBUG generate batch fri trace: close time.busy=3.95ms time.idle=5.92µs rows=106600
2025-10-28T15:11:45.853891Z DEBUG shrink:prove_shards:generate traces for shard: generated trace for chip BatchFRI in 4.010766ms
2025-10-28T15:11:45.860630Z DEBUG generate exp reverse bits len trace: close time.busy=10.8ms time.idle=4.44µs rows=4600
2025-10-28T15:11:45.860674Z DEBUG shrink:prove_shards:generate traces for shard: generated trace for chip ExpReverseBitsLen in 10.80999ms
2025-10-28T15:11:45.866511Z DEBUG shrink:prove_shards:generate traces for shard: generated trace for chip MemoryVar in 16.733825ms
2025-10-28T15:11:45.918966Z DEBUG shrink:prove_shards:generate traces for shard: generated trace for chip ExtAlu in 69.136748ms
2025-10-28T15:11:46.019978Z DEBUG generate poseidon2 wide trace: close time.busy=170ms time.idle=5.12µs rows=47715
2025-10-28T15:11:46.020039Z DEBUG shrink:prove_shards:generate traces for shard: generated trace for chip Poseidon2WideDeg3 in 170.284888ms
2025-10-28T15:11:46.020179Z DEBUG shrink:prove_shards:generate traces for shard: close time.busy=171ms time.idle=3.84µs
2025-10-28T15:11:52.765977Z DEBUG shrink:prove_shards:generate permutation traces: close time.busy=589ms time.idle=13.7µs
2025-10-28T15:11:52.766112Z DEBUG shrink:prove_shards: ExtAlu          | Main Cols = 48    | Pre Cols = 32     | Perm Cols = 28    | Rows = 262144 | Cells = 28311552  
2025-10-28T15:11:52.766130Z DEBUG shrink:prove_shards: MemoryVar       | Main Cols = 8     | Pre Cols = 4      | Perm Cols = 8     | Rows = 262144 | Cells = 5242880   
2025-10-28T15:11:52.766142Z DEBUG shrink:prove_shards: Select          | Main Cols = 5     | Pre Cols = 8      | Perm Cols = 16    | Rows = 262144 | Cells = 7602176   
2025-10-28T15:11:52.766154Z DEBUG shrink:prove_shards: BaseAlu         | Main Cols = 12    | Pre Cols = 32     | Perm Cols = 28    | Rows = 131072 | Cells = 9437184   
2025-10-28T15:11:52.766165Z DEBUG shrink:prove_shards: BatchFRI        | Main Cols = 13    | Pre Cols = 6      | Perm Cols = 12    | Rows = 131072 | Cells = 4063232   
2025-10-28T15:11:52.766177Z DEBUG shrink:prove_shards: ExpReverseBitsLen | Main Cols = 7     | Pre Cols = 10     | Perm Cols = 12    | Rows = 131072 | Cells = 3801088   
2025-10-28T15:11:52.766188Z DEBUG shrink:prove_shards: MemoryConst     | Main Cols = 1     | Pre Cols = 12     | Perm Cols = 8     | Rows = 131072 | Cells = 2752512   
2025-10-28T15:11:52.766200Z DEBUG shrink:prove_shards: Poseidon2WideDeg3 | Main Cols = 313   | Pre Cols = 49     | Perm Cols = 68    | Rows = 65536 | Cells = 28180480  
2025-10-28T15:11:52.766211Z DEBUG shrink:prove_shards: PublicValues    | Main Cols = 1     | Pre Cols = 10     | Perm Cols = 8     | Rows = 16    | Cells = 304       
2025-10-28T15:11:53.071411Z DEBUG shrink:prove_shards:flatten permutation traces and collect domains: close time.busy=305ms time.idle=4.98µs
2025-10-28T15:11:57.128915Z DEBUG shrink:prove_shards:commit to permutation traces: close time.busy=4.06s time.idle=8.68µs
2025-10-28T15:11:57.129951Z DEBUG shrink:prove_shards:compute quotient values:compute quotient values for domain: close time.busy=645µs time.idle=4.51µs
2025-10-28T15:12:00.504222Z DEBUG shrink:prove_shards:compute quotient values:compute quotient values for domain: close time.busy=3.37s time.idle=5.25µs
2025-10-28T15:12:00.505136Z DEBUG shrink:prove_shards:compute quotient values:compute quotient values for domain: close time.busy=3.38s time.idle=6.00µs
2025-10-28T15:12:00.505948Z DEBUG shrink:prove_shards:compute quotient values:compute quotient values for domain: close time.busy=3.38s time.idle=4.75µs
2025-10-28T15:12:00.506934Z DEBUG shrink:prove_shards:compute quotient values:compute quotient values for domain: close time.busy=3.38s time.idle=4.33µs
2025-10-28T15:12:00.537311Z DEBUG shrink:prove_shards:compute quotient values:compute quotient values for domain: close time.busy=3.41s time.idle=4.41µs
2025-10-28T15:12:00.543545Z DEBUG shrink:prove_shards:compute quotient values:compute quotient values for domain: close time.busy=3.41s time.idle=4.28µs
2025-10-28T15:12:00.578899Z DEBUG shrink:prove_shards:compute quotient values:compute quotient values for domain: close time.busy=3.45s time.idle=4.21µs
2025-10-28T15:12:00.728930Z DEBUG shrink:prove_shards:compute quotient values:compute quotient values for domain: close time.busy=3.60s time.idle=12.4µs
2025-10-28T15:12:03.030957Z DEBUG shrink:prove_shards:commit to quotient traces: close time.busy=2.24s time.idle=6.39µs
2025-10-28T15:12:03.031068Z DEBUG shrink:prove_shards:compute preprocessed opening points: close time.busy=54.0µs time.idle=3.47µs
2025-10-28T15:12:03.031165Z DEBUG shrink:prove_shards:compute main trace opening points: close time.busy=80.7µs time.idle=2.40µs
2025-10-28T15:12:03.031218Z DEBUG shrink:prove_shards:compute permutation trace opening points: close time.busy=37.3µs time.idle=2.30µs
2025-10-28T15:12:07.333247Z DEBUG shrink:prove_shards:open multi batches: close time.busy=4.30s time.idle=4.09µs
2025-10-28T15:12:07.376830Z DEBUG shrink:prove_shards:compute quotient values: close time.busy=3.60s time.idle=6.65s
2025-10-28T15:12:07.606195Z  INFO shrink:prove_shards: close time.busy=21.8s time.idle=9.12µs
2025-10-28T15:12:08.034905Z  INFO shrink: close time.busy=26.9s time.idle=5.57µs
2025-10-28T15:12:08.059912Z DEBUG wrap_bn254:build compress program:assert lookup multiplicities: close time.busy=7.10µs time.idle=5.54µs
2025-10-28T15:12:08.112013Z DEBUG wrap_bn254:build compress program:2adic pcs:verify shape and challenges: close time.busy=37.5ms time.idle=3.76µs
2025-10-28T15:12:08.244837Z DEBUG wrap_bn254:build compress program:2adic pcs:verify challenges: close time.busy=56.6ms time.idle=6.83µs
2025-10-28T15:12:08.244965Z DEBUG wrap_bn254:build compress program:2adic pcs: close time.busy=183ms time.idle=3.37µs
2025-10-28T15:12:08.246266Z DEBUG wrap_bn254:build compress program:verify constraints: close time.busy=1.27ms time.idle=4.53µs
2025-10-28T15:12:08.263835Z DEBUG wrap_bn254:build compress program: close time.busy=226ms time.idle=4.32µs
2025-10-28T15:12:08.546039Z DEBUG wrap_bn254:compile compress program:compile raw program: close time.busy=282ms time.idle=4.84µs
2025-10-28T15:12:08.571751Z DEBUG wrap_bn254:compile compress program:backfill mult: close time.busy=25.6ms time.idle=5.65µs
2025-10-28T15:12:08.571889Z DEBUG wrap_bn254:compile compress program:prepend constants: close time.busy=65.1µs time.idle=4.43µs
2025-10-28T15:12:08.571905Z DEBUG wrap_bn254:compile compress program: close time.busy=308ms time.idle=3.71µs
2025-10-28T15:12:08.637326Z DEBUG wrap_bn254: total events: 1016207
2025-10-28T15:12:08.637374Z DEBUG wrap_bn254:   base_alu_events: 423964
2025-10-28T15:12:08.637383Z DEBUG wrap_bn254:   batch_fri_events: 0
2025-10-28T15:12:08.637391Z DEBUG wrap_bn254:   commit_pv_hash_events: 1
2025-10-28T15:12:08.637398Z DEBUG wrap_bn254:   exp_reverse_bits_len_events: 0
2025-10-28T15:12:08.637405Z DEBUG wrap_bn254:   ext_alu_events: 232140
2025-10-28T15:12:08.637412Z DEBUG wrap_bn254:   fri_fold_events: 0
2025-10-28T15:12:08.637419Z DEBUG wrap_bn254:   mem_const_count: 65664
2025-10-28T15:12:08.637444Z DEBUG wrap_bn254:   mem_var_events: 165500
2025-10-28T15:12:08.637452Z DEBUG wrap_bn254:   poseidon2_events: 21186
2025-10-28T15:12:08.637459Z DEBUG wrap_bn254:   select_events: 107752
2025-10-28T15:12:08.637469Z DEBUG wrap_bn254: wrap program executed successfully
2025-10-28T15:12:08.645599Z DEBUG wrap_bn254:setup wrap:setup machine:generate preprocessed traces: generated preprocessed trace for chip PublicValues in 7.789758ms
2025-10-28T15:12:08.647484Z DEBUG wrap_bn254:setup wrap:setup machine:generate preprocessed traces: generated preprocessed trace for chip MemoryConst in 9.879232ms
2025-10-28T15:12:08.650983Z DEBUG wrap_bn254:setup wrap:setup machine:generate preprocessed traces: generated preprocessed trace for chip Select in 13.1908ms
2025-10-28T15:12:08.652680Z DEBUG wrap_bn254:setup wrap:setup machine:generate preprocessed traces: generated preprocessed trace for chip ExtAlu in 15.018383ms
2025-10-28T15:12:08.659900Z DEBUG wrap_bn254:setup wrap:setup machine:generate preprocessed traces: generated preprocessed trace for chip MemoryVar in 22.218827ms
2025-10-28T15:12:08.678499Z DEBUG wrap_bn254:setup wrap:setup machine:generate preprocessed traces: generated preprocessed trace for chip BaseAlu in 40.772234ms
2025-10-28T15:12:08.767070Z DEBUG wrap_bn254:setup wrap:setup machine:generate preprocessed traces: generated preprocessed trace for chip Poseidon2SkinnyDeg9 in 129.317648ms
2025-10-28T15:13:25.035300Z DEBUG wrap_bn254:setup wrap:setup machine:commit to preprocessed traces: close time.busy=76.2s time.idle=20.3µs
2025-10-28T15:13:25.035553Z DEBUG wrap_bn254:setup wrap:setup machine:generate preprocessed traces: close time.busy=130ms time.idle=76.3s
2025-10-28T15:13:25.035582Z DEBUG wrap_bn254:setup wrap:setup machine: close time.busy=76.4s time.idle=7.07µs
2025-10-28T15:13:25.035604Z DEBUG wrap_bn254:setup wrap: close time.busy=76.4s time.idle=13.2µs
2025-10-28T15:13:25.035740Z DEBUG wrap_bn254: wrap verifier key set
2025-10-28T15:13:25.035862Z DEBUG wrap_bn254:register nonces: close time.busy=1.59µs time.idle=4.09µs
2025-10-28T15:13:25.036385Z DEBUG wrap_bn254:prove_shards:generate traces for shard: generated trace for chip PublicValues in 31.869µs
2025-10-28T15:13:25.037000Z DEBUG wrap_bn254:prove_shards:generate traces for shard: generated trace for chip MemoryConst in 790.486µs
2025-10-28T15:13:25.039700Z DEBUG wrap_bn254:prove_shards:generate traces for shard: generated trace for chip Select in 3.344738ms
2025-10-28T15:13:25.046756Z DEBUG wrap_bn254:prove_shards:generate traces for shard: generated trace for chip MemoryVar in 10.522699ms
2025-10-28T15:13:25.050804Z DEBUG wrap_bn254:prove_shards:generate traces for shard: generated trace for chip BaseAlu in 14.504236ms
2025-10-28T15:13:25.051209Z DEBUG wrap_bn254:prove_shards:generate traces for shard: generated trace for chip ExtAlu in 14.930494ms
2025-10-28T15:13:25.163351Z DEBUG generate poseidon2 skinny trace: close time.busy=127ms time.idle=6.35µs rows=21186
2025-10-28T15:13:25.163411Z DEBUG wrap_bn254:prove_shards:generate traces for shard: generated trace for chip Poseidon2SkinnyDeg9 in 127.093334ms
2025-10-28T15:13:25.163670Z DEBUG wrap_bn254:prove_shards:generate traces for shard: close time.busy=128ms time.idle=3.29µs
2025-10-28T15:14:20.162604Z DEBUG wrap_bn254:prove_shards:generate permutation traces: close time.busy=642ms time.idle=11.1µs
2025-10-28T15:14:20.162789Z DEBUG wrap_bn254:prove_shards: Poseidon2SkinnyDeg9 | Main Cols = 28    | Pre Cols = 51     | Perm Cols = 12    | Rows = 262144 | Cells = 23855104  
2025-10-28T15:14:20.162804Z DEBUG wrap_bn254:prove_shards: BaseAlu         | Main Cols = 12    | Pre Cols = 32     | Perm Cols = 28    | Rows = 131072 | Cells = 9437184   
2025-10-28T15:14:20.162814Z DEBUG wrap_bn254:prove_shards: MemoryVar       | Main Cols = 8     | Pre Cols = 4      | Perm Cols = 8     | Rows = 131072 | Cells = 2621440   
2025-10-28T15:14:20.162822Z DEBUG wrap_bn254:prove_shards: Select          | Main Cols = 5     | Pre Cols = 8      | Perm Cols = 16    | Rows = 131072 | Cells = 3801088   
2025-10-28T15:14:20.162831Z DEBUG wrap_bn254:prove_shards: ExtAlu          | Main Cols = 48    | Pre Cols = 32     | Perm Cols = 28    | Rows = 65536 | Cells = 7077888   
2025-10-28T15:14:20.162840Z DEBUG wrap_bn254:prove_shards: MemoryConst     | Main Cols = 1     | Pre Cols = 12     | Perm Cols = 8     | Rows = 65536 | Cells = 1376256   
2025-10-28T15:14:20.162848Z DEBUG wrap_bn254:prove_shards: PublicValues    | Main Cols = 1     | Pre Cols = 10     | Perm Cols = 8     | Rows = 16    | Cells = 304       
2025-10-28T15:14:20.291211Z DEBUG wrap_bn254:prove_shards:flatten permutation traces and collect domains: close time.busy=128ms time.idle=5.09µs
2025-10-28T15:15:11.528913Z DEBUG wrap_bn254:prove_shards:commit to permutation traces: close time.busy=51.2s time.idle=8.94µs
2025-10-28T15:15:11.532892Z DEBUG wrap_bn254:prove_shards:compute quotient values:compute quotient values for domain: close time.busy=2.50ms time.idle=9.67µs
2025-10-28T15:15:12.282795Z DEBUG wrap_bn254:prove_shards:compute quotient values:compute quotient values for domain: close time.busy=752ms time.idle=16.8µs
2025-10-28T15:15:12.283722Z DEBUG wrap_bn254:prove_shards:compute quotient values:compute quotient values for domain: close time.busy=753ms time.idle=17.2µs
2025-10-28T15:15:12.285552Z DEBUG wrap_bn254:prove_shards:compute quotient values:compute quotient values for domain: close time.busy=755ms time.idle=12.7µs
2025-10-28T15:15:12.294217Z DEBUG wrap_bn254:prove_shards:compute quotient values:compute quotient values for domain: close time.busy=764ms time.idle=12.3µs
2025-10-28T15:15:12.941803Z DEBUG wrap_bn254:prove_shards:compute quotient values:compute quotient values for domain: close time.busy=1.41s time.idle=16.7µs
2025-10-28T15:15:20.199247Z DEBUG wrap_bn254:prove_shards:compute quotient values:compute quotient values for domain: close time.busy=8.67s time.idle=12.9µs
2025-10-28T15:16:14.907952Z DEBUG wrap_bn254:prove_shards:commit to quotient traces: close time.busy=54.5s time.idle=22.9µs
2025-10-28T15:16:14.908364Z DEBUG wrap_bn254:prove_shards:compute preprocessed opening points: close time.busy=24.2µs time.idle=4.11µs
2025-10-28T15:16:14.908467Z DEBUG wrap_bn254:prove_shards:compute main trace opening points: close time.busy=77.0µs time.idle=2.72µs
2025-10-28T15:16:14.908540Z DEBUG wrap_bn254:prove_shards:compute permutation trace opening points: close time.busy=55.1µs time.idle=2.47µs
2025-10-28T15:16:51.348515Z DEBUG wrap_bn254:prove_shards:open multi batches: close time.busy=36.4s time.idle=11.3µs
2025-10-28T15:16:51.561556Z DEBUG wrap_bn254:prove_shards:compute quotient values: close time.busy=8.67s time.idle=91.4s
2025-10-28T15:16:52.004401Z  INFO wrap_bn254:prove_shards: close time.busy=207s time.idle=7.99µs
2025-10-28T15:16:52.004516Z DEBUG wrap_bn254: wrap proving time: 206.968686693s
2025-10-28T15:16:52.364824Z DEBUG wrap_bn254:verify:verify shard proofs:verifying shard: close time.busy=360ms time.idle=3.42µs shard=0
2025-10-28T15:16:52.364898Z DEBUG wrap_bn254:verify:verify shard proofs: close time.busy=360ms time.idle=3.61µs
2025-10-28T15:16:52.364958Z DEBUG wrap_bn254:verify:verify global cumulative sum is 0: close time.busy=37.4µs time.idle=4.20µs
2025-10-28T15:16:52.364968Z  INFO wrap_bn254:verify: close time.busy=360ms time.idle=13.8µs
2025-10-28T15:16:52.364979Z DEBUG wrap_bn254: wrapping successful
2025-10-28T15:16:52.674595Z  INFO wrap_bn254: close time.busy=285s time.idle=4.57µs
[sp1] plonk circuit artifacts already seem to exist at /home/ubuntu/.sp1/circuits/plonk/v5.0.0. if you want to re-download them, delete the directory
2025-10-28T15:16:52.763854Z  INFO wrap_plonk_bn254: Running prove in docker
2025-10-28T15:27:31.316956Z  INFO wrap_plonk_bn254: Running verify in docker
2025-10-28T15:27:32.334254Z  INFO wrap_plonk_bn254: close time.busy=640s time.idle=4.54µs
	Command being timed: "cargo run --release -p pessimistic-proof-test-suite --bin ppgen_sabv_lmtr4 -- --n-exits 2 --validator-nodes 3 --proof-dir /home/ubuntu/thanhhuyen/proofs/v4"
	User time (seconds): 11655.37
	System time (seconds): 324.34
	Percent of CPU this job got: 740%
	Elapsed (wall clock) time (h:mm:ss or m:ss): 26:58.00
	Average shared text size (kbytes): 0
	Average unshared data size (kbytes): 0
	Average stack size (kbytes): 0
	Average total size (kbytes): 0
	Maximum resident set size (kbytes): 15436820
	Average resident set size (kbytes): 0
	Major (requiring I/O) page faults: 0
	Minor (reclaiming a frame) page faults: 49259321
	Voluntary context switches: 1081861
	Involuntary context switches: 637708
	Swaps: 0
	File system inputs: 0
	File system outputs: 4104
	Socket messages sent: 0
	Socket messages received: 0
	Signals delivered: 0
	Page size (bytes): 4096
	Exit status: 0
=== DONE N=2 ===
