\n=== RUN N=5 @ 20251028_152741 ===
warning: unused import: `keccak::Keccak256Hasher`
 --> crates/pessimistic-proof-core/src/sabv2.rs:2:35
  |
2 | use agglayer_primitives::{Digest, keccak::Keccak256Hasher};
  |                                   ^^^^^^^^^^^^^^^^^^^^^^^
  |
  = note: `#[warn(unused_imports)]` on by default

warning: unused import: `keccak::Keccak256Hasher`
 --> crates/pessimistic-proof-core/src/lmtr2.rs:2:35
  |
2 | use agglayer_primitives::{Digest, keccak::Keccak256Hasher};
  |                                   ^^^^^^^^^^^^^^^^^^^^^^^

warning: unused import: `keccak::Keccak256Hasher`
 --> crates/pessimistic-proof-core/src/sabv3.rs:2:35
  |
2 | use agglayer_primitives::{Digest, keccak::Keccak256Hasher};
  |                                   ^^^^^^^^^^^^^^^^^^^^^^^

warning: unused import: `keccak::Keccak256Hasher`
 --> crates/pessimistic-proof-core/src/lmtr3.rs:2:35
  |
2 | use agglayer_primitives::{Digest, keccak::Keccak256Hasher};
  |                                   ^^^^^^^^^^^^^^^^^^^^^^^

warning: unused import: `keccak::Keccak256Hasher`
 --> crates/pessimistic-proof-core/src/sabv4.rs:2:35
  |
2 | use agglayer_primitives::{Digest, keccak::Keccak256Hasher};
  |                                   ^^^^^^^^^^^^^^^^^^^^^^^

warning: unused import: `keccak::Keccak256Hasher`
 --> crates/pessimistic-proof-core/src/lmtr4.rs:2:35
  |
2 | use agglayer_primitives::{Digest, keccak::Keccak256Hasher};
  |                                   ^^^^^^^^^^^^^^^^^^^^^^^

warning: unused imports: `BridgeExit`, `ImportedBridgeExit`, `NetworkId`, and `TokenInfo`
   --> crates/pessimistic-proof-core/src/lmtr4.rs:245:30
    |
245 |         use unified_bridge::{BridgeExit, ImportedBridgeExit, NetworkId, TokenInfo};
    |                              ^^^^^^^^^^  ^^^^^^^^^^^^^^^^^^  ^^^^^^^^^  ^^^^^^^^^

warning: unused import: `agglayer_primitives::U256`
   --> crates/pessimistic-proof-core/src/lmtr4.rs:247:13
    |
247 |         use agglayer_primitives::U256;
    |             ^^^^^^^^^^^^^^^^^^^^^^^^^

warning: unused import: `crate::nullifier_tree::NullifierPath`
   --> crates/pessimistic-proof-core/src/lmtr4.rs:248:13
    |
248 |         use crate::nullifier_tree::NullifierPath;
    |             ^^^^^^^^^^^^^^^^^^^^^^^^^^^^^^^^^^^^

warning: unused import: `crate::local_balance_tree::LocalBalancePath`
   --> crates/pessimistic-proof-core/src/lmtr4.rs:249:13
    |
249 |         use crate::local_balance_tree::LocalBalancePath;
    |             ^^^^^^^^^^^^^^^^^^^^^^^^^^^^^^^^^^^^^^^^^^^

warning: unused import: `crate::aggchain_proof::AggchainData`
   --> crates/pessimistic-proof-core/src/lmtr4.rs:250:13
    |
250 |         use crate::aggchain_proof::AggchainData;
    |             ^^^^^^^^^^^^^^^^^^^^^^^^^^^^^^^^^^^

warning: unused variable: `branching_factor`
  --> crates/pessimistic-proof-core/src/lmtr.rs:31:9
   |
31 |         branching_factor: usize,
   |         ^^^^^^^^^^^^^^^^ help: if this is intentional, prefix it with an underscore: `_branching_factor`
   |
   = note: `#[warn(unused_variables)]` on by default

warning: unused variable: `block`
  --> crates/pessimistic-proof-core/src/sabv2.rs:72:13
   |
72 |         for block in blocks {
   |             ^^^^^ help: if this is intentional, prefix it with an underscore: `_block`

warning: unused variable: `consensus_result`
  --> crates/pessimistic-proof-core/src/sabv2.rs:79:13
   |
79 |         let consensus_result = self.run_consensus_mechanism(blocks, validator_nodes)?;
   |             ^^^^^^^^^^^^^^^^ help: if this is intentional, prefix it with an underscore: `_consensus_result`

warning: unused variable: `global_root`
  --> crates/pessimistic-proof-core/src/sabv2.rs:63:9
   |
63 |         global_root: &agglayer_primitives::Digest,
   |         ^^^^^^^^^^^ help: if this is intentional, prefix it with an underscore: `_global_root`

warning: unused variable: `computed_hash`
   --> crates/pessimistic-proof-core/src/sabv2.rs:136:13
    |
136 |         let computed_hash = Keccak256::digest(&block_data);
    |             ^^^^^^^^^^^^^ help: if this is intentional, prefix it with an underscore: `_computed_hash`

warning: unused variable: `declared_hash`
   --> crates/pessimistic-proof-core/src/sabv2.rs:139:13
    |
139 |         let declared_hash = self.get_block_declared_hash(block)?;
    |             ^^^^^^^^^^^^^ help: if this is intentional, prefix it with an underscore: `_declared_hash`

warning: unused variable: `block`
   --> crates/pessimistic-proof-core/src/sabv2.rs:229:32
    |
229 |     fn get_block_height(&self, block: &crate::multi_batch_header::MultiBatchHeader<agglayer_primitives::keccak::Keccak256Hasher>) -> Resu...
    |                                ^^^^^ help: if this is intentional, prefix it with an underscore: `_block`

warning: unused variable: `block`
   --> crates/pessimistic-proof-core/src/sabv2.rs:241:39
    |
241 |     fn get_block_declared_hash(&self, block: &crate::multi_batch_header::MultiBatchHeader<agglayer_primitives::keccak::Keccak256Hasher>) ...
    |                                       ^^^^^ help: if this is intentional, prefix it with an underscore: `_block`

warning: unused variable: `block`
   --> crates/pessimistic-proof-core/src/sabv2.rs:247:32
    |
247 |     fn get_block_signer(&self, block: &crate::multi_batch_header::MultiBatchHeader<agglayer_primitives::keccak::Keccak256Hasher>) -> Resu...
    |                                ^^^^^ help: if this is intentional, prefix it with an underscore: `_block`

warning: unused variable: `block`
   --> crates/pessimistic-proof-core/src/sabv2.rs:257:35
    |
257 |     fn get_block_signature(&self, block: &crate::multi_batch_header::MultiBatchHeader<agglayer_primitives::keccak::Keccak256Hasher>) -> R...
    |                                   ^^^^^ help: if this is intentional, prefix it with an underscore: `_block`

warning: unused variable: `hash`
   --> crates/pessimistic-proof-core/src/sabv2.rs:274:13
    |
274 |         let hash = Keccak256::digest(&block_data);
    |             ^^^^ help: if this is intentional, prefix it with an underscore: `_hash`

warning: unused variable: `block`
   --> crates/pessimistic-proof-core/src/sabv2.rs:295:35
    |
295 |     fn estimate_block_size(&self, block: &crate::multi_batch_header::MultiBatchHeader<agglayer_primitives::keccak::Keccak256Hasher>) -> R...
    |                                   ^^^^^ help: if this is intentional, prefix it with an underscore: `_block`

warning: unused variable: `i`
   --> crates/pessimistic-proof-core/src/lmtr2.rs:144:14
    |
144 |         for (i, block) in blocks.iter().enumerate() {
    |              ^ help: if this is intentional, prefix it with an underscore: `_i`

warning: unused variable: `leaf_hash`
   --> crates/pessimistic-proof-core/src/lmtr2.rs:146:17
    |
146 |             let leaf_hash = Keccak256::digest(&block_data);
    |                 ^^^^^^^^^ help: if this is intentional, prefix it with an underscore: `_leaf_hash`

warning: unused variable: `current_efficiency`
   --> crates/pessimistic-proof-core/src/lmtr2.rs:179:13
    |
179 |         let current_efficiency = self.calculate_tree_efficiency(num_blocks, branching_factor)?;
    |             ^^^^^^^^^^^^^^^^^^ help: if this is intentional, prefix it with an underscore: `_current_efficiency`

warning: unused variable: `new_hash`
   --> crates/pessimistic-proof-core/src/lmtr2.rs:229:21
    |
229 |                 let new_hash = Keccak256::digest(&optimized_data);
    |                     ^^^^^^^^ help: if this is intentional, prefix it with an underscore: `_new_hash`

warning: unused variable: `optimal_config`
   --> crates/pessimistic-proof-core/src/lmtr2.rs:217:9
    |
217 |         optimal_config: &OptimalConfig,
    |         ^^^^^^^^^^^^^^ help: if this is intentional, prefix it with an underscore: `_optimal_config`

warning: unused variable: `parent_hash`
   --> crates/pessimistic-proof-core/src/lmtr2.rs:312:21
    |
312 |                 let parent_hash = Keccak256::digest(&parent_data);
    |                     ^^^^^^^^^^^ help: if this is intentional, prefix it with an underscore: `_parent_hash`

warning: unused variable: `tree`
   --> crates/pessimistic-proof-core/src/lmtr2.rs:399:136
    |
399 | ...ves::keccak::Keccak256Hasher>, tree: &MerkleTree) -> Result<crate::multi_batch_header::MultiBatchHeader<agglayer_primitives::keccak::K...
    |                                   ^^^^ help: if this is intentional, prefix it with an underscore: `_tree`

warning: unused variable: `j_star`
   --> crates/pessimistic-proof-core/src/sabv3.rs:305:9
    |
305 |         j_star: usize,
    |         ^^^^^^ help: if this is intentional, prefix it with an underscore: `_j_star`

warning: unused variable: `j_star`
   --> crates/pessimistic-proof-core/src/sabv4.rs:496:9
    |
496 |         j_star: usize,
    |         ^^^^^^ help: if this is intentional, prefix it with an underscore: `_j_star`

warning: unused variable: `expected_root`
   --> crates/pessimistic-proof-core/src/sabv4.rs:603:72
    |
603 | ...mputed_root: &Digest, expected_root: &agglayer_primitives::Digest, signature: &agglayer_primitives::Signature, signer: &agglayer_primi...
    |                          ^^^^^^^^^^^^^ help: if this is intentional, prefix it with an underscore: `_expected_root`

warning: unused variable: `expected_bytes`
   --> crates/pessimistic-proof-core/src/sabv4.rs:744:56
    |
744 |     fn verify_hash_chain(&self, computed_bytes: &[u8], expected_bytes: &[u8]) -> Result<bool, ProofError> {
    |                                                        ^^^^^^^^^^^^^^ help: if this is intentional, prefix it with an underscore: `_expected_bytes`

warning: field `config` is never read
  --> crates/pessimistic-proof-core/src/sabv.rs:13:5
   |
12 | pub struct SabvAlgorithm {
   |            ------------- field in this struct
13 |     config: SabvConfig,
   |     ^^^^^^
   |
   = note: `SabvAlgorithm` has derived impls for the traits `Clone` and `Debug`, but these are intentionally ignored during dead code analysis
   = note: `#[warn(dead_code)]` on by default

warning: field `config` is never read
  --> crates/pessimistic-proof-core/src/lmtr.rs:12:5
   |
11 | pub struct LmtrAlgorithm {
   |            ------------- field in this struct
12 |     config: LmtrConfig,
   |     ^^^^^^
   |
   = note: `LmtrAlgorithm` has derived impls for the traits `Clone` and `Debug`, but these are intentionally ignored during dead code analysis

warning: fields `config` and `consensus_messages` are never read
  --> crates/pessimistic-proof-core/src/sabv2.rs:34:5
   |
33 | pub struct Sabv2Algorithm {
   |            -------------- fields in this struct
34 |     config: Sabv2Config,
   |     ^^^^^^
35 |     validators: Vec<ValidatorNode>,
36 |     consensus_messages: HashMap<Digest, Vec<ConsensusMessage>>,
   |     ^^^^^^^^^^^^^^^^^^
   |
   = note: `Sabv2Algorithm` has derived impls for the traits `Clone` and `Debug`, but these are intentionally ignored during dead code analysis

warning: multiple methods are never used
   --> crates/pessimistic-proof-core/src/sabv2.rs:89:8
    |
 39 | impl Sabv2Algorithm {
    | ------------------- methods in this implementation
...
 89 |     fn validate_block_cryptography(
    |        ^^^^^^^^^^^^^^^^^^^^^^^^^^^
...
112 |     fn verify_merkle_tree_structure(
    |        ^^^^^^^^^^^^^^^^^^^^^^^^^^^^
...
130 |     fn verify_hash_integrity(
    |        ^^^^^^^^^^^^^^^^^^^^^
...
149 |     fn verify_signature_validity(
    |        ^^^^^^^^^^^^^^^^^^^^^^^^^
...
204 |     fn verify_consensus_threshold(
    |        ^^^^^^^^^^^^^^^^^^^^^^^^^^
...
222 |     fn calculate_optimal_height(&self, block: &crate::multi_batch_header::MultiBatchHeader<agglayer_primitives::keccak::Keccak256Hasher>)...
    |        ^^^^^^^^^^^^^^^^^^^^^^^^
...
229 |     fn get_block_height(&self, block: &crate::multi_batch_header::MultiBatchHeader<agglayer_primitives::keccak::Keccak256Hasher>) -> Resu...
    |        ^^^^^^^^^^^^^^^^
...
241 |     fn get_block_declared_hash(&self, block: &crate::multi_batch_header::MultiBatchHeader<agglayer_primitives::keccak::Keccak256Hasher>) ...
    |        ^^^^^^^^^^^^^^^^^^^^^^^
...
247 |     fn get_block_signer(&self, block: &crate::multi_batch_header::MultiBatchHeader<agglayer_primitives::keccak::Keccak256Hasher>) -> Resu...
    |        ^^^^^^^^^^^^^^^^
...
252 |     fn get_block_message(&self, block: &crate::multi_batch_header::MultiBatchHeader<agglayer_primitives::keccak::Keccak256Hasher>) -> Res...
    |        ^^^^^^^^^^^^^^^^^
...
257 |     fn get_block_signature(&self, block: &crate::multi_batch_header::MultiBatchHeader<agglayer_primitives::keccak::Keccak256Hasher>) -> R...
    |        ^^^^^^^^^^^^^^^^^^^
...
262 |     fn compute_expected_signature(&self, signer: &str, message: &[u8]) -> Result<String, ProofError> {
    |        ^^^^^^^^^^^^^^^^^^^^^^^^^^
...
295 |     fn estimate_block_size(&self, block: &crate::multi_batch_header::MultiBatchHeader<agglayer_primitives::keccak::Keccak256Hasher>) -> R...
    |        ^^^^^^^^^^^^^^^^^^^

warning: field `tree_cache` is never read
  --> crates/pessimistic-proof-core/src/lmtr2.rs:53:5
   |
51 | pub struct Lmtr2Algorithm {
   |            -------------- field in this struct
52 |     config: Lmtr2Config,
53 |     tree_cache: HashMap<Digest, MerkleTree>,
   |     ^^^^^^^^^^
   |
   = note: `Lmtr2Algorithm` has derived impls for the traits `Clone` and `Debug`, but these are intentionally ignored during dead code analysis

warning: fields `branching_factor` and `rebalancing_cost` are never read
   --> crates/pessimistic-proof-core/src/lmtr2.rs:415:5
    |
413 | struct OptimalConfig {
    |        ------------- fields in this struct
414 |     optimal_height: usize,
415 |     branching_factor: usize,
    |     ^^^^^^^^^^^^^^^^
416 |     expected_efficiency: f64,
417 |     rebalancing_cost: u64,
    |     ^^^^^^^^^^^^^^^^
    |
    = note: `OptimalConfig` has derived impls for the traits `Clone` and `Debug`, but these are intentionally ignored during dead code analysis

warning: field `validators` is never read
  --> crates/pessimistic-proof-core/src/sabv3.rs:41:5
   |
39 | pub struct Sabv3Algorithm {
   |            -------------- field in this struct
40 |     config: Sabv3Config,
41 |     validators: Vec<ValidatorNode>,
   |     ^^^^^^^^^^
   |
   = note: `Sabv3Algorithm` has derived impls for the traits `Clone` and `Debug`, but these are intentionally ignored during dead code analysis

warning: methods `construct_local_cc_mbmt`, `compute_shard_hash`, `build_merkle_tree`, and `calculate_tree_height` are never used
   --> crates/pessimistic-proof-core/src/sabv3.rs:302:8
    |
 44 | impl Sabv3Algorithm {
    | ------------------- methods in this implementation
...
302 |     fn construct_local_cc_mbmt(
    |        ^^^^^^^^^^^^^^^^^^^^^^^
...
441 |     fn compute_shard_hash(&self, blocks: &[crate::multi_batch_header::MultiBatchHeader<agglayer_primitives::keccak::Keccak256Hasher>]) ->...
    |        ^^^^^^^^^^^^^^^^^^
...
459 |     fn build_merkle_tree(&self, blocks: &[crate::multi_batch_header::MultiBatchHeader<agglayer_primitives::keccak::Keccak256Hasher>], b: ...
    |        ^^^^^^^^^^^^^^^^^
...
526 |     fn calculate_tree_height(&self, num_blocks: usize, b: usize) -> usize {
    |        ^^^^^^^^^^^^^^^^^^^^^

warning: struct `BlockchainMerkleProof` is never constructed
  --> crates/pessimistic-proof-core/src/sabv4.rs:38:8
   |
38 | struct BlockchainMerkleProof {
   |        ^^^^^^^^^^^^^^^^^^^^^

warning: fields `shard_index` and `round` are never read
  --> crates/pessimistic-proof-core/src/sabv4.rs:50:9
   |
47 | struct MPCShareMessage {
   |        --------------- fields in this struct
...
50 |     pub shard_index: usize,
   |         ^^^^^^^^^^^
51 |     pub share: (f64, f64), // (x, y) = share point
52 |     pub round: u64,
   |         ^^^^^
   |
   = note: `MPCShareMessage` has derived impls for the traits `Clone` and `Debug`, but these are intentionally ignored during dead code analysis

warning: field `consensus_reached` is never read
  --> crates/pessimistic-proof-core/src/sabv4.rs:60:9
   |
57 | struct MPCNetworkState {
   |        --------------- field in this struct
...
60 |     pub consensus_reached: bool,
   |         ^^^^^^^^^^^^^^^^^
   |
   = note: `MPCNetworkState` has a derived impl for the trait `Debug`, but this is intentionally ignored during dead code analysis

warning: field `validators` is never read
  --> crates/pessimistic-proof-core/src/sabv4.rs:67:5
   |
65 | pub struct Sabv4Algorithm {
   |            -------------- field in this struct
66 |     config: Sabv4Config,
67 |     validators: Vec<ValidatorNode>,
   |     ^^^^^^^^^^
   |
   = note: `Sabv4Algorithm` has a derived impl for the trait `Debug`, but this is intentionally ignored during dead code analysis

warning: multiple methods are never used
    --> crates/pessimistic-proof-core/src/sabv4.rs:493:8
     |
  71 | impl Sabv4Algorithm {
     | ------------------- methods in this implementation
...
 493 |     fn construct_local_cc_mbmt(
     |        ^^^^^^^^^^^^^^^^^^^^^^^
...
 564 |     fn verify_integrity_with_blocks(&self, computed_root: &Digest, expected_root: &agglayer_primitives::Digest, blocks: &[crate::multi_ba...
     |        ^^^^^^^^^^^^^^^^^^^^^^^^^^^^
...
 603 |     fn verify_blockchain_signature_real(&self, computed_root: &Digest, expected_root: &agglayer_primitives::Digest, signature: &agglayer_...
     |        ^^^^^^^^^^^^^^^^^^^^^^^^^^^^^^^^
...
 618 |     fn extract_blockchain_public_key(&self, computed_bytes: &[u8]) -> Result<Vec<u8>, ProofError> {
     |        ^^^^^^^^^^^^^^^^^^^^^^^^^^^^^
...
 629 |     fn validate_blockchain_signature(&self, signature: &[u8], public_key: &[u8]) -> Result<bool, ProofError> {
     |        ^^^^^^^^^^^^^^^^^^^^^^^^^^^^^
...
 648 |     fn verify_merkle_proof(&self, computed_root: &Digest, expected_root: &agglayer_primitives::Digest) -> Result<bool, ProofError> {
     |        ^^^^^^^^^^^^^^^^^^^
...
 682 |     fn extract_blockchain_merkle_proof(&self, computed_root: &Digest, expected_root: &agglayer_primitives::Digest) -> Result<BlockchainMe...
     |        ^^^^^^^^^^^^^^^^^^^^^^^^^^^^^^^
...
 717 |     fn validate_blockchain_proof(&self, proof: &BlockchainMerkleProof) -> Result<bool, ProofError> {
     |        ^^^^^^^^^^^^^^^^^^^^^^^^^
...
 744 |     fn verify_hash_chain(&self, computed_bytes: &[u8], expected_bytes: &[u8]) -> Result<bool, ProofError> {
     |        ^^^^^^^^^^^^^^^^^
...
 772 |     fn verify_timestamp_freshness(&self) -> Result<bool, ProofError> {
     |        ^^^^^^^^^^^^^^^^^^^^^^^^^^
...
 784 |     fn verify_nonce_uniqueness(&self, computed_bytes: &[u8], expected_bytes: &[u8]) -> Result<bool, ProofError> {
     |        ^^^^^^^^^^^^^^^^^^^^^^^
...
 814 |     fn verify_zero_knowledge_proof(&self, computed_root: &Digest, expected_root: &agglayer_primitives::Digest) -> Result<bool, ProofError> {
     |        ^^^^^^^^^^^^^^^^^^^^^^^^^^^
...
 853 |     fn calculate_signature_strength(&self, signature_bytes: &[u8]) -> f64 {
     |        ^^^^^^^^^^^^^^^^^^^^^^^^^^^^
...
 950 |     fn calculate_entropy(&self, data: &[u8]) -> f64 {
     |        ^^^^^^^^^^^^^^^^^
...
 970 |     fn compute_shard_hash(&self, blocks: &[crate::multi_batch_header::MultiBatchHeader<agglayer_primitives::keccak::Keccak256Hasher>]) ->...
     |        ^^^^^^^^^^^^^^^^^^
...
1037 |     fn build_merkle_tree(&self, blocks: &[crate::multi_batch_header::MultiBatchHeader<agglayer_primitives::keccak::Keccak256Hasher>], b: ...
     |        ^^^^^^^^^^^^^^^^^
...
1104 |     fn calculate_tree_height(&self, num_blocks: usize, b: usize) -> usize {
     |        ^^^^^^^^^^^^^^^^^^^^^
...
1113 |     fn compute_root_from_blocks(
     |        ^^^^^^^^^^^^^^^^^^^^^^^^

warning: method `reconstruct_block_from_bytes` is never used
   --> crates/pessimistic-proof-core/src/lmtr4.rs:241:8
    |
 27 | impl Lmtr4Algorithm {
    | ------------------- method in this implementation
...
241 |     fn reconstruct_block_from_bytes(&self, bytes: &[u8]) -> Result<crate::multi_batch_header::MultiBatchHeader<agglayer_primitives::kecca...
    |        ^^^^^^^^^^^^^^^^^^^^^^^^^^^^

warning: `pessimistic-proof-core` (lib) generated 48 warnings (run `cargo fix --lib -p pessimistic-proof-core` to apply 11 suggestions)
warning: unused variable: `vk`
   --> crates/pessimistic-proof-test-suite/src/bin/ppgen_sabv_lmtr4.rs:184:24
    |
184 |             Ok((proof, vk, new_roots)) => {
    |                        ^^ help: if this is intentional, prefix it with an underscore: `_vk`
    |
    = note: `#[warn(unused_variables)]` on by default

warning: unused variable: `new_roots`
   --> crates/pessimistic-proof-test-suite/src/bin/ppgen_sabv_lmtr4.rs:184:28
    |
184 |             Ok((proof, vk, new_roots)) => {
    |                            ^^^^^^^^^ help: if this is intentional, prefix it with an underscore: `_new_roots`

warning: `pessimistic-proof-test-suite` (bin "ppgen_sabv_lmtr4") generated 2 warnings
    Finished `release` profile [optimized] target(s) in 1.15s
     Running `target/release/ppgen_sabv_lmtr4 --n-exits 5 --validator-nodes 3 --proof-dir /home/ubuntu/thanhhuyen/proofs/v4`
🔍 SABV4: Starting Algorithm 1 - Verify Aggregated Blocks Integrity
   Input: N=1 blocks, branching_factor=3, validators=3
📊 SABV4: Calculated j* = 1 with variance = 179769313486231570814527423731704356798070567525844996598917476803157260780028538760589558632766878171540458953514382464234321326889464182768467546703537516986049910576551282076245490090389328944075868508455133942304583236903222948165808559332123348274797826204144723168738177180919299881250404026184124858368.0000
✅ Step 1: Optimal sharding size j* = 1 (shard_size = 3^1 = 3)
📦 SABV4: Created 1 shards (0 full + 1 remainder)
✅ Step 2: Partitioned 1 blocks into 1 shards (shard_size = 3)
📡 SABV4: REAL MPC Network - 3 validators broadcast shares, 3 received sufficient shares
🔐 SABV4: REAL Shamir secret sharing - Secret: 0.780414, Reconstructed: 0.780414, Match: true
   Polynomial degree: 2, Shares: 3, Threshold: 3/3
   Validator 2 assigned with share value: -7.371229
✅ Step 3: Secret sharing applied (threshold k=3/3)
📊 Step 4: Rebalancing shards with LMTR4 (Algorithm 2)...
🔧 LMTR4: Starting Algorithm 2 rebalancing for 1 blocks
📊 LMTR4: Initial state - Ni = 1, b = 3, htarget = 4
🔄 LMTR4: Fixed branch imbalance by appending last block - Ni = 2
🔄 LMTR4: Fixed branch imbalance by appending last block - Ni = 3
📊 LMTR4: Height adjustment - Current height = 2, Target = 4
⬆️ LMTR4: Added block to increase height - Ni = 4, height = 2
📊 LMTR4: Height adjustment - Current height = 3, Target = 4
⬆️ LMTR4: Added block to increase height - Ni = 5, height = 3
📊 LMTR4: Height adjustment - Current height = 3, Target = 4
⬆️ LMTR4: Added block to increase height - Ni = 6, height = 3
📊 LMTR4: Height adjustment - Current height = 3, Target = 4
⬆️ LMTR4: Added block to increase height - Ni = 7, height = 3
📊 LMTR4: Height adjustment - Current height = 3, Target = 4
⬆️ LMTR4: Added block to increase height - Ni = 8, height = 3
📊 LMTR4: Height adjustment - Current height = 3, Target = 4
⬆️ LMTR4: Added block to increase height - Ni = 9, height = 3
📊 LMTR4: Height adjustment - Current height = 3, Target = 4
⬆️ LMTR4: Added block to increase height - Ni = 10, height = 3
✅ LMTR4: Rebalancing complete - Final Ni = 10, height = 4
   ✅ Shard 0 (validator 2) - 1 → 10 blocks, height=4
🌳 Step 5a: Building REAL Local CC-MBMT from rebalanced blocks...
   ✅ Validator 2 built REAL local CC-MBMT (shard 0) - 10 blocks → tree height=4
🔗 SABV4: Merged 1 local CC-MBMTs into global CC-MBMT using REAL tree structure
✅ Step 5b: Merged 1 local CC-MBMTs into global root r
✅ Step 6: Computed alternative root r' using SAME Merkle tree method as Step 5a
   Using 10 rebalanced blocks, tree height=4
🔐 Step 7: Verifying integrity...
   r  (from merged trees):     da7b0e0805e75bfaf0adc27700be0fdef81fc6747d8a0278b7a7334732eb88a3
   r' (from all blocks):       da7b0e0805e75bfaf0adc27700be0fdef81fc6747d8a0278b7a7334732eb88a3
   R  (global_root expected): 99f1186955dad4a8fb2dbc75d9e4d883ba6b6821adda18024f7bd999fec741e1
   r == r'? true
✅ SABV4: Verification PASSED - Algorithm executed correctly
   ✅ r == r' (no tampering detected, root consistency verified)
   ✅ Algorithm integrity: SABV4 + LMTR4 working as designed
📝 Note: Blockchain signature verification delegated to SP1 proving
🔧 LMTR4: Starting Algorithm 2 rebalancing for 1 blocks
📊 LMTR4: Initial state - Ni = 1, b = 3, htarget = 4
🔄 LMTR4: Fixed branch imbalance by appending last block - Ni = 2
🔄 LMTR4: Fixed branch imbalance by appending last block - Ni = 3
📊 LMTR4: Height adjustment - Current height = 2, Target = 4
⬆️ LMTR4: Added block to increase height - Ni = 4, height = 2
📊 LMTR4: Height adjustment - Current height = 3, Target = 4
⬆️ LMTR4: Added block to increase height - Ni = 5, height = 3
📊 LMTR4: Height adjustment - Current height = 3, Target = 4
⬆️ LMTR4: Added block to increase height - Ni = 6, height = 3
📊 LMTR4: Height adjustment - Current height = 3, Target = 4
⬆️ LMTR4: Added block to increase height - Ni = 7, height = 3
📊 LMTR4: Height adjustment - Current height = 3, Target = 4
⬆️ LMTR4: Added block to increase height - Ni = 8, height = 3
📊 LMTR4: Height adjustment - Current height = 3, Target = 4
⬆️ LMTR4: Added block to increase height - Ni = 9, height = 3
📊 LMTR4: Height adjustment - Current height = 3, Target = 4
⬆️ LMTR4: Added block to increase height - Ni = 10, height = 3
✅ LMTR4: Rebalancing complete - Final Ni = 10, height = 4
2025-10-28T15:27:42.985983Z DEBUG initialize prover: chip Cpu has 11 byte interactions
2025-10-28T15:27:42.986315Z DEBUG initialize prover: chip Program has 0 byte interactions
2025-10-28T15:27:42.986561Z DEBUG initialize prover: chip ShaExtend has 60 byte interactions
2025-10-28T15:27:42.987017Z DEBUG initialize prover: chip ShaCompress has 112 byte interactions
2025-10-28T15:27:42.994583Z DEBUG initialize prover: chip EdAddAssign has 818 byte interactions
2025-10-28T15:27:43.012267Z DEBUG initialize prover: chip EdDecompress has 710 byte interactions
2025-10-28T15:27:43.020568Z DEBUG initialize prover: chip Secp256k1Decompress has 616 byte interactions
2025-10-28T15:27:43.032021Z DEBUG initialize prover: chip Secp256k1AddAssign has 1006 byte interactions
2025-10-28T15:27:43.054786Z DEBUG initialize prover: chip Secp256k1DoubleAssign has 1068 byte interactions
2025-10-28T15:27:43.075958Z DEBUG initialize prover: chip Secp256r1Decompress has 616 byte interactions
2025-10-28T15:27:43.094023Z DEBUG initialize prover: chip Secp256r1AddAssign has 1006 byte interactions
2025-10-28T15:27:43.119967Z DEBUG initialize prover: chip Secp256r1DoubleAssign has 1068 byte interactions
2025-10-28T15:27:43.144321Z DEBUG initialize prover: chip KeccakPermute has 200 byte interactions
2025-10-28T15:27:43.169962Z DEBUG initialize prover: chip Bn254AddAssign has 1006 byte interactions
2025-10-28T15:27:43.194279Z DEBUG initialize prover: chip Bn254DoubleAssign has 1068 byte interactions
2025-10-28T15:27:43.229699Z DEBUG initialize prover: chip Bls12381AddAssign has 1518 byte interactions
2025-10-28T15:27:43.267525Z DEBUG initialize prover: chip Bls12381DoubleAssign has 1612 byte interactions
2025-10-28T15:27:43.296239Z DEBUG initialize prover: chip Uint256MulMod has 145 byte interactions
2025-10-28T15:27:43.304768Z DEBUG initialize prover: chip U256XU2048Mul has 1060 byte interactions
2025-10-28T15:27:43.319746Z DEBUG initialize prover: chip Bls12381FpOpAssign has 191 byte interactions
2025-10-28T15:27:43.326911Z DEBUG initialize prover: chip Bls12381Fp2AddSubAssign has 382 byte interactions
2025-10-28T15:27:43.339542Z DEBUG initialize prover: chip Bls12381Fp2MulAssign has 950 byte interactions
2025-10-28T15:27:43.358328Z DEBUG initialize prover: chip Bn254FpOpAssign has 127 byte interactions
2025-10-28T15:27:43.362792Z DEBUG initialize prover: chip Bn254Fp2AddSubAssign has 254 byte interactions
2025-10-28T15:27:43.369696Z DEBUG initialize prover: chip Bn254Fp2MulAssign has 630 byte interactions
2025-10-28T15:27:43.382805Z DEBUG initialize prover: chip Bls12381Decompress has 930 byte interactions
2025-10-28T15:27:43.402323Z DEBUG initialize prover: chip SyscallCore has 0 byte interactions
2025-10-28T15:27:43.402420Z DEBUG initialize prover: chip SyscallPrecompile has 0 byte interactions
2025-10-28T15:27:43.402618Z DEBUG initialize prover: chip DivRem has 11 byte interactions
2025-10-28T15:27:43.402769Z DEBUG initialize prover: chip AddSub has 6 byte interactions
2025-10-28T15:27:43.402833Z DEBUG initialize prover: chip Bitwise has 4 byte interactions
2025-10-28T15:27:43.402896Z DEBUG initialize prover: chip Mul has 14 byte interactions
2025-10-28T15:27:43.403009Z DEBUG initialize prover: chip ShiftRight has 25 byte interactions
2025-10-28T15:27:43.403141Z DEBUG initialize prover: chip ShiftLeft has 4 byte interactions
2025-10-28T15:27:43.403242Z DEBUG initialize prover: chip Lt has 3 byte interactions
2025-10-28T15:27:43.403488Z DEBUG initialize prover: chip MemoryInstrs has 7 byte interactions
2025-10-28T15:27:43.403608Z DEBUG initialize prover: chip Auipc has 1 byte interactions
2025-10-28T15:27:43.403703Z DEBUG initialize prover: chip Branch has 2 byte interactions
2025-10-28T15:27:43.403780Z DEBUG initialize prover: chip Jump has 3 byte interactions
2025-10-28T15:27:43.403884Z DEBUG initialize prover: chip SyscallInstrs has 3 byte interactions
2025-10-28T15:27:43.404104Z DEBUG initialize prover: chip MemoryGlobalInit has 0 byte interactions
2025-10-28T15:27:43.404484Z DEBUG initialize prover: chip MemoryGlobalFinalize has 0 byte interactions
2025-10-28T15:27:43.404728Z DEBUG initialize prover: chip MemoryLocal has 0 byte interactions
2025-10-28T15:27:43.405159Z DEBUG initialize prover: chip Global has 1 byte interactions
2025-10-28T15:27:43.405814Z DEBUG initialize prover: chip Byte has 9 byte interactions
2025-10-28T15:27:43.405883Z DEBUG initialize prover: chip MemoryConst has 0 byte interactions
2025-10-28T15:27:43.405901Z DEBUG initialize prover: chip MemoryVar has 0 byte interactions
2025-10-28T15:27:43.405930Z DEBUG initialize prover: chip BaseAlu has 0 byte interactions
2025-10-28T15:27:43.406013Z DEBUG initialize prover: chip ExtAlu has 0 byte interactions
2025-10-28T15:27:43.406325Z DEBUG initialize prover: chip Poseidon2WideDeg3 has 0 byte interactions
2025-10-28T15:27:43.406685Z DEBUG initialize prover: chip BatchFRI has 0 byte interactions
2025-10-28T15:27:43.406803Z DEBUG initialize prover: chip Select has 0 byte interactions
2025-10-28T15:27:43.406842Z DEBUG initialize prover: chip ExpReverseBitsLen has 0 byte interactions
2025-10-28T15:27:43.406866Z DEBUG initialize prover: chip PublicValues has 0 byte interactions
2025-10-28T15:27:43.406892Z DEBUG initialize prover: chip MemoryConst has 0 byte interactions
2025-10-28T15:27:43.406906Z DEBUG initialize prover: chip MemoryVar has 0 byte interactions
2025-10-28T15:27:43.406932Z DEBUG initialize prover: chip BaseAlu has 0 byte interactions
2025-10-28T15:27:43.407011Z DEBUG initialize prover: chip ExtAlu has 0 byte interactions
2025-10-28T15:27:43.407328Z DEBUG initialize prover: chip Poseidon2WideDeg3 has 0 byte interactions
2025-10-28T15:27:43.407682Z DEBUG initialize prover: chip BatchFRI has 0 byte interactions
2025-10-28T15:27:43.407800Z DEBUG initialize prover: chip Select has 0 byte interactions
2025-10-28T15:27:43.407837Z DEBUG initialize prover: chip ExpReverseBitsLen has 0 byte interactions
2025-10-28T15:27:43.407860Z DEBUG initialize prover: chip PublicValues has 0 byte interactions
2025-10-28T15:27:43.408075Z DEBUG initialize prover: chip MemoryConst has 0 byte interactions
2025-10-28T15:27:43.408099Z DEBUG initialize prover: chip MemoryVar has 0 byte interactions
2025-10-28T15:27:43.408127Z DEBUG initialize prover: chip BaseAlu has 0 byte interactions
2025-10-28T15:27:43.408204Z DEBUG initialize prover: chip ExtAlu has 0 byte interactions
2025-10-28T15:27:43.408467Z DEBUG initialize prover: chip Poseidon2SkinnyDeg9 has 0 byte interactions
2025-10-28T15:27:43.408645Z DEBUG initialize prover: chip Select has 0 byte interactions
2025-10-28T15:27:43.408712Z DEBUG initialize prover: chip PublicValues has 0 byte interactions
2025-10-28T15:27:43.428582Z DEBUG initialize prover: chip Cpu has 11 byte interactions
2025-10-28T15:27:43.428723Z DEBUG initialize prover: chip Program has 0 byte interactions
2025-10-28T15:27:43.428832Z DEBUG initialize prover: chip ShaExtend has 60 byte interactions
2025-10-28T15:27:43.429156Z DEBUG initialize prover: chip ShaCompress has 112 byte interactions
2025-10-28T15:27:43.436969Z DEBUG initialize prover: chip EdAddAssign has 818 byte interactions
2025-10-28T15:27:43.455667Z DEBUG initialize prover: chip EdDecompress has 710 byte interactions
2025-10-28T15:27:43.468911Z DEBUG initialize prover: chip Secp256k1Decompress has 616 byte interactions
2025-10-28T15:27:43.482703Z DEBUG initialize prover: chip Secp256k1AddAssign has 1006 byte interactions
2025-10-28T15:27:43.500252Z DEBUG initialize prover: chip Secp256k1DoubleAssign has 1068 byte interactions
2025-10-28T15:27:43.518200Z DEBUG initialize prover: chip Secp256r1Decompress has 616 byte interactions
2025-10-28T15:27:43.531989Z DEBUG initialize prover: chip Secp256r1AddAssign has 1006 byte interactions
2025-10-28T15:27:43.549113Z DEBUG initialize prover: chip Secp256r1DoubleAssign has 1068 byte interactions
2025-10-28T15:27:43.561230Z DEBUG initialize prover: chip KeccakPermute has 200 byte interactions
2025-10-28T15:27:43.575340Z DEBUG initialize prover: chip Bn254AddAssign has 1006 byte interactions
2025-10-28T15:27:43.588474Z DEBUG initialize prover: chip Bn254DoubleAssign has 1068 byte interactions
2025-10-28T15:27:43.625633Z DEBUG initialize prover: chip Bls12381AddAssign has 1518 byte interactions
2025-10-28T15:27:43.694282Z DEBUG initialize prover: chip Bls12381DoubleAssign has 1612 byte interactions
2025-10-28T15:27:43.752842Z DEBUG initialize prover: chip Uint256MulMod has 145 byte interactions
2025-10-28T15:27:43.766894Z DEBUG initialize prover: chip U256XU2048Mul has 1060 byte interactions
2025-10-28T15:27:43.791915Z DEBUG initialize prover: chip Bls12381FpOpAssign has 191 byte interactions
2025-10-28T15:27:43.799670Z DEBUG initialize prover: chip Bls12381Fp2AddSubAssign has 382 byte interactions
2025-10-28T15:27:43.812196Z DEBUG initialize prover: chip Bls12381Fp2MulAssign has 950 byte interactions
2025-10-28T15:27:43.826573Z DEBUG initialize prover: chip Bn254FpOpAssign has 127 byte interactions
2025-10-28T15:27:43.830093Z DEBUG initialize prover: chip Bn254Fp2AddSubAssign has 254 byte interactions
2025-10-28T15:27:43.836648Z DEBUG initialize prover: chip Bn254Fp2MulAssign has 630 byte interactions
2025-10-28T15:27:43.848962Z DEBUG initialize prover: chip Bls12381Decompress has 930 byte interactions
2025-10-28T15:27:43.864147Z DEBUG initialize prover: chip SyscallCore has 0 byte interactions
2025-10-28T15:27:43.864191Z DEBUG initialize prover: chip SyscallPrecompile has 0 byte interactions
2025-10-28T15:27:43.864284Z DEBUG initialize prover: chip DivRem has 11 byte interactions
2025-10-28T15:27:43.864452Z DEBUG initialize prover: chip AddSub has 6 byte interactions
2025-10-28T15:27:43.864507Z DEBUG initialize prover: chip Bitwise has 4 byte interactions
2025-10-28T15:27:43.864569Z DEBUG initialize prover: chip Mul has 14 byte interactions
2025-10-28T15:27:43.864670Z DEBUG initialize prover: chip ShiftRight has 25 byte interactions
2025-10-28T15:27:43.864773Z DEBUG initialize prover: chip ShiftLeft has 4 byte interactions
2025-10-28T15:27:43.864850Z DEBUG initialize prover: chip Lt has 3 byte interactions
2025-10-28T15:27:43.864971Z DEBUG initialize prover: chip MemoryInstrs has 7 byte interactions
2025-10-28T15:27:43.865080Z DEBUG initialize prover: chip Auipc has 1 byte interactions
2025-10-28T15:27:43.865147Z DEBUG initialize prover: chip Branch has 2 byte interactions
2025-10-28T15:27:43.865222Z DEBUG initialize prover: chip Jump has 3 byte interactions
2025-10-28T15:27:43.865317Z DEBUG initialize prover: chip SyscallInstrs has 3 byte interactions
2025-10-28T15:27:43.865554Z DEBUG initialize prover: chip MemoryGlobalInit has 0 byte interactions
2025-10-28T15:27:43.865895Z DEBUG initialize prover: chip MemoryGlobalFinalize has 0 byte interactions
2025-10-28T15:27:43.866127Z DEBUG initialize prover: chip MemoryLocal has 0 byte interactions
2025-10-28T15:27:43.866563Z DEBUG initialize prover: chip Global has 1 byte interactions
2025-10-28T15:27:43.867149Z DEBUG initialize prover: chip Byte has 9 byte interactions
2025-10-28T15:27:43.876064Z DEBUG initialize prover: chip U256XU2048Mul has 1060 byte interactions
2025-10-28T15:27:43.885864Z DEBUG initialize prover: chip Bn254Fp2MulAssign has 630 byte interactions
2025-10-28T15:27:43.893411Z DEBUG initialize prover: chip Secp256r1Decompress has 616 byte interactions
2025-10-28T15:27:43.901278Z DEBUG initialize prover: chip Secp256k1Decompress has 616 byte interactions
2025-10-28T15:27:43.910368Z DEBUG initialize prover: chip Bn254AddAssign has 1006 byte interactions
2025-10-28T15:27:43.919130Z DEBUG initialize prover: chip KeccakPermute has 200 byte interactions
2025-10-28T15:27:43.929868Z DEBUG initialize prover: chip Secp256k1AddAssign has 1006 byte interactions
2025-10-28T15:27:43.936146Z DEBUG initialize prover: chip Bn254FpOpAssign has 127 byte interactions
2025-10-28T15:27:43.937413Z DEBUG initialize prover: chip ShaExtend has 60 byte interactions
2025-10-28T15:27:43.948146Z DEBUG initialize prover: chip Bls12381AddAssign has 1518 byte interactions
2025-10-28T15:27:43.963810Z DEBUG initialize prover: chip Bls12381Fp2AddSubAssign has 382 byte interactions
2025-10-28T15:27:43.975858Z DEBUG initialize prover: chip EdDecompress has 710 byte interactions
2025-10-28T15:27:43.987612Z DEBUG initialize prover: chip Secp256r1AddAssign has 1006 byte interactions
2025-10-28T15:27:43.999054Z DEBUG initialize prover: chip Bn254DoubleAssign has 1068 byte interactions
2025-10-28T15:27:44.006033Z DEBUG initialize prover: chip Uint256MulMod has 145 byte interactions
2025-10-28T15:27:44.019656Z DEBUG initialize prover: chip Bls12381DoubleAssign has 1612 byte interactions
2025-10-28T15:27:44.052995Z DEBUG initialize prover: chip Bls12381Fp2MulAssign has 950 byte interactions
2025-10-28T15:27:44.067726Z DEBUG initialize prover: chip EdAddAssign has 818 byte interactions
2025-10-28T15:27:44.085043Z DEBUG initialize prover: chip Bls12381Decompress has 930 byte interactions
2025-10-28T15:27:44.106974Z DEBUG initialize prover: chip Secp256r1DoubleAssign has 1068 byte interactions
2025-10-28T15:27:44.115664Z DEBUG initialize prover: chip Bn254Fp2AddSubAssign has 254 byte interactions
2025-10-28T15:27:44.120331Z DEBUG initialize prover: chip Bls12381FpOpAssign has 191 byte interactions
2025-10-28T15:27:44.122938Z DEBUG initialize prover: chip ShaCompress has 112 byte interactions
2025-10-28T15:27:44.129415Z DEBUG initialize prover: chip Secp256k1DoubleAssign has 1068 byte interactions
2025-10-28T15:27:44.139398Z DEBUG initialize prover: vk verification: true
2025-10-28T15:27:44.650762Z DEBUG initialize prover:build compress program:assert lookup multiplicities: close time.busy=9.32µs time.idle=20.0µs
2025-10-28T15:27:44.767809Z DEBUG initialize prover:build compress program:2adic pcs:verify shape and challenges: close time.busy=93.6ms time.idle=7.76µs
2025-10-28T15:27:45.014410Z DEBUG initialize prover:build compress program:2adic pcs:verify challenges: close time.busy=160ms time.idle=7.23µs
2025-10-28T15:27:45.014531Z DEBUG initialize prover:build compress program:2adic pcs: close time.busy=362ms time.idle=3.68µs
2025-10-28T15:27:45.016692Z DEBUG initialize prover:build compress program:verify constraints: close time.busy=2.14ms time.idle=4.94µs
2025-10-28T15:27:45.032012Z DEBUG initialize prover:build compress program:assert lookup multiplicities: close time.busy=14.7µs time.idle=12.2µs
2025-10-28T15:27:45.127884Z DEBUG initialize prover:build compress program:2adic pcs:verify shape and challenges: close time.busy=76.3ms time.idle=10.8µs
2025-10-28T15:27:45.408763Z DEBUG initialize prover:build compress program:2adic pcs:verify challenges: close time.busy=189ms time.idle=6.91µs
2025-10-28T15:27:45.408888Z DEBUG initialize prover:build compress program:2adic pcs: close time.busy=374ms time.idle=6.84µs
2025-10-28T15:27:45.410991Z DEBUG initialize prover:build compress program:verify constraints: close time.busy=2.08ms time.idle=4.37µs
2025-10-28T15:27:45.433951Z DEBUG initialize prover:build compress program: close time.busy=919ms time.idle=9.05µs
2025-10-28T15:27:46.127156Z DEBUG initialize prover:compile compress program:compile raw program: close time.busy=693ms time.idle=5.68µs
2025-10-28T15:27:46.241120Z DEBUG initialize prover:compile compress program:backfill mult: close time.busy=114ms time.idle=16.3µs
2025-10-28T15:27:46.241337Z DEBUG initialize prover:compile compress program:prepend constants: close time.busy=120µs time.idle=4.85µs
2025-10-28T15:27:46.262647Z DEBUG initialize prover:compile compress program: close time.busy=829ms time.idle=7.71µs
2025-10-28T15:27:46.457451Z DEBUG initialize prover:build compress program:assert lookup multiplicities: close time.busy=8.79µs time.idle=6.56µs
2025-10-28T15:27:46.554771Z DEBUG initialize prover:build compress program:2adic pcs:verify shape and challenges: close time.busy=79.1ms time.idle=4.59µs
2025-10-28T15:27:46.736062Z DEBUG initialize prover:build compress program:2adic pcs:verify challenges: close time.busy=122ms time.idle=9.49µs
2025-10-28T15:27:46.736200Z DEBUG initialize prover:build compress program:2adic pcs: close time.busy=277ms time.idle=3.74µs
2025-10-28T15:27:46.739041Z DEBUG initialize prover:build compress program:verify constraints: close time.busy=2.81ms time.idle=5.87µs
2025-10-28T15:27:46.762993Z DEBUG initialize prover:build compress program:assert lookup multiplicities: close time.busy=10.6µs time.idle=8.71µs
2025-10-28T15:27:46.925317Z DEBUG initialize prover:build compress program:2adic pcs:verify shape and challenges: close time.busy=133ms time.idle=7.94µs
2025-10-28T15:27:47.300519Z DEBUG initialize prover:build compress program:2adic pcs:verify challenges: close time.busy=252ms time.idle=7.57µs
2025-10-28T15:27:47.300734Z DEBUG initialize prover:build compress program:2adic pcs: close time.busy=533ms time.idle=5.30µs
2025-10-28T15:27:47.305812Z DEBUG initialize prover:build compress program:verify constraints: close time.busy=5.05ms time.idle=7.73µs
2025-10-28T15:27:47.332213Z DEBUG initialize prover:build compress program: close time.busy=1.05s time.idle=8.74µs
2025-10-28T15:27:48.079084Z DEBUG initialize prover:compile compress program:compile raw program: close time.busy=747ms time.idle=5.29µs
2025-10-28T15:27:48.129920Z DEBUG initialize prover:compile compress program:backfill mult: close time.busy=50.8ms time.idle=6.18µs
2025-10-28T15:27:48.130053Z DEBUG initialize prover:compile compress program:prepend constants: close time.busy=58.0µs time.idle=6.21µs
2025-10-28T15:27:48.152660Z DEBUG initialize prover:compile compress program: close time.busy=820ms time.idle=7.26µs
2025-10-28T15:27:48.324529Z DEBUG initialize prover:build compress program:assert lookup multiplicities: close time.busy=8.76µs time.idle=6.47µs
2025-10-28T15:27:48.412851Z DEBUG initialize prover:build compress program:2adic pcs:verify shape and challenges: close time.busy=71.4ms time.idle=5.09µs
2025-10-28T15:27:48.676821Z DEBUG initialize prover:build compress program:2adic pcs:verify challenges: close time.busy=192ms time.idle=7.66µs
2025-10-28T15:27:48.676936Z DEBUG initialize prover:build compress program:2adic pcs: close time.busy=351ms time.idle=3.52µs
2025-10-28T15:27:48.679137Z DEBUG initialize prover:build compress program:verify constraints: close time.busy=2.18ms time.idle=4.80µs
2025-10-28T15:27:48.694111Z DEBUG initialize prover:build compress program:assert lookup multiplicities: close time.busy=6.32µs time.idle=3.55µs
2025-10-28T15:27:48.793589Z DEBUG initialize prover:build compress program:2adic pcs:verify shape and challenges: close time.busy=80.2ms time.idle=5.26µs
2025-10-28T15:27:49.036411Z DEBUG initialize prover:build compress program:2adic pcs:verify challenges: close time.busy=151ms time.idle=7.39µs
2025-10-28T15:27:49.036588Z DEBUG initialize prover:build compress program:2adic pcs: close time.busy=339ms time.idle=3.75µs
2025-10-28T15:27:49.038716Z DEBUG initialize prover:build compress program:verify constraints: close time.busy=2.10ms time.idle=4.20µs
2025-10-28T15:27:49.060700Z DEBUG initialize prover:build compress program: close time.busy=893ms time.idle=7.94µs
2025-10-28T15:27:49.706784Z DEBUG initialize prover:compile compress program:compile raw program: close time.busy=646ms time.idle=4.91µs
2025-10-28T15:27:49.771555Z DEBUG initialize prover:compile compress program:backfill mult: close time.busy=64.7ms time.idle=8.16µs
2025-10-28T15:27:49.771704Z DEBUG initialize prover:compile compress program:prepend constants: close time.busy=56.6µs time.idle=5.63µs
2025-10-28T15:27:49.795160Z DEBUG initialize prover:compile compress program: close time.busy=734ms time.idle=7.57µs
2025-10-28T15:27:49.990547Z DEBUG initialize prover:build compress program:assert lookup multiplicities: close time.busy=8.50µs time.idle=6.47µs
2025-10-28T15:27:50.081701Z DEBUG initialize prover:build compress program:2adic pcs:verify shape and challenges: close time.busy=73.6ms time.idle=4.68µs
2025-10-28T15:27:50.260769Z DEBUG initialize prover:build compress program:2adic pcs:verify challenges: close time.busy=135ms time.idle=7.59µs
2025-10-28T15:27:50.260881Z DEBUG initialize prover:build compress program:2adic pcs: close time.busy=269ms time.idle=4.03µs
2025-10-28T15:27:50.263041Z DEBUG initialize prover:build compress program:verify constraints: close time.busy=2.14ms time.idle=4.78µs
2025-10-28T15:27:50.278789Z DEBUG initialize prover:build compress program:assert lookup multiplicities: close time.busy=6.42µs time.idle=5.26µs
2025-10-28T15:27:50.383039Z DEBUG initialize prover:build compress program:2adic pcs:verify shape and challenges: close time.busy=83.5ms time.idle=5.77µs
2025-10-28T15:27:50.707523Z DEBUG initialize prover:build compress program:2adic pcs:verify challenges: close time.busy=187ms time.idle=8.29µs
2025-10-28T15:27:50.707663Z DEBUG initialize prover:build compress program:2adic pcs: close time.busy=425ms time.idle=3.68µs
2025-10-28T15:27:50.709888Z DEBUG initialize prover:build compress program:verify constraints: close time.busy=2.20ms time.idle=4.41µs
2025-10-28T15:27:50.726452Z DEBUG initialize prover:build compress program: close time.busy=913ms time.idle=7.16µs
2025-10-28T15:27:51.331232Z DEBUG initialize prover:compile compress program:compile raw program: close time.busy=605ms time.idle=4.88µs
2025-10-28T15:27:51.375145Z DEBUG initialize prover:compile compress program:backfill mult: close time.busy=43.8ms time.idle=6.72µs
2025-10-28T15:27:51.375273Z DEBUG initialize prover:compile compress program:prepend constants: close time.busy=46.2µs time.idle=4.46µs
2025-10-28T15:27:51.394498Z DEBUG initialize prover:compile compress program: close time.busy=668ms time.idle=5.65µs
2025-10-28T15:27:51.405788Z DEBUG initialize prover: close time.busy=8.42s time.idle=6.34µs
2025-10-28T15:27:51.522844Z DEBUG setup:setup machine:generate preprocessed traces: generated preprocessed trace for chip Bn254FpOpAssign in 7.192µs
2025-10-28T15:27:51.522894Z DEBUG setup:setup machine:generate preprocessed traces: generated preprocessed trace for chip Bls12381DoubleAssign in 7.443µs
2025-10-28T15:27:51.522856Z DEBUG setup:setup machine:generate preprocessed traces: generated preprocessed trace for chip Bls12381Decompress in 9.14µs
2025-10-28T15:27:51.522898Z DEBUG setup:setup machine:generate preprocessed traces: generated preprocessed trace for chip Cpu in 7.207µs
2025-10-28T15:27:51.522933Z DEBUG setup:setup machine:generate preprocessed traces: generated preprocessed trace for chip ShaExtend in 7.024µs
2025-10-28T15:27:51.522859Z DEBUG setup:setup machine:generate preprocessed traces: generated preprocessed trace for chip DivRem in 9.901µs
2025-10-28T15:27:51.522971Z DEBUG setup:setup machine:generate preprocessed traces: generated preprocessed trace for chip EdDecompress in 4.609µs
2025-10-28T15:27:51.522860Z DEBUG setup:setup machine:generate preprocessed traces: generated preprocessed trace for chip Secp256r1DoubleAssign in 7.674µs
2025-10-28T15:27:51.523029Z DEBUG setup:setup machine:generate preprocessed traces: generated preprocessed trace for chip ShiftLeft in 7.193µs
2025-10-28T15:27:51.522862Z DEBUG setup:setup machine:generate preprocessed traces: generated preprocessed trace for chip Bitwise in 9.176µs
2025-10-28T15:27:51.523116Z DEBUG fixed log2 rows can be potentially reduced: got 50022, expected 524288
2025-10-28T15:27:51.522859Z DEBUG setup:setup machine:generate preprocessed traces: generated preprocessed trace for chip Bn254Fp2MulAssign in 7.826µs
2025-10-28T15:27:51.522865Z DEBUG setup:setup machine:generate preprocessed traces: generated preprocessed trace for chip SyscallPrecompile in 7.814µs
2025-10-28T15:27:51.523179Z DEBUG setup:setup machine:generate preprocessed traces: generated preprocessed trace for chip Mul in 1.57µs
2025-10-28T15:27:51.523198Z DEBUG setup:setup machine:generate preprocessed traces: generated preprocessed trace for chip Secp256k1DoubleAssign in 1.906µs
2025-10-28T15:27:51.522865Z DEBUG setup:setup machine:generate preprocessed traces: generated preprocessed trace for chip AddSub in 7.283µs
2025-10-28T15:27:51.522854Z DEBUG setup:setup machine:generate preprocessed traces: generated preprocessed trace for chip Bn254Fp2AddSubAssign in 10.405µs
2025-10-28T15:27:51.523186Z DEBUG setup:setup machine:generate preprocessed traces: generated preprocessed trace for chip Lt in 1.434µs
2025-10-28T15:27:51.523327Z DEBUG setup:setup machine:generate preprocessed traces: generated preprocessed trace for chip ShiftRight in 1.276µs
2025-10-28T15:27:51.523339Z DEBUG setup:setup machine:generate preprocessed traces: generated preprocessed trace for chip Secp256r1Decompress in 1.346µs
2025-10-28T15:27:51.523247Z DEBUG setup:setup machine:generate preprocessed traces: generated preprocessed trace for chip Bn254AddAssign in 1.378µs
2025-10-28T15:27:51.522905Z DEBUG setup:setup machine:generate preprocessed traces: generated preprocessed trace for chip Bls12381FpOpAssign in 7.265µs
2025-10-28T15:27:51.523384Z DEBUG setup:setup machine:generate preprocessed traces: generated preprocessed trace for chip Bls12381Fp2AddSubAssign in 1.439µs
2025-10-28T15:27:51.523405Z DEBUG setup:setup machine:generate preprocessed traces: generated preprocessed trace for chip MemoryInstrs in 1.381µs
2025-10-28T15:27:51.523531Z DEBUG setup:setup machine:generate preprocessed traces: generated preprocessed trace for chip Bn254DoubleAssign in 1.289µs
2025-10-28T15:27:51.523743Z DEBUG setup:setup machine:generate preprocessed traces: generated preprocessed trace for chip Auipc in 1.404µs
2025-10-28T15:27:51.523842Z DEBUG setup:setup machine:generate preprocessed traces: generated preprocessed trace for chip Branch in 1.309µs
2025-10-28T15:27:51.523937Z DEBUG setup:setup machine:generate preprocessed traces: generated preprocessed trace for chip Jump in 1.414µs
2025-10-28T15:27:51.524052Z DEBUG setup:setup machine:generate preprocessed traces: generated preprocessed trace for chip SyscallInstrs in 1.347µs
2025-10-28T15:27:51.524274Z DEBUG setup:setup machine:generate preprocessed traces: generated preprocessed trace for chip MemoryGlobalInit in 1.417µs
2025-10-28T15:27:51.524773Z DEBUG setup:setup machine:generate preprocessed traces: generated preprocessed trace for chip MemoryGlobalFinalize in 1.41µs
2025-10-28T15:27:51.525208Z DEBUG setup:setup machine:generate preprocessed traces: generated preprocessed trace for chip MemoryLocal in 1.337µs
2025-10-28T15:27:51.525383Z DEBUG setup:setup machine:generate preprocessed traces: generated preprocessed trace for chip Global in 1.285µs
2025-10-28T15:27:51.522910Z DEBUG setup:setup machine:generate preprocessed traces: generated preprocessed trace for chip ShaCompress in 1.399µs
2025-10-28T15:27:51.527319Z DEBUG setup:setup machine:generate preprocessed traces: generated preprocessed trace for chip EdAddAssign in 1.412µs
2025-10-28T15:27:51.534002Z DEBUG setup:setup machine:generate preprocessed traces: generated preprocessed trace for chip Secp256k1Decompress in 1.576µs
2025-10-28T15:27:51.545091Z DEBUG setup:setup machine:generate preprocessed traces: generated preprocessed trace for chip Byte in 10.971771ms
2025-10-28T15:27:51.562413Z DEBUG setup:setup machine:generate preprocessed traces: generated preprocessed trace for chip Secp256k1AddAssign in 1.667µs
2025-10-28T15:27:51.565628Z DEBUG setup:setup machine:generate preprocessed traces: generated preprocessed trace for chip KeccakPermute in 1.515µs
2025-10-28T15:27:51.565660Z DEBUG setup:setup machine:generate preprocessed traces: generated preprocessed trace for chip SyscallCore in 1.843µs
2025-10-28T15:27:51.565736Z DEBUG setup:setup machine:generate preprocessed traces: generated preprocessed trace for chip Uint256MulMod in 1.36µs
2025-10-28T15:27:51.565743Z DEBUG setup:setup machine:generate preprocessed traces: generated preprocessed trace for chip Bls12381AddAssign in 1.462µs
2025-10-28T15:27:51.565791Z DEBUG setup:setup machine:generate preprocessed traces: generated preprocessed trace for chip Bls12381Fp2MulAssign in 1.726µs
2025-10-28T15:27:51.569923Z DEBUG setup:setup machine:generate preprocessed traces: generated preprocessed trace for chip U256XU2048Mul in 1.481µs
2025-10-28T15:27:51.593450Z DEBUG setup:setup machine:generate preprocessed traces: generated preprocessed trace for chip Secp256r1AddAssign in 2.607µs
2025-10-28T15:27:51.676376Z DEBUG setup:setup machine:generate preprocessed traces: generated preprocessed trace for chip Program in 153.259464ms
2025-10-28T15:27:52.830086Z DEBUG setup:setup machine:commit to preprocessed traces: close time.busy=1.10s time.idle=8.53µs
2025-10-28T15:27:52.830234Z DEBUG setup:setup machine:generate preprocessed traces: close time.busy=154ms time.idle=1.15s
2025-10-28T15:27:52.830256Z DEBUG setup:setup machine: close time.busy=1.42s time.idle=3.01µs
2025-10-28T15:27:53.394731Z DEBUG setup: close time.busy=1.99s time.idle=6.73µs
2025-10-28T15:27:53.521008Z DEBUG prove_core:checkpoint generator:batch:clone: close time.busy=285µs time.idle=5.02µs
2025-10-28T15:27:53.521091Z DEBUG prove_core:checkpoint generator:batch:execute: loading memory image
2025-10-28T15:27:53.524035Z  INFO prove_core:checkpoint generator:batch:execute: clk = 0 pc = 0x201504
2025-10-28T15:27:53.654663Z DEBUG prove_core:checkpoint generator:batch:execute: close time.busy=134ms time.idle=4.72µs
2025-10-28T15:27:53.655522Z DEBUG prove_core:checkpoint generator:batch:create memory checkpoint: close time.busy=788µs time.idle=4.08µs
2025-10-28T15:27:53.656257Z DEBUG prove_core:checkpoint generator:batch: close time.busy=136ms time.idle=2.80µs
2025-10-28T15:27:53.656313Z DEBUG prove_core:checkpoint generator:batch:clone: close time.busy=13.5µs time.idle=2.46µs
2025-10-28T15:27:53.664407Z DEBUG prove_core:phase 2 trace generation:trace checkpoint: loading memory image
2025-10-28T15:27:53.667251Z  INFO prove_core:phase 2 trace generation:trace checkpoint: clk = 0 pc = 0x201504
2025-10-28T15:27:54.003454Z DEBUG prove_core:checkpoint generator:batch:execute: close time.busy=347ms time.idle=4.53µs
2025-10-28T15:27:54.006559Z DEBUG prove_core:checkpoint generator:batch:create memory checkpoint: close time.busy=3.04ms time.idle=4.48µs
2025-10-28T15:27:54.009901Z DEBUG prove_core:checkpoint generator:batch: close time.busy=354ms time.idle=2.82µs
2025-10-28T15:27:54.009937Z DEBUG prove_core:checkpoint generator: close time.busy=490ms time.idle=13.8µs
2025-10-28T15:27:54.952543Z DEBUG prove_core:phase 2 trace generation:trace checkpoint: close time.busy=1.30s time.idle=5.35µs
2025-10-28T15:27:54.954076Z DEBUG prove_core:phase 2 trace generation: deferred 0 records
2025-10-28T15:27:55.073861Z DEBUG prove_core:phase 2 trace generation:generate dependencies:generate cpu dependencies: close time.busy=120ms time.idle=5.51µs index=0
2025-10-28T15:27:55.318201Z DEBUG prove_core:phase 2 trace generation:generate dependencies:register nonces: close time.busy=3.77µs time.idle=6.93µs index=0
2025-10-28T15:27:55.318332Z DEBUG prove_core:phase 2 trace generation:generate dependencies: close time.busy=364ms time.idle=4.97µs index=0
2025-10-28T15:27:55.320012Z DEBUG prove_core:phase 2 trace generation: Shard Lifted: Index=1, Cluster=249
2025-10-28T15:27:55.320040Z DEBUG prove_core:phase 2 trace generation: Chip Cpu: 21  -> 21 
2025-10-28T15:27:55.320053Z DEBUG prove_core:phase 2 trace generation: Chip AddSub: 21  -> 21 
2025-10-28T15:27:55.320063Z DEBUG prove_core:phase 2 trace generation: Chip Bitwise: 17  -> 17 
2025-10-28T15:27:55.320073Z DEBUG prove_core:phase 2 trace generation: Chip Mul: 10  -> 17 
2025-10-28T15:27:55.320083Z DEBUG prove_core:phase 2 trace generation: Chip ShiftRight: 15  -> 17 
2025-10-28T15:27:55.320093Z DEBUG prove_core:phase 2 trace generation: Chip ShiftLeft: 16  -> 17 
2025-10-28T15:27:55.320104Z DEBUG prove_core:phase 2 trace generation: Chip Lt: 19  -> 19 
2025-10-28T15:27:55.320113Z DEBUG prove_core:phase 2 trace generation: Chip MemoryLocal: 15  -> 18 
2025-10-28T15:27:55.320123Z DEBUG prove_core:phase 2 trace generation: Chip MemoryInstrs: 21  -> 21 
2025-10-28T15:27:55.320133Z DEBUG prove_core:phase 2 trace generation: Chip Auipc: 15  -> 18 
2025-10-28T15:27:55.320143Z DEBUG prove_core:phase 2 trace generation: Chip Branch: 18  -> 18 
2025-10-28T15:27:55.320154Z DEBUG prove_core:phase 2 trace generation: Chip Jump: 16  -> 18 
2025-10-28T15:27:55.320164Z DEBUG prove_core:phase 2 trace generation: Chip Global: 18  -> 18 
2025-10-28T15:27:55.320174Z DEBUG prove_core:phase 2 trace generation: Chip SyscallCore: 10  -> 10 
2025-10-28T15:27:55.320183Z DEBUG prove_core:phase 2 trace generation: Chip SyscallInstrs: 10  -> 10 
2025-10-28T15:27:55.320617Z DEBUG fixed log2 rows can be potentially reduced: got 21925, expected 131072
2025-10-28T15:27:55.320719Z DEBUG fixed log2 rows can be potentially reduced: got 56928, expected 262144
2025-10-28T15:27:55.323495Z DEBUG prove_core:phase 2 trace generation:generate main traces:generate traces for shard: generated trace for chip SyscallCore in 142.71µs index=0
2025-10-28T15:27:55.324480Z DEBUG fixed log2 rows can be potentially reduced: got 922, expected 131072
2025-10-28T15:27:55.325795Z DEBUG prove_core:phase 2 trace generation:generate main traces:generate traces for shard: generated trace for chip Mul in 1.330875ms index=0
2025-10-28T15:27:55.331161Z DEBUG fixed log2 rows can be potentially reduced: got 17475, expected 262144
2025-10-28T15:27:55.331172Z DEBUG prove_core: core cache miss, misses: 0
2025-10-28T15:27:55.338501Z DEBUG prove_core:phase 2 trace generation:generate main traces:generate traces for shard: generated trace for chip Jump in 17.801284ms index=0
2025-10-28T15:27:55.339739Z DEBUG prove_core:phase 2 trace generation:generate main traces:generate traces for shard: generated trace for chip SyscallInstrs in 1.1594ms index=0
2025-10-28T15:27:55.344901Z DEBUG prove_core:phase 2 trace generation:generate main traces:generate traces for shard: generated trace for chip MemoryLocal in 14.257147ms index=0
2025-10-28T15:27:55.351274Z DEBUG fixed log2 rows can be potentially reduced: got 33845, expected 131072
2025-10-28T15:27:55.431010Z DEBUG fixed log2 rows can be potentially reduced: got 50022, expected 524288
2025-10-28T15:27:55.432973Z DEBUG prove_core:phase 2 trace generation:generate main traces:generate traces for shard: generated trace for chip Program in 112.407114ms index=0
2025-10-28T15:27:55.438077Z DEBUG prove_core:phase 2 trace generation:generate main traces:generate traces for shard: generated trace for chip ShiftLeft in 117.389367ms index=0
2025-10-28T15:27:55.458705Z DEBUG prove_core:build recursion program:read input: close time.busy=127ms time.idle=6.74µs
2025-10-28T15:27:55.460466Z DEBUG prove_core:build recursion program:verify:verify shard:assert lookup multiplicities: close time.busy=42.4µs time.idle=4.24µs
2025-10-28T15:27:55.479134Z DEBUG prove_core:phase 2 trace generation:generate main traces:generate traces for shard: generated trace for chip Byte in 5.159866ms index=0
2025-10-28T15:27:55.590934Z DEBUG fixed log2 rows can be potentially reduced: got 26529, expected 262144
2025-10-28T15:27:55.597336Z DEBUG prove_core:phase 2 trace generation:generate main traces:generate traces for shard: generated trace for chip Auipc in 6.433471ms index=0
2025-10-28T15:27:55.604326Z DEBUG prove_core:phase 2 trace generation:generate main traces:generate traces for shard: generated trace for chip ShiftRight in 283.724528ms index=0
2025-10-28T15:27:55.633387Z DEBUG prove_core:phase 2 trace generation:generate main traces:generate traces for shard: generated trace for chip Lt in 312.716865ms index=0
2025-10-28T15:27:55.714040Z DEBUG prove_core:build recursion program:verify:verify shard:2adic pcs:verify shape and challenges: close time.busy=168ms time.idle=9.71µs
2025-10-28T15:27:55.985324Z DEBUG prove_core:phase 2 trace generation:generate main traces:generate traces for shard: generated trace for chip MemoryInstrs in 389.565208ms index=0
2025-10-28T15:27:56.010746Z DEBUG prove_core:phase 2 trace generation:generate main traces:generate traces for shard: generated trace for chip AddSub in 687.213832ms index=0
2025-10-28T15:27:56.027566Z DEBUG prove_core:phase 2 trace generation:generate main traces:generate traces for shard: generated trace for chip Branch in 430.178006ms index=0
2025-10-28T15:27:56.028267Z DEBUG prove_core:phase 2 trace generation:generate main traces:generate traces for shard: generated trace for chip Cpu in 707.623257ms index=0
2025-10-28T15:27:56.205039Z DEBUG prove_core:build recursion program:verify:verify shard:2adic pcs:verify challenges: close time.busy=237ms time.idle=16.0µs
2025-10-28T15:27:56.205217Z DEBUG prove_core:build recursion program:verify:verify shard:2adic pcs: close time.busy=738ms time.idle=5.83µs
2025-10-28T15:27:56.210156Z DEBUG prove_core:build recursion program:verify:verify shard:verify constraints: close time.busy=4.91ms time.idle=4.36µs
2025-10-28T15:27:56.210214Z DEBUG prove_core:build recursion program:verify:verify shard: close time.busy=750ms time.idle=7.34µs
2025-10-28T15:27:56.210588Z DEBUG prove_core:phase 2 trace generation:generate main traces:generate traces for shard: generated trace for chip Bitwise in 890.060735ms index=0
2025-10-28T15:27:56.242761Z DEBUG prove_core:build recursion program:verify: close time.busy=784ms time.idle=6.48µs
2025-10-28T15:27:56.242832Z DEBUG prove_core:build recursion program:build block: close time.busy=7.65µs time.idle=4.04µs
2025-10-28T15:27:56.242857Z DEBUG prove_core:build recursion program: close time.busy=912ms time.idle=6.19µs
2025-10-28T15:27:56.554191Z DEBUG prove_core:phase 2 trace generation:generate main traces:generate traces for shard: generated trace for chip Global in 1.209241449s index=0
2025-10-28T15:27:56.554642Z DEBUG prove_core:phase 2 trace generation:generate main traces:generate traces for shard: close time.busy=1.23s time.idle=4.93µs index=0
2025-10-28T15:27:56.554701Z  INFO prove_core:phase 2 trace generation:generate main traces: close time.busy=1.23s time.idle=3.37µs index=0
2025-10-28T15:27:56.613592Z DEBUG prove_core:compile recursion program:compile raw program: close time.busy=371ms time.idle=4.16µs
2025-10-28T15:27:56.640190Z DEBUG prove_core:compile recursion program:backfill mult: close time.busy=26.5ms time.idle=5.75µs
2025-10-28T15:27:56.640322Z DEBUG prove_core:compile recursion program:prepend constants: close time.busy=46.4µs time.idle=4.65µs
2025-10-28T15:27:56.651279Z DEBUG prove_core:compile recursion program: close time.busy=408ms time.idle=5.05µs
2025-10-28T15:27:57.212506Z DEBUG prove_core:phase 2 trace generation:trace checkpoint: close time.busy=658ms time.idle=6.06µs
2025-10-28T15:27:57.216188Z DEBUG prove_core:phase 2 trace generation: deferred 4 records
2025-10-28T15:27:57.264936Z DEBUG prove_core:phase 2 trace generation:generate dependencies:generate cpu dependencies: close time.busy=48.7ms time.idle=5.00µs index=1
2025-10-28T15:27:57.375595Z DEBUG prove_core:phase 2 trace generation:generate dependencies:register nonces: close time.busy=3.85µs time.idle=5.92µs index=1
2025-10-28T15:27:57.375686Z DEBUG prove_core:phase 2 trace generation:generate dependencies:generate cpu dependencies: close time.busy=9.21µs time.idle=2.82µs index=1
2025-10-28T15:27:57.425077Z DEBUG prove_core:phase 2 trace generation:generate dependencies:register nonces: close time.busy=3.78µs time.idle=7.51µs index=1
2025-10-28T15:27:57.425159Z DEBUG prove_core:phase 2 trace generation:generate dependencies:generate cpu dependencies: close time.busy=10.7µs time.idle=3.52µs index=1
2025-10-28T15:27:57.497451Z DEBUG prove_core:phase 2 trace generation:generate dependencies:register nonces: close time.busy=4.57µs time.idle=8.56µs index=1
2025-10-28T15:27:57.497534Z DEBUG prove_core:phase 2 trace generation:generate dependencies:generate cpu dependencies: close time.busy=10.7µs time.idle=4.01µs index=1
2025-10-28T15:27:57.814413Z DEBUG prove_core:phase 2 trace generation:generate dependencies:register nonces: close time.busy=4.74µs time.idle=8.93µs index=1
2025-10-28T15:27:57.814547Z DEBUG prove_core:phase 2 trace generation:generate dependencies:generate cpu dependencies: close time.busy=11.7µs time.idle=3.89µs index=1
2025-10-28T15:27:57.833329Z DEBUG prove_core:phase 2 trace generation:generate dependencies:register nonces: close time.busy=3.70µs time.idle=6.13µs index=1
2025-10-28T15:27:57.833387Z DEBUG prove_core:phase 2 trace generation:generate dependencies: close time.busy=617ms time.idle=4.71µs index=1
2025-10-28T15:27:57.836955Z DEBUG prove_core:phase 2 trace generation: Shard Lifted: Index=2, Cluster=0
2025-10-28T15:27:57.836996Z DEBUG prove_core:phase 2 trace generation: Chip Cpu: 20  -> 20 
2025-10-28T15:27:57.837011Z DEBUG prove_core:phase 2 trace generation: Chip AddSub: 19  -> 20 
2025-10-28T15:27:57.837023Z DEBUG prove_core:phase 2 trace generation: Chip Bitwise: 16  -> 16 
2025-10-28T15:27:57.837034Z DEBUG prove_core:phase 2 trace generation: Chip Mul: 12  -> 16 
2025-10-28T15:27:57.837044Z DEBUG prove_core:phase 2 trace generation: Chip ShiftRight: 13  -> 16 
2025-10-28T15:27:57.837055Z DEBUG prove_core:phase 2 trace generation: Chip ShiftLeft: 13  -> 16 
2025-10-28T15:27:57.837066Z DEBUG prove_core:phase 2 trace generation: Chip Lt: 18  -> 18 
2025-10-28T15:27:57.837076Z DEBUG prove_core:phase 2 trace generation: Chip MemoryLocal: 13  -> 17 
2025-10-28T15:27:57.837087Z DEBUG prove_core:phase 2 trace generation: Chip MemoryInstrs: 19  -> 19 
2025-10-28T15:27:57.837098Z DEBUG prove_core:phase 2 trace generation: Chip Auipc: 13  -> 17 
2025-10-28T15:27:57.837108Z DEBUG prove_core:phase 2 trace generation: Chip Branch: 17  -> 17 
2025-10-28T15:27:57.837119Z DEBUG prove_core:phase 2 trace generation: Chip Jump: 14  -> 17 
2025-10-28T15:27:57.837130Z DEBUG prove_core:phase 2 trace generation: Chip Global: 16  -> 16 
2025-10-28T15:27:57.837141Z DEBUG prove_core:phase 2 trace generation: Chip SyscallCore: 11  -> 17 
2025-10-28T15:27:57.837151Z DEBUG prove_core:phase 2 trace generation: Chip SyscallInstrs: 11  -> 17 
2025-10-28T15:27:57.838732Z DEBUG fixed log2 rows can be potentially reduced: got 5535, expected 65536
2025-10-28T15:27:57.838859Z DEBUG fixed log2 rows can be potentially reduced: got 3668, expected 65536
2025-10-28T15:27:57.838867Z DEBUG fixed log2 rows can be potentially reduced: got 10153, expected 131072
2025-10-28T15:27:57.838985Z DEBUG fixed log2 rows can be potentially reduced: got 2009, expected 131072
2025-10-28T15:27:57.839195Z DEBUG generate traces for shard: fixed log2 rows can be potentially reduced: got 50022, expected 524288
2025-10-28T15:27:57.839224Z DEBUG generate traces for shard: fixed log2 rows can be potentially reduced: got 50022, expected 524288
2025-10-28T15:27:57.839820Z DEBUG fixed log2 rows can be potentially reduced: got 4605, expected 65536
2025-10-28T15:27:57.839822Z DEBUG generate traces for shard: generated trace for chip Program in 1.078725ms
2025-10-28T15:27:57.840123Z DEBUG generate traces for shard: fixed log2 rows can be potentially reduced: got 50022, expected 524288
2025-10-28T15:27:57.841065Z DEBUG fixed log2 rows can be potentially reduced: got 496507, expected 1048576
2025-10-28T15:27:57.842108Z DEBUG generate traces for shard: generated trace for chip Mul in 3.27135ms
2025-10-28T15:27:57.843329Z DEBUG generate traces for shard: generated trace for chip MemoryLocal in 784.411µs
2025-10-28T15:27:57.843395Z DEBUG generate traces for shard: generated trace for chip SyscallCore in 4.694008ms
2025-10-28T15:27:57.843474Z DEBUG generate traces for shard: generated trace for chip Program in 4.660392ms
2025-10-28T15:27:57.845767Z DEBUG generate traces for shard: generated trace for chip Jump in 6.944409ms
2025-10-28T15:27:57.845808Z DEBUG fixed log2 rows can be potentially reduced: got 2009, expected 131072
2025-10-28T15:27:57.846895Z DEBUG generate traces for shard: fixed log2 rows can be potentially reduced: got 50022, expected 524288
2025-10-28T15:27:57.847200Z DEBUG generate traces for shard: generated trace for chip Byte in 3.781963ms
2025-10-28T15:27:57.847456Z DEBUG generate traces for shard: generated trace for chip Program in 991.136µs
2025-10-28T15:27:57.848738Z DEBUG generate traces for shard: generated trace for chip MemoryLocal in 8.883615ms
2025-10-28T15:27:57.855279Z DEBUG generate traces for shard: generated trace for chip Program in 15.63135ms
2025-10-28T15:27:57.856846Z DEBUG generate traces for shard: generated trace for chip Bitwise in 14.237186ms
2025-10-28T15:27:57.857092Z DEBUG fixed log2 rows can be potentially reduced: got 6523, expected 131072
2025-10-28T15:27:57.860582Z DEBUG generate traces for shard: generated trace for chip MemoryLocal in 3.689338ms
2025-10-28T15:27:57.868359Z DEBUG generate traces for shard: generated trace for chip ShiftRight in 29.636501ms
2025-10-28T15:27:57.868600Z DEBUG generate traces for shard: generated trace for chip SyscallPrecompile in 271.215µs
2025-10-28T15:27:57.869199Z DEBUG prove_core: core cache miss, misses: 1
2025-10-28T15:27:57.869613Z DEBUG generate traces for shard: fixed log2 rows can be potentially reduced: got 25428, expected 65536
2025-10-28T15:27:57.870877Z DEBUG generate traces for shard: generated trace for chip ShiftLeft in 32.057343ms
2025-10-28T15:27:57.870980Z DEBUG generate traces for shard: generated trace for chip SyscallPrecompile in 32.247177ms
2025-10-28T15:27:57.876014Z DEBUG generate traces for shard: generated trace for chip Byte in 5.011048ms
2025-10-28T15:27:57.898749Z DEBUG fixed log2 rows can be potentially reduced: got 50022, expected 524288
2025-10-28T15:27:57.898775Z DEBUG generate traces for shard: generated trace for chip SyscallInstrs in 52.983371ms
2025-10-28T15:27:57.899373Z DEBUG generate traces for shard: generated trace for chip Program in 56.895995ms
2025-10-28T15:27:57.899417Z DEBUG fixed log2 rows can be potentially reduced: got 4363, expected 131072
2025-10-28T15:27:57.900029Z DEBUG generate traces for shard: generated trace for chip MemoryLocal in 1.215215ms
2025-10-28T15:27:57.905917Z DEBUG generate traces for shard: generated trace for chip Auipc in 6.520539ms
2025-10-28T15:27:57.914489Z DEBUG generate traces for shard: generated trace for chip Lt in 75.739725ms
2025-10-28T15:27:57.952674Z DEBUG generate traces for shard: generated trace for chip MemoryGlobalInit in 109.172229ms
2025-10-28T15:27:57.958369Z DEBUG fixed log2 rows can be potentially reduced: got 82304, expected 262144
2025-10-28T15:27:57.962407Z DEBUG generate traces for shard: generated trace for chip SyscallPrecompile in 163.456µs
2025-10-28T15:27:57.973910Z DEBUG generate traces for shard: generated trace for chip AddSub in 135.193235ms
2025-10-28T15:27:57.973952Z DEBUG generate traces for shard: generated trace for chip Branch in 68.002734ms
2025-10-28T15:27:58.064962Z DEBUG prove_core:build recursion program:read input: close time.busy=196ms time.idle=6.22µs
2025-10-28T15:27:58.067362Z DEBUG prove_core:build recursion program:verify:verify shard:assert lookup multiplicities: close time.busy=11.9µs time.idle=14.8µs
2025-10-28T15:27:58.172058Z DEBUG generate traces for shard: generated trace for chip Byte in 1.88113ms
2025-10-28T15:27:58.293848Z DEBUG prove_core:build recursion program:verify:verify shard:2adic pcs:verify shape and challenges: close time.busy=143ms time.idle=8.82µs
2025-10-28T15:27:58.295218Z DEBUG generate traces for shard: generated trace for chip Secp256k1DoubleAssign in 439.402872ms
2025-10-28T15:27:58.300038Z DEBUG generate traces for shard: generated trace for chip MemoryGlobalFinalize in 423.989206ms
2025-10-28T15:27:58.300367Z DEBUG generate traces for shard: generated trace for chip Byte in 299.864µs
2025-10-28T15:27:58.617629Z DEBUG generate traces for shard: generated trace for chip Byte in 965.897µs
2025-10-28T15:27:58.837218Z DEBUG generate traces for shard: generated trace for chip Cpu in 994.7452ms
2025-10-28T15:27:58.889907Z DEBUG prove_core:build recursion program:verify:verify shard:2adic pcs:verify challenges: close time.busy=267ms time.idle=7.72µs
2025-10-28T15:27:58.890127Z DEBUG prove_core:build recursion program:verify:verify shard:2adic pcs: close time.busy=816ms time.idle=4.82µs
2025-10-28T15:27:58.896976Z DEBUG prove_core:build recursion program:verify:verify shard:verify constraints: close time.busy=6.81ms time.idle=7.30µs
2025-10-28T15:27:58.897088Z DEBUG prove_core:build recursion program:verify:verify shard: close time.busy=830ms time.idle=7.02µs
2025-10-28T15:27:58.949299Z DEBUG prove_core:build recursion program:verify: close time.busy=884ms time.idle=6.42µs
2025-10-28T15:27:58.949363Z DEBUG prove_core:build recursion program:build block: close time.busy=2.98µs time.idle=4.95µs
2025-10-28T15:27:58.949382Z DEBUG prove_core:build recursion program: close time.busy=1.08s time.idle=6.41µs
2025-10-28T15:27:59.263900Z DEBUG generate traces for shard: generated trace for chip KeccakPermute in 1.416420147s
2025-10-28T15:27:59.522398Z DEBUG generate traces for shard: generated trace for chip Secp256k1AddAssign in 1.683678032s
2025-10-28T15:27:59.523575Z DEBUG generate traces for shard: generated trace for chip MemoryInstrs in 1.60905467s
2025-10-28T15:27:59.551004Z DEBUG prove_core:compile recursion program:compile raw program: close time.busy=602ms time.idle=6.35µs
2025-10-28T15:27:59.593932Z DEBUG prove_core:compile recursion program:backfill mult: close time.busy=42.9ms time.idle=7.51µs
2025-10-28T15:27:59.594057Z DEBUG prove_core:compile recursion program:prepend constants: close time.busy=56.8µs time.idle=5.34µs
2025-10-28T15:27:59.607491Z DEBUG prove_core:compile recursion program: close time.busy=658ms time.idle=6.28µs
2025-10-28T15:27:59.624002Z DEBUG prove_core: core cache miss, misses: 2
2025-10-28T15:27:59.649081Z DEBUG generate traces for shard: generated trace for chip Global in 1.749028481s
2025-10-28T15:27:59.649344Z DEBUG generate traces for shard: close time.busy=1.81s time.idle=6.28µs
2025-10-28T15:27:59.735909Z DEBUG generate traces for shard: generated trace for chip Global in 1.892545526s
2025-10-28T15:27:59.793795Z DEBUG generate traces for shard: generated trace for chip Global in 1.933182234s
2025-10-28T15:27:59.839281Z DEBUG prove_core:build recursion program:read input: close time.busy=215ms time.idle=4.95µs
2025-10-28T15:27:59.840561Z DEBUG prove_core:build recursion program:verify:verify shard:assert lookup multiplicities: close time.busy=29.3µs time.idle=4.43µs
2025-10-28T15:27:59.904265Z DEBUG generate traces for shard: generated trace for chip Global in 1.713359394s
2025-10-28T15:27:59.904790Z DEBUG generate traces for shard: generated trace for chip Global in 2.05756325s
2025-10-28T15:27:59.904880Z DEBUG generate traces for shard: close time.busy=2.07s time.idle=8.11µs
2025-10-28T15:27:59.905036Z DEBUG generate traces for shard: close time.busy=2.07s time.idle=5.66µs
2025-10-28T15:27:59.917477Z DEBUG generate traces for shard: close time.busy=2.08s time.idle=6.92µs
2025-10-28T15:27:59.929502Z DEBUG generate traces for shard: close time.busy=2.09s time.idle=6.30µs
2025-10-28T15:27:59.967446Z  INFO prove_core:phase 2 trace generation:generate main traces: close time.busy=2.13s time.idle=6.40µs index=1
2025-10-28T15:28:00.119556Z DEBUG prove_core:build recursion program:verify:verify shard:2adic pcs:verify shape and challenges: close time.busy=80.3ms time.idle=7.00µs
2025-10-28T15:28:00.669885Z DEBUG prove_core:build recursion program:verify:verify shard:2adic pcs:verify challenges: close time.busy=258ms time.idle=7.74µs
2025-10-28T15:28:00.670005Z DEBUG prove_core:build recursion program:verify:verify shard:2adic pcs: close time.busy=828ms time.idle=4.59µs
2025-10-28T15:28:00.689408Z DEBUG prove_core:build recursion program:verify:verify shard:verify constraints: close time.busy=19.4ms time.idle=6.60µs
2025-10-28T15:28:00.689507Z DEBUG prove_core:build recursion program:verify:verify shard: close time.busy=849ms time.idle=4.87µs
2025-10-28T15:28:00.722820Z DEBUG prove_core:build recursion program:verify: close time.busy=883ms time.idle=6.95µs
2025-10-28T15:28:00.722889Z DEBUG prove_core:build recursion program:build block: close time.busy=2.32µs time.idle=4.53µs
2025-10-28T15:28:00.722904Z DEBUG prove_core:build recursion program: close time.busy=1.10s time.idle=5.68µs
2025-10-28T15:28:01.407378Z DEBUG prove_core:compile recursion program:compile raw program: close time.busy=684ms time.idle=5.92µs
2025-10-28T15:28:01.459327Z DEBUG prove_core:compile recursion program:backfill mult: close time.busy=51.8ms time.idle=8.39µs
2025-10-28T15:28:01.459479Z DEBUG prove_core:compile recursion program:prepend constants: close time.busy=76.0µs time.idle=6.39µs
2025-10-28T15:28:01.511800Z DEBUG prove_core:compile recursion program: close time.busy=789ms time.idle=5.69µs
2025-10-28T15:28:40.418577Z DEBUG prove_core:phase 2 prover:batch:commit: close time.busy=43.9s time.idle=7.27µs shard=1
2025-10-28T15:28:54.779492Z DEBUG prove_core:phase 2 prover:batch:opening:generate permutation traces: close time.busy=14.4s time.idle=20.9µs shard=1
2025-10-28T15:28:54.779571Z DEBUG prove_core:phase 2 prover:batch:opening: AddSub          | Main Cols = 19    | Pre Cols = 0      | Perm Cols = 20    | Rows = 2097152 | Cells = 81788928   shard=1
2025-10-28T15:28:54.779588Z DEBUG prove_core:phase 2 prover:batch:opening: Cpu             | Main Cols = 57    | Pre Cols = 0      | Perm Cols = 44    | Rows = 2097152 | Cells = 211812352  shard=1
2025-10-28T15:28:54.779597Z DEBUG prove_core:phase 2 prover:batch:opening: MemoryInstrs    | Main Cols = 57    | Pre Cols = 0      | Perm Cols = 28    | Rows = 2097152 | Cells = 178257920  shard=1
2025-10-28T15:28:54.779606Z DEBUG prove_core:phase 2 prover:batch:opening: Lt              | Main Cols = 33    | Pre Cols = 0      | Perm Cols = 12    | Rows = 524288 | Cells = 23592960   shard=1
2025-10-28T15:28:54.779615Z DEBUG prove_core:phase 2 prover:batch:opening: Program         | Main Cols = 1     | Pre Cols = 14     | Perm Cols = 8     | Rows = 524288 | Cells = 12058624   shard=1
2025-10-28T15:28:54.779624Z DEBUG prove_core:phase 2 prover:batch:opening: Auipc           | Main Cols = 21    | Pre Cols = 0      | Perm Cols = 12    | Rows = 262144 | Cells = 8650752    shard=1
2025-10-28T15:28:54.779635Z DEBUG prove_core:phase 2 prover:batch:opening: Branch          | Main Cols = 34    | Pre Cols = 0      | Perm Cols = 16    | Rows = 262144 | Cells = 13107200   shard=1
2025-10-28T15:28:54.779644Z DEBUG prove_core:phase 2 prover:batch:opening: Global          | Main Cols = 412   | Pre Cols = 0      | Perm Cols = 8     | Rows = 262144 | Cells = 110100480  shard=1
2025-10-28T15:28:54.779653Z DEBUG prove_core:phase 2 prover:batch:opening: Jump            | Main Cols = 26    | Pre Cols = 0      | Perm Cols = 16    | Rows = 262144 | Cells = 11010048   shard=1
2025-10-28T15:28:54.779662Z DEBUG prove_core:phase 2 prover:batch:opening: MemoryLocal     | Main Cols = 56    | Pre Cols = 0      | Perm Cols = 36    | Rows = 262144 | Cells = 24117248   shard=1
2025-10-28T15:28:54.779671Z DEBUG prove_core:phase 2 prover:batch:opening: Bitwise         | Main Cols = 17    | Pre Cols = 0      | Perm Cols = 16    | Rows = 131072 | Cells = 4325376    shard=1
2025-10-28T15:28:54.779680Z DEBUG prove_core:phase 2 prover:batch:opening: Mul             | Main Cols = 39    | Pre Cols = 0      | Perm Cols = 36    | Rows = 131072 | Cells = 9830400    shard=1
2025-10-28T15:28:54.779689Z DEBUG prove_core:phase 2 prover:batch:opening: ShiftLeft       | Main Cols = 44    | Pre Cols = 0      | Perm Cols = 16    | Rows = 131072 | Cells = 7864320    shard=1
2025-10-28T15:28:54.779698Z DEBUG prove_core:phase 2 prover:batch:opening: ShiftRight      | Main Cols = 70    | Pre Cols = 0      | Perm Cols = 56    | Rows = 131072 | Cells = 16515072   shard=1
2025-10-28T15:28:54.779707Z DEBUG prove_core:phase 2 prover:batch:opening: Byte            | Main Cols = 9     | Pre Cols = 11     | Perm Cols = 24    | Rows = 65536 | Cells = 2883584    shard=1
2025-10-28T15:28:54.779718Z DEBUG prove_core:phase 2 prover:batch:opening: SyscallCore     | Main Cols = 6     | Pre Cols = 0      | Perm Cols = 8     | Rows = 1024  | Cells = 14336      shard=1
2025-10-28T15:28:54.779727Z DEBUG prove_core:phase 2 prover:batch:opening: SyscallInstrs   | Main Cols = 52    | Pre Cols = 0      | Perm Cols = 20    | Rows = 1024  | Cells = 73728      shard=1
2025-10-28T15:29:00.354073Z DEBUG prove_core:phase 2 prover:batch:opening:flatten permutation traces and collect domains: close time.busy=5.57s time.idle=5.48µs shard=1
2025-10-28T15:29:28.185781Z DEBUG prove_core:phase 2 prover:batch:opening:commit to permutation traces: close time.busy=27.8s time.idle=22.6µs shard=1
2025-10-28T15:29:28.205499Z DEBUG prove_core:phase 2 prover:batch:opening:compute quotient values:compute quotient values for domain: close time.busy=19.1ms time.idle=7.31µs shard=1
2025-10-28T15:29:28.249980Z DEBUG prove_core:phase 2 prover:batch:opening:compute quotient values:compute quotient values for domain: close time.busy=63.2ms time.idle=7.58µs shard=1
2025-10-28T15:29:32.545684Z DEBUG prove_core:phase 2 prover:batch:opening:compute quotient values:compute quotient values for domain: close time.busy=4.36s time.idle=9.45µs shard=1
2025-10-28T15:29:35.607890Z DEBUG prove_core:phase 2 prover:batch:opening:compute quotient values:compute quotient values for domain: close time.busy=7.42s time.idle=12.8µs shard=1
2025-10-28T15:29:35.650486Z DEBUG prove_core:phase 2 prover:batch:opening:compute quotient values:compute quotient values for domain: close time.busy=7.46s time.idle=51.0µs shard=1
2025-10-28T15:29:35.760304Z DEBUG prove_core:phase 2 prover:batch:opening:compute quotient values:compute quotient values for domain: close time.busy=7.57s time.idle=5.96µs shard=1
2025-10-28T15:30:12.376467Z DEBUG prove_core:phase 2 prover:batch:opening:compute quotient values:compute quotient values for domain: close time.busy=44.2s time.idle=7.70µs shard=1
2025-10-28T15:30:14.214967Z DEBUG prove_core:phase 2 prover:batch:opening:compute quotient values:compute quotient values for domain: close time.busy=46.0s time.idle=6.21µs shard=1
2025-10-28T15:30:20.146176Z DEBUG prove_core:phase 2 prover:batch:opening:compute quotient values:compute quotient values for domain: close time.busy=51.9s time.idle=7.00µs shard=1
2025-10-28T15:30:20.355695Z DEBUG prove_core:phase 2 prover:batch:opening:compute quotient values:compute quotient values for domain: close time.busy=52.2s time.idle=5.69µs shard=1
2025-10-28T15:30:20.372529Z DEBUG prove_core:phase 2 prover:batch:opening:compute quotient values:compute quotient values for domain: close time.busy=52.2s time.idle=7.41µs shard=1
2025-10-28T15:30:20.407208Z DEBUG prove_core:phase 2 prover:batch:opening:compute quotient values:compute quotient values for domain: close time.busy=52.2s time.idle=6.45µs shard=1
2025-10-28T15:30:20.424015Z DEBUG prove_core:phase 2 prover:batch:opening:compute quotient values:compute quotient values for domain: close time.busy=52.2s time.idle=8.61µs shard=1
2025-10-28T15:30:20.465175Z DEBUG prove_core:phase 2 prover:batch:opening:compute quotient values:compute quotient values for domain: close time.busy=52.3s time.idle=5.63µs shard=1
2025-10-28T15:30:20.795179Z DEBUG prove_core:phase 2 prover:batch:opening:compute quotient values:compute quotient values for domain: close time.busy=52.6s time.idle=6.72µs shard=1
2025-10-28T15:30:21.239640Z DEBUG prove_core:phase 2 prover:batch:opening:compute quotient values:compute quotient values for domain: close time.busy=53.1s time.idle=7.28µs shard=1
2025-10-28T15:30:21.361180Z DEBUG prove_core:phase 2 prover:batch:opening:compute quotient values:compute quotient values for domain: close time.busy=53.2s time.idle=14.7µs shard=1
2025-10-28T15:30:35.165799Z DEBUG prove_core:phase 2 prover:batch:opening:commit to quotient traces: close time.busy=12.0s time.idle=8.66µs shard=1
2025-10-28T15:30:35.165945Z DEBUG prove_core:phase 2 prover:batch:opening:compute preprocessed opening points: close time.busy=30.8µs time.idle=5.41µs shard=1
2025-10-28T15:30:35.166000Z DEBUG prove_core:phase 2 prover:batch:opening:compute main trace opening points: close time.busy=30.3µs time.idle=3.34µs shard=1
2025-10-28T15:30:35.166028Z DEBUG prove_core:phase 2 prover:batch:opening:compute permutation trace opening points: close time.busy=5.40µs time.idle=2.96µs shard=1
2025-10-28T15:31:05.209284Z DEBUG prove_core:phase 2 prover:batch:opening:open multi batches: close time.busy=30.0s time.idle=8.82µs shard=1
2025-10-28T15:31:05.316002Z DEBUG prove_core:phase 2 prover:batch:opening:compute quotient values: close time.busy=53.2s time.idle=44.0s shard=1
2025-10-28T15:31:06.953989Z DEBUG prove_core:phase 2 prover:batch:opening: close time.busy=147s time.idle=15.3µs shard=1
2025-10-28T15:31:06.954067Z DEBUG prove_core:phase 2 prover:batch: proving shard 1 took 190398861743 ns. shape: Some([(SyscallCore, 10), (SyscallInstrs, 10), (Byte, 16), (ShiftLeft, 17), (Bitwise, 17), (ShiftRight, 17), (Mul, 17), (Global, 18), (Jump, 18), (MemoryLocal, 18), (Auipc, 18), (Branch, 18), (Lt, 19), (Program, 19), (Cpu, 21), (AddSub, 21), (MemoryInstrs, 21)])
2025-10-28T15:31:06.954193Z DEBUG prove_core:phase 2 prover:batch: close time.busy=190s time.idle=31.0µs
2025-10-28T15:31:27.693375Z DEBUG prove_core:phase 2 prover:batch:commit: close time.busy=20.7s time.idle=5.48µs shard=2
2025-10-28T15:31:33.782779Z DEBUG prove_core:phase 2 prover:batch:opening:generate permutation traces: close time.busy=6.09s time.idle=4.71µs shard=2
2025-10-28T15:31:33.782850Z DEBUG prove_core:phase 2 prover:batch:opening: AddSub          | Main Cols = 19    | Pre Cols = 0      | Perm Cols = 20    | Rows = 1048576 | Cells = 40894464   shard=2
2025-10-28T15:31:33.782870Z DEBUG prove_core:phase 2 prover:batch:opening: Cpu             | Main Cols = 57    | Pre Cols = 0      | Perm Cols = 44    | Rows = 1048576 | Cells = 105906176  shard=2
2025-10-28T15:31:33.782882Z DEBUG prove_core:phase 2 prover:batch:opening: MemoryInstrs    | Main Cols = 57    | Pre Cols = 0      | Perm Cols = 28    | Rows = 524288 | Cells = 44564480   shard=2
2025-10-28T15:31:33.782893Z DEBUG prove_core:phase 2 prover:batch:opening: Program         | Main Cols = 1     | Pre Cols = 14     | Perm Cols = 8     | Rows = 524288 | Cells = 12058624   shard=2
2025-10-28T15:31:33.782905Z DEBUG prove_core:phase 2 prover:batch:opening: Lt              | Main Cols = 33    | Pre Cols = 0      | Perm Cols = 12    | Rows = 262144 | Cells = 11796480   shard=2
2025-10-28T15:31:33.782916Z DEBUG prove_core:phase 2 prover:batch:opening: Auipc           | Main Cols = 21    | Pre Cols = 0      | Perm Cols = 12    | Rows = 131072 | Cells = 4325376    shard=2
2025-10-28T15:31:33.782928Z DEBUG prove_core:phase 2 prover:batch:opening: Branch          | Main Cols = 34    | Pre Cols = 0      | Perm Cols = 16    | Rows = 131072 | Cells = 6553600    shard=2
2025-10-28T15:31:33.782939Z DEBUG prove_core:phase 2 prover:batch:opening: Jump            | Main Cols = 26    | Pre Cols = 0      | Perm Cols = 16    | Rows = 131072 | Cells = 5505024    shard=2
2025-10-28T15:31:33.782951Z DEBUG prove_core:phase 2 prover:batch:opening: MemoryLocal     | Main Cols = 56    | Pre Cols = 0      | Perm Cols = 36    | Rows = 131072 | Cells = 12058624   shard=2
2025-10-28T15:31:33.782964Z DEBUG prove_core:phase 2 prover:batch:opening: SyscallCore     | Main Cols = 6     | Pre Cols = 0      | Perm Cols = 8     | Rows = 131072 | Cells = 1835008    shard=2
2025-10-28T15:31:33.782976Z DEBUG prove_core:phase 2 prover:batch:opening: SyscallInstrs   | Main Cols = 52    | Pre Cols = 0      | Perm Cols = 20    | Rows = 131072 | Cells = 9437184    shard=2
2025-10-28T15:31:33.782987Z DEBUG prove_core:phase 2 prover:batch:opening: Bitwise         | Main Cols = 17    | Pre Cols = 0      | Perm Cols = 16    | Rows = 65536 | Cells = 2162688    shard=2
2025-10-28T15:31:33.782999Z DEBUG prove_core:phase 2 prover:batch:opening: Byte            | Main Cols = 9     | Pre Cols = 11     | Perm Cols = 24    | Rows = 65536 | Cells = 2883584    shard=2
2025-10-28T15:31:33.783011Z DEBUG prove_core:phase 2 prover:batch:opening: Global          | Main Cols = 412   | Pre Cols = 0      | Perm Cols = 8     | Rows = 65536 | Cells = 27525120   shard=2
2025-10-28T15:31:33.783022Z DEBUG prove_core:phase 2 prover:batch:opening: Mul             | Main Cols = 39    | Pre Cols = 0      | Perm Cols = 36    | Rows = 65536 | Cells = 4915200    shard=2
2025-10-28T15:31:33.783033Z DEBUG prove_core:phase 2 prover:batch:opening: ShiftLeft       | Main Cols = 44    | Pre Cols = 0      | Perm Cols = 16    | Rows = 65536 | Cells = 3932160    shard=2
2025-10-28T15:31:33.783045Z DEBUG prove_core:phase 2 prover:batch:opening: ShiftRight      | Main Cols = 70    | Pre Cols = 0      | Perm Cols = 56    | Rows = 65536 | Cells = 8257536    shard=2
2025-10-28T15:31:35.259990Z DEBUG prove_core:phase 2 prover:batch:opening:flatten permutation traces and collect domains: close time.busy=1.48s time.idle=5.29µs shard=2
2025-10-28T15:31:48.066161Z DEBUG prove_core:phase 2 prover:batch:opening:commit to permutation traces: close time.busy=12.8s time.idle=5.67µs shard=2
2025-10-28T15:31:50.711020Z DEBUG prove_core:phase 2 prover:batch:opening:compute quotient values:compute quotient values for domain: close time.busy=2.64s time.idle=5.92µs shard=2
2025-10-28T15:31:50.833358Z DEBUG prove_core:phase 2 prover:batch:opening:compute quotient values:compute quotient values for domain: close time.busy=2.77s time.idle=7.41µs shard=2
2025-10-28T15:31:52.733689Z DEBUG prove_core:phase 2 prover:batch:opening:compute quotient values:compute quotient values for domain: close time.busy=4.67s time.idle=5.50µs shard=2
2025-10-28T15:31:52.867915Z DEBUG prove_core:phase 2 prover:batch:opening:compute quotient values:compute quotient values for domain: close time.busy=4.80s time.idle=5.56µs shard=2
2025-10-28T15:31:54.091393Z DEBUG prove_core:phase 2 prover:batch:opening:compute quotient values:compute quotient values for domain: close time.busy=6.02s time.idle=8.21µs shard=2
2025-10-28T15:31:54.801929Z DEBUG prove_core:phase 2 prover:batch:opening:compute quotient values:compute quotient values for domain: close time.busy=6.74s time.idle=6.41µs shard=2
2025-10-28T15:31:55.166535Z DEBUG prove_core:phase 2 prover:batch:opening:compute quotient values:compute quotient values for domain: close time.busy=7.10s time.idle=6.73µs shard=2
2025-10-28T15:31:57.362109Z DEBUG prove_core:phase 2 prover:batch:opening:compute quotient values:compute quotient values for domain: close time.busy=9.30s time.idle=13.3µs shard=2
2025-10-28T15:32:15.426205Z DEBUG prove_core:phase 2 prover:batch:opening:compute quotient values:compute quotient values for domain: close time.busy=27.4s time.idle=5.86µs shard=2
2025-10-28T15:32:15.427506Z DEBUG prove_core:phase 2 prover:batch:opening:compute quotient values:compute quotient values for domain: close time.busy=27.4s time.idle=7.00µs shard=2
2025-10-28T15:32:15.447227Z DEBUG prove_core:phase 2 prover:batch:opening:compute quotient values:compute quotient values for domain: close time.busy=27.4s time.idle=20.4µs shard=2
2025-10-28T15:32:15.461091Z DEBUG prove_core:phase 2 prover:batch:opening:compute quotient values:compute quotient values for domain: close time.busy=27.4s time.idle=11.4µs shard=2
2025-10-28T15:32:15.474538Z DEBUG prove_core:phase 2 prover:batch:opening:compute quotient values:compute quotient values for domain: close time.busy=27.4s time.idle=15.8µs shard=2
2025-10-28T15:32:15.496653Z DEBUG prove_core:phase 2 prover:batch:opening:compute quotient values:compute quotient values for domain: close time.busy=24.8s time.idle=6.26µs shard=2
2025-10-28T15:32:15.567784Z DEBUG prove_core:phase 2 prover:batch:opening:compute quotient values:compute quotient values for domain: close time.busy=27.5s time.idle=11.6µs shard=2
2025-10-28T15:32:15.629312Z DEBUG prove_core:phase 2 prover:batch:opening:compute quotient values:compute quotient values for domain: close time.busy=27.6s time.idle=6.78µs shard=2
2025-10-28T15:32:15.983366Z DEBUG prove_core:phase 2 prover:batch:opening:compute quotient values:compute quotient values for domain: close time.busy=27.9s time.idle=52.6µs shard=2
2025-10-28T15:32:22.353108Z DEBUG prove_core:phase 2 prover:batch:opening:commit to quotient traces: close time.busy=5.98s time.idle=7.29µs shard=2
2025-10-28T15:32:22.353202Z DEBUG prove_core:phase 2 prover:batch:opening:compute preprocessed opening points: close time.busy=17.3µs time.idle=4.77µs shard=2
2025-10-28T15:32:22.353233Z DEBUG prove_core:phase 2 prover:batch:opening:compute main trace opening points: close time.busy=9.92µs time.idle=3.11µs shard=2
2025-10-28T15:32:22.353259Z DEBUG prove_core:phase 2 prover:batch:opening:compute permutation trace opening points: close time.busy=7.84µs time.idle=2.89µs shard=2
2025-10-28T15:32:37.225929Z DEBUG prove_core:phase 2 prover:batch:opening:open multi batches: close time.busy=14.9s time.idle=4.17µs shard=2
2025-10-28T15:32:37.312678Z DEBUG prove_core:phase 2 prover:batch:opening:compute quotient values: close time.busy=27.9s time.idle=21.3s shard=2
2025-10-28T15:32:37.824116Z DEBUG prove_core:phase 2 prover:batch:opening: close time.busy=70.1s time.idle=6.97µs shard=2
2025-10-28T15:32:37.824206Z DEBUG prove_core:phase 2 prover:batch: proving shard 2 took 90869916351 ns. shape: Some([(Global, 16), (ShiftLeft, 16), (Bitwise, 16), (ShiftRight, 16), (Byte, 16), (Mul, 16), (SyscallCore, 17), (SyscallInstrs, 17), (Jump, 17), (MemoryLocal, 17), (Auipc, 17), (Branch, 17), (Lt, 18), (MemoryInstrs, 19), (Program, 19), (Cpu, 20), (AddSub, 20)])
2025-10-28T15:32:37.824345Z DEBUG prove_core:phase 2 prover:batch: close time.busy=90.9s time.idle=20.0µs
2025-10-28T15:32:41.555281Z DEBUG prove_core:phase 2 prover:batch:commit: close time.busy=3.73s time.idle=5.72µs shard=3
2025-10-28T15:32:42.043235Z DEBUG prove_core:phase 2 prover:batch:opening:generate permutation traces: close time.busy=488ms time.idle=5.75µs shard=3
2025-10-28T15:32:42.043299Z DEBUG prove_core:phase 2 prover:batch:opening: Program         | Main Cols = 1     | Pre Cols = 14     | Perm Cols = 8     | Rows = 524288 | Cells = 12058624   shard=3
2025-10-28T15:32:42.043316Z DEBUG prove_core:phase 2 prover:batch:opening: Byte            | Main Cols = 9     | Pre Cols = 11     | Perm Cols = 24    | Rows = 65536 | Cells = 2883584    shard=3
2025-10-28T15:32:42.043327Z DEBUG prove_core:phase 2 prover:batch:opening: Global          | Main Cols = 412   | Pre Cols = 0      | Perm Cols = 8     | Rows = 65536 | Cells = 27525120   shard=3
2025-10-28T15:32:42.043339Z DEBUG prove_core:phase 2 prover:batch:opening: MemoryLocal     | Main Cols = 56    | Pre Cols = 0      | Perm Cols = 36    | Rows = 8192  | Cells = 753664     shard=3
2025-10-28T15:32:42.043351Z DEBUG prove_core:phase 2 prover:batch:opening: Secp256k1AddAssign | Main Cols = 2305  | Pre Cols = 0      | Perm Cols = 2148  | Rows = 1024  | Cells = 4559872    shard=3
2025-10-28T15:32:42.043367Z DEBUG prove_core:phase 2 prover:batch:opening: SyscallPrecompile | Main Cols = 6     | Pre Cols = 0      | Perm Cols = 8     | Rows = 1024  | Cells = 14336      shard=3
2025-10-28T15:32:42.091276Z DEBUG prove_core:phase 2 prover:batch:opening:flatten permutation traces and collect domains: close time.busy=47.9ms time.idle=6.16µs shard=3
2025-10-28T15:32:43.404981Z DEBUG prove_core:phase 2 prover:batch:opening:commit to permutation traces: close time.busy=1.31s time.idle=7.10µs shard=3
2025-10-28T15:32:43.409192Z DEBUG prove_core:phase 2 prover:batch:opening:compute quotient values:compute quotient values for domain: close time.busy=3.86ms time.idle=5.03µs shard=3
2025-10-28T15:32:45.301828Z DEBUG prove_core:phase 2 prover:batch:opening:compute quotient values:compute quotient values for domain: close time.busy=1.90s time.idle=5.82µs shard=3
2025-10-28T15:32:45.302288Z DEBUG prove_core:phase 2 prover:batch:opening:compute quotient values:compute quotient values for domain: close time.busy=1.90s time.idle=7.05µs shard=3
2025-10-28T15:32:45.306531Z DEBUG prove_core:phase 2 prover:batch:opening:compute quotient values:compute quotient values for domain: close time.busy=1.90s time.idle=5.87µs shard=3
2025-10-28T15:32:45.353556Z DEBUG prove_core:phase 2 prover:batch:opening:compute quotient values:compute quotient values for domain: close time.busy=1.95s time.idle=5.87µs shard=3
2025-10-28T15:32:45.363740Z DEBUG prove_core:phase 2 prover:batch:opening:compute quotient values:compute quotient values for domain: close time.busy=1.96s time.idle=3.67µs shard=3
2025-10-28T15:32:46.365398Z DEBUG prove_core:phase 2 prover:batch:opening:commit to quotient traces: close time.busy=978ms time.idle=6.33µs shard=3
2025-10-28T15:32:46.365520Z DEBUG prove_core:phase 2 prover:batch:opening:compute preprocessed opening points: close time.busy=11.4µs time.idle=11.1µs shard=3
2025-10-28T15:32:46.365551Z DEBUG prove_core:phase 2 prover:batch:opening:compute main trace opening points: close time.busy=7.79µs time.idle=3.12µs shard=3
2025-10-28T15:32:46.365574Z DEBUG prove_core:phase 2 prover:batch:opening:compute permutation trace opening points: close time.busy=5.19µs time.idle=3.10µs shard=3
2025-10-28T15:32:50.309575Z DEBUG prove_core:phase 2 prover:batch:opening:open multi batches: close time.busy=3.94s time.idle=5.76µs shard=3
2025-10-28T15:32:50.309703Z DEBUG prove_core:phase 2 prover:batch:opening:compute quotient values: close time.busy=1.96s time.idle=4.95s shard=3
2025-10-28T15:32:50.383365Z DEBUG prove_core:phase 2 prover:batch:opening: close time.busy=8.83s time.idle=6.78µs shard=3
2025-10-28T15:32:50.383412Z DEBUG prove_core:phase 2 prover:batch: proving shard 3 took 12558933206 ns. shape: Some([(Secp256k1AddAssign, 10), (SyscallPrecompile, 10), (MemoryLocal, 13), (Byte, 16), (Global, 16), (Program, 19)])
2025-10-28T15:32:50.383589Z DEBUG prove_core:phase 2 prover:batch: close time.busy=12.6s time.idle=69.1µs
2025-10-28T15:32:54.786256Z DEBUG prove_core:phase 2 prover:batch:commit: close time.busy=4.40s time.idle=4.79µs shard=4
2025-10-28T15:32:55.023165Z DEBUG prove_core:phase 2 prover:batch:opening:generate permutation traces: close time.busy=237ms time.idle=4.46µs shard=4
2025-10-28T15:32:55.023266Z DEBUG prove_core:phase 2 prover:batch:opening: Program         | Main Cols = 1     | Pre Cols = 14     | Perm Cols = 8     | Rows = 524288 | Cells = 12058624   shard=4
2025-10-28T15:32:55.023283Z DEBUG prove_core:phase 2 prover:batch:opening: Byte            | Main Cols = 9     | Pre Cols = 11     | Perm Cols = 24    | Rows = 65536 | Cells = 2883584    shard=4
2025-10-28T15:32:55.023296Z DEBUG prove_core:phase 2 prover:batch:opening: Global          | Main Cols = 412   | Pre Cols = 0      | Perm Cols = 8     | Rows = 65536 | Cells = 27525120   shard=4
2025-10-28T15:32:55.023307Z DEBUG prove_core:phase 2 prover:batch:opening: MemoryLocal     | Main Cols = 56    | Pre Cols = 0      | Perm Cols = 36    | Rows = 4096  | Cells = 376832     shard=4
2025-10-28T15:32:55.023319Z DEBUG prove_core:phase 2 prover:batch:opening: Secp256k1DoubleAssign | Main Cols = 2348  | Pre Cols = 0      | Perm Cols = 2208  | Rows = 1024  | Cells = 4665344    shard=4
2025-10-28T15:32:55.023334Z DEBUG prove_core:phase 2 prover:batch:opening: SyscallPrecompile | Main Cols = 6     | Pre Cols = 0      | Perm Cols = 8     | Rows = 1024  | Cells = 14336      shard=4
2025-10-28T15:32:55.088584Z DEBUG prove_core:phase 2 prover:batch:opening:flatten permutation traces and collect domains: close time.busy=65.2ms time.idle=5.58µs shard=4
2025-10-28T15:32:56.388906Z DEBUG prove_core:phase 2 prover:batch:opening:commit to permutation traces: close time.busy=1.30s time.idle=5.41µs shard=4
2025-10-28T15:32:56.392724Z DEBUG prove_core:phase 2 prover:batch:opening:compute quotient values:compute quotient values for domain: close time.busy=3.46ms time.idle=5.60µs shard=4
2025-10-28T15:32:56.800627Z DEBUG prove_core:phase 2 prover:batch:opening:compute quotient values:compute quotient values for domain: close time.busy=411ms time.idle=5.93µs shard=4
2025-10-28T15:32:56.800962Z DEBUG prove_core:phase 2 prover:batch:opening:compute quotient values:compute quotient values for domain: close time.busy=412ms time.idle=14.6µs shard=4
2025-10-28T15:32:58.144585Z DEBUG prove_core:phase 2 prover:batch:opening:compute quotient values:compute quotient values for domain: close time.busy=1.76s time.idle=6.25µs shard=4
2025-10-28T15:32:58.187936Z DEBUG prove_core:phase 2 prover:batch:opening:compute quotient values:compute quotient values for domain: close time.busy=1.80s time.idle=7.05µs shard=4
2025-10-28T15:32:58.198296Z DEBUG prove_core:phase 2 prover:batch:opening:compute quotient values:compute quotient values for domain: close time.busy=1.81s time.idle=12.2µs shard=4
2025-10-28T15:32:59.232515Z DEBUG prove_core:phase 2 prover:batch:opening:commit to quotient traces: close time.busy=1.00s time.idle=6.77µs shard=4
2025-10-28T15:32:59.232598Z DEBUG prove_core:phase 2 prover:batch:opening:compute preprocessed opening points: close time.busy=5.06µs time.idle=4.72µs shard=4
2025-10-28T15:32:59.232625Z DEBUG prove_core:phase 2 prover:batch:opening:compute main trace opening points: close time.busy=7.46µs time.idle=2.94µs shard=4
2025-10-28T15:32:59.232647Z DEBUG prove_core:phase 2 prover:batch:opening:compute permutation trace opening points: close time.busy=4.13µs time.idle=3.16µs shard=4
2025-10-28T15:33:03.111211Z DEBUG prove_core:phase 2 prover:batch:opening:open multi batches: close time.busy=3.88s time.idle=5.00µs shard=4
2025-10-28T15:33:03.111338Z DEBUG prove_core:phase 2 prover:batch:opening:compute quotient values: close time.busy=1.81s time.idle=4.91s shard=4
2025-10-28T15:33:03.185857Z DEBUG prove_core:phase 2 prover:batch:opening: close time.busy=8.40s time.idle=26.3µs shard=4
2025-10-28T15:33:03.185931Z DEBUG prove_core:phase 2 prover:batch: proving shard 4 took 12802261529 ns. shape: Some([(SyscallPrecompile, 10), (Secp256k1DoubleAssign, 10), (MemoryLocal, 12), (Global, 16), (Byte, 16), (Program, 19)])
2025-10-28T15:33:03.186123Z DEBUG prove_core:phase 2 prover:batch: close time.busy=12.8s time.idle=28.1µs
2025-10-28T15:33:03.187227Z DEBUG prove_core:phase 2 trace generation: close time.busy=310s time.idle=24.9µs
2025-10-28T15:33:27.038035Z DEBUG prove_core:phase 2 prover:batch:commit: close time.busy=23.9s time.idle=4.81µs shard=5
2025-10-28T15:33:28.473285Z DEBUG prove_core:phase 2 prover:batch:opening:generate permutation traces: close time.busy=1.44s time.idle=4.26µs shard=5
2025-10-28T15:33:28.473343Z DEBUG prove_core:phase 2 prover:batch:opening: Program         | Main Cols = 1     | Pre Cols = 14     | Perm Cols = 8     | Rows = 524288 | Cells = 12058624   shard=5
2025-10-28T15:33:28.473357Z DEBUG prove_core:phase 2 prover:batch:opening: Global          | Main Cols = 412   | Pre Cols = 0      | Perm Cols = 8     | Rows = 262144 | Cells = 110100480  shard=5
2025-10-28T15:33:28.473367Z DEBUG prove_core:phase 2 prover:batch:opening: Byte            | Main Cols = 9     | Pre Cols = 11     | Perm Cols = 24    | Rows = 65536 | Cells = 2883584    shard=5
2025-10-28T15:33:28.473377Z DEBUG prove_core:phase 2 prover:batch:opening: KeccakPermute   | Main Cols = 3289  | Pre Cols = 0      | Perm Cols = 608   | Rows = 32768 | Cells = 127696896  shard=5
2025-10-28T15:33:28.473386Z DEBUG prove_core:phase 2 prover:batch:opening: MemoryLocal     | Main Cols = 56    | Pre Cols = 0      | Perm Cols = 36    | Rows = 32768 | Cells = 3014656    shard=5
2025-10-28T15:33:28.473399Z DEBUG prove_core:phase 2 prover:batch:opening: SyscallPrecompile | Main Cols = 6     | Pre Cols = 0      | Perm Cols = 8     | Rows = 2048  | Cells = 28672      shard=5
2025-10-28T15:33:28.874737Z DEBUG prove_core:phase 2 prover:batch:opening:flatten permutation traces and collect domains: close time.busy=401ms time.idle=4.66µs shard=5
2025-10-28T15:33:32.368755Z DEBUG prove_core:phase 2 prover:batch:opening:commit to permutation traces: close time.busy=3.49s time.idle=5.13µs shard=5
2025-10-28T15:33:32.373750Z DEBUG prove_core:phase 2 prover:batch:opening:compute quotient values:compute quotient values for domain: close time.busy=4.67ms time.idle=4.75µs shard=5
2025-10-28T15:33:33.040319Z DEBUG prove_core:phase 2 prover:batch:opening:compute quotient values:compute quotient values for domain: close time.busy=671ms time.idle=5.42µs shard=5
2025-10-28T15:33:33.040695Z DEBUG prove_core:phase 2 prover:batch:opening:compute quotient values:compute quotient values for domain: close time.busy=672ms time.idle=6.26µs shard=5
2025-10-28T15:33:33.885960Z DEBUG prove_core:phase 2 prover:batch:opening:compute quotient values:compute quotient values for domain: close time.busy=1.52s time.idle=7.66µs shard=5
2025-10-28T15:33:41.768795Z DEBUG prove_core:phase 2 prover:batch:opening:compute quotient values:compute quotient values for domain: close time.busy=9.40s time.idle=6.52µs shard=5
2025-10-28T15:33:42.255970Z DEBUG prove_core:phase 2 prover:batch:opening:compute quotient values:compute quotient values for domain: close time.busy=9.89s time.idle=5.01µs shard=5
2025-10-28T15:33:43.738356Z DEBUG prove_core:phase 2 prover:batch:opening:commit to quotient traces: close time.busy=1.41s time.idle=12.9µs shard=5
2025-10-28T15:33:43.738457Z DEBUG prove_core:phase 2 prover:batch:opening:compute preprocessed opening points: close time.busy=10.6µs time.idle=3.64µs shard=5
2025-10-28T15:33:43.738491Z DEBUG prove_core:phase 2 prover:batch:opening:compute main trace opening points: close time.busy=17.0µs time.idle=2.43µs shard=5
2025-10-28T15:33:43.738514Z DEBUG prove_core:phase 2 prover:batch:opening:compute permutation trace opening points: close time.busy=8.38µs time.idle=2.34µs shard=5
2025-10-28T15:33:50.047644Z DEBUG prove_core:phase 2 prover:batch:opening:open multi batches: close time.busy=6.31s time.idle=4.52µs shard=5
2025-10-28T15:33:50.047774Z DEBUG prove_core:phase 2 prover:batch:opening:compute quotient values: close time.busy=9.89s time.idle=7.79s shard=5
2025-10-28T15:33:50.719968Z DEBUG prove_core:phase 2 prover:batch:opening: close time.busy=23.7s time.idle=6.00µs shard=5
2025-10-28T15:33:50.720030Z DEBUG prove_core:phase 2 prover:batch: proving shard 5 took 47533858625 ns. shape: Some([(SyscallPrecompile, 11), (KeccakPermute, 15), (MemoryLocal, 15), (Byte, 16), (Global, 18), (Program, 19)])
2025-10-28T15:33:50.720131Z DEBUG prove_core:phase 2 prover:batch: close time.busy=47.5s time.idle=12.4µs
2025-10-28T15:34:01.014756Z DEBUG prove_core:phase 2 prover:batch:commit: close time.busy=10.3s time.idle=4.50µs shard=6
2025-10-28T15:34:01.328968Z DEBUG prove_core:phase 2 prover:batch:opening:generate permutation traces: close time.busy=314ms time.idle=4.65µs shard=6
2025-10-28T15:34:01.329046Z DEBUG prove_core:phase 2 prover:batch:opening: Program         | Main Cols = 1     | Pre Cols = 14     | Perm Cols = 8     | Rows = 524288 | Cells = 12058624   shard=6
2025-10-28T15:34:01.329062Z DEBUG prove_core:phase 2 prover:batch:opening: MemoryGlobalFinalize | Main Cols = 108   | Pre Cols = 0      | Perm Cols = 8     | Rows = 262144 | Cells = 30408704   shard=6
2025-10-28T15:34:01.329074Z DEBUG prove_core:phase 2 prover:batch:opening: Global          | Main Cols = 412   | Pre Cols = 0      | Perm Cols = 8     | Rows = 131072 | Cells = 55050240   shard=6
2025-10-28T15:34:01.329087Z DEBUG prove_core:phase 2 prover:batch:opening: Byte            | Main Cols = 9     | Pre Cols = 11     | Perm Cols = 24    | Rows = 65536 | Cells = 2883584    shard=6
2025-10-28T15:34:01.329098Z DEBUG prove_core:phase 2 prover:batch:opening: MemoryGlobalInit | Main Cols = 108   | Pre Cols = 0      | Perm Cols = 8     | Rows = 65536 | Cells = 7602176    shard=6
2025-10-28T15:34:01.390149Z DEBUG prove_core:phase 2 prover:batch:opening:flatten permutation traces and collect domains: close time.busy=61.0ms time.idle=5.80µs shard=6
2025-10-28T15:34:02.834211Z DEBUG prove_core:phase 2 prover:batch:opening:commit to permutation traces: close time.busy=1.44s time.idle=5.25µs shard=6
2025-10-28T15:34:04.179779Z DEBUG prove_core:phase 2 prover:batch:opening:compute quotient values:compute quotient values for domain: close time.busy=1.35s time.idle=6.17µs shard=6
2025-10-28T15:34:04.194954Z DEBUG prove_core:phase 2 prover:batch:opening:compute quotient values:compute quotient values for domain: close time.busy=1.36s time.idle=5.37µs shard=6
2025-10-28T15:34:04.213670Z DEBUG prove_core:phase 2 prover:batch:opening:compute quotient values:compute quotient values for domain: close time.busy=1.38s time.idle=6.63µs shard=6
2025-10-28T15:34:05.889383Z DEBUG prove_core:phase 2 prover:batch:opening:compute quotient values:compute quotient values for domain: close time.busy=3.05s time.idle=6.77µs shard=6
2025-10-28T15:34:05.928232Z DEBUG prove_core:phase 2 prover:batch:opening:compute quotient values:compute quotient values for domain: close time.busy=3.09s time.idle=5.98µs shard=6
2025-10-28T15:34:07.511921Z DEBUG prove_core:phase 2 prover:batch:opening:commit to quotient traces: close time.busy=1.52s time.idle=6.16µs shard=6
2025-10-28T15:34:07.511992Z DEBUG prove_core:phase 2 prover:batch:opening:compute preprocessed opening points: close time.busy=4.15µs time.idle=3.48µs shard=6
2025-10-28T15:34:07.512015Z DEBUG prove_core:phase 2 prover:batch:opening:compute main trace opening points: close time.busy=7.16µs time.idle=2.24µs shard=6
2025-10-28T15:34:07.512032Z DEBUG prove_core:phase 2 prover:batch:opening:compute permutation trace opening points: close time.busy=2.52µs time.idle=2.23µs shard=6
2025-10-28T15:34:12.776765Z DEBUG prove_core:phase 2 prover:batch:opening:open multi batches: close time.busy=5.26s time.idle=4.60µs shard=6
2025-10-28T15:34:12.776882Z DEBUG prove_core:phase 2 prover:batch:opening:compute quotient values: close time.busy=3.09s time.idle=6.85s shard=6
2025-10-28T15:34:12.983816Z DEBUG prove_core:phase 2 prover:batch:opening: close time.busy=12.0s time.idle=12.1µs shard=6
2025-10-28T15:34:12.983881Z DEBUG prove_core:phase 2 prover:batch: proving shard 6 took 22263717097 ns. shape: Some([(Byte, 16), (MemoryGlobalInit, 16), (Global, 17), (MemoryGlobalFinalize, 18), (Program, 19)])
2025-10-28T15:34:12.984003Z DEBUG prove_core:phase 2 prover:batch: close time.busy=22.3s time.idle=9.90µs
2025-10-28T15:34:12.984022Z DEBUG prove_core:phase 2 prover: close time.busy=379s time.idle=4.22µs
2025-10-28T15:34:12.984664Z DEBUG prove_core: execution report (totals): total_cycles=2693980, total_syscall_cycles=2919, touched_memory_addresses=82303
2025-10-28T15:34:12.984722Z DEBUG prove_core: execution report (opcode counts):
2025-10-28T15:34:12.984771Z DEBUG prove_core:   682286 add
2025-10-28T15:34:12.984783Z DEBUG prove_core:   434935 sw
2025-10-28T15:34:12.984793Z DEBUG prove_core:   358726 lw
2025-10-28T15:34:12.984802Z DEBUG prove_core:   292122 lbu
2025-10-28T15:34:12.984811Z DEBUG prove_core:   209762 sb
2025-10-28T15:34:12.984821Z DEBUG prove_core:   115895 bne
2025-10-28T15:34:12.984830Z DEBUG prove_core:   111343 beq
2025-10-28T15:34:12.984840Z DEBUG prove_core:    92341 xor
2025-10-28T15:34:12.984850Z DEBUG prove_core:    85572 bltu
2025-10-28T15:34:12.984860Z DEBUG prove_core:    61771 jalr
2025-10-28T15:34:12.984869Z DEBUG prove_core:    44200 or
2025-10-28T15:34:12.984879Z DEBUG prove_core:    41276 and
2025-10-28T15:34:12.984889Z DEBUG prove_core:    38450 sll
2025-10-28T15:34:12.984898Z DEBUG prove_core:    30892 auipc
2025-10-28T15:34:12.984907Z DEBUG prove_core:    27352 srl
2025-10-28T15:34:12.984917Z DEBUG prove_core:    20804 lb
2025-10-28T15:34:12.984927Z DEBUG prove_core:    13879 sltu
2025-10-28T15:34:12.984936Z DEBUG prove_core:    12312 sub
2025-10-28T15:34:12.984946Z DEBUG prove_core:     5310 jal
2025-10-28T15:34:12.984955Z DEBUG prove_core:     4490 bgeu
2025-10-28T15:34:12.984965Z DEBUG prove_core:     2998 mul
2025-10-28T15:34:12.984974Z DEBUG prove_core:     2919 ecall
2025-10-28T15:34:12.984984Z DEBUG prove_core:     2338 sh
2025-10-28T15:34:12.984993Z DEBUG prove_core:     1592 mulhu
2025-10-28T15:34:12.985003Z DEBUG prove_core:      189 lh
2025-10-28T15:34:12.985012Z DEBUG prove_core:      108 sra
2025-10-28T15:34:12.985022Z DEBUG prove_core:       94 lhu
2025-10-28T15:34:12.985031Z DEBUG prove_core:       18 bge
2025-10-28T15:34:12.985040Z DEBUG prove_core:        6 blt
2025-10-28T15:34:12.985051Z DEBUG prove_core:        0 slt
2025-10-28T15:34:12.985061Z DEBUG prove_core:        0 mulh
2025-10-28T15:34:12.985070Z DEBUG prove_core:        0 mulhsu
2025-10-28T15:34:12.985080Z DEBUG prove_core:        0 div
2025-10-28T15:34:12.985090Z DEBUG prove_core:        0 divu
2025-10-28T15:34:12.985099Z DEBUG prove_core:        0 rem
2025-10-28T15:34:12.985109Z DEBUG prove_core:        0 remu
2025-10-28T15:34:12.985118Z DEBUG prove_core:        0 ebreak
2025-10-28T15:34:12.985128Z DEBUG prove_core:        0 unimp
2025-10-28T15:34:12.985137Z DEBUG prove_core: execution report (syscall counts):
2025-10-28T15:34:12.985153Z DEBUG prove_core:   1335 keccak_permute
2025-10-28T15:34:12.985164Z DEBUG prove_core:   1024 secp256k1_double
2025-10-28T15:34:12.985174Z DEBUG prove_core:    522 secp256k1_add
2025-10-28T15:34:12.985183Z DEBUG prove_core:      8 commit
2025-10-28T15:34:12.985194Z DEBUG prove_core:      8 commit_deferred_proofs
2025-10-28T15:34:12.985207Z DEBUG prove_core:      8 hint_len
2025-10-28T15:34:12.985219Z DEBUG prove_core:      8 hint_read
2025-10-28T15:34:12.985230Z DEBUG prove_core:      4 enter_unconstrained
2025-10-28T15:34:12.985239Z DEBUG prove_core:      1 halt
2025-10-28T15:34:12.985249Z DEBUG prove_core:      1 write
2025-10-28T15:34:12.985259Z DEBUG prove_core:      0 exit_unconstrained
2025-10-28T15:34:12.985269Z DEBUG prove_core:      0 verify_sp1_proof
2025-10-28T15:34:12.985279Z DEBUG prove_core:      0 ed_decompress
2025-10-28T15:34:12.985289Z DEBUG prove_core:      0 secp256k1_decompress
2025-10-28T15:34:12.985298Z DEBUG prove_core:      0 bn254_double
2025-10-28T15:34:12.985308Z DEBUG prove_core:      0 bls12381_decompress
2025-10-28T15:34:12.985318Z DEBUG prove_core:      0 bls12381_double
2025-10-28T15:34:12.985327Z DEBUG prove_core:      0 secp256r1_double
2025-10-28T15:34:12.985337Z DEBUG prove_core:      0 secp256r1_decompress
2025-10-28T15:34:12.985347Z DEBUG prove_core:      0 sha_compress
2025-10-28T15:34:12.985357Z DEBUG prove_core:      0 ed_add
2025-10-28T15:34:12.985366Z DEBUG prove_core:      0 bn254_add
2025-10-28T15:34:12.985376Z DEBUG prove_core:      0 uint256_mul
2025-10-28T15:34:12.985385Z DEBUG prove_core:      0 bls12381_add
2025-10-28T15:34:12.985395Z DEBUG prove_core:      0 bls12381_fp_add
2025-10-28T15:34:12.985405Z DEBUG prove_core:      0 bls12381_fp_sub
2025-10-28T15:34:12.985414Z DEBUG prove_core:      0 bls12381_fp_mul
2025-10-28T15:34:12.985450Z DEBUG prove_core:      0 bls12381_fp2_add
2025-10-28T15:34:12.985461Z DEBUG prove_core:      0 bls12381_fp2_sub
2025-10-28T15:34:12.985471Z DEBUG prove_core:      0 bls12381_fp2_mul
2025-10-28T15:34:12.985481Z DEBUG prove_core:      0 bn254_fp_add
2025-10-28T15:34:12.985491Z DEBUG prove_core:      0 bn254_fp_sub
2025-10-28T15:34:12.985500Z DEBUG prove_core:      0 bn254_fp_mul
2025-10-28T15:34:12.985510Z DEBUG prove_core:      0 bn254_fp2_add
2025-10-28T15:34:12.985519Z DEBUG prove_core:      0 bn254_fp2_sub
2025-10-28T15:34:12.985529Z DEBUG prove_core:      0 bn254_fp2_mul
2025-10-28T15:34:12.985539Z DEBUG prove_core:      0 secp256r1_add
2025-10-28T15:34:12.985548Z DEBUG prove_core:      0 u256xu2048_mul
2025-10-28T15:34:12.985557Z DEBUG prove_core:      0 sha_extend
2025-10-28T15:34:12.985574Z DEBUG prove_core: summary: cycles=2693980, e2e=379.465605006s, khz=7.10
2025-10-28T15:34:13.008256Z  INFO prove_core: close time.busy=379s time.idle=14.4ms
2025-10-28T15:34:13.107234Z DEBUG compress:generate records and traces:get program and witness stream: close time.busy=14.5ms time.idle=5.34µs
2025-10-28T15:34:13.483193Z DEBUG compress:generate records and traces:execute runtime: close time.busy=376ms time.idle=6.12µs
2025-10-28T15:34:13.483283Z DEBUG compress:generate records and traces:generate dependencies:register nonces: close time.busy=1.16µs time.idle=3.13µs
2025-10-28T15:34:13.483303Z DEBUG compress:generate records and traces:generate dependencies: close time.busy=34.6µs time.idle=4.32µs
2025-10-28T15:34:13.483620Z DEBUG compress:generate records and traces:generate traces:generate traces for shard: generated trace for chip MemoryConst in 142.121µs
2025-10-28T15:34:13.483688Z DEBUG fixed log2 rows can be potentially reduced: got 253600, expected 524288
2025-10-28T15:34:13.483732Z DEBUG compress:generate records and traces:generate traces:generate traces for shard: generated trace for chip PublicValues in 8.449µs
2025-10-28T15:34:13.484861Z DEBUG compress:generate records and traces:generate traces:generate traces for shard: generated trace for chip BaseAlu in 1.286792ms
2025-10-28T15:34:13.487566Z DEBUG fixed log2 rows can be potentially reduced: got 219146, expected 524288
2025-10-28T15:34:13.491446Z DEBUG generate exp reverse bits len trace: fixed log2 rows can be potentially reduced: got 130700, expected 262144 rows=7100
2025-10-28T15:34:13.493923Z DEBUG generate batch fri trace: fixed log2 rows can be potentially reduced: got 248400, expected 524288 rows=248400
2025-10-28T15:34:13.501033Z DEBUG compress:generate records and traces:generate traces:generate traces for shard: generated trace for chip ExtAlu in 17.419523ms
2025-10-28T15:34:13.504163Z DEBUG compress:generate records and traces:generate traces:generate traces for shard: generated trace for chip Select in 20.477409ms
2025-10-28T15:34:13.508638Z DEBUG generate exp reverse bits len trace: close time.busy=24.9ms time.idle=6.33µs rows=7100
2025-10-28T15:34:13.508685Z DEBUG compress:generate records and traces:generate traces:generate traces for shard: generated trace for chip ExpReverseBitsLen in 24.973656ms
2025-10-28T15:34:13.517614Z DEBUG compress:generate records and traces:generate traces:generate traces for shard: generated trace for chip MemoryVar in 33.841958ms
2025-10-28T15:34:13.557385Z DEBUG generate batch fri trace: close time.busy=73.6ms time.idle=5.31µs rows=248400
2025-10-28T15:34:13.557462Z DEBUG compress:generate records and traces:generate traces:generate traces for shard: generated trace for chip BatchFRI in 73.6646ms
2025-10-28T15:34:13.859967Z DEBUG generate poseidon2 wide trace: close time.busy=376ms time.idle=4.64µs rows=56071
2025-10-28T15:34:13.860016Z DEBUG compress:generate records and traces:generate traces:generate traces for shard: generated trace for chip Poseidon2WideDeg3 in 376.287502ms
2025-10-28T15:34:13.860106Z DEBUG compress:generate records and traces:generate traces:generate traces for shard: close time.busy=377ms time.idle=3.85µs
2025-10-28T15:34:13.860154Z DEBUG compress:generate records and traces:generate traces: close time.busy=377ms time.idle=3.79µs
2025-10-28T15:34:13.863547Z DEBUG compress:generate records and traces:get program and witness stream: core cache miss, misses: 3
2025-10-28T15:34:13.871949Z DEBUG compress:prove:batch:Setup compress program:setup machine:generate preprocessed traces: generated preprocessed trace for chip PublicValues in 11.073464ms
2025-10-28T15:34:13.877626Z DEBUG compress:prove:batch:Setup compress program:setup machine:generate preprocessed traces: generated preprocessed trace for chip BaseAlu in 16.880451ms
2025-10-28T15:34:13.878375Z DEBUG compress:prove:batch:Setup compress program:setup machine:generate preprocessed traces: generated preprocessed trace for chip Select in 17.607166ms
2025-10-28T15:34:13.881203Z DEBUG compress:prove:batch:Setup compress program:setup machine:generate preprocessed traces: generated preprocessed trace for chip MemoryConst in 20.549848ms
2025-10-28T15:34:13.884511Z DEBUG compress:prove:batch:Setup compress program:setup machine:generate preprocessed traces: generated preprocessed trace for chip ExtAlu in 23.56159ms
2025-10-28T15:34:13.887947Z DEBUG fixed log2 rows can be potentially reduced: got 248400, expected 524288
2025-10-28T15:34:13.888614Z DEBUG fixed log2 rows can be potentially reduced: got 130700, expected 262144
2025-10-28T15:34:13.891785Z DEBUG compress:prove:batch:Setup compress program:setup machine:generate preprocessed traces: generated preprocessed trace for chip MemoryVar in 30.889159ms
2025-10-28T15:34:13.895688Z DEBUG compress:prove:batch:Setup compress program:setup machine:generate preprocessed traces: generated preprocessed trace for chip BatchFRI in 34.851453ms
2025-10-28T15:34:13.911783Z DEBUG compress:prove:batch:Setup compress program:setup machine:generate preprocessed traces: generated preprocessed trace for chip Poseidon2WideDeg3 in 51.069188ms
2025-10-28T15:34:13.916547Z DEBUG compress:prove:batch:Setup compress program:setup machine:generate preprocessed traces: generated preprocessed trace for chip ExpReverseBitsLen in 55.72996ms
2025-10-28T15:34:14.014647Z DEBUG compress:generate records and traces:get program and witness stream:build recursion program:read input: close time.busy=151ms time.idle=4.93µs
2025-10-28T15:34:14.015780Z DEBUG compress:generate records and traces:get program and witness stream:build recursion program:verify:verify shard:assert lookup multiplicities: close time.busy=34.0µs time.idle=4.42µs
2025-10-28T15:34:14.193784Z DEBUG compress:generate records and traces:get program and witness stream:build recursion program:verify:verify shard:2adic pcs:verify shape and challenges: close time.busy=120ms time.idle=7.88µs
2025-10-28T15:34:14.801223Z DEBUG compress:generate records and traces:get program and witness stream:build recursion program:verify:verify shard:2adic pcs:verify challenges: close time.busy=219ms time.idle=7.53µs
2025-10-28T15:34:14.801311Z DEBUG compress:generate records and traces:get program and witness stream:build recursion program:verify:verify shard:2adic pcs: close time.busy=782ms time.idle=3.67µs
2025-10-28T15:34:14.806258Z DEBUG compress:generate records and traces:get program and witness stream:build recursion program:verify:verify shard:verify constraints: close time.busy=4.91ms time.idle=4.40µs
2025-10-28T15:34:14.806302Z DEBUG compress:generate records and traces:get program and witness stream:build recursion program:verify:verify shard: close time.busy=791ms time.idle=5.66µs
2025-10-28T15:34:14.824065Z DEBUG compress:generate records and traces:get program and witness stream:build recursion program:verify: close time.busy=809ms time.idle=5.37µs
2025-10-28T15:34:14.824109Z DEBUG compress:generate records and traces:get program and witness stream:build recursion program:build block: close time.busy=2.07µs time.idle=2.92µs
2025-10-28T15:34:14.824125Z DEBUG compress:generate records and traces:get program and witness stream:build recursion program: close time.busy=961ms time.idle=4.54µs
2025-10-28T15:34:15.461620Z DEBUG compress:generate records and traces:get program and witness stream:compile recursion program:compile raw program: close time.busy=637ms time.idle=5.05µs
2025-10-28T15:34:15.489403Z DEBUG compress:generate records and traces:get program and witness stream:compile recursion program:backfill mult: close time.busy=27.7ms time.idle=5.97µs
2025-10-28T15:34:15.489556Z DEBUG compress:generate records and traces:get program and witness stream:compile recursion program:prepend constants: close time.busy=52.6µs time.idle=4.35µs
2025-10-28T15:34:15.500174Z DEBUG compress:generate records and traces:get program and witness stream:compile recursion program: close time.busy=676ms time.idle=5.26µs
2025-10-28T15:34:15.507456Z DEBUG compress:generate records and traces:get program and witness stream: close time.busy=1.65s time.idle=6.18µs
2025-10-28T15:34:16.410344Z DEBUG compress:generate records and traces:execute runtime: close time.busy=903ms time.idle=8.08µs
2025-10-28T15:34:16.410459Z DEBUG compress:generate records and traces:generate dependencies:register nonces: close time.busy=1.56µs time.idle=4.41µs
2025-10-28T15:34:16.410479Z DEBUG compress:generate records and traces:generate dependencies: close time.busy=65.0µs time.idle=4.75µs
2025-10-28T15:34:16.922267Z DEBUG fixed log2 rows can be potentially reduced: got 234400, expected 524288
2025-10-28T15:34:16.922326Z DEBUG compress:generate records and traces:generate traces:generate traces for shard: generated trace for chip PublicValues in 64.696µs
2025-10-28T15:34:16.922507Z DEBUG compress:generate records and traces:generate traces:generate traces for shard: generated trace for chip MemoryConst in 254.635µs
2025-10-28T15:34:16.924364Z DEBUG compress:generate records and traces:generate traces:generate traces for shard: generated trace for chip Select in 2.106476ms
2025-10-28T15:34:16.925114Z DEBUG compress:generate records and traces:generate traces:generate traces for shard: generated trace for chip BaseAlu in 2.858728ms
2025-10-28T15:34:16.927077Z DEBUG generate batch fri trace: fixed log2 rows can be potentially reduced: got 248400, expected 524288 rows=248400
2025-10-28T15:34:16.930819Z DEBUG generate exp reverse bits len trace: fixed log2 rows can be potentially reduced: got 130200, expected 262144 rows=7100
2025-10-28T15:34:16.932903Z DEBUG fixed log2 rows can be potentially reduced: got 209092, expected 524288
2025-10-28T15:34:16.938935Z DEBUG compress:generate records and traces:generate traces:generate traces for shard: generated trace for chip ExtAlu in 16.670736ms
2025-10-28T15:34:16.953174Z DEBUG generate exp reverse bits len trace: close time.busy=30.9ms time.idle=8.37µs rows=7100
2025-10-28T15:34:16.953227Z DEBUG compress:generate records and traces:generate traces:generate traces for shard: generated trace for chip ExpReverseBitsLen in 30.968211ms
2025-10-28T15:34:16.992246Z DEBUG compress:generate records and traces:generate traces:generate traces for shard: generated trace for chip MemoryVar in 69.986943ms
2025-10-28T15:34:17.183065Z DEBUG generate batch fri trace: close time.busy=261ms time.idle=7.67µs rows=248400
2025-10-28T15:34:17.183118Z DEBUG compress:generate records and traces:generate traces:generate traces for shard: generated trace for chip BatchFRI in 260.862532ms
2025-10-28T15:34:17.375771Z DEBUG generate poseidon2 wide trace: close time.busy=453ms time.idle=7.25µs rows=53170
2025-10-28T15:34:17.375831Z DEBUG compress:generate records and traces:generate traces:generate traces for shard: generated trace for chip Poseidon2WideDeg3 in 453.578114ms
2025-10-28T15:34:17.375972Z DEBUG compress:generate records and traces:generate traces:generate traces for shard: close time.busy=965ms time.idle=3.53µs
2025-10-28T15:34:17.375999Z DEBUG compress:generate records and traces:generate traces: close time.busy=965ms time.idle=4.06µs
2025-10-28T15:34:17.386589Z DEBUG compress:prove:batch:Setup compress program:setup machine:generate preprocessed traces: generated preprocessed trace for chip PublicValues in 10.361345ms
2025-10-28T15:34:17.390795Z DEBUG compress:prove:batch:Setup compress program:setup machine:generate preprocessed traces: generated preprocessed trace for chip BaseAlu in 14.570907ms
2025-10-28T15:34:17.390871Z DEBUG fixed log2 rows can be potentially reduced: got 130200, expected 262144
2025-10-28T15:34:17.395846Z DEBUG compress:prove:batch:Setup compress program:setup machine:generate preprocessed traces: generated preprocessed trace for chip Select in 19.621201ms
2025-10-28T15:34:17.397264Z DEBUG fixed log2 rows can be potentially reduced: got 248400, expected 524288
2025-10-28T15:34:17.405073Z DEBUG compress:prove:batch:Setup compress program:setup machine:generate preprocessed traces: generated preprocessed trace for chip ExtAlu in 28.850517ms
2025-10-28T15:34:17.409111Z DEBUG compress:prove:batch:Setup compress program:setup machine:generate preprocessed traces: generated preprocessed trace for chip BatchFRI in 32.892215ms
2025-10-28T15:34:17.415257Z DEBUG compress:prove:batch:Setup compress program:setup machine:generate preprocessed traces: generated preprocessed trace for chip Poseidon2WideDeg3 in 39.032658ms
2025-10-28T15:34:17.420825Z DEBUG compress:generate records and traces:get program and witness stream: core cache miss, misses: 4
2025-10-28T15:34:17.431009Z DEBUG compress:prove:batch:Setup compress program:setup machine:generate preprocessed traces: generated preprocessed trace for chip ExpReverseBitsLen in 54.784698ms
2025-10-28T15:34:17.431015Z DEBUG compress:prove:batch:Setup compress program:setup machine:generate preprocessed traces: generated preprocessed trace for chip MemoryConst in 54.758281ms
2025-10-28T15:34:17.440748Z DEBUG compress:prove:batch:Setup compress program:setup machine:generate preprocessed traces: generated preprocessed trace for chip MemoryVar in 64.458447ms
2025-10-28T15:34:17.656818Z DEBUG compress:generate records and traces:get program and witness stream:build recursion program:read input: close time.busy=236ms time.idle=4.59µs
2025-10-28T15:34:17.658027Z DEBUG compress:generate records and traces:get program and witness stream:build recursion program:verify:verify shard:assert lookup multiplicities: close time.busy=131µs time.idle=3.97µs
2025-10-28T15:34:17.988267Z DEBUG compress:prove:batch:Setup compress program:setup machine:commit to preprocessed traces: close time.busy=4.05s time.idle=8.11µs
2025-10-28T15:34:17.988378Z DEBUG compress:prove:batch:Setup compress program:setup machine:generate preprocessed traces: close time.busy=56.8ms time.idle=4.07s
2025-10-28T15:34:17.988398Z DEBUG compress:prove:batch:Setup compress program:setup machine: close time.busy=4.13s time.idle=3.53µs
2025-10-28T15:34:17.988415Z DEBUG compress:prove:batch:Setup compress program: close time.busy=4.13s time.idle=3.75µs
2025-10-28T15:34:17.988519Z DEBUG compress:prove:batch:observe proving key: close time.busy=15.7µs time.idle=4.57µs
2025-10-28T15:34:18.127166Z DEBUG compress:generate records and traces:get program and witness stream:build recursion program:verify:verify shard:2adic pcs:verify shape and challenges: close time.busy=92.5ms time.idle=6.17µs
2025-10-28T15:34:18.701104Z DEBUG compress:generate records and traces:get program and witness stream:build recursion program:verify:verify shard:2adic pcs:verify challenges: close time.busy=385ms time.idle=6.29µs
2025-10-28T15:34:18.701209Z DEBUG compress:generate records and traces:get program and witness stream:build recursion program:verify:verify shard:2adic pcs: close time.busy=1.04s time.idle=3.99µs
2025-10-28T15:34:18.728602Z DEBUG compress:generate records and traces:get program and witness stream:build recursion program:verify:verify shard:verify constraints: close time.busy=27.4ms time.idle=5.26µs
2025-10-28T15:34:18.728684Z DEBUG compress:generate records and traces:get program and witness stream:build recursion program:verify:verify shard: close time.busy=1.07s time.idle=4.74µs
2025-10-28T15:34:18.773049Z DEBUG compress:generate records and traces:get program and witness stream:build recursion program:verify: close time.busy=1.12s time.idle=5.66µs
2025-10-28T15:34:18.773136Z DEBUG compress:generate records and traces:get program and witness stream:build recursion program:build block: close time.busy=3.78µs time.idle=4.20µs
2025-10-28T15:34:18.773155Z DEBUG compress:generate records and traces:get program and witness stream:build recursion program: close time.busy=1.35s time.idle=9.89µs
2025-10-28T15:34:19.493510Z DEBUG compress:generate records and traces:get program and witness stream:compile recursion program:compile raw program: close time.busy=720ms time.idle=5.19µs
2025-10-28T15:34:19.530056Z DEBUG compress:generate records and traces:get program and witness stream:compile recursion program:backfill mult: close time.busy=36.5ms time.idle=6.41µs
2025-10-28T15:34:19.530169Z DEBUG compress:generate records and traces:get program and witness stream:compile recursion program:prepend constants: close time.busy=41.3µs time.idle=4.18µs
2025-10-28T15:34:19.542381Z DEBUG compress:generate records and traces:get program and witness stream:compile recursion program: close time.busy=769ms time.idle=4.90µs
2025-10-28T15:34:19.554011Z DEBUG compress:generate records and traces:get program and witness stream: close time.busy=2.18s time.idle=5.97µs
2025-10-28T15:34:21.120080Z DEBUG compress:generate records and traces:execute runtime: close time.busy=1.57s time.idle=7.31µs
2025-10-28T15:34:21.120181Z DEBUG compress:generate records and traces:generate dependencies:register nonces: close time.busy=1.21µs time.idle=3.29µs
2025-10-28T15:34:21.120199Z DEBUG compress:generate records and traces:generate dependencies: close time.busy=49.5µs time.idle=3.60µs
2025-10-28T15:34:21.691636Z DEBUG fixed log2 rows can be potentially reduced: got 73032, expected 262144
2025-10-28T15:34:21.692629Z DEBUG compress:generate records and traces:generate traces:generate traces for shard: generated trace for chip MemoryConst in 1.041032ms
2025-10-28T15:34:21.692676Z DEBUG compress:generate records and traces:generate traces:generate traces for shard: generated trace for chip BaseAlu in 1.070169ms
2025-10-28T15:34:21.694514Z DEBUG fixed log2 rows can be potentially reduced: got 216000, expected 1048576
2025-10-28T15:34:21.699251Z DEBUG compress:generate records and traces:generate traces:generate traces for shard: generated trace for chip Select in 4.736545ms
2025-10-28T15:34:21.701494Z DEBUG fixed log2 rows can be potentially reduced: got 393883, expected 1048576
2025-10-28T15:34:21.702616Z DEBUG generate exp reverse bits len trace: fixed log2 rows can be potentially reduced: got 41700, expected 262144 rows=2700
2025-10-28T15:34:21.715698Z DEBUG compress:generate records and traces:generate traces:generate traces for shard: generated trace for chip PublicValues in 37.194µs
2025-10-28T15:34:21.734962Z DEBUG generate exp reverse bits len trace: close time.busy=35.5ms time.idle=6.86µs rows=2700
2025-10-28T15:34:21.735022Z DEBUG compress:generate records and traces:generate traces:generate traces for shard: generated trace for chip ExpReverseBitsLen in 35.63678ms
2025-10-28T15:34:21.765842Z DEBUG generate batch fri trace: fixed log2 rows can be potentially reduced: got 783500, expected 2097152 rows=783500
2025-10-28T15:34:21.822829Z DEBUG compress:generate records and traces:generate traces:generate traces for shard: generated trace for chip MemoryVar in 130.139878ms
2025-10-28T15:34:21.839233Z DEBUG compress:generate records and traces:generate traces:generate traces for shard: generated trace for chip ExtAlu in 146.472142ms
2025-10-28T15:34:22.058096Z DEBUG generate batch fri trace: close time.busy=361ms time.idle=12.1µs rows=783500
2025-10-28T15:34:22.058154Z DEBUG compress:generate records and traces:generate traces:generate traces for shard: generated trace for chip BatchFRI in 361.13171ms
2025-10-28T15:34:22.335920Z DEBUG generate poseidon2 wide trace: close time.busy=644ms time.idle=11.2µs rows=97920
2025-10-28T15:34:22.335996Z DEBUG compress:generate records and traces:generate traces:generate traces for shard: generated trace for chip Poseidon2WideDeg3 in 644.405642ms
2025-10-28T15:34:22.336169Z DEBUG compress:generate records and traces:generate traces:generate traces for shard: close time.busy=1.22s time.idle=4.58µs
2025-10-28T15:34:22.336217Z DEBUG compress:generate records and traces:generate traces: close time.busy=1.22s time.idle=4.15µs
2025-10-28T15:34:22.351206Z DEBUG compress:generate records and traces:get program and witness stream: core cache miss, misses: 5
2025-10-28T15:34:22.666449Z DEBUG compress:generate records and traces:get program and witness stream:build recursion program:read input: close time.busy=315ms time.idle=27.6µs
2025-10-28T15:34:22.668179Z DEBUG compress:generate records and traces:get program and witness stream:build recursion program:verify:verify shard:assert lookup multiplicities: close time.busy=114µs time.idle=4.30µs
2025-10-28T15:34:22.783114Z DEBUG compress:prove:batch:Setup compress program:setup machine:commit to preprocessed traces: close time.busy=5.16s time.idle=8.20µs
2025-10-28T15:34:22.783262Z DEBUG compress:prove:batch:Setup compress program:setup machine:generate preprocessed traces: close time.busy=64.9ms time.idle=5.34s
2025-10-28T15:34:22.783281Z DEBUG compress:prove:batch:Setup compress program:setup machine: close time.busy=5.41s time.idle=2.97µs
2025-10-28T15:34:22.783297Z DEBUG compress:prove:batch:Setup compress program: close time.busy=5.41s time.idle=3.52µs
2025-10-28T15:34:22.783337Z DEBUG compress:prove:batch:observe proving key: close time.busy=15.3µs time.idle=4.37µs
2025-10-28T15:34:23.069541Z DEBUG compress:generate records and traces:get program and witness stream:build recursion program:verify:verify shard:2adic pcs:verify shape and challenges: close time.busy=130ms time.idle=7.58µs
2025-10-28T15:34:23.678182Z DEBUG compress:generate records and traces:get program and witness stream:build recursion program:verify:verify shard:2adic pcs:verify challenges: close time.busy=211ms time.idle=7.36µs
2025-10-28T15:34:23.678300Z DEBUG compress:generate records and traces:get program and witness stream:build recursion program:verify:verify shard:2adic pcs: close time.busy=1.01s time.idle=4.42µs
2025-10-28T15:34:23.890769Z DEBUG compress:generate records and traces:get program and witness stream:build recursion program:verify:verify shard:verify constraints: close time.busy=212ms time.idle=6.31µs
2025-10-28T15:34:23.890845Z DEBUG compress:generate records and traces:get program and witness stream:build recursion program:verify:verify shard: close time.busy=1.22s time.idle=5.62µs
2025-10-28T15:34:23.918538Z DEBUG compress:generate records and traces:get program and witness stream:build recursion program:verify: close time.busy=1.25s time.idle=5.10µs
2025-10-28T15:34:23.918592Z DEBUG compress:generate records and traces:get program and witness stream:build recursion program:build block: close time.busy=2.75µs time.idle=3.62µs
2025-10-28T15:34:23.918606Z DEBUG compress:generate records and traces:get program and witness stream:build recursion program: close time.busy=1.57s time.idle=4.75µs
2025-10-28T15:34:24.770405Z DEBUG compress:generate records and traces:get program and witness stream:compile recursion program:compile raw program: close time.busy=852ms time.idle=4.98µs
2025-10-28T15:34:24.820866Z DEBUG compress:generate records and traces:get program and witness stream:compile recursion program:backfill mult: close time.busy=50.4ms time.idle=6.19µs
2025-10-28T15:34:24.820987Z DEBUG compress:generate records and traces:get program and witness stream:compile recursion program:prepend constants: close time.busy=52.8µs time.idle=4.23µs
2025-10-28T15:34:24.835126Z DEBUG compress:generate records and traces:get program and witness stream:compile recursion program: close time.busy=916ms time.idle=4.90µs
2025-10-28T15:34:25.281988Z DEBUG compress:generate records and traces:get program and witness stream: close time.busy=2.95s time.idle=7.58µs
2025-10-28T15:34:28.202876Z DEBUG compress:prove:batch:commit: close time.busy=10.2s time.idle=4.67µs
2025-10-28T15:34:28.254038Z DEBUG compress:generate records and traces:execute runtime: close time.busy=2.97s time.idle=6.69µs
2025-10-28T15:34:28.254120Z DEBUG compress:generate records and traces:generate dependencies:register nonces: close time.busy=1.46µs time.idle=4.12µs
2025-10-28T15:34:28.254139Z DEBUG compress:generate records and traces:generate dependencies: close time.busy=38.7µs time.idle=4.24µs
2025-10-28T15:34:29.608530Z DEBUG fixed log2 rows can be potentially reduced: got 73440, expected 262144
2025-10-28T15:34:29.609458Z DEBUG compress:generate records and traces:generate traces:generate traces for shard: generated trace for chip MemoryConst in 992.897µs
2025-10-28T15:34:29.609974Z DEBUG fixed log2 rows can be potentially reduced: got 216000, expected 1048576
2025-10-28T15:34:29.611286Z DEBUG compress:generate records and traces:generate traces:generate traces for shard: generated trace for chip PublicValues in 25.21µs
2025-10-28T15:34:29.612329Z DEBUG compress:generate records and traces:generate traces:generate traces for shard: generated trace for chip BaseAlu in 3.865276ms
2025-10-28T15:34:29.614630Z DEBUG generate exp reverse bits len trace: fixed log2 rows can be potentially reduced: got 41300, expected 262144 rows=2700
2025-10-28T15:34:29.615002Z DEBUG fixed log2 rows can be potentially reduced: got 399462, expected 1048576
2025-10-28T15:34:29.634416Z DEBUG generate exp reverse bits len trace: close time.busy=23.2ms time.idle=5.88µs rows=2700
2025-10-28T15:34:29.634504Z DEBUG compress:generate records and traces:generate traces:generate traces for shard: generated trace for chip ExpReverseBitsLen in 23.268545ms
2025-10-28T15:34:29.640055Z DEBUG compress:generate records and traces:generate traces:generate traces for shard: generated trace for chip Select in 30.089576ms
2025-10-28T15:34:29.686494Z DEBUG generate batch fri trace: fixed log2 rows can be potentially reduced: got 799800, expected 2097152 rows=799800
2025-10-28T15:34:29.730295Z DEBUG compress:generate records and traces:generate traces:generate traces for shard: generated trace for chip MemoryVar in 121.827622ms
2025-10-28T15:34:29.752406Z DEBUG compress:generate records and traces:generate traces:generate traces for shard: generated trace for chip ExtAlu in 142.897798ms
2025-10-28T15:34:30.171633Z DEBUG generate batch fri trace: close time.busy=561ms time.idle=7.18µs rows=799800
2025-10-28T15:34:30.171698Z DEBUG compress:generate records and traces:generate traces:generate traces for shard: generated trace for chip BatchFRI in 561.459955ms
2025-10-28T15:34:30.342178Z DEBUG generate poseidon2 wide trace: close time.busy=734ms time.idle=8.00µs rows=99301
2025-10-28T15:34:30.342235Z DEBUG compress:generate records and traces:generate traces:generate traces for shard: generated trace for chip Poseidon2WideDeg3 in 733.765929ms
2025-10-28T15:34:30.342322Z DEBUG compress:generate records and traces:generate traces:generate traces for shard: close time.busy=2.09s time.idle=3.95µs
2025-10-28T15:34:30.342351Z DEBUG compress:generate records and traces:generate traces: close time.busy=2.09s time.idle=5.04µs
2025-10-28T15:34:30.384193Z DEBUG compress:prove:batch:open:generate permutation traces: close time.busy=2.18s time.idle=5.42µs
2025-10-28T15:34:30.384258Z DEBUG compress:prove:batch:open: BatchFRI        | Main Cols = 13    | Pre Cols = 6      | Perm Cols = 12    | Rows = 524288 | Cells = 16252928  
2025-10-28T15:34:30.384276Z DEBUG compress:prove:batch:open: MemoryVar       | Main Cols = 8     | Pre Cols = 4      | Perm Cols = 8     | Rows = 524288 | Cells = 10485760  
2025-10-28T15:34:30.384288Z DEBUG compress:prove:batch:open: Select          | Main Cols = 5     | Pre Cols = 8      | Perm Cols = 16    | Rows = 524288 | Cells = 15204352  
2025-10-28T15:34:30.384299Z DEBUG compress:prove:batch:open: ExpReverseBitsLen | Main Cols = 7     | Pre Cols = 10     | Perm Cols = 12    | Rows = 262144 | Cells = 7602176   
2025-10-28T15:34:30.384311Z DEBUG compress:prove:batch:open: MemoryConst     | Main Cols = 1     | Pre Cols = 12     | Perm Cols = 8     | Rows = 131072 | Cells = 2752512   
2025-10-28T15:34:30.384324Z DEBUG compress:prove:batch:open: Poseidon2WideDeg3 | Main Cols = 313   | Pre Cols = 49     | Perm Cols = 68    | Rows = 131072 | Cells = 56360960  
2025-10-28T15:34:30.384335Z DEBUG compress:prove:batch:open: BaseAlu         | Main Cols = 12    | Pre Cols = 32     | Perm Cols = 28    | Rows = 65536 | Cells = 4718592   
2025-10-28T15:34:30.384347Z DEBUG compress:prove:batch:open: ExtAlu          | Main Cols = 48    | Pre Cols = 32     | Perm Cols = 28    | Rows = 65536 | Cells = 7077888   
2025-10-28T15:34:30.384358Z DEBUG compress:prove:batch:open: PublicValues    | Main Cols = 1     | Pre Cols = 10     | Perm Cols = 8     | Rows = 16    | Cells = 304       
2025-10-28T15:34:31.029927Z DEBUG compress:prove:batch:open:flatten permutation traces and collect domains: close time.busy=646ms time.idle=6.08µs
2025-10-28T15:34:36.223985Z DEBUG compress:prove:batch:commit: close time.busy=13.4s time.idle=4.86µs
2025-10-28T15:34:37.911600Z DEBUG compress:prove:batch:open:generate permutation traces: close time.busy=1.69s time.idle=5.18µs
2025-10-28T15:34:37.911667Z DEBUG compress:prove:batch:open: BatchFRI        | Main Cols = 13    | Pre Cols = 6      | Perm Cols = 12    | Rows = 524288 | Cells = 16252928  
2025-10-28T15:34:37.911680Z DEBUG compress:prove:batch:open: MemoryVar       | Main Cols = 8     | Pre Cols = 4      | Perm Cols = 8     | Rows = 524288 | Cells = 10485760  
2025-10-28T15:34:37.911689Z DEBUG compress:prove:batch:open: Select          | Main Cols = 5     | Pre Cols = 8      | Perm Cols = 16    | Rows = 524288 | Cells = 15204352  
2025-10-28T15:34:37.911698Z DEBUG compress:prove:batch:open: ExpReverseBitsLen | Main Cols = 7     | Pre Cols = 10     | Perm Cols = 12    | Rows = 262144 | Cells = 7602176   
2025-10-28T15:34:37.911707Z DEBUG compress:prove:batch:open: MemoryConst     | Main Cols = 1     | Pre Cols = 12     | Perm Cols = 8     | Rows = 131072 | Cells = 2752512   
2025-10-28T15:34:37.911718Z DEBUG compress:prove:batch:open: Poseidon2WideDeg3 | Main Cols = 313   | Pre Cols = 49     | Perm Cols = 68    | Rows = 131072 | Cells = 56360960  
2025-10-28T15:34:37.911727Z DEBUG compress:prove:batch:open: BaseAlu         | Main Cols = 12    | Pre Cols = 32     | Perm Cols = 28    | Rows = 65536 | Cells = 4718592   
2025-10-28T15:34:37.911736Z DEBUG compress:prove:batch:open: ExtAlu          | Main Cols = 48    | Pre Cols = 32     | Perm Cols = 28    | Rows = 65536 | Cells = 7077888   
2025-10-28T15:34:37.911744Z DEBUG compress:prove:batch:open: PublicValues    | Main Cols = 1     | Pre Cols = 10     | Perm Cols = 8     | Rows = 16    | Cells = 304       
2025-10-28T15:34:38.543275Z DEBUG compress:prove:batch:open:flatten permutation traces and collect domains: close time.busy=632ms time.idle=5.76µs
2025-10-28T15:34:41.882661Z DEBUG compress:prove:batch:open:commit to permutation traces: close time.busy=10.9s time.idle=6.02µs
2025-10-28T15:34:41.883362Z DEBUG compress:prove:batch:open:compute quotient values:compute quotient values for domain: close time.busy=214µs time.idle=4.57µs
2025-10-28T15:34:42.641802Z DEBUG compress:prove:batch:open:compute quotient values:compute quotient values for domain: close time.busy=759ms time.idle=5.62µs
2025-10-28T15:34:42.648511Z DEBUG compress:prove:batch:open:compute quotient values:compute quotient values for domain: close time.busy=765ms time.idle=5.72µs
2025-10-28T15:34:46.277091Z DEBUG compress:prove:batch:open:compute quotient values:compute quotient values for domain: close time.busy=4.39s time.idle=5.16µs
2025-10-28T15:34:46.279579Z DEBUG compress:prove:batch:open:compute quotient values:compute quotient values for domain: close time.busy=4.40s time.idle=4.28µs
2025-10-28T15:34:46.318990Z DEBUG compress:prove:batch:open:compute quotient values:compute quotient values for domain: close time.busy=4.44s time.idle=6.84µs
2025-10-28T15:34:46.340476Z DEBUG compress:prove:batch:open:compute quotient values:compute quotient values for domain: close time.busy=4.46s time.idle=7.97µs
2025-10-28T15:34:46.354371Z DEBUG compress:prove:batch:open:compute quotient values:compute quotient values for domain: close time.busy=4.47s time.idle=5.02µs
2025-10-28T15:34:48.646474Z DEBUG compress:prove:batch:open:compute quotient values:compute quotient values for domain: close time.busy=6.76s time.idle=13.1µs
2025-10-28T15:34:52.507038Z DEBUG compress:prove:batch:open:commit to permutation traces: close time.busy=14.0s time.idle=7.23µs
2025-10-28T15:34:52.507674Z DEBUG compress:prove:batch:open:compute quotient values:compute quotient values for domain: close time.busy=253µs time.idle=5.07µs
2025-10-28T15:34:53.668788Z DEBUG compress:prove:batch:open:compute quotient values:compute quotient values for domain: close time.busy=1.16s time.idle=5.74µs
2025-10-28T15:34:53.671115Z DEBUG compress:prove:batch:open:compute quotient values:compute quotient values for domain: close time.busy=1.16s time.idle=5.59µs
2025-10-28T15:34:53.744592Z DEBUG compress:prove:batch:open:compute quotient values:compute quotient values for domain: close time.busy=1.24s time.idle=6.77µs
2025-10-28T15:34:58.583209Z DEBUG compress:prove:batch:open:compute quotient values:compute quotient values for domain: close time.busy=6.08s time.idle=6.35µs
2025-10-28T15:34:58.587700Z DEBUG compress:prove:batch:open:compute quotient values:compute quotient values for domain: close time.busy=6.08s time.idle=5.52µs
2025-10-28T15:34:58.813854Z DEBUG compress:prove:batch:open:compute quotient values:compute quotient values for domain: close time.busy=6.31s time.idle=6.08µs
2025-10-28T15:34:58.834145Z DEBUG compress:prove:batch:open:compute quotient values:compute quotient values for domain: close time.busy=6.33s time.idle=13.2µs
2025-10-28T15:34:58.986040Z DEBUG compress:prove:batch:open:compute quotient values:compute quotient values for domain: close time.busy=6.48s time.idle=7.70µs
2025-10-28T15:35:01.276680Z DEBUG compress:prove:batch:open:commit to quotient traces: close time.busy=12.3s time.idle=5.72µs
2025-10-28T15:35:01.276843Z DEBUG compress:prove:batch:open:compute preprocessed opening points: close time.busy=13.1µs time.idle=4.26µs
2025-10-28T15:35:01.276908Z DEBUG compress:prove:batch:open:compute main trace opening points: close time.busy=45.6µs time.idle=2.44µs
2025-10-28T15:35:01.276966Z DEBUG compress:prove:batch:open:compute permutation trace opening points: close time.busy=36.6µs time.idle=2.99µs
2025-10-28T15:35:04.498254Z DEBUG compress:prove:batch:open:commit to quotient traces: close time.busy=5.27s time.idle=10.0µs
2025-10-28T15:35:04.498380Z DEBUG compress:prove:batch:open:compute preprocessed opening points: close time.busy=7.62µs time.idle=35.3µs
2025-10-28T15:35:04.498454Z DEBUG compress:prove:batch:open:compute main trace opening points: close time.busy=41.9µs time.idle=4.25µs
2025-10-28T15:35:04.498515Z DEBUG compress:prove:batch:open:compute permutation trace opening points: close time.busy=16.0µs time.idle=2.60µs
2025-10-28T15:35:11.215760Z DEBUG compress:prove:batch:open:open multi batches: close time.busy=9.94s time.idle=4.55µs
2025-10-28T15:35:11.215889Z DEBUG compress:prove:batch:open:compute quotient values: close time.busy=6.77s time.idle=22.6s
2025-10-28T15:35:11.502803Z DEBUG compress:prove:batch:open: close time.busy=43.3s time.idle=6.30µs
2025-10-28T15:35:11.503116Z DEBUG compress:prove:batch: close time.busy=57.6s time.idle=9.95µs
2025-10-28T15:35:11.530262Z DEBUG compress:generate records and traces:get program and witness stream: core cache miss, misses: 6
2025-10-28T15:35:11.608898Z DEBUG compress:prove:batch:Setup compress program:setup machine:generate preprocessed traces: generated preprocessed trace for chip PublicValues in 103.232483ms
2025-10-28T15:35:11.608966Z DEBUG fixed log2 rows can be potentially reduced: got 41700, expected 262144
2025-10-28T15:35:11.608978Z DEBUG fixed log2 rows can be potentially reduced: got 73032, expected 262144
2025-10-28T15:35:11.611120Z DEBUG compress:prove:batch:Setup compress program:setup machine:generate preprocessed traces: generated preprocessed trace for chip BaseAlu in 105.63111ms
2025-10-28T15:35:11.613761Z DEBUG compress:prove:batch:Setup compress program:setup machine:generate preprocessed traces: generated preprocessed trace for chip ExpReverseBitsLen in 108.09665ms
2025-10-28T15:35:11.622706Z DEBUG compress:prove:batch:Setup compress program:setup machine:generate preprocessed traces: generated preprocessed trace for chip MemoryVar in 117.004267ms
2025-10-28T15:35:11.665641Z DEBUG compress:prove:batch:Setup compress program:setup machine:generate preprocessed traces: generated preprocessed trace for chip Select in 159.981783ms
2025-10-28T15:35:11.691125Z DEBUG compress:prove:batch:Setup compress program:setup machine:generate preprocessed traces: generated preprocessed trace for chip MemoryConst in 185.764785ms
2025-10-28T15:35:11.700551Z DEBUG compress:prove:batch:Setup compress program:setup machine:generate preprocessed traces: generated preprocessed trace for chip Poseidon2WideDeg3 in 195.091133ms
2025-10-28T15:35:11.725727Z DEBUG compress:prove:batch:Setup compress program:setup machine:generate preprocessed traces: generated preprocessed trace for chip ExtAlu in 220.1769ms
2025-10-28T15:35:11.732213Z DEBUG fixed log2 rows can be potentially reduced: got 783500, expected 2097152
2025-10-28T15:35:11.848633Z DEBUG compress:generate records and traces:get program and witness stream:build recursion program:read input: close time.busy=318ms time.idle=11.3µs
2025-10-28T15:35:11.850497Z DEBUG compress:generate records and traces:get program and witness stream:build recursion program:verify:verify shard:assert lookup multiplicities: close time.busy=81.4µs time.idle=4.28µs
2025-10-28T15:35:11.925010Z DEBUG compress:prove:batch:Setup compress program:setup machine:generate preprocessed traces: generated preprocessed trace for chip BatchFRI in 419.404628ms
2025-10-28T15:35:12.394307Z DEBUG compress:generate records and traces:get program and witness stream:build recursion program:verify:verify shard:2adic pcs:verify shape and challenges: close time.busy=122ms time.idle=9.60µs
2025-10-28T15:35:13.141418Z DEBUG compress:generate records and traces:get program and witness stream:build recursion program:verify:verify shard:2adic pcs:verify challenges: close time.busy=213ms time.idle=8.38µs
2025-10-28T15:35:13.141608Z DEBUG compress:generate records and traces:get program and witness stream:build recursion program:verify:verify shard:2adic pcs: close time.busy=1.29s time.idle=4.11µs
2025-10-28T15:35:13.159228Z DEBUG compress:generate records and traces:get program and witness stream:build recursion program:verify:verify shard:verify constraints: close time.busy=17.6ms time.idle=5.75µs
2025-10-28T15:35:13.159279Z DEBUG compress:generate records and traces:get program and witness stream:build recursion program:verify:verify shard: close time.busy=1.31s time.idle=6.21µs
2025-10-28T15:35:13.218860Z DEBUG compress:generate records and traces:get program and witness stream:build recursion program:verify: close time.busy=1.37s time.idle=5.68µs
2025-10-28T15:35:13.218940Z DEBUG compress:generate records and traces:get program and witness stream:build recursion program:build block: close time.busy=19.0µs time.idle=4.31µs
2025-10-28T15:35:13.218955Z DEBUG compress:generate records and traces:get program and witness stream:build recursion program: close time.busy=1.69s time.idle=5.83µs
2025-10-28T15:35:13.800185Z DEBUG compress:generate records and traces:get program and witness stream:compile recursion program:compile raw program: close time.busy=581ms time.idle=4.68µs
2025-10-28T15:35:13.837407Z DEBUG compress:generate records and traces:get program and witness stream:compile recursion program:backfill mult: close time.busy=37.2ms time.idle=5.63µs
2025-10-28T15:35:13.837552Z DEBUG compress:generate records and traces:get program and witness stream:compile recursion program:prepend constants: close time.busy=39.8µs time.idle=4.08µs
2025-10-28T15:35:13.850881Z DEBUG compress:generate records and traces:get program and witness stream:compile recursion program: close time.busy=632ms time.idle=4.75µs
2025-10-28T15:35:14.323211Z DEBUG compress:generate records and traces:get program and witness stream: close time.busy=2.82s time.idle=16.0µs
2025-10-28T15:35:14.899510Z DEBUG compress:prove:batch:open:open multi batches: close time.busy=10.4s time.idle=5.02µs
2025-10-28T15:35:14.907107Z DEBUG compress:prove:batch:open:compute quotient values: close time.busy=6.52s time.idle=15.9s
2025-10-28T15:35:15.082599Z DEBUG compress:prove:batch:open: close time.busy=38.9s time.idle=5.74µs
2025-10-28T15:35:15.092202Z DEBUG compress:generate records and traces:execute runtime: close time.busy=769ms time.idle=6.82µs
2025-10-28T15:35:15.092259Z DEBUG compress:generate records and traces:generate dependencies:register nonces: close time.busy=1.10µs time.idle=3.17µs
2025-10-28T15:35:15.092276Z DEBUG compress:generate records and traces:generate dependencies: close time.busy=30.2µs time.idle=3.72µs
2025-10-28T15:35:15.092499Z DEBUG fixed log2 rows can be potentially reduced: got 78580, expected 262144
2025-10-28T15:35:15.092534Z DEBUG fixed log2 rows can be potentially reduced: got 216000, expected 1048576
2025-10-28T15:35:15.092653Z DEBUG compress:generate records and traces:generate traces:generate traces for shard: generated trace for chip PublicValues in 9.056µs
2025-10-28T15:35:15.092863Z DEBUG compress:generate records and traces:generate traces:generate traces for shard: generated trace for chip MemoryConst in 421.41µs
2025-10-28T15:35:15.094673Z DEBUG compress:generate records and traces:generate traces:generate traces for shard: generated trace for chip BaseAlu in 1.301427ms
2025-10-28T15:35:15.096573Z DEBUG fixed log2 rows can be potentially reduced: got 367913, expected 1048576
2025-10-28T15:35:15.097453Z DEBUG compress:generate records and traces:generate traces:generate traces for shard: generated trace for chip Select in 4.923969ms
2025-10-28T15:35:15.098154Z DEBUG generate exp reverse bits len trace: fixed log2 rows can be potentially reduced: got 45700, expected 262144 rows=2700
2025-10-28T15:35:15.119224Z DEBUG compress:prove:batch: close time.busy=57.7s time.idle=7.36µs
2025-10-28T15:35:15.148301Z DEBUG generate exp reverse bits len trace: close time.busy=55.7ms time.idle=6.45µs rows=2700
2025-10-28T15:35:15.148365Z DEBUG compress:generate records and traces:generate traces:generate traces for shard: generated trace for chip ExpReverseBitsLen in 55.765675ms
2025-10-28T15:35:15.172641Z DEBUG compress:generate records and traces:generate traces:generate traces for shard: generated trace for chip MemoryVar in 80.074813ms
2025-10-28T15:35:15.194139Z DEBUG fixed log2 rows can be potentially reduced: got 41300, expected 262144
2025-10-28T15:35:15.194173Z DEBUG compress:prove:batch:Setup compress program:setup machine:generate preprocessed traces: generated preprocessed trace for chip PublicValues in 71.161219ms
2025-10-28T15:35:15.194366Z DEBUG fixed log2 rows can be potentially reduced: got 73440, expected 262144
2025-10-28T15:35:15.196995Z DEBUG compress:prove:batch:Setup compress program:setup machine:generate preprocessed traces: generated preprocessed trace for chip BaseAlu in 74.226167ms
2025-10-28T15:35:15.198124Z DEBUG compress:prove:batch:Setup compress program:setup machine:generate preprocessed traces: generated preprocessed trace for chip ExpReverseBitsLen in 75.243054ms
2025-10-28T15:35:15.199939Z DEBUG compress:prove:batch:Setup compress program:setup machine:generate preprocessed traces: generated preprocessed trace for chip MemoryConst in 77.195027ms
2025-10-28T15:35:15.206271Z DEBUG generate batch fri trace: fixed log2 rows can be potentially reduced: got 902800, expected 2097152 rows=902800
2025-10-28T15:35:15.239302Z DEBUG compress:prove:batch:Setup compress program:setup machine:generate preprocessed traces: generated preprocessed trace for chip MemoryVar in 116.475263ms
2025-10-28T15:35:15.252810Z DEBUG fixed log2 rows can be potentially reduced: got 799800, expected 2097152
2025-10-28T15:35:15.254264Z DEBUG compress:prove:batch:Setup compress program:setup machine:generate preprocessed traces: generated preprocessed trace for chip Select in 131.429983ms
2025-10-28T15:35:15.267995Z DEBUG compress:generate records and traces:generate traces:generate traces for shard: generated trace for chip ExtAlu in 174.510118ms
2025-10-28T15:35:15.491663Z DEBUG compress:prove:batch:Setup compress program:setup machine:generate preprocessed traces: generated preprocessed trace for chip ExtAlu in 368.775288ms
2025-10-28T15:35:15.492077Z DEBUG compress:prove:batch:Setup compress program:setup machine:generate preprocessed traces: generated preprocessed trace for chip Poseidon2WideDeg3 in 369.176852ms
2025-10-28T15:35:15.614713Z DEBUG compress:prove:batch:Setup compress program:setup machine:generate preprocessed traces: generated preprocessed trace for chip BatchFRI in 491.838099ms
2025-10-28T15:35:15.688626Z DEBUG generate batch fri trace: close time.busy=596ms time.idle=6.01µs rows=902800
2025-10-28T15:35:15.688689Z DEBUG compress:generate records and traces:generate traces:generate traces for shard: generated trace for chip BatchFRI in 596.05159ms
2025-10-28T15:35:15.864290Z DEBUG generate poseidon2 wide trace: close time.busy=772ms time.idle=6.60µs rows=92016
2025-10-28T15:35:15.864373Z DEBUG compress:generate records and traces:generate traces:generate traces for shard: generated trace for chip Poseidon2WideDeg3 in 771.862388ms
2025-10-28T15:35:15.864828Z DEBUG compress:generate records and traces:generate traces:generate traces for shard: close time.busy=773ms time.idle=3.48µs
2025-10-28T15:35:15.864862Z DEBUG compress:generate records and traces:generate traces: close time.busy=773ms time.idle=3.67µs
2025-10-28T15:35:15.880619Z DEBUG compress:generate records and traces:get program and witness stream: core cache miss, misses: 7
2025-10-28T15:35:16.064556Z DEBUG compress:generate records and traces:get program and witness stream:build recursion program:read input: close time.busy=184ms time.idle=8.43µs
2025-10-28T15:35:16.065407Z DEBUG compress:generate records and traces:get program and witness stream:build recursion program:verify:verify shard:assert lookup multiplicities: close time.busy=5.24µs time.idle=3.80µs
2025-10-28T15:35:16.193989Z DEBUG compress:generate records and traces:get program and witness stream:build recursion program:verify:verify shard:2adic pcs:verify shape and challenges: close time.busy=104ms time.idle=7.82µs
2025-10-28T15:35:16.363303Z DEBUG compress:generate records and traces:get program and witness stream:build recursion program:verify:verify shard:2adic pcs:verify challenges: close time.busy=109ms time.idle=7.97µs
2025-10-28T15:35:16.363474Z DEBUG compress:generate records and traces:get program and witness stream:build recursion program:verify:verify shard:2adic pcs: close time.busy=297ms time.idle=4.50µs
2025-10-28T15:35:16.364358Z DEBUG compress:generate records and traces:get program and witness stream:build recursion program:verify:verify shard:verify constraints: close time.busy=854µs time.idle=5.71µs
2025-10-28T15:35:16.364399Z DEBUG compress:generate records and traces:get program and witness stream:build recursion program:verify:verify shard: close time.busy=299ms time.idle=4.77µs
2025-10-28T15:35:16.388220Z DEBUG compress:generate records and traces:get program and witness stream:build recursion program:verify: close time.busy=324ms time.idle=6.64µs
2025-10-28T15:35:16.388292Z DEBUG compress:generate records and traces:get program and witness stream:build recursion program:build block: close time.busy=5.49µs time.idle=4.93µs
2025-10-28T15:35:16.388310Z DEBUG compress:generate records and traces:get program and witness stream:build recursion program: close time.busy=508ms time.idle=5.61µs
2025-10-28T15:35:16.614004Z DEBUG compress:generate records and traces:get program and witness stream:compile recursion program:compile raw program: close time.busy=226ms time.idle=4.63µs
2025-10-28T15:35:16.644677Z DEBUG compress:generate records and traces:get program and witness stream:compile recursion program:backfill mult: close time.busy=30.6ms time.idle=6.39µs
2025-10-28T15:35:16.644796Z DEBUG compress:generate records and traces:get program and witness stream:compile recursion program:prepend constants: close time.busy=43.4µs time.idle=3.77µs
2025-10-28T15:35:16.653020Z DEBUG compress:generate records and traces:get program and witness stream:compile recursion program: close time.busy=265ms time.idle=5.33µs
2025-10-28T15:35:17.044573Z DEBUG compress:generate records and traces:get program and witness stream: close time.busy=1.18s time.idle=7.07µs
2025-10-28T15:35:18.049148Z DEBUG compress:generate records and traces:execute runtime: close time.busy=1.00s time.idle=7.75µs
2025-10-28T15:35:18.064156Z DEBUG compress:generate records and traces:generate dependencies:register nonces: close time.busy=3.33µs time.idle=7.55µs
2025-10-28T15:35:18.064216Z DEBUG compress:generate records and traces:generate dependencies: close time.busy=8.18ms time.idle=6.70µs
2025-10-28T15:35:18.071573Z DEBUG fixed log2 rows can be potentially reduced: got 56929, expected 131072
2025-10-28T15:35:18.071805Z DEBUG compress:generate records and traces:generate traces:generate traces for shard: generated trace for chip MemoryConst in 2.301313ms
2025-10-28T15:35:18.074087Z DEBUG fixed log2 rows can be potentially reduced: got 160079, expected 524288
2025-10-28T15:35:18.074636Z DEBUG fixed log2 rows can be potentially reduced: got 216000, expected 524288
2025-10-28T15:35:18.075581Z DEBUG compress:generate records and traces:generate traces:generate traces for shard: generated trace for chip BaseAlu in 999.552µs
2025-10-28T15:35:18.078504Z DEBUG compress:generate records and traces:generate traces:generate traces for shard: generated trace for chip PublicValues in 11.797µs
2025-10-28T15:35:18.079271Z DEBUG compress:generate records and traces:generate traces:generate traces for shard: generated trace for chip ExtAlu in 3.653072ms
2025-10-28T15:35:18.079637Z DEBUG generate batch fri trace: fixed log2 rows can be potentially reduced: got 147800, expected 524288 rows=147800
2025-10-28T15:35:18.104605Z DEBUG compress:generate records and traces:generate traces:generate traces for shard: generated trace for chip Select in 29.970555ms
2025-10-28T15:35:18.108847Z DEBUG compress:generate records and traces:generate traces:generate traces for shard: generated trace for chip MemoryVar in 37.004167ms
2025-10-28T15:35:18.126359Z DEBUG generate exp reverse bits len trace: fixed log2 rows can be potentially reduced: got 42100, expected 262144 rows=2300
2025-10-28T15:35:18.156733Z DEBUG generate exp reverse bits len trace: close time.busy=81.6ms time.idle=6.51µs rows=2300
2025-10-28T15:35:18.156814Z DEBUG compress:generate records and traces:generate traces:generate traces for shard: generated trace for chip ExpReverseBitsLen in 81.665154ms
2025-10-28T15:35:18.218507Z DEBUG generate batch fri trace: close time.busy=143ms time.idle=5.25µs rows=147800
2025-10-28T15:35:18.218567Z DEBUG compress:generate records and traces:generate traces:generate traces for shard: generated trace for chip BatchFRI in 143.545185ms
2025-10-28T15:35:18.614985Z DEBUG generate poseidon2 wide trace: close time.busy=543ms time.idle=7.54µs rows=40539
2025-10-28T15:35:18.615042Z DEBUG compress:generate records and traces:generate traces:generate traces for shard: generated trace for chip Poseidon2WideDeg3 in 543.461325ms
2025-10-28T15:35:20.237565Z DEBUG compress:generate records and traces:generate traces:generate traces for shard: close time.busy=2.17s time.idle=14.7µs
2025-10-28T15:35:20.237654Z DEBUG compress:generate records and traces:generate traces: close time.busy=2.17s time.idle=5.10µs
2025-10-28T15:35:23.792739Z DEBUG compress:prove:batch:Setup compress program:setup machine:commit to preprocessed traces: close time.busy=11.4s time.idle=8.14µs
2025-10-28T15:35:23.792894Z DEBUG compress:prove:batch:Setup compress program:setup machine:generate preprocessed traces: close time.busy=439ms time.idle=11.8s
2025-10-28T15:35:23.792916Z DEBUG compress:prove:batch:Setup compress program:setup machine: close time.busy=12.3s time.idle=3.17µs
2025-10-28T15:35:23.792945Z DEBUG compress:prove:batch:Setup compress program: close time.busy=12.3s time.idle=14.7µs
2025-10-28T15:35:23.793039Z DEBUG compress:prove:batch:observe proving key: close time.busy=16.7µs time.idle=25.9µs
2025-10-28T15:35:33.421566Z DEBUG compress:prove:batch:Setup compress program:setup machine:commit to preprocessed traces: close time.busy=17.6s time.idle=10.6µs
2025-10-28T15:35:33.421688Z DEBUG compress:prove:batch:Setup compress program:setup machine:generate preprocessed traces: close time.busy=527ms time.idle=17.8s
2025-10-28T15:35:33.421708Z DEBUG compress:prove:batch:Setup compress program:setup machine: close time.busy=18.3s time.idle=3.75µs
2025-10-28T15:35:33.421732Z DEBUG compress:prove:batch:Setup compress program: close time.busy=18.3s time.idle=10.2µs
2025-10-28T15:35:33.421789Z DEBUG compress:prove:batch:observe proving key: close time.busy=15.9µs time.idle=4.32µs
2025-10-28T15:35:50.774833Z DEBUG compress:prove:batch:commit: close time.busy=27.0s time.idle=5.31µs
2025-10-28T15:35:54.661482Z DEBUG compress:prove:batch:open:generate permutation traces: close time.busy=3.89s time.idle=5.58µs
2025-10-28T15:35:54.661547Z DEBUG compress:prove:batch:open: BatchFRI        | Main Cols = 13    | Pre Cols = 6      | Perm Cols = 12    | Rows = 2097152 | Cells = 65011712  
2025-10-28T15:35:54.661564Z DEBUG compress:prove:batch:open: MemoryVar       | Main Cols = 8     | Pre Cols = 4      | Perm Cols = 8     | Rows = 1048576 | Cells = 20971520  
2025-10-28T15:35:54.661575Z DEBUG compress:prove:batch:open: Select          | Main Cols = 5     | Pre Cols = 8      | Perm Cols = 16    | Rows = 1048576 | Cells = 30408704  
2025-10-28T15:35:54.661587Z DEBUG compress:prove:batch:open: ExtAlu          | Main Cols = 48    | Pre Cols = 32     | Perm Cols = 28    | Rows = 524288 | Cells = 56623104  
2025-10-28T15:35:54.661598Z DEBUG compress:prove:batch:open: ExpReverseBitsLen | Main Cols = 7     | Pre Cols = 10     | Perm Cols = 12    | Rows = 262144 | Cells = 7602176   
2025-10-28T15:35:54.661610Z DEBUG compress:prove:batch:open: MemoryConst     | Main Cols = 1     | Pre Cols = 12     | Perm Cols = 8     | Rows = 262144 | Cells = 5505024   
2025-10-28T15:35:54.661623Z DEBUG compress:prove:batch:open: Poseidon2WideDeg3 | Main Cols = 313   | Pre Cols = 49     | Perm Cols = 68    | Rows = 262144 | Cells = 112721920 
2025-10-28T15:35:54.661635Z DEBUG compress:prove:batch:open: BaseAlu         | Main Cols = 12    | Pre Cols = 32     | Perm Cols = 28    | Rows = 65536 | Cells = 4718592   
2025-10-28T15:35:54.661646Z DEBUG compress:prove:batch:open: PublicValues    | Main Cols = 1     | Pre Cols = 10     | Perm Cols = 8     | Rows = 16    | Cells = 304       
2025-10-28T15:35:56.724599Z DEBUG compress:prove:batch:open:flatten permutation traces and collect domains: close time.busy=2.06s time.idle=6.46µs
2025-10-28T15:36:12.153894Z DEBUG compress:prove:batch:commit: close time.busy=38.7s time.idle=5.28µs
2025-10-28T15:36:16.107988Z DEBUG compress:prove:batch:open:generate permutation traces: close time.busy=3.95s time.idle=4.22µs
2025-10-28T15:36:16.108052Z DEBUG compress:prove:batch:open: BatchFRI        | Main Cols = 13    | Pre Cols = 6      | Perm Cols = 12    | Rows = 2097152 | Cells = 65011712  
2025-10-28T15:36:16.108065Z DEBUG compress:prove:batch:open: MemoryVar       | Main Cols = 8     | Pre Cols = 4      | Perm Cols = 8     | Rows = 1048576 | Cells = 20971520  
2025-10-28T15:36:16.108074Z DEBUG compress:prove:batch:open: Select          | Main Cols = 5     | Pre Cols = 8      | Perm Cols = 16    | Rows = 1048576 | Cells = 30408704  
2025-10-28T15:36:16.108084Z DEBUG compress:prove:batch:open: ExtAlu          | Main Cols = 48    | Pre Cols = 32     | Perm Cols = 28    | Rows = 524288 | Cells = 56623104  
2025-10-28T15:36:16.108093Z DEBUG compress:prove:batch:open: ExpReverseBitsLen | Main Cols = 7     | Pre Cols = 10     | Perm Cols = 12    | Rows = 262144 | Cells = 7602176   
2025-10-28T15:36:16.108102Z DEBUG compress:prove:batch:open: MemoryConst     | Main Cols = 1     | Pre Cols = 12     | Perm Cols = 8     | Rows = 262144 | Cells = 5505024   
2025-10-28T15:36:16.108113Z DEBUG compress:prove:batch:open: Poseidon2WideDeg3 | Main Cols = 313   | Pre Cols = 49     | Perm Cols = 68    | Rows = 262144 | Cells = 112721920 
2025-10-28T15:36:16.108122Z DEBUG compress:prove:batch:open: BaseAlu         | Main Cols = 12    | Pre Cols = 32     | Perm Cols = 28    | Rows = 65536 | Cells = 4718592   
2025-10-28T15:36:16.108131Z DEBUG compress:prove:batch:open: PublicValues    | Main Cols = 1     | Pre Cols = 10     | Perm Cols = 8     | Rows = 16    | Cells = 304       
2025-10-28T15:36:17.400921Z DEBUG compress:prove:batch:open:flatten permutation traces and collect domains: close time.busy=1.29s time.idle=5.39µs
2025-10-28T15:36:25.219320Z DEBUG compress:prove:batch:open:commit to permutation traces: close time.busy=28.5s time.idle=6.99µs
2025-10-28T15:36:25.220130Z DEBUG compress:prove:batch:open:compute quotient values:compute quotient values for domain: close time.busy=319µs time.idle=4.41µs
2025-10-28T15:36:26.209323Z DEBUG compress:prove:batch:open:compute quotient values:compute quotient values for domain: close time.busy=989ms time.idle=5.84µs
2025-10-28T15:36:26.219199Z DEBUG compress:prove:batch:open:compute quotient values:compute quotient values for domain: close time.busy=999ms time.idle=6.55µs
2025-10-28T15:36:26.960401Z DEBUG compress:prove:batch:open:compute quotient values:compute quotient values for domain: close time.busy=1.74s time.idle=6.16µs
2025-10-28T15:36:43.309569Z DEBUG compress:prove:batch:open:compute quotient values:compute quotient values for domain: close time.busy=18.1s time.idle=6.76µs
2025-10-28T15:36:43.332927Z DEBUG compress:prove:batch:open:compute quotient values:compute quotient values for domain: close time.busy=18.1s time.idle=5.09µs
2025-10-28T15:36:43.347718Z DEBUG compress:prove:batch:open:compute quotient values:compute quotient values for domain: close time.busy=18.1s time.idle=6.75µs
2025-10-28T15:36:43.354641Z DEBUG compress:prove:batch:open:compute quotient values:compute quotient values for domain: close time.busy=18.1s time.idle=5.85µs
2025-10-28T15:36:43.539196Z DEBUG compress:prove:batch:open:compute quotient values:compute quotient values for domain: close time.busy=18.3s time.idle=14.0µs
2025-10-28T15:36:54.220370Z DEBUG compress:prove:batch:open:commit to permutation traces: close time.busy=36.8s time.idle=6.47µs
2025-10-28T15:36:54.220920Z DEBUG compress:prove:batch:open:compute quotient values:compute quotient values for domain: close time.busy=200µs time.idle=6.52µs
2025-10-28T15:36:55.045670Z DEBUG compress:prove:batch:open:compute quotient values:compute quotient values for domain: close time.busy=825ms time.idle=6.77µs
2025-10-28T15:36:55.059207Z DEBUG compress:prove:batch:open:compute quotient values:compute quotient values for domain: close time.busy=838ms time.idle=13.7µs
2025-10-28T15:37:03.128925Z DEBUG compress:prove:batch:open:compute quotient values:compute quotient values for domain: close time.busy=8.91s time.idle=5.72µs
2025-10-28T15:37:03.235259Z DEBUG compress:prove:batch:open:compute quotient values:compute quotient values for domain: close time.busy=9.01s time.idle=5.32µs
2025-10-28T15:37:03.287351Z DEBUG compress:prove:batch:open:compute quotient values:compute quotient values for domain: close time.busy=9.07s time.idle=5.97µs
2025-10-28T15:37:03.298725Z DEBUG compress:prove:batch:open:compute quotient values:compute quotient values for domain: close time.busy=9.08s time.idle=6.20µs
2025-10-28T15:37:03.709483Z DEBUG compress:prove:batch:open:compute quotient values:compute quotient values for domain: close time.busy=9.49s time.idle=4.54µs
2025-10-28T15:37:08.087756Z DEBUG compress:prove:batch:open:compute quotient values:compute quotient values for domain: close time.busy=13.9s time.idle=4.87µs
2025-10-28T15:37:10.896257Z DEBUG compress:prove:batch:open:commit to quotient traces: close time.busy=26.3s time.idle=13.8µs
2025-10-28T15:37:10.896364Z DEBUG compress:prove:batch:open:compute preprocessed opening points: close time.busy=10.9µs time.idle=3.60µs
2025-10-28T15:37:10.896394Z DEBUG compress:prove:batch:open:compute main trace opening points: close time.busy=14.5µs time.idle=2.33µs
2025-10-28T15:37:10.896417Z DEBUG compress:prove:batch:open:compute permutation trace opening points: close time.busy=4.34µs time.idle=2.58µs
2025-10-28T15:37:16.683695Z DEBUG compress:prove:batch:open:commit to quotient traces: close time.busy=7.22s time.idle=14.5µs
2025-10-28T15:37:16.683877Z DEBUG compress:prove:batch:open:compute preprocessed opening points: close time.busy=6.50µs time.idle=5.34µs
2025-10-28T15:37:16.683909Z DEBUG compress:prove:batch:open:compute main trace opening points: close time.busy=7.70µs time.idle=3.13µs
2025-10-28T15:37:16.683935Z DEBUG compress:prove:batch:open:compute permutation trace opening points: close time.busy=5.51µs time.idle=3.10µs
2025-10-28T15:37:31.547265Z DEBUG compress:prove:batch:open:open multi batches: close time.busy=20.7s time.idle=4.84µs
2025-10-28T15:37:31.604072Z DEBUG compress:prove:batch:open:compute quotient values: close time.busy=18.3s time.idle=48.1s
2025-10-28T15:37:32.137786Z DEBUG compress:prove:batch:open: close time.busy=101s time.idle=5.64µs
2025-10-28T15:37:32.285933Z DEBUG compress:prove:batch: close time.busy=141s time.idle=6.65µs
2025-10-28T15:37:32.324667Z DEBUG compress:generate records and traces:get program and witness stream: close time.busy=30.6ms time.idle=13.6µs
2025-10-28T15:37:32.350070Z DEBUG fixed log2 rows can be potentially reduced: got 78580, expected 262144
2025-10-28T15:37:32.350071Z DEBUG fixed log2 rows can be potentially reduced: got 45700, expected 262144
2025-10-28T15:37:32.350073Z DEBUG compress:prove:batch:Setup compress program:setup machine:generate preprocessed traces: generated preprocessed trace for chip PublicValues in 55.758356ms
2025-10-28T15:37:32.356746Z DEBUG compress:prove:batch:Setup compress program:setup machine:generate preprocessed traces: generated preprocessed trace for chip MemoryConst in 62.661635ms
2025-10-28T15:37:32.356892Z DEBUG compress:prove:batch:Setup compress program:setup machine:generate preprocessed traces: generated preprocessed trace for chip ExpReverseBitsLen in 62.579228ms
2025-10-28T15:37:32.361803Z DEBUG compress:prove:batch:Setup compress program:setup machine:generate preprocessed traces: generated preprocessed trace for chip BaseAlu in 67.617448ms
2025-10-28T15:37:32.365832Z DEBUG compress:prove:batch:Setup compress program:setup machine:generate preprocessed traces: generated preprocessed trace for chip MemoryVar in 71.544399ms
2025-10-28T15:37:32.382599Z DEBUG fixed log2 rows can be potentially reduced: got 902800, expected 2097152
2025-10-28T15:37:32.393963Z DEBUG compress:prove:batch:Setup compress program:setup machine:generate preprocessed traces: generated preprocessed trace for chip Select in 99.649271ms
2025-10-28T15:37:32.420194Z DEBUG compress:prove:batch:Setup compress program:setup machine:generate preprocessed traces: generated preprocessed trace for chip Poseidon2WideDeg3 in 126.032788ms
2025-10-28T15:37:32.438111Z DEBUG compress:prove:batch:Setup compress program:setup machine:generate preprocessed traces: generated preprocessed trace for chip ExtAlu in 143.882847ms
2025-10-28T15:37:32.527141Z DEBUG compress:prove:batch:Setup compress program:setup machine:generate preprocessed traces: generated preprocessed trace for chip BatchFRI in 232.88447ms
2025-10-28T15:37:32.679385Z DEBUG compress:generate records and traces:execute runtime: close time.busy=355ms time.idle=7.08µs
2025-10-28T15:37:32.679529Z DEBUG compress:generate records and traces:generate dependencies:register nonces: close time.busy=1.49µs time.idle=4.39µs
2025-10-28T15:37:32.679552Z DEBUG compress:generate records and traces:generate dependencies: close time.busy=58.8µs time.idle=5.07µs
2025-10-28T15:37:32.680094Z DEBUG compress:generate records and traces:generate traces:generate traces for shard: generated trace for chip MemoryConst in 217.039µs
2025-10-28T15:37:32.682182Z DEBUG compress:generate records and traces:generate traces:generate traces for shard: generated trace for chip BaseAlu in 2.169368ms
2025-10-28T15:37:32.685160Z DEBUG generate batch fri trace: fixed log2 rows can be potentially reduced: got 213200, expected 524288 rows=213200
2025-10-28T15:37:32.687579Z DEBUG compress:generate records and traces:generate traces:generate traces for shard: generated trace for chip PublicValues in 9.732µs
2025-10-28T15:37:32.696348Z DEBUG compress:generate records and traces:generate traces:generate traces for shard: generated trace for chip ExtAlu in 16.253147ms
2025-10-28T15:37:32.696954Z DEBUG compress:generate records and traces:generate traces:generate traces for shard: generated trace for chip Select in 9.423318ms
2025-10-28T15:37:32.718358Z DEBUG compress:generate records and traces:generate traces:generate traces for shard: generated trace for chip MemoryVar in 38.327383ms
2025-10-28T15:37:32.736291Z DEBUG generate exp reverse bits len trace: close time.busy=48.7ms time.idle=7.17µs rows=9200
2025-10-28T15:37:32.736371Z DEBUG compress:generate records and traces:generate traces:generate traces for shard: generated trace for chip ExpReverseBitsLen in 48.826346ms
2025-10-28T15:37:32.768038Z DEBUG generate batch fri trace: close time.busy=88.0ms time.idle=6.58µs rows=213200
2025-10-28T15:37:32.768119Z DEBUG compress:generate records and traces:generate traces:generate traces for shard: generated trace for chip BatchFRI in 88.063761ms
2025-10-28T15:37:32.984035Z DEBUG generate poseidon2 wide trace: close time.busy=304ms time.idle=20.9µs rows=84598
2025-10-28T15:37:32.984087Z DEBUG compress:generate records and traces:generate traces:generate traces for shard: generated trace for chip Poseidon2WideDeg3 in 304.111487ms
2025-10-28T15:37:32.984673Z DEBUG compress:generate records and traces:generate traces:generate traces for shard: close time.busy=305ms time.idle=4.46µs
2025-10-28T15:37:32.984720Z DEBUG compress:generate records and traces:generate traces: close time.busy=305ms time.idle=4.18µs
2025-10-28T15:37:42.319116Z DEBUG compress:prove:batch:Setup compress program:setup machine:commit to preprocessed traces: close time.busy=9.58s time.idle=8.84µs
2025-10-28T15:37:42.319205Z DEBUG compress:prove:batch:Setup compress program:setup machine:generate preprocessed traces: close time.busy=234ms time.idle=9.79s
2025-10-28T15:37:42.319222Z DEBUG compress:prove:batch:Setup compress program:setup machine: close time.busy=10.0s time.idle=2.64µs
2025-10-28T15:37:42.319241Z DEBUG compress:prove:batch:Setup compress program: close time.busy=10.0s time.idle=8.23µs
2025-10-28T15:37:42.319275Z DEBUG compress:prove:batch:observe proving key: close time.busy=10.9µs time.idle=3.15µs
2025-10-28T15:37:43.495355Z DEBUG compress:prove:batch:open:open multi batches: close time.busy=26.8s time.idle=4.49µs
2025-10-28T15:37:43.568667Z DEBUG compress:prove:batch:open:compute quotient values: close time.busy=13.9s time.idle=35.5s
2025-10-28T15:37:44.159802Z DEBUG compress:prove:batch:open: close time.busy=92.0s time.idle=6.76µs
2025-10-28T15:37:44.298783Z DEBUG compress:prove:batch: close time.busy=149s time.idle=7.16µs
2025-10-28T15:37:44.328158Z DEBUG compress:generate records and traces:get program and witness stream: close time.busy=21.5ms time.idle=31.9µs
2025-10-28T15:37:44.340245Z DEBUG fixed log2 rows can be potentially reduced: got 56929, expected 131072
2025-10-28T15:37:44.340244Z DEBUG fixed log2 rows can be potentially reduced: got 42100, expected 262144
2025-10-28T15:37:44.340251Z DEBUG compress:prove:batch:Setup compress program:setup machine:generate preprocessed traces: generated preprocessed trace for chip PublicValues in 33.361773ms
2025-10-28T15:37:44.343797Z DEBUG compress:prove:batch:Setup compress program:setup machine:generate preprocessed traces: generated preprocessed trace for chip MemoryConst in 37.093883ms
2025-10-28T15:37:44.349226Z DEBUG fixed log2 rows can be potentially reduced: got 147800, expected 524288
2025-10-28T15:37:44.350393Z DEBUG compress:prove:batch:Setup compress program:setup machine:generate preprocessed traces: generated preprocessed trace for chip Poseidon2WideDeg3 in 43.625064ms
2025-10-28T15:37:44.350473Z DEBUG compress:prove:batch:Setup compress program:setup machine:generate preprocessed traces: generated preprocessed trace for chip BaseAlu in 43.644002ms
2025-10-28T15:37:44.350482Z DEBUG compress:prove:batch:Setup compress program:setup machine:generate preprocessed traces: generated preprocessed trace for chip Select in 43.680511ms
2025-10-28T15:37:44.350629Z DEBUG compress:prove:batch:Setup compress program:setup machine:generate preprocessed traces: generated preprocessed trace for chip ExpReverseBitsLen in 43.741783ms
2025-10-28T15:37:44.350788Z DEBUG compress:prove:batch:Setup compress program:setup machine:generate preprocessed traces: generated preprocessed trace for chip ExtAlu in 43.920397ms
2025-10-28T15:37:44.353849Z DEBUG compress:prove:batch:Setup compress program:setup machine:generate preprocessed traces: generated preprocessed trace for chip BatchFRI in 46.948845ms
2025-10-28T15:37:44.360940Z DEBUG compress:prove:batch:Setup compress program:setup machine:generate preprocessed traces: generated preprocessed trace for chip MemoryVar in 54.15966ms
2025-10-28T15:37:44.956897Z DEBUG compress:generate records and traces:execute runtime: close time.busy=629ms time.idle=7.29µs
2025-10-28T15:37:44.956969Z DEBUG compress:generate records and traces:generate dependencies:register nonces: close time.busy=1.11µs time.idle=3.57µs
2025-10-28T15:37:44.956985Z DEBUG compress:generate records and traces:generate dependencies: close time.busy=29.3µs time.idle=4.13µs
2025-10-28T15:37:45.031871Z DEBUG fixed log2 rows can be potentially reduced: got 510704, expected 1048576
2025-10-28T15:37:45.032077Z DEBUG compress:generate records and traces:generate traces:generate traces for shard: generated trace for chip PublicValues in 15.585µs
2025-10-28T15:37:45.032398Z DEBUG compress:generate records and traces:generate traces:generate traces for shard: generated trace for chip MemoryConst in 570.819µs
2025-10-28T15:37:45.035650Z DEBUG compress:generate records and traces:generate traces:generate traces for shard: generated trace for chip BaseAlu in 3.798425ms
2025-10-28T15:37:45.037351Z DEBUG fixed log2 rows can be potentially reduced: got 367020, expected 1048576
2025-10-28T15:37:45.037736Z DEBUG generate batch fri trace: fixed log2 rows can be potentially reduced: got 213200, expected 2097152 rows=213200
2025-10-28T15:37:45.053888Z DEBUG compress:generate records and traces:generate traces:generate traces for shard: generated trace for chip Select in 22.017332ms
2025-10-28T15:37:45.064358Z DEBUG generate exp reverse bits len trace: close time.busy=32.4ms time.idle=7.27µs rows=9200
2025-10-28T15:37:45.064416Z DEBUG compress:generate records and traces:generate traces:generate traces for shard: generated trace for chip ExpReverseBitsLen in 32.495334ms
2025-10-28T15:37:45.128992Z DEBUG compress:generate records and traces:generate traces:generate traces for shard: generated trace for chip MemoryVar in 97.132129ms
2025-10-28T15:37:45.160869Z DEBUG compress:generate records and traces:generate traces:generate traces for shard: generated trace for chip ExtAlu in 129.008191ms
2025-10-28T15:37:45.499394Z DEBUG generate batch fri trace: close time.busy=467ms time.idle=4.99µs rows=213200
2025-10-28T15:37:45.499471Z DEBUG compress:generate records and traces:generate traces:generate traces for shard: generated trace for chip BatchFRI in 467.556307ms
2025-10-28T15:37:45.958573Z DEBUG generate poseidon2 wide trace: close time.busy=927ms time.idle=6.35µs rows=95402
2025-10-28T15:37:45.958619Z DEBUG compress:generate records and traces:generate traces:generate traces for shard: generated trace for chip Poseidon2WideDeg3 in 926.778127ms
2025-10-28T15:37:45.958686Z DEBUG compress:generate records and traces:generate traces:generate traces for shard: close time.busy=1.00s time.idle=3.88µs
2025-10-28T15:37:45.958729Z DEBUG compress:generate records and traces:generate traces: close time.busy=1.00s time.idle=3.16µs
2025-10-28T15:37:47.316369Z DEBUG compress:prove:batch:Setup compress program:setup machine:commit to preprocessed traces: close time.busy=2.91s time.idle=7.40µs
2025-10-28T15:37:47.316487Z DEBUG compress:prove:batch:Setup compress program:setup machine:generate preprocessed traces: close time.busy=54.6ms time.idle=2.96s
2025-10-28T15:37:47.316504Z DEBUG compress:prove:batch:Setup compress program:setup machine: close time.busy=3.01s time.idle=2.46µs
2025-10-28T15:37:47.316519Z DEBUG compress:prove:batch:Setup compress program: close time.busy=3.01s time.idle=3.56µs
2025-10-28T15:37:47.316566Z DEBUG compress:prove:batch:observe proving key: close time.busy=11.6µs time.idle=4.02µs
2025-10-28T15:37:53.390698Z DEBUG compress:prove:batch:commit: close time.busy=6.07s time.idle=3.93µs
2025-10-28T15:37:55.996126Z DEBUG compress:prove:batch:open:generate permutation traces: close time.busy=2.61s time.idle=5.17µs
2025-10-28T15:37:55.996185Z DEBUG compress:prove:batch:open: BatchFRI        | Main Cols = 13    | Pre Cols = 6      | Perm Cols = 12    | Rows = 524288 | Cells = 16252928  
2025-10-28T15:37:55.996198Z DEBUG compress:prove:batch:open: MemoryVar       | Main Cols = 8     | Pre Cols = 4      | Perm Cols = 8     | Rows = 524288 | Cells = 10485760  
2025-10-28T15:37:55.996208Z DEBUG compress:prove:batch:open: Select          | Main Cols = 5     | Pre Cols = 8      | Perm Cols = 16    | Rows = 524288 | Cells = 15204352  
2025-10-28T15:37:55.996216Z DEBUG compress:prove:batch:open: ExpReverseBitsLen | Main Cols = 7     | Pre Cols = 10     | Perm Cols = 12    | Rows = 262144 | Cells = 7602176   
2025-10-28T15:37:55.996225Z DEBUG compress:prove:batch:open: MemoryConst     | Main Cols = 1     | Pre Cols = 12     | Perm Cols = 8     | Rows = 131072 | Cells = 2752512   
2025-10-28T15:37:55.996234Z DEBUG compress:prove:batch:open: Poseidon2WideDeg3 | Main Cols = 313   | Pre Cols = 49     | Perm Cols = 68    | Rows = 131072 | Cells = 56360960  
2025-10-28T15:37:55.996243Z DEBUG compress:prove:batch:open: BaseAlu         | Main Cols = 12    | Pre Cols = 32     | Perm Cols = 28    | Rows = 65536 | Cells = 4718592   
2025-10-28T15:37:55.996251Z DEBUG compress:prove:batch:open: ExtAlu          | Main Cols = 48    | Pre Cols = 32     | Perm Cols = 28    | Rows = 65536 | Cells = 7077888   
2025-10-28T15:37:55.996259Z DEBUG compress:prove:batch:open: PublicValues    | Main Cols = 1     | Pre Cols = 10     | Perm Cols = 8     | Rows = 16    | Cells = 304       
2025-10-28T15:37:56.418154Z DEBUG compress:prove:batch:open:flatten permutation traces and collect domains: close time.busy=422ms time.idle=5.15µs
2025-10-28T15:38:03.450037Z DEBUG compress:prove:batch:commit: close time.busy=21.1s time.idle=3.72µs
2025-10-28T15:38:06.346075Z DEBUG compress:prove:batch:open:generate permutation traces: close time.busy=2.90s time.idle=4.59µs
2025-10-28T15:38:06.346145Z DEBUG compress:prove:batch:open: BatchFRI        | Main Cols = 13    | Pre Cols = 6      | Perm Cols = 12    | Rows = 2097152 | Cells = 65011712  
2025-10-28T15:38:06.346167Z DEBUG compress:prove:batch:open: MemoryVar       | Main Cols = 8     | Pre Cols = 4      | Perm Cols = 8     | Rows = 1048576 | Cells = 20971520  
2025-10-28T15:38:06.346177Z DEBUG compress:prove:batch:open: Select          | Main Cols = 5     | Pre Cols = 8      | Perm Cols = 16    | Rows = 1048576 | Cells = 30408704  
2025-10-28T15:38:06.346188Z DEBUG compress:prove:batch:open: ExtAlu          | Main Cols = 48    | Pre Cols = 32     | Perm Cols = 28    | Rows = 524288 | Cells = 56623104  
2025-10-28T15:38:06.346197Z DEBUG compress:prove:batch:open: ExpReverseBitsLen | Main Cols = 7     | Pre Cols = 10     | Perm Cols = 12    | Rows = 262144 | Cells = 7602176   
2025-10-28T15:38:06.346206Z DEBUG compress:prove:batch:open: MemoryConst     | Main Cols = 1     | Pre Cols = 12     | Perm Cols = 8     | Rows = 262144 | Cells = 5505024   
2025-10-28T15:38:06.346217Z DEBUG compress:prove:batch:open: Poseidon2WideDeg3 | Main Cols = 313   | Pre Cols = 49     | Perm Cols = 68    | Rows = 262144 | Cells = 112721920 
2025-10-28T15:38:06.346226Z DEBUG compress:prove:batch:open: BaseAlu         | Main Cols = 12    | Pre Cols = 32     | Perm Cols = 28    | Rows = 65536 | Cells = 4718592   
2025-10-28T15:38:06.346235Z DEBUG compress:prove:batch:open: PublicValues    | Main Cols = 1     | Pre Cols = 10     | Perm Cols = 8     | Rows = 16    | Cells = 304       
2025-10-28T15:38:07.669499Z DEBUG compress:prove:batch:open:flatten permutation traces and collect domains: close time.busy=1.32s time.idle=6.61µs
2025-10-28T15:38:09.450416Z DEBUG compress:prove:batch:open:commit to permutation traces: close time.busy=13.0s time.idle=6.28µs
2025-10-28T15:38:09.461821Z DEBUG compress:prove:batch:open:compute quotient values:compute quotient values for domain: close time.busy=11.1ms time.idle=11.6µs
2025-10-28T15:38:12.395515Z DEBUG compress:prove:batch:open:compute quotient values:compute quotient values for domain: close time.busy=2.94s time.idle=13.1µs
2025-10-28T15:38:12.396203Z DEBUG compress:prove:batch:open:compute quotient values:compute quotient values for domain: close time.busy=2.95s time.idle=4.30µs
2025-10-28T15:38:12.400523Z DEBUG compress:prove:batch:open:compute quotient values:compute quotient values for domain: close time.busy=2.95s time.idle=5.48µs
2025-10-28T15:38:12.471755Z DEBUG compress:prove:batch:open:compute quotient values:compute quotient values for domain: close time.busy=3.02s time.idle=10.3µs
2025-10-28T15:38:12.490599Z DEBUG compress:prove:batch:open:compute quotient values:compute quotient values for domain: close time.busy=3.04s time.idle=5.72µs
2025-10-28T15:38:14.082905Z DEBUG compress:prove:batch:open:compute quotient values:compute quotient values for domain: close time.busy=4.63s time.idle=5.26µs
2025-10-28T15:38:14.102583Z DEBUG compress:prove:batch:open:compute quotient values:compute quotient values for domain: close time.busy=4.65s time.idle=8.38µs
2025-10-28T15:38:14.120603Z DEBUG compress:prove:batch:open:compute quotient values:compute quotient values for domain: close time.busy=4.67s time.idle=15.0µs
2025-10-28T15:38:16.792155Z DEBUG compress:prove:batch:open:commit to quotient traces: close time.busy=2.44s time.idle=8.10µs
2025-10-28T15:38:16.792277Z DEBUG compress:prove:batch:open:compute preprocessed opening points: close time.busy=7.77µs time.idle=4.82µs
2025-10-28T15:38:16.792318Z DEBUG compress:prove:batch:open:compute main trace opening points: close time.busy=17.4µs time.idle=3.48µs
2025-10-28T15:38:16.793342Z DEBUG compress:prove:batch:open:compute permutation trace opening points: close time.busy=1000µs time.idle=5.01µs
2025-10-28T15:38:23.349942Z DEBUG compress:prove:batch:open:commit to permutation traces: close time.busy=15.7s time.idle=5.82µs
2025-10-28T15:38:23.351254Z DEBUG compress:prove:batch:open:compute quotient values:compute quotient values for domain: close time.busy=903µs time.idle=6.92µs
2025-10-28T15:38:24.307611Z DEBUG compress:prove:batch:open:compute quotient values:compute quotient values for domain: close time.busy=957ms time.idle=8.13µs
2025-10-28T15:38:24.313915Z DEBUG compress:prove:batch:open:compute quotient values:compute quotient values for domain: close time.busy=964ms time.idle=5.02µs
2025-10-28T15:38:24.317942Z DEBUG compress:prove:batch:open:compute quotient values:compute quotient values for domain: close time.busy=968ms time.idle=6.08µs
2025-10-28T15:38:35.143407Z DEBUG compress:prove:batch:open:compute quotient values:compute quotient values for domain: close time.busy=11.8s time.idle=6.38µs
2025-10-28T15:38:35.167923Z DEBUG compress:prove:batch:open:compute quotient values:compute quotient values for domain: close time.busy=11.8s time.idle=5.27µs
2025-10-28T15:38:35.179748Z DEBUG compress:prove:batch:open:compute quotient values:compute quotient values for domain: close time.busy=11.8s time.idle=7.36µs
2025-10-28T15:38:35.251090Z DEBUG compress:prove:batch:open:compute quotient values:compute quotient values for domain: close time.busy=11.9s time.idle=5.16µs
2025-10-28T15:38:35.269121Z DEBUG compress:prove:batch:open:compute quotient values:compute quotient values for domain: close time.busy=11.9s time.idle=4.89µs
2025-10-28T15:38:42.761656Z DEBUG compress:prove:batch:open:commit to quotient traces: close time.busy=6.87s time.idle=7.15µs
2025-10-28T15:38:42.761739Z DEBUG compress:prove:batch:open:compute preprocessed opening points: close time.busy=11.4µs time.idle=4.06µs
2025-10-28T15:38:42.761800Z DEBUG compress:prove:batch:open:compute main trace opening points: close time.busy=45.6µs time.idle=2.34µs
2025-10-28T15:38:42.761829Z DEBUG compress:prove:batch:open:compute permutation trace opening points: close time.busy=13.4µs time.idle=2.30µs
2025-10-28T15:38:43.780508Z DEBUG compress:prove:batch:open:open multi batches: close time.busy=27.0s time.idle=10.3µs
2025-10-28T15:38:43.786270Z DEBUG compress:prove:batch:open:compute quotient values: close time.busy=4.67s time.idle=29.7s
2025-10-28T15:38:43.909510Z DEBUG compress:prove:batch:open: close time.busy=50.5s time.idle=6.12µs
2025-10-28T15:39:01.073813Z DEBUG compress:prove:batch:open:open multi batches: close time.busy=18.3s time.idle=4.23µs
2025-10-28T15:39:01.129689Z DEBUG compress:prove:batch:open:compute quotient values: close time.busy=11.9s time.idle=25.9s
2025-10-28T15:39:01.644535Z DEBUG compress:prove:batch:open: close time.busy=58.2s time.idle=5.96µs
2025-10-28T15:39:01.644959Z DEBUG compress:prove:batch: close time.busy=77.3s time.idle=5.85µs
2025-10-28T15:39:01.669373Z DEBUG compress:generate records and traces:get program and witness stream: close time.busy=18.7ms time.idle=35.7µs
2025-10-28T15:39:01.726731Z DEBUG compress:prove:batch:Setup compress program:setup machine:generate preprocessed traces: generated preprocessed trace for chip PublicValues in 79.826394ms
2025-10-28T15:39:01.744744Z DEBUG compress:prove:batch:Setup compress program:setup machine:generate preprocessed traces: generated preprocessed trace for chip Poseidon2WideDeg3 in 98.009383ms
2025-10-28T15:39:01.747362Z DEBUG compress:prove:batch:Setup compress program:setup machine:generate preprocessed traces: generated preprocessed trace for chip BaseAlu in 100.473099ms
2025-10-28T15:39:01.747359Z DEBUG compress:prove:batch:Setup compress program:setup machine:generate preprocessed traces: generated preprocessed trace for chip MemoryVar in 100.581205ms
2025-10-28T15:39:01.748167Z DEBUG compress:prove:batch:Setup compress program:setup machine:generate preprocessed traces: generated preprocessed trace for chip Select in 101.265652ms
2025-10-28T15:39:01.748271Z DEBUG compress:prove:batch:Setup compress program:setup machine:generate preprocessed traces: generated preprocessed trace for chip ExtAlu in 101.348416ms
2025-10-28T15:39:01.760611Z DEBUG compress:prove:batch:Setup compress program:setup machine:generate preprocessed traces: generated preprocessed trace for chip MemoryConst in 113.956399ms
2025-10-28T15:39:01.769283Z DEBUG fixed log2 rows can be potentially reduced: got 213200, expected 524288
2025-10-28T15:39:01.775686Z DEBUG compress:prove:batch:Setup compress program:setup machine:generate preprocessed traces: generated preprocessed trace for chip ExpReverseBitsLen in 128.782445ms
2025-10-28T15:39:01.796988Z DEBUG compress:prove:batch: close time.busy=89.5s time.idle=7.60µs
2025-10-28T15:39:01.830664Z DEBUG compress:prove:batch:Setup compress program:setup machine:generate preprocessed traces: generated preprocessed trace for chip BatchFRI in 183.851488ms
2025-10-28T15:39:01.893017Z DEBUG compress:prove:batch:Setup compress program:setup machine:generate preprocessed traces: generated preprocessed trace for chip PublicValues in 85.732993ms
2025-10-28T15:39:01.895928Z DEBUG compress:prove:batch:Setup compress program:setup machine:generate preprocessed traces: generated preprocessed trace for chip BaseAlu in 88.719998ms
2025-10-28T15:39:01.900407Z DEBUG compress:prove:batch:Setup compress program:setup machine:generate preprocessed traces: generated preprocessed trace for chip ExpReverseBitsLen in 93.127623ms
2025-10-28T15:39:01.905995Z DEBUG compress:prove:batch:Setup compress program:setup machine:generate preprocessed traces: generated preprocessed trace for chip MemoryVar in 98.750411ms
2025-10-28T15:39:01.908908Z DEBUG compress:prove:batch:Setup compress program:setup machine:generate preprocessed traces: generated preprocessed trace for chip MemoryConst in 101.809184ms
2025-10-28T15:39:01.919652Z DEBUG fixed log2 rows can be potentially reduced: got 213200, expected 2097152
2025-10-28T15:39:01.936629Z DEBUG compress:prove:batch:Setup compress program:setup machine:generate preprocessed traces: generated preprocessed trace for chip Select in 129.352442ms
2025-10-28T15:39:01.979973Z DEBUG compress:prove:batch:Setup compress program:setup machine:generate preprocessed traces: generated preprocessed trace for chip Poseidon2WideDeg3 in 172.644012ms
2025-10-28T15:39:01.997547Z DEBUG compress:prove:batch:Setup compress program:setup machine:generate preprocessed traces: generated preprocessed trace for chip ExtAlu in 190.278354ms
2025-10-28T15:39:02.100831Z DEBUG compress:prove:batch:Setup compress program:setup machine:generate preprocessed traces: generated preprocessed trace for chip BatchFRI in 293.554421ms
2025-10-28T15:39:02.135612Z DEBUG compress:generate records and traces:execute runtime: close time.busy=466ms time.idle=8.20µs
2025-10-28T15:39:02.135723Z DEBUG compress:generate records and traces:generate dependencies:register nonces: close time.busy=1.54µs time.idle=3.96µs
2025-10-28T15:39:02.135749Z DEBUG compress:generate records and traces:generate dependencies: close time.busy=59.4µs time.idle=4.81µs
2025-10-28T15:39:02.136157Z DEBUG fixed log2 rows can be potentially reduced: got 471504, expected 1048576
2025-10-28T15:39:02.136335Z DEBUG compress:generate records and traces:generate traces:generate traces for shard: generated trace for chip MemoryConst in 389.554µs
2025-10-28T15:39:02.137108Z DEBUG compress:generate records and traces:generate traces:generate traces for shard: generated trace for chip PublicValues in 15.198µs
2025-10-28T15:39:02.139100Z DEBUG compress:generate records and traces:generate traces:generate traces for shard: generated trace for chip BaseAlu in 2.905514ms
2025-10-28T15:39:02.141824Z DEBUG fixed log2 rows can be potentially reduced: got 346512, expected 1048576
2025-10-28T15:39:02.152822Z DEBUG generate batch fri trace: fixed log2 rows can be potentially reduced: got 213200, expected 2097152 rows=213200
2025-10-28T15:39:02.174855Z DEBUG compress:generate records and traces:generate traces:generate traces for shard: generated trace for chip Select in 38.718508ms
2025-10-28T15:39:02.193952Z DEBUG generate exp reverse bits len trace: close time.busy=56.9ms time.idle=5.79µs rows=9200
2025-10-28T15:39:02.194024Z DEBUG compress:generate records and traces:generate traces:generate traces for shard: generated trace for chip ExpReverseBitsLen in 57.016905ms
2025-10-28T15:39:02.247756Z DEBUG compress:generate records and traces:generate traces:generate traces for shard: generated trace for chip MemoryVar in 111.682522ms
2025-10-28T15:39:02.281947Z DEBUG compress:generate records and traces:generate traces:generate traces for shard: generated trace for chip ExtAlu in 145.709588ms
2025-10-28T15:39:02.477123Z DEBUG generate batch fri trace: close time.busy=341ms time.idle=5.76µs rows=213200
2025-10-28T15:39:02.477186Z DEBUG compress:generate records and traces:generate traces:generate traces for shard: generated trace for chip BatchFRI in 341.008466ms
2025-10-28T15:39:02.656241Z DEBUG generate poseidon2 wide trace: close time.busy=520ms time.idle=7.67µs rows=90000
2025-10-28T15:39:02.656303Z DEBUG compress:generate records and traces:generate traces:generate traces for shard: generated trace for chip Poseidon2WideDeg3 in 520.272389ms
2025-10-28T15:39:02.656450Z DEBUG compress:generate records and traces:generate traces:generate traces for shard: close time.busy=521ms time.idle=5.72µs
2025-10-28T15:39:02.656521Z DEBUG compress:generate records and traces:generate traces: close time.busy=521ms time.idle=4.15µs
2025-10-28T15:39:04.784515Z DEBUG compress:prove:batch:Setup compress program:setup machine:commit to preprocessed traces: close time.busy=2.59s time.idle=6.33µs
2025-10-28T15:39:04.784596Z DEBUG compress:prove:batch:Setup compress program:setup machine:generate preprocessed traces: close time.busy=457ms time.idle=2.68s
2025-10-28T15:39:04.784611Z DEBUG compress:prove:batch:Setup compress program:setup machine: close time.busy=3.14s time.idle=2.44µs
2025-10-28T15:39:04.784628Z DEBUG compress:prove:batch:Setup compress program: close time.busy=3.14s time.idle=3.80µs
2025-10-28T15:39:04.784661Z DEBUG compress:prove:batch:observe proving key: close time.busy=11.0µs time.idle=3.35µs
2025-10-28T15:39:12.009562Z DEBUG compress:prove:batch:Setup compress program:setup machine:commit to preprocessed traces: close time.busy=9.70s time.idle=12.4µs
2025-10-28T15:39:12.009701Z DEBUG compress:prove:batch:Setup compress program:setup machine:generate preprocessed traces: close time.busy=294ms time.idle=9.91s
2025-10-28T15:39:12.009718Z DEBUG compress:prove:batch:Setup compress program:setup machine: close time.busy=10.2s time.idle=2.75µs
2025-10-28T15:39:12.009732Z DEBUG compress:prove:batch:Setup compress program: close time.busy=10.2s time.idle=3.25µs
2025-10-28T15:39:12.009785Z DEBUG compress:prove:batch:observe proving key: close time.busy=12.6µs time.idle=3.57µs
2025-10-28T15:39:15.651939Z DEBUG compress:prove:batch:commit: close time.busy=10.9s time.idle=4.24µs
2025-10-28T15:39:16.789482Z DEBUG compress:prove:batch:open:generate permutation traces: close time.busy=1.14s time.idle=6.22µs
2025-10-28T15:39:16.789572Z DEBUG compress:prove:batch:open: BatchFRI        | Main Cols = 13    | Pre Cols = 6      | Perm Cols = 12    | Rows = 524288 | Cells = 16252928  
2025-10-28T15:39:16.789587Z DEBUG compress:prove:batch:open: MemoryVar       | Main Cols = 8     | Pre Cols = 4      | Perm Cols = 8     | Rows = 524288 | Cells = 10485760  
2025-10-28T15:39:16.789596Z DEBUG compress:prove:batch:open: Select          | Main Cols = 5     | Pre Cols = 8      | Perm Cols = 16    | Rows = 524288 | Cells = 15204352  
2025-10-28T15:39:16.789606Z DEBUG compress:prove:batch:open: ExpReverseBitsLen | Main Cols = 7     | Pre Cols = 10     | Perm Cols = 12    | Rows = 262144 | Cells = 7602176   
2025-10-28T15:39:16.789616Z DEBUG compress:prove:batch:open: MemoryConst     | Main Cols = 1     | Pre Cols = 12     | Perm Cols = 8     | Rows = 131072 | Cells = 2752512   
2025-10-28T15:39:16.789628Z DEBUG compress:prove:batch:open: Poseidon2WideDeg3 | Main Cols = 313   | Pre Cols = 49     | Perm Cols = 68    | Rows = 131072 | Cells = 56360960  
2025-10-28T15:39:16.789637Z DEBUG compress:prove:batch:open: BaseAlu         | Main Cols = 12    | Pre Cols = 32     | Perm Cols = 28    | Rows = 65536 | Cells = 4718592   
2025-10-28T15:39:16.789646Z DEBUG compress:prove:batch:open: ExtAlu          | Main Cols = 48    | Pre Cols = 32     | Perm Cols = 28    | Rows = 65536 | Cells = 7077888   
2025-10-28T15:39:16.789655Z DEBUG compress:prove:batch:open: PublicValues    | Main Cols = 1     | Pre Cols = 10     | Perm Cols = 8     | Rows = 16    | Cells = 304       
2025-10-28T15:39:17.348474Z DEBUG compress:prove:batch:open:flatten permutation traces and collect domains: close time.busy=559ms time.idle=7.48µs
2025-10-28T15:39:20.785335Z DEBUG compress:prove:batch:open:commit to permutation traces: close time.busy=3.44s time.idle=5.63µs
2025-10-28T15:39:20.786397Z DEBUG compress:prove:batch:open:compute quotient values:compute quotient values for domain: close time.busy=521µs time.idle=4.15µs
2025-10-28T15:39:22.336980Z DEBUG compress:prove:batch:open:compute quotient values:compute quotient values for domain: close time.busy=1.55s time.idle=5.94µs
2025-10-28T15:39:25.097297Z DEBUG compress:prove:batch:open:compute quotient values:compute quotient values for domain: close time.busy=4.31s time.idle=4.90µs
2025-10-28T15:39:25.097873Z DEBUG compress:prove:batch:open:compute quotient values:compute quotient values for domain: close time.busy=4.31s time.idle=4.89µs
2025-10-28T15:39:25.108647Z DEBUG compress:prove:batch:open:compute quotient values:compute quotient values for domain: close time.busy=4.32s time.idle=6.64µs
2025-10-28T15:39:25.174734Z DEBUG compress:prove:batch:open:compute quotient values:compute quotient values for domain: close time.busy=4.39s time.idle=6.23µs
2025-10-28T15:39:25.198812Z DEBUG compress:prove:batch:open:compute quotient values:compute quotient values for domain: close time.busy=4.41s time.idle=6.33µs
2025-10-28T15:39:25.216713Z DEBUG compress:prove:batch:open:compute quotient values:compute quotient values for domain: close time.busy=4.43s time.idle=6.75µs
2025-10-28T15:39:25.228722Z DEBUG compress:prove:batch:open:compute quotient values:compute quotient values for domain: close time.busy=4.44s time.idle=5.80µs
2025-10-28T15:39:27.850815Z DEBUG compress:prove:batch:open:commit to quotient traces: close time.busy=2.44s time.idle=6.71µs
2025-10-28T15:39:27.850890Z DEBUG compress:prove:batch:open:compute preprocessed opening points: close time.busy=5.21µs time.idle=3.69µs
2025-10-28T15:39:27.850911Z DEBUG compress:prove:batch:open:compute main trace opening points: close time.busy=5.28µs time.idle=2.23µs
2025-10-28T15:39:27.850928Z DEBUG compress:prove:batch:open:compute permutation trace opening points: close time.busy=3.34µs time.idle=2.20µs
2025-10-28T15:39:37.092573Z DEBUG compress:prove:batch:commit: close time.busy=25.1s time.idle=4.76µs
2025-10-28T15:39:39.677609Z DEBUG compress:prove:batch:open:generate permutation traces: close time.busy=2.58s time.idle=5.21µs
2025-10-28T15:39:39.677741Z DEBUG compress:prove:batch:open: BatchFRI        | Main Cols = 13    | Pre Cols = 6      | Perm Cols = 12    | Rows = 2097152 | Cells = 65011712  
2025-10-28T15:39:39.677756Z DEBUG compress:prove:batch:open: MemoryVar       | Main Cols = 8     | Pre Cols = 4      | Perm Cols = 8     | Rows = 1048576 | Cells = 20971520  
2025-10-28T15:39:39.677765Z DEBUG compress:prove:batch:open: Select          | Main Cols = 5     | Pre Cols = 8      | Perm Cols = 16    | Rows = 1048576 | Cells = 30408704  
2025-10-28T15:39:39.677774Z DEBUG compress:prove:batch:open: ExtAlu          | Main Cols = 48    | Pre Cols = 32     | Perm Cols = 28    | Rows = 524288 | Cells = 56623104  
2025-10-28T15:39:39.677784Z DEBUG compress:prove:batch:open: ExpReverseBitsLen | Main Cols = 7     | Pre Cols = 10     | Perm Cols = 12    | Rows = 262144 | Cells = 7602176   
2025-10-28T15:39:39.677795Z DEBUG compress:prove:batch:open: MemoryConst     | Main Cols = 1     | Pre Cols = 12     | Perm Cols = 8     | Rows = 262144 | Cells = 5505024   
2025-10-28T15:39:39.677806Z DEBUG compress:prove:batch:open: Poseidon2WideDeg3 | Main Cols = 313   | Pre Cols = 49     | Perm Cols = 68    | Rows = 262144 | Cells = 112721920 
2025-10-28T15:39:39.677815Z DEBUG compress:prove:batch:open: BaseAlu         | Main Cols = 12    | Pre Cols = 32     | Perm Cols = 28    | Rows = 65536 | Cells = 4718592   
2025-10-28T15:39:39.677824Z DEBUG compress:prove:batch:open: PublicValues    | Main Cols = 1     | Pre Cols = 10     | Perm Cols = 8     | Rows = 16    | Cells = 304       
2025-10-28T15:39:40.986448Z DEBUG compress:prove:batch:open:flatten permutation traces and collect domains: close time.busy=1.31s time.idle=4.96µs
2025-10-28T15:39:46.381284Z DEBUG compress:prove:batch:open:open multi batches: close time.busy=18.5s time.idle=4.19µs
2025-10-28T15:39:46.386495Z DEBUG compress:prove:batch:open:compute quotient values: close time.busy=4.44s time.idle=21.2s
2025-10-28T15:39:46.492907Z DEBUG compress:prove:batch:open: close time.busy=30.8s time.idle=6.20µs
2025-10-28T15:39:46.493124Z DEBUG compress:prove:batch: close time.busy=44.8s time.idle=5.60µs
2025-10-28T15:39:48.436614Z DEBUG compress:prove:batch:Setup compress program:setup machine:generate preprocessed traces: generated preprocessed trace for chip PublicValues in 61.393611ms
2025-10-28T15:39:48.439204Z DEBUG compress:prove:batch:Setup compress program:setup machine:generate preprocessed traces: generated preprocessed trace for chip BaseAlu in 63.986249ms
2025-10-28T15:39:48.443359Z DEBUG compress:prove:batch:Setup compress program:setup machine:generate preprocessed traces: generated preprocessed trace for chip ExpReverseBitsLen in 68.137952ms
2025-10-28T15:39:48.446193Z DEBUG compress:prove:batch:Setup compress program:setup machine:generate preprocessed traces: generated preprocessed trace for chip MemoryConst in 70.975416ms
2025-10-28T15:39:48.450023Z DEBUG compress:prove:batch:Setup compress program:setup machine:generate preprocessed traces: generated preprocessed trace for chip MemoryVar in 74.808669ms
2025-10-28T15:39:48.472493Z DEBUG fixed log2 rows can be potentially reduced: got 213200, expected 2097152
2025-10-28T15:39:48.481614Z DEBUG compress:prove:batch:Setup compress program:setup machine:generate preprocessed traces: generated preprocessed trace for chip Select in 106.39607ms
2025-10-28T15:39:48.509261Z DEBUG compress:prove:batch:Setup compress program:setup machine:generate preprocessed traces: generated preprocessed trace for chip Poseidon2WideDeg3 in 134.034807ms
2025-10-28T15:39:48.523995Z DEBUG compress:prove:batch:Setup compress program:setup machine:generate preprocessed traces: generated preprocessed trace for chip ExtAlu in 148.773502ms
2025-10-28T15:39:48.617003Z DEBUG compress:prove:batch:Setup compress program:setup machine:generate preprocessed traces: generated preprocessed trace for chip BatchFRI in 241.785312ms
2025-10-28T15:39:51.444763Z DEBUG compress:prove:batch:open:commit to permutation traces: close time.busy=10.5s time.idle=6.10µs
2025-10-28T15:39:51.445276Z DEBUG compress:prove:batch:open:compute quotient values:compute quotient values for domain: close time.busy=197µs time.idle=4.48µs
2025-10-28T15:39:52.223485Z DEBUG compress:prove:batch:open:compute quotient values:compute quotient values for domain: close time.busy=778ms time.idle=5.57µs
2025-10-28T15:39:52.244242Z DEBUG compress:prove:batch:open:compute quotient values:compute quotient values for domain: close time.busy=799ms time.idle=6.46µs
2025-10-28T15:39:52.479209Z DEBUG compress:prove:batch:open:compute quotient values:compute quotient values for domain: close time.busy=1.03s time.idle=6.31µs
2025-10-28T15:40:01.267697Z DEBUG compress:prove:batch:open:compute quotient values:compute quotient values for domain: close time.busy=9.82s time.idle=10.9µs
2025-10-28T15:40:01.284908Z DEBUG compress:prove:batch:open:compute quotient values:compute quotient values for domain: close time.busy=9.84s time.idle=30.2µs
2025-10-28T15:40:01.317516Z DEBUG compress:prove:batch:open:compute quotient values:compute quotient values for domain: close time.busy=9.87s time.idle=5.37µs
2025-10-28T15:40:01.323224Z DEBUG compress:prove:batch:open:compute quotient values:compute quotient values for domain: close time.busy=9.88s time.idle=6.29µs
2025-10-28T15:40:05.271017Z DEBUG compress:prove:batch:open:compute quotient values:compute quotient values for domain: close time.busy=13.8s time.idle=6.84µs
2025-10-28T15:40:10.883769Z DEBUG compress:prove:batch:Setup compress program:setup machine:commit to preprocessed traces: close time.busy=21.9s time.idle=7.43µs
2025-10-28T15:40:10.883940Z DEBUG compress:prove:batch:Setup compress program:setup machine:generate preprocessed traces: close time.busy=2.12s time.idle=22.3s
2025-10-28T15:40:10.883957Z DEBUG compress:prove:batch:Setup compress program:setup machine: close time.busy=24.4s time.idle=2.72µs
2025-10-28T15:40:10.883975Z DEBUG compress:prove:batch:Setup compress program: close time.busy=24.4s time.idle=7.48µs
2025-10-28T15:40:10.884019Z DEBUG compress:prove:batch:observe proving key: close time.busy=11.4µs time.idle=3.75µs
2025-10-28T15:40:16.608338Z DEBUG compress:prove:batch:open:commit to quotient traces: close time.busy=10.7s time.idle=6.86µs
2025-10-28T15:40:16.608451Z DEBUG compress:prove:batch:open:compute preprocessed opening points: close time.busy=32.0µs time.idle=5.41µs
2025-10-28T15:40:16.608542Z DEBUG compress:prove:batch:open:compute main trace opening points: close time.busy=65.4µs time.idle=2.71µs
2025-10-28T15:40:16.608578Z DEBUG compress:prove:batch:open:compute permutation trace opening points: close time.busy=18.4µs time.idle=2.48µs
2025-10-28T15:40:29.340389Z DEBUG compress:prove:batch:commit: close time.busy=18.5s time.idle=3.89µs
2025-10-28T15:40:32.051311Z DEBUG compress:prove:batch:open:generate permutation traces: close time.busy=2.71s time.idle=4.52µs
2025-10-28T15:40:32.051460Z DEBUG compress:prove:batch:open: BatchFRI        | Main Cols = 13    | Pre Cols = 6      | Perm Cols = 12    | Rows = 2097152 | Cells = 65011712  
2025-10-28T15:40:32.051476Z DEBUG compress:prove:batch:open: MemoryVar       | Main Cols = 8     | Pre Cols = 4      | Perm Cols = 8     | Rows = 1048576 | Cells = 20971520  
2025-10-28T15:40:32.051485Z DEBUG compress:prove:batch:open: Select          | Main Cols = 5     | Pre Cols = 8      | Perm Cols = 16    | Rows = 1048576 | Cells = 30408704  
2025-10-28T15:40:32.051494Z DEBUG compress:prove:batch:open: ExtAlu          | Main Cols = 48    | Pre Cols = 32     | Perm Cols = 28    | Rows = 524288 | Cells = 56623104  
2025-10-28T15:40:32.051504Z DEBUG compress:prove:batch:open: ExpReverseBitsLen | Main Cols = 7     | Pre Cols = 10     | Perm Cols = 12    | Rows = 262144 | Cells = 7602176   
2025-10-28T15:40:32.051513Z DEBUG compress:prove:batch:open: MemoryConst     | Main Cols = 1     | Pre Cols = 12     | Perm Cols = 8     | Rows = 262144 | Cells = 5505024   
2025-10-28T15:40:32.051524Z DEBUG compress:prove:batch:open: Poseidon2WideDeg3 | Main Cols = 313   | Pre Cols = 49     | Perm Cols = 68    | Rows = 262144 | Cells = 112721920 
2025-10-28T15:40:32.051533Z DEBUG compress:prove:batch:open: BaseAlu         | Main Cols = 12    | Pre Cols = 32     | Perm Cols = 28    | Rows = 65536 | Cells = 4718592   
2025-10-28T15:40:32.051542Z DEBUG compress:prove:batch:open: PublicValues    | Main Cols = 1     | Pre Cols = 10     | Perm Cols = 8     | Rows = 16    | Cells = 304       
2025-10-28T15:40:33.229633Z DEBUG compress:prove:batch:open:flatten permutation traces and collect domains: close time.busy=1.18s time.idle=4.86µs
2025-10-28T15:40:43.421842Z DEBUG compress:prove:batch:open:commit to permutation traces: close time.busy=10.2s time.idle=7.19µs
2025-10-28T15:40:43.422625Z DEBUG compress:prove:batch:open:compute quotient values:compute quotient values for domain: close time.busy=425µs time.idle=11.2µs
2025-10-28T15:40:44.459149Z DEBUG compress:prove:batch:open:compute quotient values:compute quotient values for domain: close time.busy=1.04s time.idle=6.51µs
2025-10-28T15:40:44.485717Z DEBUG compress:prove:batch:open:compute quotient values:compute quotient values for domain: close time.busy=1.06s time.idle=14.0µs
2025-10-28T15:40:48.453869Z DEBUG compress:prove:batch:open:compute quotient values:compute quotient values for domain: close time.busy=5.03s time.idle=5.44µs
2025-10-28T15:40:56.933494Z DEBUG compress:prove:batch:open:compute quotient values:compute quotient values for domain: close time.busy=13.5s time.idle=6.10µs
2025-10-28T15:40:56.956688Z DEBUG compress:prove:batch:open:compute quotient values:compute quotient values for domain: close time.busy=13.5s time.idle=16.1µs
2025-10-28T15:40:56.981815Z DEBUG compress:prove:batch:open:compute quotient values:compute quotient values for domain: close time.busy=13.6s time.idle=5.11µs
2025-10-28T15:40:57.041474Z DEBUG compress:prove:batch:open:compute quotient values:compute quotient values for domain: close time.busy=13.6s time.idle=6.53µs
2025-10-28T15:40:57.095479Z DEBUG compress:prove:batch:open:compute quotient values:compute quotient values for domain: close time.busy=13.7s time.idle=7.33µs
2025-10-28T15:41:03.816224Z DEBUG compress:prove:batch:open:commit to quotient traces: close time.busy=6.09s time.idle=6.00µs
2025-10-28T15:41:03.816315Z DEBUG compress:prove:batch:open:compute preprocessed opening points: close time.busy=6.02µs time.idle=4.02µs
2025-10-28T15:41:03.816347Z DEBUG compress:prove:batch:open:compute main trace opening points: close time.busy=16.0µs time.idle=2.18µs
2025-10-28T15:41:03.816366Z DEBUG compress:prove:batch:open:compute permutation trace opening points: close time.busy=4.93µs time.idle=2.10µs
2025-10-28T15:41:09.386928Z DEBUG compress:prove:batch:open:open multi batches: close time.busy=52.8s time.idle=4.02µs
2025-10-28T15:41:09.444060Z DEBUG compress:prove:batch:open:compute quotient values: close time.busy=13.8s time.idle=64.2s
2025-10-28T15:41:09.982580Z DEBUG compress:prove:batch:open: close time.busy=92.9s time.idle=14.8µs
2025-10-28T15:41:10.058100Z DEBUG compress:generate records and traces:get program and witness stream: close time.busy=70.2ms time.idle=11.0µs
2025-10-28T15:41:10.124384Z DEBUG compress:prove:batch: close time.busy=128s time.idle=10.8µs
2025-10-28T15:41:10.569766Z DEBUG compress:generate records and traces:execute runtime: close time.busy=512ms time.idle=6.64µs
2025-10-28T15:41:10.569867Z DEBUG compress:generate records and traces:generate dependencies:register nonces: close time.busy=1.12µs time.idle=3.22µs
2025-10-28T15:41:10.569883Z DEBUG compress:generate records and traces:generate dependencies: close time.busy=50.9µs time.idle=3.79µs
2025-10-28T15:41:10.582239Z DEBUG fixed log2 rows can be potentially reduced: got 471504, expected 1048576
2025-10-28T15:41:10.582245Z DEBUG compress:generate records and traces:generate traces:generate traces for shard: generated trace for chip PublicValues in 8.943µs
2025-10-28T15:41:10.583231Z DEBUG compress:generate records and traces:generate traces:generate traces for shard: generated trace for chip BaseAlu in 998.473µs
2025-10-28T15:41:10.584993Z DEBUG compress:generate records and traces:generate traces:generate traces for shard: generated trace for chip MemoryConst in 2.763919ms
2025-10-28T15:41:10.585752Z DEBUG fixed log2 rows can be potentially reduced: got 346512, expected 1048576
2025-10-28T15:41:10.586524Z DEBUG compress:generate records and traces:generate traces:generate traces for shard: generated trace for chip Select in 4.291085ms
2025-10-28T15:41:10.596216Z DEBUG generate batch fri trace: fixed log2 rows can be potentially reduced: got 213200, expected 2097152 rows=213200
2025-10-28T15:41:10.634378Z DEBUG generate exp reverse bits len trace: close time.busy=52.1ms time.idle=5.69µs rows=9200
2025-10-28T15:41:10.634449Z DEBUG compress:generate records and traces:generate traces:generate traces for shard: generated trace for chip ExpReverseBitsLen in 52.214584ms
2025-10-28T15:41:10.677985Z DEBUG compress:generate records and traces:generate traces:generate traces for shard: generated trace for chip MemoryVar in 95.747799ms
2025-10-28T15:41:10.710453Z DEBUG compress:generate records and traces:generate traces:generate traces for shard: generated trace for chip ExtAlu in 128.215479ms
2025-10-28T15:41:10.917398Z DEBUG generate batch fri trace: close time.busy=335ms time.idle=7.36µs rows=213200
2025-10-28T15:41:10.917522Z DEBUG compress:generate records and traces:generate traces:generate traces for shard: generated trace for chip BatchFRI in 335.288021ms
2025-10-28T15:41:11.042248Z DEBUG generate poseidon2 wide trace: close time.busy=460ms time.idle=6.63µs rows=90000
2025-10-28T15:41:11.042301Z DEBUG compress:generate records and traces:generate traces:generate traces for shard: generated trace for chip Poseidon2WideDeg3 in 460.068781ms
2025-10-28T15:41:11.042485Z DEBUG compress:generate records and traces:generate traces:generate traces for shard: close time.busy=473ms time.idle=3.44µs
2025-10-28T15:41:11.042555Z DEBUG compress:generate records and traces:generate traces: close time.busy=473ms time.idle=3.58µs
2025-10-28T15:41:11.058352Z DEBUG compress:prove:batch:Setup compress program:setup machine:generate preprocessed traces: generated preprocessed trace for chip PublicValues in 15.652722ms
2025-10-28T15:41:11.062838Z DEBUG compress:prove:batch:Setup compress program:setup machine:generate preprocessed traces: generated preprocessed trace for chip BaseAlu in 20.145915ms
2025-10-28T15:41:11.068935Z DEBUG compress:prove:batch:Setup compress program:setup machine:generate preprocessed traces: generated preprocessed trace for chip ExpReverseBitsLen in 26.239125ms
2025-10-28T15:41:11.069602Z DEBUG compress:prove:batch:Setup compress program:setup machine:generate preprocessed traces: generated preprocessed trace for chip MemoryConst in 26.911299ms
2025-10-28T15:41:11.077126Z DEBUG fixed log2 rows can be potentially reduced: got 213200, expected 2097152
2025-10-28T15:41:11.089999Z DEBUG compress:prove:batch:Setup compress program:setup machine:generate preprocessed traces: generated preprocessed trace for chip Select in 47.303172ms
2025-10-28T15:41:11.129295Z DEBUG compress:prove:batch:Setup compress program:setup machine:generate preprocessed traces: generated preprocessed trace for chip MemoryVar in 86.602195ms
2025-10-28T15:41:11.129324Z DEBUG compress:prove:batch:Setup compress program:setup machine:generate preprocessed traces: generated preprocessed trace for chip Poseidon2WideDeg3 in 86.633044ms
2025-10-28T15:41:11.149671Z DEBUG compress:prove:batch:Setup compress program:setup machine:generate preprocessed traces: generated preprocessed trace for chip ExtAlu in 106.976834ms
2025-10-28T15:41:11.222555Z DEBUG compress:prove:batch:Setup compress program:setup machine:generate preprocessed traces: generated preprocessed trace for chip BatchFRI in 179.860518ms
2025-10-28T15:41:19.241296Z DEBUG compress:prove:batch:Setup compress program:setup machine:commit to preprocessed traces: close time.busy=7.83s time.idle=7.21µs
2025-10-28T15:41:19.241363Z DEBUG compress:prove:batch:Setup compress program:setup machine:generate preprocessed traces: close time.busy=180ms time.idle=8.02s
2025-10-28T15:41:19.241379Z DEBUG compress:prove:batch:Setup compress program:setup machine: close time.busy=8.20s time.idle=2.85µs
2025-10-28T15:41:19.241392Z DEBUG compress:prove:batch:Setup compress program: close time.busy=8.20s time.idle=3.58µs
2025-10-28T15:41:19.241446Z DEBUG compress:prove:batch:observe proving key: close time.busy=30.9µs time.idle=3.60µs
2025-10-28T15:41:34.781230Z DEBUG compress:prove:batch:commit: close time.busy=15.5s time.idle=4.30µs
2025-10-28T15:41:37.468075Z DEBUG compress:prove:batch:open:generate permutation traces: close time.busy=2.69s time.idle=5.04µs
2025-10-28T15:41:37.468149Z DEBUG compress:prove:batch:open: BatchFRI        | Main Cols = 13    | Pre Cols = 6      | Perm Cols = 12    | Rows = 2097152 | Cells = 65011712  
2025-10-28T15:41:37.468168Z DEBUG compress:prove:batch:open: MemoryVar       | Main Cols = 8     | Pre Cols = 4      | Perm Cols = 8     | Rows = 1048576 | Cells = 20971520  
2025-10-28T15:41:37.468180Z DEBUG compress:prove:batch:open: Select          | Main Cols = 5     | Pre Cols = 8      | Perm Cols = 16    | Rows = 1048576 | Cells = 30408704  
2025-10-28T15:41:37.468192Z DEBUG compress:prove:batch:open: ExtAlu          | Main Cols = 48    | Pre Cols = 32     | Perm Cols = 28    | Rows = 524288 | Cells = 56623104  
2025-10-28T15:41:37.468204Z DEBUG compress:prove:batch:open: ExpReverseBitsLen | Main Cols = 7     | Pre Cols = 10     | Perm Cols = 12    | Rows = 262144 | Cells = 7602176   
2025-10-28T15:41:37.468215Z DEBUG compress:prove:batch:open: MemoryConst     | Main Cols = 1     | Pre Cols = 12     | Perm Cols = 8     | Rows = 262144 | Cells = 5505024   
2025-10-28T15:41:37.468228Z DEBUG compress:prove:batch:open: Poseidon2WideDeg3 | Main Cols = 313   | Pre Cols = 49     | Perm Cols = 68    | Rows = 262144 | Cells = 112721920 
2025-10-28T15:41:37.468240Z DEBUG compress:prove:batch:open: BaseAlu         | Main Cols = 12    | Pre Cols = 32     | Perm Cols = 28    | Rows = 65536 | Cells = 4718592   
2025-10-28T15:41:37.468251Z DEBUG compress:prove:batch:open: PublicValues    | Main Cols = 1     | Pre Cols = 10     | Perm Cols = 8     | Rows = 16    | Cells = 304       
2025-10-28T15:41:38.783150Z DEBUG compress:prove:batch:open:flatten permutation traces and collect domains: close time.busy=1.31s time.idle=5.85µs
2025-10-28T15:41:39.883748Z DEBUG compress:prove:batch:open:open multi batches: close time.busy=36.1s time.idle=4.92µs
2025-10-28T15:41:39.940145Z DEBUG compress:prove:batch:open:compute quotient values: close time.busy=13.7s time.idle=42.8s
2025-10-28T15:41:40.483730Z DEBUG compress:prove:batch:open: close time.busy=71.1s time.idle=5.53µs
2025-10-28T15:41:40.629575Z DEBUG compress:prove:batch: close time.busy=114s time.idle=6.98µs
2025-10-28T15:41:48.502931Z DEBUG compress:prove:batch:open:commit to permutation traces: close time.busy=9.72s time.idle=5.91µs
2025-10-28T15:41:48.503816Z DEBUG compress:prove:batch:open:compute quotient values:compute quotient values for domain: close time.busy=389µs time.idle=140µs
2025-10-28T15:41:49.586994Z DEBUG compress:prove:batch:open:compute quotient values:compute quotient values for domain: close time.busy=1.08s time.idle=169µs
2025-10-28T15:41:49.599549Z DEBUG compress:prove:batch:open:compute quotient values:compute quotient values for domain: close time.busy=1.10s time.idle=11.0µs
2025-10-28T15:41:49.604607Z DEBUG compress:prove:batch:open:compute quotient values:compute quotient values for domain: close time.busy=1.10s time.idle=4.35µs
2025-10-28T15:42:01.213283Z DEBUG compress:prove:batch:open:compute quotient values:compute quotient values for domain: close time.busy=12.7s time.idle=225µs
2025-10-28T15:42:01.267739Z DEBUG compress:prove:batch:open:compute quotient values:compute quotient values for domain: close time.busy=12.8s time.idle=25.3µs
2025-10-28T15:42:01.290205Z DEBUG compress:prove:batch:open:compute quotient values:compute quotient values for domain: close time.busy=12.8s time.idle=5.75µs
2025-10-28T15:42:01.306336Z DEBUG compress:prove:batch:open:compute quotient values:compute quotient values for domain: close time.busy=12.8s time.idle=132µs
2025-10-28T15:42:01.375176Z DEBUG compress:prove:batch:open:compute quotient values:compute quotient values for domain: close time.busy=12.9s time.idle=21.2µs
2025-10-28T15:42:07.474988Z DEBUG compress:prove:batch:open:commit to quotient traces: close time.busy=5.50s time.idle=5.34µs
2025-10-28T15:42:07.475091Z DEBUG compress:prove:batch:open:compute preprocessed opening points: close time.busy=5.68µs time.idle=3.48µs
2025-10-28T15:42:07.475114Z DEBUG compress:prove:batch:open:compute main trace opening points: close time.busy=6.95µs time.idle=2.14µs
2025-10-28T15:42:07.475133Z DEBUG compress:prove:batch:open:compute permutation trace opening points: close time.busy=4.57µs time.idle=2.25µs
2025-10-28T15:42:25.473693Z DEBUG compress:prove:batch:open:open multi batches: close time.busy=18.0s time.idle=4.67µs
2025-10-28T15:42:25.549771Z DEBUG compress:prove:batch:open:compute quotient values: close time.busy=12.9s time.idle=24.2s
2025-10-28T15:42:26.034385Z DEBUG compress:prove:batch:open: close time.busy=51.3s time.idle=5.41µs
2025-10-28T15:42:26.050816Z DEBUG compress:generate next layer inputs: close time.busy=493s time.idle=180µs
2025-10-28T15:42:26.072802Z DEBUG compress:generate records and traces:get program and witness stream: close time.busy=23.4ms time.idle=17.8µs
2025-10-28T15:42:26.215363Z DEBUG compress:prove:batch: close time.busy=75.2s time.idle=8.40µs
2025-10-28T15:42:26.467536Z DEBUG compress:generate records and traces:execute runtime: close time.busy=395ms time.idle=7.48µs
2025-10-28T15:42:26.467651Z DEBUG compress:generate records and traces:generate dependencies:register nonces: close time.busy=10.7µs time.idle=3.43µs
2025-10-28T15:42:26.467667Z DEBUG compress:generate records and traces:generate dependencies: close time.busy=53.2µs time.idle=3.82µs
2025-10-28T15:42:26.468043Z DEBUG fixed log2 rows can be potentially reduced: got 510704, expected 1048576
2025-10-28T15:42:26.468109Z DEBUG compress:generate records and traces:generate traces:generate traces for shard: generated trace for chip MemoryConst in 216.456µs
2025-10-28T15:42:26.468866Z DEBUG compress:generate records and traces:generate traces:generate traces for shard: generated trace for chip PublicValues in 16.443µs
2025-10-28T15:42:26.469755Z DEBUG compress:generate records and traces:generate traces:generate traces for shard: generated trace for chip BaseAlu in 1.653868ms
2025-10-28T15:42:26.472142Z DEBUG fixed log2 rows can be potentially reduced: got 367020, expected 1048576
2025-10-28T15:42:26.472155Z DEBUG compress:generate records and traces:generate traces:generate traces for shard: generated trace for chip Select in 4.114051ms
2025-10-28T15:42:26.478933Z DEBUG generate batch fri trace: fixed log2 rows can be potentially reduced: got 213200, expected 2097152 rows=213200
2025-10-28T15:42:26.495821Z DEBUG generate exp reverse bits len trace: close time.busy=27.0ms time.idle=4.71µs rows=9200
2025-10-28T15:42:26.495875Z DEBUG compress:generate records and traces:generate traces:generate traces for shard: generated trace for chip ExpReverseBitsLen in 27.028416ms
2025-10-28T15:42:26.567222Z DEBUG compress:generate records and traces:generate traces:generate traces for shard: generated trace for chip MemoryVar in 99.150855ms
2025-10-28T15:42:26.594597Z DEBUG compress:generate records and traces:generate traces:generate traces for shard: generated trace for chip ExtAlu in 126.453594ms
2025-10-28T15:42:26.788567Z DEBUG generate batch fri trace: close time.busy=320ms time.idle=5.67µs rows=213200
2025-10-28T15:42:26.788646Z DEBUG compress:generate records and traces:generate traces:generate traces for shard: generated trace for chip BatchFRI in 320.486301ms
2025-10-28T15:42:26.958903Z DEBUG generate poseidon2 wide trace: close time.busy=491ms time.idle=6.53µs rows=95402
2025-10-28T15:42:26.958954Z DEBUG compress:generate records and traces:generate traces:generate traces for shard: generated trace for chip Poseidon2WideDeg3 in 490.938651ms
2025-10-28T15:42:26.959020Z DEBUG compress:generate records and traces:generate traces:generate traces for shard: close time.busy=491ms time.idle=4.09µs
2025-10-28T15:42:26.959065Z DEBUG compress:generate records and traces:generate traces: close time.busy=491ms time.idle=3.55µs
2025-10-28T15:42:26.959318Z DEBUG compress:generate records and traces: close time.busy=494s time.idle=236µs
2025-10-28T15:42:26.959410Z DEBUG compress:prove: close time.busy=494s time.idle=263µs
2025-10-28T15:42:26.977192Z DEBUG compress:prove:batch:Setup compress program:setup machine:generate preprocessed traces: generated preprocessed trace for chip PublicValues in 17.511367ms
2025-10-28T15:42:26.979622Z DEBUG compress:prove:batch:Setup compress program:setup machine:generate preprocessed traces: generated preprocessed trace for chip BaseAlu in 20.022252ms
2025-10-28T15:42:26.992865Z DEBUG compress:prove:batch:Setup compress program:setup machine:generate preprocessed traces: generated preprocessed trace for chip Select in 33.186688ms
2025-10-28T15:42:26.993285Z DEBUG fixed log2 rows can be potentially reduced: got 213200, expected 2097152
2025-10-28T15:42:27.007187Z DEBUG compress:prove:batch:Setup compress program:setup machine:generate preprocessed traces: generated preprocessed trace for chip MemoryVar in 47.55871ms
2025-10-28T15:42:27.007279Z DEBUG compress:prove:batch:Setup compress program:setup machine:generate preprocessed traces: generated preprocessed trace for chip ExpReverseBitsLen in 47.599403ms
2025-10-28T15:42:27.020502Z DEBUG compress:prove:batch:Setup compress program:setup machine:generate preprocessed traces: generated preprocessed trace for chip MemoryConst in 60.935382ms
2025-10-28T15:42:27.046232Z DEBUG compress:prove:batch:Setup compress program:setup machine:generate preprocessed traces: generated preprocessed trace for chip Poseidon2WideDeg3 in 86.402868ms
2025-10-28T15:42:27.066207Z DEBUG compress:prove:batch:Setup compress program:setup machine:generate preprocessed traces: generated preprocessed trace for chip ExtAlu in 106.561998ms
2025-10-28T15:42:27.133118Z DEBUG compress:prove:batch:Setup compress program:setup machine:generate preprocessed traces: generated preprocessed trace for chip BatchFRI in 173.412313ms
2025-10-28T15:42:34.598311Z DEBUG compress:prove:batch:Setup compress program:setup machine:commit to preprocessed traces: close time.busy=7.21s time.idle=9.75µs
2025-10-28T15:42:34.598466Z DEBUG compress:prove:batch:Setup compress program:setup machine:generate preprocessed traces: close time.busy=174ms time.idle=7.47s
2025-10-28T15:42:34.598488Z DEBUG compress:prove:batch:Setup compress program:setup machine: close time.busy=7.64s time.idle=355µs
2025-10-28T15:42:34.598502Z DEBUG compress:prove:batch:Setup compress program: close time.busy=7.64s time.idle=3.51µs
2025-10-28T15:42:34.598541Z DEBUG compress:prove:batch:observe proving key: close time.busy=11.9µs time.idle=3.27µs
2025-10-28T15:42:48.491088Z DEBUG compress:prove:batch:commit: close time.busy=13.9s time.idle=4.38µs
2025-10-28T15:42:51.236582Z DEBUG compress:prove:batch:open:generate permutation traces: close time.busy=2.75s time.idle=5.10µs
2025-10-28T15:42:51.236827Z DEBUG compress:prove:batch:open: BatchFRI        | Main Cols = 13    | Pre Cols = 6      | Perm Cols = 12    | Rows = 2097152 | Cells = 65011712  
2025-10-28T15:42:51.236886Z DEBUG compress:prove:batch:open: MemoryVar       | Main Cols = 8     | Pre Cols = 4      | Perm Cols = 8     | Rows = 1048576 | Cells = 20971520  
2025-10-28T15:42:51.236898Z DEBUG compress:prove:batch:open: Select          | Main Cols = 5     | Pre Cols = 8      | Perm Cols = 16    | Rows = 1048576 | Cells = 30408704  
2025-10-28T15:42:51.236908Z DEBUG compress:prove:batch:open: ExtAlu          | Main Cols = 48    | Pre Cols = 32     | Perm Cols = 28    | Rows = 524288 | Cells = 56623104  
2025-10-28T15:42:51.236917Z DEBUG compress:prove:batch:open: ExpReverseBitsLen | Main Cols = 7     | Pre Cols = 10     | Perm Cols = 12    | Rows = 262144 | Cells = 7602176   
2025-10-28T15:42:51.236926Z DEBUG compress:prove:batch:open: MemoryConst     | Main Cols = 1     | Pre Cols = 12     | Perm Cols = 8     | Rows = 262144 | Cells = 5505024   
2025-10-28T15:42:51.236938Z DEBUG compress:prove:batch:open: Poseidon2WideDeg3 | Main Cols = 313   | Pre Cols = 49     | Perm Cols = 68    | Rows = 262144 | Cells = 112721920 
2025-10-28T15:42:51.236947Z DEBUG compress:prove:batch:open: BaseAlu         | Main Cols = 12    | Pre Cols = 32     | Perm Cols = 28    | Rows = 65536 | Cells = 4718592   
2025-10-28T15:42:51.236962Z DEBUG compress:prove:batch:open: PublicValues    | Main Cols = 1     | Pre Cols = 10     | Perm Cols = 8     | Rows = 16    | Cells = 304       
2025-10-28T15:42:52.388014Z DEBUG compress:prove:batch:open:flatten permutation traces and collect domains: close time.busy=1.15s time.idle=6.91µs
2025-10-28T15:43:01.628401Z DEBUG compress:prove:batch:open:commit to permutation traces: close time.busy=9.24s time.idle=7.71µs
2025-10-28T15:43:01.629400Z DEBUG compress:prove:batch:open:compute quotient values:compute quotient values for domain: close time.busy=605µs time.idle=3.68µs
2025-10-28T15:43:02.293418Z DEBUG compress:prove:batch:open:compute quotient values:compute quotient values for domain: close time.busy=665ms time.idle=5.09µs
2025-10-28T15:43:02.302694Z DEBUG compress:prove:batch:open:compute quotient values:compute quotient values for domain: close time.busy=674ms time.idle=4.27µs
2025-10-28T15:43:02.783167Z DEBUG compress:prove:batch:open:compute quotient values:compute quotient values for domain: close time.busy=1.15s time.idle=4.29µs
2025-10-28T15:43:14.084811Z DEBUG compress:prove:batch:open:compute quotient values:compute quotient values for domain: close time.busy=12.5s time.idle=5.80µs
2025-10-28T15:43:14.203519Z DEBUG compress:prove:batch:open:compute quotient values:compute quotient values for domain: close time.busy=12.6s time.idle=5.44µs
2025-10-28T15:43:14.208951Z DEBUG compress:prove:batch:open:compute quotient values:compute quotient values for domain: close time.busy=12.6s time.idle=8.30µs
2025-10-28T15:43:14.220277Z DEBUG compress:prove:batch:open:compute quotient values:compute quotient values for domain: close time.busy=12.6s time.idle=10.7µs
2025-10-28T15:43:14.237595Z DEBUG compress:prove:batch:open:compute quotient values:compute quotient values for domain: close time.busy=12.6s time.idle=4.96µs
2025-10-28T15:43:20.328225Z DEBUG compress:prove:batch:open:commit to quotient traces: close time.busy=5.68s time.idle=6.81µs
2025-10-28T15:43:20.328356Z DEBUG compress:prove:batch:open:compute preprocessed opening points: close time.busy=4.94µs time.idle=4.36µs
2025-10-28T15:43:20.328391Z DEBUG compress:prove:batch:open:compute main trace opening points: close time.busy=17.9µs time.idle=2.71µs
2025-10-28T15:43:20.328411Z DEBUG compress:prove:batch:open:compute permutation trace opening points: close time.busy=4.55µs time.idle=2.23µs
2025-10-28T15:43:37.701016Z DEBUG compress:prove:batch:open:open multi batches: close time.busy=17.4s time.idle=5.64µs
2025-10-28T15:43:37.767135Z DEBUG compress:prove:batch:open:compute quotient values: close time.busy=12.6s time.idle=23.5s
2025-10-28T15:43:38.277705Z DEBUG compress:prove:batch:open: close time.busy=49.8s time.idle=5.27µs
2025-10-28T15:43:38.438577Z DEBUG compress:prove:batch: close time.busy=71.5s time.idle=12.1µs
2025-10-28T15:43:38.440200Z DEBUG compress:prove: close time.busy=565s time.idle=176µs
2025-10-28T15:43:38.440744Z DEBUG compress: joined handles
2025-10-28T15:43:38.441282Z  INFO compress: close time.busy=565s time.idle=83.9ms
2025-10-28T15:43:38.653560Z DEBUG shrink:build shrink program:assert lookup multiplicities: close time.busy=16.0µs time.idle=10.7µs
2025-10-28T15:43:38.782787Z DEBUG shrink:build shrink program:2adic pcs:verify shape and challenges: close time.busy=104ms time.idle=4.43µs
2025-10-28T15:43:39.102349Z DEBUG shrink:build shrink program:2adic pcs:verify challenges: close time.busy=190ms time.idle=7.68µs
2025-10-28T15:43:39.102558Z DEBUG shrink:build shrink program:2adic pcs: close time.busy=446ms time.idle=3.55µs
2025-10-28T15:43:39.105959Z DEBUG shrink:build shrink program:verify constraints: close time.busy=3.37ms time.idle=4.24µs
2025-10-28T15:43:39.129826Z DEBUG shrink:build shrink program: close time.busy=668ms time.idle=5.14µs
2025-10-28T15:43:39.384598Z DEBUG shrink:compile shrink program:compile raw program: close time.busy=255ms time.idle=4.59µs
2025-10-28T15:43:39.409903Z DEBUG shrink:compile shrink program:backfill mult: close time.busy=25.2ms time.idle=6.43µs
2025-10-28T15:43:39.410011Z DEBUG shrink:compile shrink program:prepend constants: close time.busy=35.6µs time.idle=5.03µs
2025-10-28T15:43:39.410035Z DEBUG shrink:compile shrink program: close time.busy=280ms time.idle=4.10µs
2025-10-28T15:43:39.515055Z DEBUG shrink: total events: 1168792
2025-10-28T15:43:39.515198Z DEBUG shrink:   base_alu_events: 112498
2025-10-28T15:43:39.515243Z DEBUG shrink:   batch_fri_events: 106600
2025-10-28T15:43:39.515278Z DEBUG shrink:   commit_pv_hash_events: 1
2025-10-28T15:43:39.515294Z DEBUG shrink:   exp_reverse_bits_len_events: 4600
2025-10-28T15:43:39.515331Z DEBUG shrink:   ext_alu_events: 133236
2025-10-28T15:43:39.515349Z DEBUG shrink:   fri_fold_events: 0
2025-10-28T15:43:39.515361Z DEBUG shrink:   mem_const_count: 141766
2025-10-28T15:43:39.515370Z DEBUG shrink:   mem_var_events: 367024
2025-10-28T15:43:39.515380Z DEBUG shrink:   poseidon2_events: 47715
2025-10-28T15:43:39.515388Z DEBUG shrink:   select_events: 255352
2025-10-28T15:43:39.515399Z DEBUG shrink: Shrink program executed successfully
2025-10-28T15:43:39.527460Z DEBUG shrink:setup shrink:setup machine:generate preprocessed traces: generated preprocessed trace for chip PublicValues in 10.730461ms
2025-10-28T15:43:39.534115Z DEBUG shrink:setup shrink:setup machine:generate preprocessed traces: generated preprocessed trace for chip Poseidon2WideDeg3 in 17.610423ms
2025-10-28T15:43:39.534135Z DEBUG shrink:setup shrink:setup machine:generate preprocessed traces: generated preprocessed trace for chip BaseAlu in 17.584908ms
2025-10-28T15:43:39.534127Z DEBUG shrink:setup shrink:setup machine:generate preprocessed traces: generated preprocessed trace for chip Select in 17.50048ms
2025-10-28T15:43:39.535690Z DEBUG shrink:setup shrink:setup machine:generate preprocessed traces: generated preprocessed trace for chip BatchFRI in 19.029947ms
2025-10-28T15:43:39.536492Z DEBUG shrink:setup shrink:setup machine:generate preprocessed traces: generated preprocessed trace for chip ExpReverseBitsLen in 19.767803ms
2025-10-28T15:43:39.543722Z DEBUG shrink:setup shrink:setup machine:generate preprocessed traces: generated preprocessed trace for chip MemoryConst in 27.444281ms
2025-10-28T15:43:39.562455Z DEBUG shrink:setup shrink:setup machine:generate preprocessed traces: generated preprocessed trace for chip MemoryVar in 45.691523ms
2025-10-28T15:43:39.576105Z DEBUG shrink:setup shrink:setup machine:generate preprocessed traces: generated preprocessed trace for chip ExtAlu in 59.373437ms
2025-10-28T15:43:43.468364Z DEBUG shrink:setup shrink:setup machine:commit to preprocessed traces: close time.busy=3.72s time.idle=7.52µs
2025-10-28T15:43:43.468498Z DEBUG shrink:setup shrink:setup machine:generate preprocessed traces: close time.busy=61.3ms time.idle=3.89s
2025-10-28T15:43:43.468514Z DEBUG shrink:setup shrink:setup machine: close time.busy=3.95s time.idle=3.60µs
2025-10-28T15:43:43.468527Z DEBUG shrink:setup shrink: close time.busy=3.95s time.idle=8.61µs
2025-10-28T15:43:43.468558Z DEBUG shrink:register nonces: close time.busy=1.52µs time.idle=3.61µs
2025-10-28T15:43:43.468856Z DEBUG shrink:prove_shards:generate traces for shard: generated trace for chip MemoryConst in 189.964µs
2025-10-28T15:43:43.468890Z DEBUG shrink:prove_shards:generate traces for shard: generated trace for chip PublicValues in 49.549µs
2025-10-28T15:43:43.470667Z DEBUG shrink:prove_shards:generate traces for shard: generated trace for chip BaseAlu in 1.959691ms
2025-10-28T15:43:43.471252Z DEBUG shrink:prove_shards:generate traces for shard: generated trace for chip Select in 2.4388ms
2025-10-28T15:43:43.474309Z DEBUG shrink:prove_shards:generate traces for shard: generated trace for chip MemoryVar in 5.469624ms
2025-10-28T15:43:43.483508Z DEBUG generate batch fri trace: close time.busy=14.6ms time.idle=4.64µs rows=106600
2025-10-28T15:43:43.483557Z DEBUG shrink:prove_shards:generate traces for shard: generated trace for chip BatchFRI in 14.695969ms
2025-10-28T15:43:43.491452Z DEBUG generate exp reverse bits len trace: close time.busy=22.5ms time.idle=18.1µs rows=4600
2025-10-28T15:43:43.491489Z DEBUG shrink:prove_shards:generate traces for shard: generated trace for chip ExpReverseBitsLen in 22.654524ms
2025-10-28T15:43:43.546232Z DEBUG shrink:prove_shards:generate traces for shard: generated trace for chip ExtAlu in 77.496085ms
2025-10-28T15:43:43.589890Z DEBUG generate poseidon2 wide trace: close time.busy=121ms time.idle=5.85µs rows=47715
2025-10-28T15:43:43.589948Z DEBUG shrink:prove_shards:generate traces for shard: generated trace for chip Poseidon2WideDeg3 in 121.175555ms
2025-10-28T15:43:43.590166Z DEBUG shrink:prove_shards:generate traces for shard: close time.busy=122ms time.idle=2.77µs
2025-10-28T15:43:50.694679Z DEBUG shrink:prove_shards:generate permutation traces: close time.busy=807ms time.idle=7.32µs
2025-10-28T15:43:50.694772Z DEBUG shrink:prove_shards: ExtAlu          | Main Cols = 48    | Pre Cols = 32     | Perm Cols = 28    | Rows = 262144 | Cells = 28311552  
2025-10-28T15:43:50.694785Z DEBUG shrink:prove_shards: MemoryVar       | Main Cols = 8     | Pre Cols = 4      | Perm Cols = 8     | Rows = 262144 | Cells = 5242880   
2025-10-28T15:43:50.694798Z DEBUG shrink:prove_shards: Select          | Main Cols = 5     | Pre Cols = 8      | Perm Cols = 16    | Rows = 262144 | Cells = 7602176   
2025-10-28T15:43:50.694807Z DEBUG shrink:prove_shards: BaseAlu         | Main Cols = 12    | Pre Cols = 32     | Perm Cols = 28    | Rows = 131072 | Cells = 9437184   
2025-10-28T15:43:50.694816Z DEBUG shrink:prove_shards: BatchFRI        | Main Cols = 13    | Pre Cols = 6      | Perm Cols = 12    | Rows = 131072 | Cells = 4063232   
2025-10-28T15:43:50.694824Z DEBUG shrink:prove_shards: ExpReverseBitsLen | Main Cols = 7     | Pre Cols = 10     | Perm Cols = 12    | Rows = 131072 | Cells = 3801088   
2025-10-28T15:43:50.694833Z DEBUG shrink:prove_shards: MemoryConst     | Main Cols = 1     | Pre Cols = 12     | Perm Cols = 8     | Rows = 131072 | Cells = 2752512   
2025-10-28T15:43:50.694843Z DEBUG shrink:prove_shards: Poseidon2WideDeg3 | Main Cols = 313   | Pre Cols = 49     | Perm Cols = 68    | Rows = 65536 | Cells = 28180480  
2025-10-28T15:43:50.694851Z DEBUG shrink:prove_shards: PublicValues    | Main Cols = 1     | Pre Cols = 10     | Perm Cols = 8     | Rows = 16    | Cells = 304       
2025-10-28T15:43:50.996201Z DEBUG shrink:prove_shards:flatten permutation traces and collect domains: close time.busy=301ms time.idle=5.34µs
2025-10-28T15:43:55.209576Z DEBUG shrink:prove_shards:commit to permutation traces: close time.busy=4.21s time.idle=6.29µs
2025-10-28T15:43:55.210293Z DEBUG shrink:prove_shards:compute quotient values:compute quotient values for domain: close time.busy=313µs time.idle=4.41µs
2025-10-28T15:43:58.588198Z DEBUG shrink:prove_shards:compute quotient values:compute quotient values for domain: close time.busy=3.38s time.idle=5.20µs
2025-10-28T15:43:58.589321Z DEBUG shrink:prove_shards:compute quotient values:compute quotient values for domain: close time.busy=3.38s time.idle=4.42µs
2025-10-28T15:43:58.593061Z DEBUG shrink:prove_shards:compute quotient values:compute quotient values for domain: close time.busy=3.38s time.idle=4.15µs
2025-10-28T15:43:58.594585Z DEBUG shrink:prove_shards:compute quotient values:compute quotient values for domain: close time.busy=3.38s time.idle=7.82µs
2025-10-28T15:43:58.596404Z DEBUG shrink:prove_shards:compute quotient values:compute quotient values for domain: close time.busy=3.39s time.idle=7.64µs
2025-10-28T15:43:58.598421Z DEBUG shrink:prove_shards:compute quotient values:compute quotient values for domain: close time.busy=3.39s time.idle=3.50µs
2025-10-28T15:43:58.628211Z DEBUG shrink:prove_shards:compute quotient values:compute quotient values for domain: close time.busy=3.42s time.idle=4.52µs
2025-10-28T15:43:58.665029Z DEBUG shrink:prove_shards:compute quotient values:compute quotient values for domain: close time.busy=3.46s time.idle=6.00µs
2025-10-28T15:44:00.887130Z DEBUG shrink:prove_shards:commit to quotient traces: close time.busy=2.15s time.idle=8.06µs
2025-10-28T15:44:00.887206Z DEBUG shrink:prove_shards:compute preprocessed opening points: close time.busy=14.7µs time.idle=3.90µs
2025-10-28T15:44:00.887277Z DEBUG shrink:prove_shards:compute main trace opening points: close time.busy=51.8µs time.idle=2.29µs
2025-10-28T15:44:00.887338Z DEBUG shrink:prove_shards:compute permutation trace opening points: close time.busy=47.9µs time.idle=2.37µs
2025-10-28T15:44:05.263617Z DEBUG shrink:prove_shards:open multi batches: close time.busy=4.38s time.idle=4.59µs
2025-10-28T15:44:05.306773Z DEBUG shrink:prove_shards:compute quotient values: close time.busy=3.46s time.idle=6.64s
2025-10-28T15:44:05.535814Z  INFO shrink:prove_shards: close time.busy=22.1s time.idle=3.88µs
2025-10-28T15:44:05.774803Z  INFO shrink: close time.busy=27.3s time.idle=5.83µs
2025-10-28T15:44:05.808509Z DEBUG wrap_bn254:build compress program:assert lookup multiplicities: close time.busy=8.55µs time.idle=6.31µs
2025-10-28T15:44:05.878678Z DEBUG wrap_bn254:build compress program:2adic pcs:verify shape and challenges: close time.busy=55.3ms time.idle=5.24µs
2025-10-28T15:44:06.050325Z DEBUG wrap_bn254:build compress program:2adic pcs:verify challenges: close time.busy=75.2ms time.idle=7.88µs
2025-10-28T15:44:06.050447Z DEBUG wrap_bn254:build compress program:2adic pcs: close time.busy=240ms time.idle=3.46µs
2025-10-28T15:44:06.051495Z DEBUG wrap_bn254:build compress program:verify constraints: close time.busy=1.03ms time.idle=4.02µs
2025-10-28T15:44:06.067211Z DEBUG wrap_bn254:build compress program: close time.busy=292ms time.idle=4.03µs
2025-10-28T15:44:06.224988Z DEBUG wrap_bn254:compile compress program:compile raw program: close time.busy=158ms time.idle=5.37µs
2025-10-28T15:44:06.262881Z DEBUG wrap_bn254:compile compress program:backfill mult: close time.busy=37.8ms time.idle=6.69µs
2025-10-28T15:44:06.263025Z DEBUG wrap_bn254:compile compress program:prepend constants: close time.busy=54.0µs time.idle=4.66µs
2025-10-28T15:44:06.263047Z DEBUG wrap_bn254:compile compress program: close time.busy=196ms time.idle=4.00µs
2025-10-28T15:44:06.396294Z DEBUG wrap_bn254: total events: 1016207
2025-10-28T15:44:06.396344Z DEBUG wrap_bn254:   base_alu_events: 423964
2025-10-28T15:44:06.396355Z DEBUG wrap_bn254:   batch_fri_events: 0
2025-10-28T15:44:06.396364Z DEBUG wrap_bn254:   commit_pv_hash_events: 1
2025-10-28T15:44:06.396373Z DEBUG wrap_bn254:   exp_reverse_bits_len_events: 0
2025-10-28T15:44:06.396382Z DEBUG wrap_bn254:   ext_alu_events: 232140
2025-10-28T15:44:06.396391Z DEBUG wrap_bn254:   fri_fold_events: 0
2025-10-28T15:44:06.396400Z DEBUG wrap_bn254:   mem_const_count: 65664
2025-10-28T15:44:06.396409Z DEBUG wrap_bn254:   mem_var_events: 165500
2025-10-28T15:44:06.396417Z DEBUG wrap_bn254:   poseidon2_events: 21186
2025-10-28T15:44:06.396450Z DEBUG wrap_bn254:   select_events: 107752
2025-10-28T15:44:06.396463Z DEBUG wrap_bn254: wrap program executed successfully
2025-10-28T15:44:06.408775Z DEBUG wrap_bn254:setup wrap:setup machine:generate preprocessed traces: generated preprocessed trace for chip PublicValues in 11.8262ms
2025-10-28T15:44:06.414551Z DEBUG wrap_bn254:setup wrap:setup machine:generate preprocessed traces: generated preprocessed trace for chip ExtAlu in 17.858235ms
2025-10-28T15:44:06.414657Z DEBUG wrap_bn254:setup wrap:setup machine:generate preprocessed traces: generated preprocessed trace for chip Select in 17.738655ms
2025-10-28T15:44:06.415787Z DEBUG wrap_bn254:setup wrap:setup machine:generate preprocessed traces: generated preprocessed trace for chip MemoryConst in 19.149292ms
2025-10-28T15:44:06.425250Z DEBUG wrap_bn254:setup wrap:setup machine:generate preprocessed traces: generated preprocessed trace for chip MemoryVar in 28.47621ms
2025-10-28T15:44:06.428819Z DEBUG wrap_bn254:setup wrap:setup machine:generate preprocessed traces: generated preprocessed trace for chip BaseAlu in 32.010846ms
2025-10-28T15:44:06.577807Z DEBUG wrap_bn254:setup wrap:setup machine:generate preprocessed traces: generated preprocessed trace for chip Poseidon2SkinnyDeg9 in 180.643489ms
2025-10-28T15:45:22.461997Z DEBUG wrap_bn254:setup wrap:setup machine:commit to preprocessed traces: close time.busy=75.8s time.idle=16.1µs
2025-10-28T15:45:22.462298Z DEBUG wrap_bn254:setup wrap:setup machine:generate preprocessed traces: close time.busy=182ms time.idle=75.9s
2025-10-28T15:45:22.462330Z DEBUG wrap_bn254:setup wrap:setup machine: close time.busy=76.1s time.idle=8.81µs
2025-10-28T15:45:22.462363Z DEBUG wrap_bn254:setup wrap: close time.busy=76.1s time.idle=15.6µs
2025-10-28T15:45:22.462536Z DEBUG wrap_bn254: wrap verifier key set
2025-10-28T15:45:22.462693Z DEBUG wrap_bn254:register nonces: close time.busy=2.02µs time.idle=4.51µs
2025-10-28T15:45:22.463587Z DEBUG wrap_bn254:prove_shards:generate traces for shard: generated trace for chip PublicValues in 105.217µs
2025-10-28T15:45:22.464252Z DEBUG wrap_bn254:prove_shards:generate traces for shard: generated trace for chip MemoryConst in 943µs
2025-10-28T15:45:22.474767Z DEBUG wrap_bn254:prove_shards:generate traces for shard: generated trace for chip Select in 11.353543ms
2025-10-28T15:45:22.474759Z DEBUG wrap_bn254:prove_shards:generate traces for shard: generated trace for chip BaseAlu in 11.161732ms
2025-10-28T15:45:22.486063Z DEBUG wrap_bn254:prove_shards:generate traces for shard: generated trace for chip MemoryVar in 22.475309ms
2025-10-28T15:45:22.486627Z DEBUG wrap_bn254:prove_shards:generate traces for shard: generated trace for chip ExtAlu in 23.261679ms
2025-10-28T15:45:22.728916Z DEBUG generate poseidon2 skinny trace: close time.busy=265ms time.idle=12.1µs rows=21186
2025-10-28T15:45:22.728976Z DEBUG wrap_bn254:prove_shards:generate traces for shard: generated trace for chip Poseidon2SkinnyDeg9 in 265.427703ms
2025-10-28T15:45:22.729237Z DEBUG wrap_bn254:prove_shards:generate traces for shard: close time.busy=266ms time.idle=4.32µs
2025-10-28T15:46:17.206838Z DEBUG wrap_bn254:prove_shards:generate permutation traces: close time.busy=485ms time.idle=14.1µs
2025-10-28T15:46:17.207019Z DEBUG wrap_bn254:prove_shards: Poseidon2SkinnyDeg9 | Main Cols = 28    | Pre Cols = 51     | Perm Cols = 12    | Rows = 262144 | Cells = 23855104  
2025-10-28T15:46:17.207037Z DEBUG wrap_bn254:prove_shards: BaseAlu         | Main Cols = 12    | Pre Cols = 32     | Perm Cols = 28    | Rows = 131072 | Cells = 9437184   
2025-10-28T15:46:17.207048Z DEBUG wrap_bn254:prove_shards: MemoryVar       | Main Cols = 8     | Pre Cols = 4      | Perm Cols = 8     | Rows = 131072 | Cells = 2621440   
2025-10-28T15:46:17.207122Z DEBUG wrap_bn254:prove_shards: Select          | Main Cols = 5     | Pre Cols = 8      | Perm Cols = 16    | Rows = 131072 | Cells = 3801088   
2025-10-28T15:46:17.207134Z DEBUG wrap_bn254:prove_shards: ExtAlu          | Main Cols = 48    | Pre Cols = 32     | Perm Cols = 28    | Rows = 65536 | Cells = 7077888   
2025-10-28T15:46:17.207144Z DEBUG wrap_bn254:prove_shards: MemoryConst     | Main Cols = 1     | Pre Cols = 12     | Perm Cols = 8     | Rows = 65536 | Cells = 1376256   
2025-10-28T15:46:17.207156Z DEBUG wrap_bn254:prove_shards: PublicValues    | Main Cols = 1     | Pre Cols = 10     | Perm Cols = 8     | Rows = 16    | Cells = 304       
2025-10-28T15:46:17.361909Z DEBUG wrap_bn254:prove_shards:flatten permutation traces and collect domains: close time.busy=155ms time.idle=28.3µs
2025-10-28T15:47:27.701265Z DEBUG wrap_bn254:prove_shards:commit to permutation traces: close time.busy=70.3s time.idle=9.89µs
2025-10-28T15:47:27.704702Z DEBUG wrap_bn254:prove_shards:compute quotient values:compute quotient values for domain: close time.busy=1.88ms time.idle=15.6µs
2025-10-28T15:47:27.811205Z DEBUG wrap_bn254:prove_shards:compute quotient values:compute quotient values for domain: close time.busy=108ms time.idle=9.76µs
2025-10-28T15:47:29.245988Z DEBUG wrap_bn254:prove_shards:compute quotient values:compute quotient values for domain: close time.busy=1.54s time.idle=22.4µs
2025-10-28T15:47:29.247028Z DEBUG wrap_bn254:prove_shards:compute quotient values:compute quotient values for domain: close time.busy=1.54s time.idle=13.3µs
2025-10-28T15:47:29.261184Z DEBUG wrap_bn254:prove_shards:compute quotient values:compute quotient values for domain: close time.busy=1.56s time.idle=17.2µs
2025-10-28T15:47:29.262759Z DEBUG wrap_bn254:prove_shards:compute quotient values:compute quotient values for domain: close time.busy=1.56s time.idle=17.3µs
2025-10-28T15:47:41.174401Z DEBUG wrap_bn254:prove_shards:compute quotient values:compute quotient values for domain: close time.busy=13.5s time.idle=15.2µs
2025-10-28T15:48:52.405375Z DEBUG wrap_bn254:prove_shards:commit to quotient traces: close time.busy=70.8s time.idle=13.2µs
2025-10-28T15:48:52.405624Z DEBUG wrap_bn254:prove_shards:compute preprocessed opening points: close time.busy=16.1µs time.idle=3.53µs
2025-10-28T15:48:52.405667Z DEBUG wrap_bn254:prove_shards:compute main trace opening points: close time.busy=26.0µs time.idle=2.32µs
2025-10-28T15:48:52.405722Z DEBUG wrap_bn254:prove_shards:compute permutation trace opening points: close time.busy=41.5µs time.idle=2.35µs
2025-10-28T15:49:23.822873Z DEBUG wrap_bn254:prove_shards:open multi batches: close time.busy=31.4s time.idle=10.6µs
2025-10-28T15:49:24.147499Z DEBUG wrap_bn254:prove_shards:compute quotient values: close time.busy=13.5s time.idle=103s
2025-10-28T15:49:24.530400Z  INFO wrap_bn254:prove_shards: close time.busy=242s time.idle=11.3µs
2025-10-28T15:49:24.530532Z DEBUG wrap_bn254: wrap proving time: 242.067891655s
2025-10-28T15:49:24.833957Z DEBUG wrap_bn254:verify:verify shard proofs:verifying shard: close time.busy=303ms time.idle=4.89µs shard=0
2025-10-28T15:49:24.834030Z DEBUG wrap_bn254:verify:verify shard proofs: close time.busy=303ms time.idle=4.59µs
2025-10-28T15:49:24.834101Z DEBUG wrap_bn254:verify:verify global cumulative sum is 0: close time.busy=45.5µs time.idle=5.19µs
2025-10-28T15:49:24.834113Z  INFO wrap_bn254:verify: close time.busy=303ms time.idle=16.3µs
2025-10-28T15:49:24.834125Z DEBUG wrap_bn254: wrapping successful
2025-10-28T15:49:25.115372Z  INFO wrap_bn254: close time.busy=319s time.idle=9.45µs
[sp1] plonk circuit artifacts already seem to exist at /home/ubuntu/.sp1/circuits/plonk/v5.0.0. if you want to re-download them, delete the directory
2025-10-28T15:49:25.192003Z  INFO wrap_plonk_bn254: Running prove in docker
2025-10-28T16:00:02.927493Z  INFO wrap_plonk_bn254: Running verify in docker
2025-10-28T16:00:03.530273Z  INFO wrap_plonk_bn254: close time.busy=638s time.idle=6.04µs
	Command being timed: "cargo run --release -p pessimistic-proof-test-suite --bin ppgen_sabv_lmtr4 -- --n-exits 5 --validator-nodes 3 --proof-dir /home/ubuntu/thanhhuyen/proofs/v4"
	User time (seconds): 15770.00
	System time (seconds): 415.42
	Percent of CPU this job got: 831%
	Elapsed (wall clock) time (h:mm:ss or m:ss): 32:25.71
	Average shared text size (kbytes): 0
	Average unshared data size (kbytes): 0
	Average stack size (kbytes): 0
	Average total size (kbytes): 0
	Maximum resident set size (kbytes): 17657392
	Average resident set size (kbytes): 0
	Major (requiring I/O) page faults: 0
	Minor (reclaiming a frame) page faults: 55528943
	Voluntary context switches: 1140870
	Involuntary context switches: 857214
	Swaps: 0
	File system inputs: 0
	File system outputs: 5160
	Socket messages sent: 0
	Socket messages received: 0
	Signals delivered: 0
	Page size (bytes): 4096
	Exit status: 0
=== DONE N=5 ===
