\n=== RUN N=50 @ 20251028_173423 ===
warning: unused import: `keccak::Keccak256Hasher`
 --> crates/pessimistic-proof-core/src/sabv2.rs:2:35
  |
2 | use agglayer_primitives::{Digest, keccak::Keccak256Hasher};
  |                                   ^^^^^^^^^^^^^^^^^^^^^^^
  |
  = note: `#[warn(unused_imports)]` on by default

warning: unused import: `keccak::Keccak256Hasher`
 --> crates/pessimistic-proof-core/src/lmtr2.rs:2:35
  |
2 | use agglayer_primitives::{Digest, keccak::Keccak256Hasher};
  |                                   ^^^^^^^^^^^^^^^^^^^^^^^

warning: unused import: `keccak::Keccak256Hasher`
 --> crates/pessimistic-proof-core/src/sabv3.rs:2:35
  |
2 | use agglayer_primitives::{Digest, keccak::Keccak256Hasher};
  |                                   ^^^^^^^^^^^^^^^^^^^^^^^

warning: unused import: `keccak::Keccak256Hasher`
 --> crates/pessimistic-proof-core/src/lmtr3.rs:2:35
  |
2 | use agglayer_primitives::{Digest, keccak::Keccak256Hasher};
  |                                   ^^^^^^^^^^^^^^^^^^^^^^^

warning: unused import: `keccak::Keccak256Hasher`
 --> crates/pessimistic-proof-core/src/sabv4.rs:2:35
  |
2 | use agglayer_primitives::{Digest, keccak::Keccak256Hasher};
  |                                   ^^^^^^^^^^^^^^^^^^^^^^^

warning: unused import: `keccak::Keccak256Hasher`
 --> crates/pessimistic-proof-core/src/lmtr4.rs:2:35
  |
2 | use agglayer_primitives::{Digest, keccak::Keccak256Hasher};
  |                                   ^^^^^^^^^^^^^^^^^^^^^^^

warning: unused imports: `BridgeExit`, `ImportedBridgeExit`, `NetworkId`, and `TokenInfo`
   --> crates/pessimistic-proof-core/src/lmtr4.rs:245:30
    |
245 |         use unified_bridge::{BridgeExit, ImportedBridgeExit, NetworkId, TokenInfo};
    |                              ^^^^^^^^^^  ^^^^^^^^^^^^^^^^^^  ^^^^^^^^^  ^^^^^^^^^

warning: unused import: `agglayer_primitives::U256`
   --> crates/pessimistic-proof-core/src/lmtr4.rs:247:13
    |
247 |         use agglayer_primitives::U256;
    |             ^^^^^^^^^^^^^^^^^^^^^^^^^

warning: unused import: `crate::nullifier_tree::NullifierPath`
   --> crates/pessimistic-proof-core/src/lmtr4.rs:248:13
    |
248 |         use crate::nullifier_tree::NullifierPath;
    |             ^^^^^^^^^^^^^^^^^^^^^^^^^^^^^^^^^^^^

warning: unused import: `crate::local_balance_tree::LocalBalancePath`
   --> crates/pessimistic-proof-core/src/lmtr4.rs:249:13
    |
249 |         use crate::local_balance_tree::LocalBalancePath;
    |             ^^^^^^^^^^^^^^^^^^^^^^^^^^^^^^^^^^^^^^^^^^^

warning: unused import: `crate::aggchain_proof::AggchainData`
   --> crates/pessimistic-proof-core/src/lmtr4.rs:250:13
    |
250 |         use crate::aggchain_proof::AggchainData;
    |             ^^^^^^^^^^^^^^^^^^^^^^^^^^^^^^^^^^^

warning: unused variable: `branching_factor`
  --> crates/pessimistic-proof-core/src/lmtr.rs:31:9
   |
31 |         branching_factor: usize,
   |         ^^^^^^^^^^^^^^^^ help: if this is intentional, prefix it with an underscore: `_branching_factor`
   |
   = note: `#[warn(unused_variables)]` on by default

warning: unused variable: `block`
  --> crates/pessimistic-proof-core/src/sabv2.rs:72:13
   |
72 |         for block in blocks {
   |             ^^^^^ help: if this is intentional, prefix it with an underscore: `_block`

warning: unused variable: `consensus_result`
  --> crates/pessimistic-proof-core/src/sabv2.rs:79:13
   |
79 |         let consensus_result = self.run_consensus_mechanism(blocks, validator_nodes)?;
   |             ^^^^^^^^^^^^^^^^ help: if this is intentional, prefix it with an underscore: `_consensus_result`

warning: unused variable: `global_root`
  --> crates/pessimistic-proof-core/src/sabv2.rs:63:9
   |
63 |         global_root: &agglayer_primitives::Digest,
   |         ^^^^^^^^^^^ help: if this is intentional, prefix it with an underscore: `_global_root`

warning: unused variable: `computed_hash`
   --> crates/pessimistic-proof-core/src/sabv2.rs:136:13
    |
136 |         let computed_hash = Keccak256::digest(&block_data);
    |             ^^^^^^^^^^^^^ help: if this is intentional, prefix it with an underscore: `_computed_hash`

warning: unused variable: `declared_hash`
   --> crates/pessimistic-proof-core/src/sabv2.rs:139:13
    |
139 |         let declared_hash = self.get_block_declared_hash(block)?;
    |             ^^^^^^^^^^^^^ help: if this is intentional, prefix it with an underscore: `_declared_hash`

warning: unused variable: `block`
   --> crates/pessimistic-proof-core/src/sabv2.rs:229:32
    |
229 |     fn get_block_height(&self, block: &crate::multi_batch_header::MultiBatchHeader<agglayer_primitives::keccak::Keccak256Hasher>) -> Resu...
    |                                ^^^^^ help: if this is intentional, prefix it with an underscore: `_block`

warning: unused variable: `block`
   --> crates/pessimistic-proof-core/src/sabv2.rs:241:39
    |
241 |     fn get_block_declared_hash(&self, block: &crate::multi_batch_header::MultiBatchHeader<agglayer_primitives::keccak::Keccak256Hasher>) ...
    |                                       ^^^^^ help: if this is intentional, prefix it with an underscore: `_block`

warning: unused variable: `block`
   --> crates/pessimistic-proof-core/src/sabv2.rs:247:32
    |
247 |     fn get_block_signer(&self, block: &crate::multi_batch_header::MultiBatchHeader<agglayer_primitives::keccak::Keccak256Hasher>) -> Resu...
    |                                ^^^^^ help: if this is intentional, prefix it with an underscore: `_block`

warning: unused variable: `block`
   --> crates/pessimistic-proof-core/src/sabv2.rs:257:35
    |
257 |     fn get_block_signature(&self, block: &crate::multi_batch_header::MultiBatchHeader<agglayer_primitives::keccak::Keccak256Hasher>) -> R...
    |                                   ^^^^^ help: if this is intentional, prefix it with an underscore: `_block`

warning: unused variable: `hash`
   --> crates/pessimistic-proof-core/src/sabv2.rs:274:13
    |
274 |         let hash = Keccak256::digest(&block_data);
    |             ^^^^ help: if this is intentional, prefix it with an underscore: `_hash`

warning: unused variable: `block`
   --> crates/pessimistic-proof-core/src/sabv2.rs:295:35
    |
295 |     fn estimate_block_size(&self, block: &crate::multi_batch_header::MultiBatchHeader<agglayer_primitives::keccak::Keccak256Hasher>) -> R...
    |                                   ^^^^^ help: if this is intentional, prefix it with an underscore: `_block`

warning: unused variable: `i`
   --> crates/pessimistic-proof-core/src/lmtr2.rs:144:14
    |
144 |         for (i, block) in blocks.iter().enumerate() {
    |              ^ help: if this is intentional, prefix it with an underscore: `_i`

warning: unused variable: `leaf_hash`
   --> crates/pessimistic-proof-core/src/lmtr2.rs:146:17
    |
146 |             let leaf_hash = Keccak256::digest(&block_data);
    |                 ^^^^^^^^^ help: if this is intentional, prefix it with an underscore: `_leaf_hash`

warning: unused variable: `current_efficiency`
   --> crates/pessimistic-proof-core/src/lmtr2.rs:179:13
    |
179 |         let current_efficiency = self.calculate_tree_efficiency(num_blocks, branching_factor)?;
    |             ^^^^^^^^^^^^^^^^^^ help: if this is intentional, prefix it with an underscore: `_current_efficiency`

warning: unused variable: `new_hash`
   --> crates/pessimistic-proof-core/src/lmtr2.rs:229:21
    |
229 |                 let new_hash = Keccak256::digest(&optimized_data);
    |                     ^^^^^^^^ help: if this is intentional, prefix it with an underscore: `_new_hash`

warning: unused variable: `optimal_config`
   --> crates/pessimistic-proof-core/src/lmtr2.rs:217:9
    |
217 |         optimal_config: &OptimalConfig,
    |         ^^^^^^^^^^^^^^ help: if this is intentional, prefix it with an underscore: `_optimal_config`

warning: unused variable: `parent_hash`
   --> crates/pessimistic-proof-core/src/lmtr2.rs:312:21
    |
312 |                 let parent_hash = Keccak256::digest(&parent_data);
    |                     ^^^^^^^^^^^ help: if this is intentional, prefix it with an underscore: `_parent_hash`

warning: unused variable: `tree`
   --> crates/pessimistic-proof-core/src/lmtr2.rs:399:136
    |
399 | ...ves::keccak::Keccak256Hasher>, tree: &MerkleTree) -> Result<crate::multi_batch_header::MultiBatchHeader<agglayer_primitives::keccak::K...
    |                                   ^^^^ help: if this is intentional, prefix it with an underscore: `_tree`

warning: unused variable: `j_star`
   --> crates/pessimistic-proof-core/src/sabv3.rs:305:9
    |
305 |         j_star: usize,
    |         ^^^^^^ help: if this is intentional, prefix it with an underscore: `_j_star`

warning: unused variable: `j_star`
   --> crates/pessimistic-proof-core/src/sabv4.rs:496:9
    |
496 |         j_star: usize,
    |         ^^^^^^ help: if this is intentional, prefix it with an underscore: `_j_star`

warning: unused variable: `expected_root`
   --> crates/pessimistic-proof-core/src/sabv4.rs:603:72
    |
603 | ...mputed_root: &Digest, expected_root: &agglayer_primitives::Digest, signature: &agglayer_primitives::Signature, signer: &agglayer_primi...
    |                          ^^^^^^^^^^^^^ help: if this is intentional, prefix it with an underscore: `_expected_root`

warning: unused variable: `expected_bytes`
   --> crates/pessimistic-proof-core/src/sabv4.rs:744:56
    |
744 |     fn verify_hash_chain(&self, computed_bytes: &[u8], expected_bytes: &[u8]) -> Result<bool, ProofError> {
    |                                                        ^^^^^^^^^^^^^^ help: if this is intentional, prefix it with an underscore: `_expected_bytes`

warning: field `config` is never read
  --> crates/pessimistic-proof-core/src/sabv.rs:13:5
   |
12 | pub struct SabvAlgorithm {
   |            ------------- field in this struct
13 |     config: SabvConfig,
   |     ^^^^^^
   |
   = note: `SabvAlgorithm` has derived impls for the traits `Clone` and `Debug`, but these are intentionally ignored during dead code analysis
   = note: `#[warn(dead_code)]` on by default

warning: field `config` is never read
  --> crates/pessimistic-proof-core/src/lmtr.rs:12:5
   |
11 | pub struct LmtrAlgorithm {
   |            ------------- field in this struct
12 |     config: LmtrConfig,
   |     ^^^^^^
   |
   = note: `LmtrAlgorithm` has derived impls for the traits `Clone` and `Debug`, but these are intentionally ignored during dead code analysis

warning: fields `config` and `consensus_messages` are never read
  --> crates/pessimistic-proof-core/src/sabv2.rs:34:5
   |
33 | pub struct Sabv2Algorithm {
   |            -------------- fields in this struct
34 |     config: Sabv2Config,
   |     ^^^^^^
35 |     validators: Vec<ValidatorNode>,
36 |     consensus_messages: HashMap<Digest, Vec<ConsensusMessage>>,
   |     ^^^^^^^^^^^^^^^^^^
   |
   = note: `Sabv2Algorithm` has derived impls for the traits `Clone` and `Debug`, but these are intentionally ignored during dead code analysis

warning: multiple methods are never used
   --> crates/pessimistic-proof-core/src/sabv2.rs:89:8
    |
 39 | impl Sabv2Algorithm {
    | ------------------- methods in this implementation
...
 89 |     fn validate_block_cryptography(
    |        ^^^^^^^^^^^^^^^^^^^^^^^^^^^
...
112 |     fn verify_merkle_tree_structure(
    |        ^^^^^^^^^^^^^^^^^^^^^^^^^^^^
...
130 |     fn verify_hash_integrity(
    |        ^^^^^^^^^^^^^^^^^^^^^
...
149 |     fn verify_signature_validity(
    |        ^^^^^^^^^^^^^^^^^^^^^^^^^
...
204 |     fn verify_consensus_threshold(
    |        ^^^^^^^^^^^^^^^^^^^^^^^^^^
...
222 |     fn calculate_optimal_height(&self, block: &crate::multi_batch_header::MultiBatchHeader<agglayer_primitives::keccak::Keccak256Hasher>)...
    |        ^^^^^^^^^^^^^^^^^^^^^^^^
...
229 |     fn get_block_height(&self, block: &crate::multi_batch_header::MultiBatchHeader<agglayer_primitives::keccak::Keccak256Hasher>) -> Resu...
    |        ^^^^^^^^^^^^^^^^
...
241 |     fn get_block_declared_hash(&self, block: &crate::multi_batch_header::MultiBatchHeader<agglayer_primitives::keccak::Keccak256Hasher>) ...
    |        ^^^^^^^^^^^^^^^^^^^^^^^
...
247 |     fn get_block_signer(&self, block: &crate::multi_batch_header::MultiBatchHeader<agglayer_primitives::keccak::Keccak256Hasher>) -> Resu...
    |        ^^^^^^^^^^^^^^^^
...
252 |     fn get_block_message(&self, block: &crate::multi_batch_header::MultiBatchHeader<agglayer_primitives::keccak::Keccak256Hasher>) -> Res...
    |        ^^^^^^^^^^^^^^^^^
...
257 |     fn get_block_signature(&self, block: &crate::multi_batch_header::MultiBatchHeader<agglayer_primitives::keccak::Keccak256Hasher>) -> R...
    |        ^^^^^^^^^^^^^^^^^^^
...
262 |     fn compute_expected_signature(&self, signer: &str, message: &[u8]) -> Result<String, ProofError> {
    |        ^^^^^^^^^^^^^^^^^^^^^^^^^^
...
295 |     fn estimate_block_size(&self, block: &crate::multi_batch_header::MultiBatchHeader<agglayer_primitives::keccak::Keccak256Hasher>) -> R...
    |        ^^^^^^^^^^^^^^^^^^^

warning: field `tree_cache` is never read
  --> crates/pessimistic-proof-core/src/lmtr2.rs:53:5
   |
51 | pub struct Lmtr2Algorithm {
   |            -------------- field in this struct
52 |     config: Lmtr2Config,
53 |     tree_cache: HashMap<Digest, MerkleTree>,
   |     ^^^^^^^^^^
   |
   = note: `Lmtr2Algorithm` has derived impls for the traits `Clone` and `Debug`, but these are intentionally ignored during dead code analysis

warning: fields `branching_factor` and `rebalancing_cost` are never read
   --> crates/pessimistic-proof-core/src/lmtr2.rs:415:5
    |
413 | struct OptimalConfig {
    |        ------------- fields in this struct
414 |     optimal_height: usize,
415 |     branching_factor: usize,
    |     ^^^^^^^^^^^^^^^^
416 |     expected_efficiency: f64,
417 |     rebalancing_cost: u64,
    |     ^^^^^^^^^^^^^^^^
    |
    = note: `OptimalConfig` has derived impls for the traits `Clone` and `Debug`, but these are intentionally ignored during dead code analysis

warning: field `validators` is never read
  --> crates/pessimistic-proof-core/src/sabv3.rs:41:5
   |
39 | pub struct Sabv3Algorithm {
   |            -------------- field in this struct
40 |     config: Sabv3Config,
41 |     validators: Vec<ValidatorNode>,
   |     ^^^^^^^^^^
   |
   = note: `Sabv3Algorithm` has derived impls for the traits `Clone` and `Debug`, but these are intentionally ignored during dead code analysis

warning: methods `construct_local_cc_mbmt`, `compute_shard_hash`, `build_merkle_tree`, and `calculate_tree_height` are never used
   --> crates/pessimistic-proof-core/src/sabv3.rs:302:8
    |
 44 | impl Sabv3Algorithm {
    | ------------------- methods in this implementation
...
302 |     fn construct_local_cc_mbmt(
    |        ^^^^^^^^^^^^^^^^^^^^^^^
...
441 |     fn compute_shard_hash(&self, blocks: &[crate::multi_batch_header::MultiBatchHeader<agglayer_primitives::keccak::Keccak256Hasher>]) ->...
    |        ^^^^^^^^^^^^^^^^^^
...
459 |     fn build_merkle_tree(&self, blocks: &[crate::multi_batch_header::MultiBatchHeader<agglayer_primitives::keccak::Keccak256Hasher>], b: ...
    |        ^^^^^^^^^^^^^^^^^
...
526 |     fn calculate_tree_height(&self, num_blocks: usize, b: usize) -> usize {
    |        ^^^^^^^^^^^^^^^^^^^^^

warning: struct `BlockchainMerkleProof` is never constructed
  --> crates/pessimistic-proof-core/src/sabv4.rs:38:8
   |
38 | struct BlockchainMerkleProof {
   |        ^^^^^^^^^^^^^^^^^^^^^

warning: fields `shard_index` and `round` are never read
  --> crates/pessimistic-proof-core/src/sabv4.rs:50:9
   |
47 | struct MPCShareMessage {
   |        --------------- fields in this struct
...
50 |     pub shard_index: usize,
   |         ^^^^^^^^^^^
51 |     pub share: (f64, f64), // (x, y) = share point
52 |     pub round: u64,
   |         ^^^^^
   |
   = note: `MPCShareMessage` has derived impls for the traits `Clone` and `Debug`, but these are intentionally ignored during dead code analysis

warning: field `consensus_reached` is never read
  --> crates/pessimistic-proof-core/src/sabv4.rs:60:9
   |
57 | struct MPCNetworkState {
   |        --------------- field in this struct
...
60 |     pub consensus_reached: bool,
   |         ^^^^^^^^^^^^^^^^^
   |
   = note: `MPCNetworkState` has a derived impl for the trait `Debug`, but this is intentionally ignored during dead code analysis

warning: field `validators` is never read
  --> crates/pessimistic-proof-core/src/sabv4.rs:67:5
   |
65 | pub struct Sabv4Algorithm {
   |            -------------- field in this struct
66 |     config: Sabv4Config,
67 |     validators: Vec<ValidatorNode>,
   |     ^^^^^^^^^^
   |
   = note: `Sabv4Algorithm` has a derived impl for the trait `Debug`, but this is intentionally ignored during dead code analysis

warning: multiple methods are never used
    --> crates/pessimistic-proof-core/src/sabv4.rs:493:8
     |
  71 | impl Sabv4Algorithm {
     | ------------------- methods in this implementation
...
 493 |     fn construct_local_cc_mbmt(
     |        ^^^^^^^^^^^^^^^^^^^^^^^
...
 564 |     fn verify_integrity_with_blocks(&self, computed_root: &Digest, expected_root: &agglayer_primitives::Digest, blocks: &[crate::multi_ba...
     |        ^^^^^^^^^^^^^^^^^^^^^^^^^^^^
...
 603 |     fn verify_blockchain_signature_real(&self, computed_root: &Digest, expected_root: &agglayer_primitives::Digest, signature: &agglayer_...
     |        ^^^^^^^^^^^^^^^^^^^^^^^^^^^^^^^^
...
 618 |     fn extract_blockchain_public_key(&self, computed_bytes: &[u8]) -> Result<Vec<u8>, ProofError> {
     |        ^^^^^^^^^^^^^^^^^^^^^^^^^^^^^
...
 629 |     fn validate_blockchain_signature(&self, signature: &[u8], public_key: &[u8]) -> Result<bool, ProofError> {
     |        ^^^^^^^^^^^^^^^^^^^^^^^^^^^^^
...
 648 |     fn verify_merkle_proof(&self, computed_root: &Digest, expected_root: &agglayer_primitives::Digest) -> Result<bool, ProofError> {
     |        ^^^^^^^^^^^^^^^^^^^
...
 682 |     fn extract_blockchain_merkle_proof(&self, computed_root: &Digest, expected_root: &agglayer_primitives::Digest) -> Result<BlockchainMe...
     |        ^^^^^^^^^^^^^^^^^^^^^^^^^^^^^^^
...
 717 |     fn validate_blockchain_proof(&self, proof: &BlockchainMerkleProof) -> Result<bool, ProofError> {
     |        ^^^^^^^^^^^^^^^^^^^^^^^^^
...
 744 |     fn verify_hash_chain(&self, computed_bytes: &[u8], expected_bytes: &[u8]) -> Result<bool, ProofError> {
     |        ^^^^^^^^^^^^^^^^^
...
 772 |     fn verify_timestamp_freshness(&self) -> Result<bool, ProofError> {
     |        ^^^^^^^^^^^^^^^^^^^^^^^^^^
...
 784 |     fn verify_nonce_uniqueness(&self, computed_bytes: &[u8], expected_bytes: &[u8]) -> Result<bool, ProofError> {
     |        ^^^^^^^^^^^^^^^^^^^^^^^
...
 814 |     fn verify_zero_knowledge_proof(&self, computed_root: &Digest, expected_root: &agglayer_primitives::Digest) -> Result<bool, ProofError> {
     |        ^^^^^^^^^^^^^^^^^^^^^^^^^^^
...
 853 |     fn calculate_signature_strength(&self, signature_bytes: &[u8]) -> f64 {
     |        ^^^^^^^^^^^^^^^^^^^^^^^^^^^^
...
 950 |     fn calculate_entropy(&self, data: &[u8]) -> f64 {
     |        ^^^^^^^^^^^^^^^^^
...
 970 |     fn compute_shard_hash(&self, blocks: &[crate::multi_batch_header::MultiBatchHeader<agglayer_primitives::keccak::Keccak256Hasher>]) ->...
     |        ^^^^^^^^^^^^^^^^^^
...
1037 |     fn build_merkle_tree(&self, blocks: &[crate::multi_batch_header::MultiBatchHeader<agglayer_primitives::keccak::Keccak256Hasher>], b: ...
     |        ^^^^^^^^^^^^^^^^^
...
1104 |     fn calculate_tree_height(&self, num_blocks: usize, b: usize) -> usize {
     |        ^^^^^^^^^^^^^^^^^^^^^
...
1113 |     fn compute_root_from_blocks(
     |        ^^^^^^^^^^^^^^^^^^^^^^^^

warning: method `reconstruct_block_from_bytes` is never used
   --> crates/pessimistic-proof-core/src/lmtr4.rs:241:8
    |
 27 | impl Lmtr4Algorithm {
    | ------------------- method in this implementation
...
241 |     fn reconstruct_block_from_bytes(&self, bytes: &[u8]) -> Result<crate::multi_batch_header::MultiBatchHeader<agglayer_primitives::kecca...
    |        ^^^^^^^^^^^^^^^^^^^^^^^^^^^^

warning: `pessimistic-proof-core` (lib) generated 48 warnings (run `cargo fix --lib -p pessimistic-proof-core` to apply 11 suggestions)
warning: unused variable: `vk`
   --> crates/pessimistic-proof-test-suite/src/bin/ppgen_sabv_lmtr4.rs:184:24
    |
184 |             Ok((proof, vk, new_roots)) => {
    |                        ^^ help: if this is intentional, prefix it with an underscore: `_vk`
    |
    = note: `#[warn(unused_variables)]` on by default

warning: unused variable: `new_roots`
   --> crates/pessimistic-proof-test-suite/src/bin/ppgen_sabv_lmtr4.rs:184:28
    |
184 |             Ok((proof, vk, new_roots)) => {
    |                            ^^^^^^^^^ help: if this is intentional, prefix it with an underscore: `_new_roots`

warning: `pessimistic-proof-test-suite` (bin "ppgen_sabv_lmtr4") generated 2 warnings
    Finished `release` profile [optimized] target(s) in 1.40s
     Running `target/release/ppgen_sabv_lmtr4 --n-exits 50 --validator-nodes 3 --proof-dir /home/ubuntu/thanhhuyen/proofs/v4`
🔍 SABV4: Starting Algorithm 1 - Verify Aggregated Blocks Integrity
   Input: N=1 blocks, branching_factor=3, validators=3
📊 SABV4: Calculated j* = 1 with variance = 179769313486231570814527423731704356798070567525844996598917476803157260780028538760589558632766878171540458953514382464234321326889464182768467546703537516986049910576551282076245490090389328944075868508455133942304583236903222948165808559332123348274797826204144723168738177180919299881250404026184124858368.0000
✅ Step 1: Optimal sharding size j* = 1 (shard_size = 3^1 = 3)
📦 SABV4: Created 1 shards (0 full + 1 remainder)
✅ Step 2: Partitioned 1 blocks into 1 shards (shard_size = 3)
📡 SABV4: REAL MPC Network - 3 validators broadcast shares, 3 received sufficient shares
🔐 SABV4: REAL Shamir secret sharing - Secret: 0.862731, Reconstructed: 0.862731, Match: true
   Polynomial degree: 2, Shares: 3, Threshold: 3/3
   Validator 2 assigned with share value: 3.358551
✅ Step 3: Secret sharing applied (threshold k=3/3)
📊 Step 4: Rebalancing shards with LMTR4 (Algorithm 2)...
🔧 LMTR4: Starting Algorithm 2 rebalancing for 1 blocks
📊 LMTR4: Initial state - Ni = 1, b = 3, htarget = 4
🔄 LMTR4: Fixed branch imbalance by appending last block - Ni = 2
🔄 LMTR4: Fixed branch imbalance by appending last block - Ni = 3
📊 LMTR4: Height adjustment - Current height = 2, Target = 4
⬆️ LMTR4: Added block to increase height - Ni = 4, height = 2
📊 LMTR4: Height adjustment - Current height = 3, Target = 4
⬆️ LMTR4: Added block to increase height - Ni = 5, height = 3
📊 LMTR4: Height adjustment - Current height = 3, Target = 4
⬆️ LMTR4: Added block to increase height - Ni = 6, height = 3
📊 LMTR4: Height adjustment - Current height = 3, Target = 4
⬆️ LMTR4: Added block to increase height - Ni = 7, height = 3
📊 LMTR4: Height adjustment - Current height = 3, Target = 4
⬆️ LMTR4: Added block to increase height - Ni = 8, height = 3
📊 LMTR4: Height adjustment - Current height = 3, Target = 4
⬆️ LMTR4: Added block to increase height - Ni = 9, height = 3
📊 LMTR4: Height adjustment - Current height = 3, Target = 4
⬆️ LMTR4: Added block to increase height - Ni = 10, height = 3
✅ LMTR4: Rebalancing complete - Final Ni = 10, height = 4
   ✅ Shard 0 (validator 2) - 1 → 10 blocks, height=4
🌳 Step 5a: Building REAL Local CC-MBMT from rebalanced blocks...
   ✅ Validator 2 built REAL local CC-MBMT (shard 0) - 10 blocks → tree height=4
🔗 SABV4: Merged 1 local CC-MBMTs into global CC-MBMT using REAL tree structure
✅ Step 5b: Merged 1 local CC-MBMTs into global root r
✅ Step 6: Computed alternative root r' using SAME Merkle tree method as Step 5a
   Using 10 rebalanced blocks, tree height=4
🔐 Step 7: Verifying integrity...
   r  (from merged trees):     3a1ffc0307cbf5ec31cbdabfdc0c233a089d59b398006514153287f646cc66fd
   r' (from all blocks):       3a1ffc0307cbf5ec31cbdabfdc0c233a089d59b398006514153287f646cc66fd
   R  (global_root expected): 5e87f41eefb84a28974efd25167db229b0c9dcd13c91d0dfa89bfef7daf4a604
   r == r'? true
✅ SABV4: Verification PASSED - Algorithm executed correctly
   ✅ r == r' (no tampering detected, root consistency verified)
   ✅ Algorithm integrity: SABV4 + LMTR4 working as designed
📝 Note: Blockchain signature verification delegated to SP1 proving
🔧 LMTR4: Starting Algorithm 2 rebalancing for 1 blocks
📊 LMTR4: Initial state - Ni = 1, b = 3, htarget = 4
🔄 LMTR4: Fixed branch imbalance by appending last block - Ni = 2
🔄 LMTR4: Fixed branch imbalance by appending last block - Ni = 3
📊 LMTR4: Height adjustment - Current height = 2, Target = 4
⬆️ LMTR4: Added block to increase height - Ni = 4, height = 2
📊 LMTR4: Height adjustment - Current height = 3, Target = 4
⬆️ LMTR4: Added block to increase height - Ni = 5, height = 3
📊 LMTR4: Height adjustment - Current height = 3, Target = 4
⬆️ LMTR4: Added block to increase height - Ni = 6, height = 3
📊 LMTR4: Height adjustment - Current height = 3, Target = 4
⬆️ LMTR4: Added block to increase height - Ni = 7, height = 3
📊 LMTR4: Height adjustment - Current height = 3, Target = 4
⬆️ LMTR4: Added block to increase height - Ni = 8, height = 3
📊 LMTR4: Height adjustment - Current height = 3, Target = 4
⬆️ LMTR4: Added block to increase height - Ni = 9, height = 3
📊 LMTR4: Height adjustment - Current height = 3, Target = 4
⬆️ LMTR4: Added block to increase height - Ni = 10, height = 3
✅ LMTR4: Rebalancing complete - Final Ni = 10, height = 4
2025-10-28T17:34:25.359866Z DEBUG initialize prover: chip Cpu has 11 byte interactions
2025-10-28T17:34:25.360251Z DEBUG initialize prover: chip Program has 0 byte interactions
2025-10-28T17:34:25.360512Z DEBUG initialize prover: chip ShaExtend has 60 byte interactions
2025-10-28T17:34:25.361041Z DEBUG initialize prover: chip ShaCompress has 112 byte interactions
2025-10-28T17:34:25.369004Z DEBUG initialize prover: chip EdAddAssign has 818 byte interactions
2025-10-28T17:34:25.388398Z DEBUG initialize prover: chip EdDecompress has 710 byte interactions
2025-10-28T17:34:25.401799Z DEBUG initialize prover: chip Secp256k1Decompress has 616 byte interactions
2025-10-28T17:34:25.415928Z DEBUG initialize prover: chip Secp256k1AddAssign has 1006 byte interactions
2025-10-28T17:34:25.434821Z DEBUG initialize prover: chip Secp256k1DoubleAssign has 1068 byte interactions
2025-10-28T17:34:25.454467Z DEBUG initialize prover: chip Secp256r1Decompress has 616 byte interactions
2025-10-28T17:34:25.468686Z DEBUG initialize prover: chip Secp256r1AddAssign has 1006 byte interactions
2025-10-28T17:34:25.486451Z DEBUG initialize prover: chip Secp256r1DoubleAssign has 1068 byte interactions
2025-10-28T17:34:25.499193Z DEBUG initialize prover: chip KeccakPermute has 200 byte interactions
2025-10-28T17:34:25.514088Z DEBUG initialize prover: chip Bn254AddAssign has 1006 byte interactions
2025-10-28T17:34:25.527496Z DEBUG initialize prover: chip Bn254DoubleAssign has 1068 byte interactions
2025-10-28T17:34:25.548833Z DEBUG initialize prover: chip Bls12381AddAssign has 1518 byte interactions
2025-10-28T17:34:25.590340Z DEBUG initialize prover: chip Bls12381DoubleAssign has 1612 byte interactions
2025-10-28T17:34:25.628036Z DEBUG initialize prover: chip Uint256MulMod has 145 byte interactions
2025-10-28T17:34:25.636562Z DEBUG initialize prover: chip U256XU2048Mul has 1060 byte interactions
2025-10-28T17:34:25.652305Z DEBUG initialize prover: chip Bls12381FpOpAssign has 191 byte interactions
2025-10-28T17:34:25.659539Z DEBUG initialize prover: chip Bls12381Fp2AddSubAssign has 382 byte interactions
2025-10-28T17:34:25.672186Z DEBUG initialize prover: chip Bls12381Fp2MulAssign has 950 byte interactions
2025-10-28T17:34:25.686294Z DEBUG initialize prover: chip Bn254FpOpAssign has 127 byte interactions
2025-10-28T17:34:25.689892Z DEBUG initialize prover: chip Bn254Fp2AddSubAssign has 254 byte interactions
2025-10-28T17:34:25.696010Z DEBUG initialize prover: chip Bn254Fp2MulAssign has 630 byte interactions
2025-10-28T17:34:25.708492Z DEBUG initialize prover: chip Bls12381Decompress has 930 byte interactions
2025-10-28T17:34:25.721204Z DEBUG initialize prover: chip SyscallCore has 0 byte interactions
2025-10-28T17:34:25.721255Z DEBUG initialize prover: chip SyscallPrecompile has 0 byte interactions
2025-10-28T17:34:25.721362Z DEBUG initialize prover: chip DivRem has 11 byte interactions
2025-10-28T17:34:25.721545Z DEBUG initialize prover: chip AddSub has 6 byte interactions
2025-10-28T17:34:25.721603Z DEBUG initialize prover: chip Bitwise has 4 byte interactions
2025-10-28T17:34:25.721665Z DEBUG initialize prover: chip Mul has 14 byte interactions
2025-10-28T17:34:25.721769Z DEBUG initialize prover: chip ShiftRight has 25 byte interactions
2025-10-28T17:34:25.721892Z DEBUG initialize prover: chip ShiftLeft has 4 byte interactions
2025-10-28T17:34:25.721968Z DEBUG initialize prover: chip Lt has 3 byte interactions
2025-10-28T17:34:25.722196Z DEBUG initialize prover: chip MemoryInstrs has 7 byte interactions
2025-10-28T17:34:25.722315Z DEBUG initialize prover: chip Auipc has 1 byte interactions
2025-10-28T17:34:25.722398Z DEBUG initialize prover: chip Branch has 2 byte interactions
2025-10-28T17:34:25.722518Z DEBUG initialize prover: chip Jump has 3 byte interactions
2025-10-28T17:34:25.722622Z DEBUG initialize prover: chip SyscallInstrs has 3 byte interactions
2025-10-28T17:34:25.722836Z DEBUG initialize prover: chip MemoryGlobalInit has 0 byte interactions
2025-10-28T17:34:25.723179Z DEBUG initialize prover: chip MemoryGlobalFinalize has 0 byte interactions
2025-10-28T17:34:25.723447Z DEBUG initialize prover: chip MemoryLocal has 0 byte interactions
2025-10-28T17:34:25.723885Z DEBUG initialize prover: chip Global has 1 byte interactions
2025-10-28T17:34:25.724532Z DEBUG initialize prover: chip Byte has 9 byte interactions
2025-10-28T17:34:25.724590Z DEBUG initialize prover: chip MemoryConst has 0 byte interactions
2025-10-28T17:34:25.724609Z DEBUG initialize prover: chip MemoryVar has 0 byte interactions
2025-10-28T17:34:25.724640Z DEBUG initialize prover: chip BaseAlu has 0 byte interactions
2025-10-28T17:34:25.724723Z DEBUG initialize prover: chip ExtAlu has 0 byte interactions
2025-10-28T17:34:25.725031Z DEBUG initialize prover: chip Poseidon2WideDeg3 has 0 byte interactions
2025-10-28T17:34:25.725360Z DEBUG initialize prover: chip BatchFRI has 0 byte interactions
2025-10-28T17:34:25.725503Z DEBUG initialize prover: chip Select has 0 byte interactions
2025-10-28T17:34:25.725535Z DEBUG initialize prover: chip ExpReverseBitsLen has 0 byte interactions
2025-10-28T17:34:25.725558Z DEBUG initialize prover: chip PublicValues has 0 byte interactions
2025-10-28T17:34:25.725583Z DEBUG initialize prover: chip MemoryConst has 0 byte interactions
2025-10-28T17:34:25.725597Z DEBUG initialize prover: chip MemoryVar has 0 byte interactions
2025-10-28T17:34:25.725623Z DEBUG initialize prover: chip BaseAlu has 0 byte interactions
2025-10-28T17:34:25.725698Z DEBUG initialize prover: chip ExtAlu has 0 byte interactions
2025-10-28T17:34:25.726001Z DEBUG initialize prover: chip Poseidon2WideDeg3 has 0 byte interactions
2025-10-28T17:34:25.726316Z DEBUG initialize prover: chip BatchFRI has 0 byte interactions
2025-10-28T17:34:25.726471Z DEBUG initialize prover: chip Select has 0 byte interactions
2025-10-28T17:34:25.726501Z DEBUG initialize prover: chip ExpReverseBitsLen has 0 byte interactions
2025-10-28T17:34:25.726523Z DEBUG initialize prover: chip PublicValues has 0 byte interactions
2025-10-28T17:34:25.726743Z DEBUG initialize prover: chip MemoryConst has 0 byte interactions
2025-10-28T17:34:25.726766Z DEBUG initialize prover: chip MemoryVar has 0 byte interactions
2025-10-28T17:34:25.726795Z DEBUG initialize prover: chip BaseAlu has 0 byte interactions
2025-10-28T17:34:25.726873Z DEBUG initialize prover: chip ExtAlu has 0 byte interactions
2025-10-28T17:34:25.727087Z DEBUG initialize prover: chip Poseidon2SkinnyDeg9 has 0 byte interactions
2025-10-28T17:34:25.727257Z DEBUG initialize prover: chip Select has 0 byte interactions
2025-10-28T17:34:25.727310Z DEBUG initialize prover: chip PublicValues has 0 byte interactions
2025-10-28T17:34:25.747656Z DEBUG initialize prover: chip Cpu has 11 byte interactions
2025-10-28T17:34:25.747790Z DEBUG initialize prover: chip Program has 0 byte interactions
2025-10-28T17:34:25.747902Z DEBUG initialize prover: chip ShaExtend has 60 byte interactions
2025-10-28T17:34:25.748223Z DEBUG initialize prover: chip ShaCompress has 112 byte interactions
2025-10-28T17:34:25.755989Z DEBUG initialize prover: chip EdAddAssign has 818 byte interactions
2025-10-28T17:34:25.775676Z DEBUG initialize prover: chip EdDecompress has 710 byte interactions
2025-10-28T17:34:25.790966Z DEBUG initialize prover: chip Secp256k1Decompress has 616 byte interactions
2025-10-28T17:34:25.835793Z DEBUG initialize prover: chip Secp256k1AddAssign has 1006 byte interactions
2025-10-28T17:34:25.865678Z DEBUG initialize prover: chip Secp256k1DoubleAssign has 1068 byte interactions
2025-10-28T17:34:25.900210Z DEBUG initialize prover: chip Secp256r1Decompress has 616 byte interactions
2025-10-28T17:34:25.923116Z DEBUG initialize prover: chip Secp256r1AddAssign has 1006 byte interactions
2025-10-28T17:34:25.955943Z DEBUG initialize prover: chip Secp256r1DoubleAssign has 1068 byte interactions
2025-10-28T17:34:25.985798Z DEBUG initialize prover: chip KeccakPermute has 200 byte interactions
2025-10-28T17:34:26.018381Z DEBUG initialize prover: chip Bn254AddAssign has 1006 byte interactions
2025-10-28T17:34:26.050999Z DEBUG initialize prover: chip Bn254DoubleAssign has 1068 byte interactions
2025-10-28T17:34:26.081372Z DEBUG initialize prover: chip Bls12381AddAssign has 1518 byte interactions
2025-10-28T17:34:26.128491Z DEBUG initialize prover: chip Bls12381DoubleAssign has 1612 byte interactions
2025-10-28T17:34:26.166676Z DEBUG initialize prover: chip Uint256MulMod has 145 byte interactions
2025-10-28T17:34:26.175751Z DEBUG initialize prover: chip U256XU2048Mul has 1060 byte interactions
2025-10-28T17:34:26.194488Z DEBUG initialize prover: chip Bls12381FpOpAssign has 191 byte interactions
2025-10-28T17:34:26.201712Z DEBUG initialize prover: chip Bls12381Fp2AddSubAssign has 382 byte interactions
2025-10-28T17:34:26.214363Z DEBUG initialize prover: chip Bls12381Fp2MulAssign has 950 byte interactions
2025-10-28T17:34:26.228924Z DEBUG initialize prover: chip Bn254FpOpAssign has 127 byte interactions
2025-10-28T17:34:26.232501Z DEBUG initialize prover: chip Bn254Fp2AddSubAssign has 254 byte interactions
2025-10-28T17:34:26.238656Z DEBUG initialize prover: chip Bn254Fp2MulAssign has 630 byte interactions
2025-10-28T17:34:26.251127Z DEBUG initialize prover: chip Bls12381Decompress has 930 byte interactions
2025-10-28T17:34:26.263337Z DEBUG initialize prover: chip SyscallCore has 0 byte interactions
2025-10-28T17:34:26.263391Z DEBUG initialize prover: chip SyscallPrecompile has 0 byte interactions
2025-10-28T17:34:26.263514Z DEBUG initialize prover: chip DivRem has 11 byte interactions
2025-10-28T17:34:26.263659Z DEBUG initialize prover: chip AddSub has 6 byte interactions
2025-10-28T17:34:26.263717Z DEBUG initialize prover: chip Bitwise has 4 byte interactions
2025-10-28T17:34:26.263779Z DEBUG initialize prover: chip Mul has 14 byte interactions
2025-10-28T17:34:26.263880Z DEBUG initialize prover: chip ShiftRight has 25 byte interactions
2025-10-28T17:34:26.263977Z DEBUG initialize prover: chip ShiftLeft has 4 byte interactions
2025-10-28T17:34:26.264052Z DEBUG initialize prover: chip Lt has 3 byte interactions
2025-10-28T17:34:26.264185Z DEBUG initialize prover: chip MemoryInstrs has 7 byte interactions
2025-10-28T17:34:26.264303Z DEBUG initialize prover: chip Auipc has 1 byte interactions
2025-10-28T17:34:26.264375Z DEBUG initialize prover: chip Branch has 2 byte interactions
2025-10-28T17:34:26.264479Z DEBUG initialize prover: chip Jump has 3 byte interactions
2025-10-28T17:34:26.264568Z DEBUG initialize prover: chip SyscallInstrs has 3 byte interactions
2025-10-28T17:34:26.264778Z DEBUG initialize prover: chip MemoryGlobalInit has 0 byte interactions
2025-10-28T17:34:26.265125Z DEBUG initialize prover: chip MemoryGlobalFinalize has 0 byte interactions
2025-10-28T17:34:26.265371Z DEBUG initialize prover: chip MemoryLocal has 0 byte interactions
2025-10-28T17:34:26.265801Z DEBUG initialize prover: chip Global has 1 byte interactions
2025-10-28T17:34:26.266385Z DEBUG initialize prover: chip Byte has 9 byte interactions
2025-10-28T17:34:26.275524Z DEBUG initialize prover: chip U256XU2048Mul has 1060 byte interactions
2025-10-28T17:34:26.285845Z DEBUG initialize prover: chip Bn254Fp2MulAssign has 630 byte interactions
2025-10-28T17:34:26.293527Z DEBUG initialize prover: chip Secp256r1Decompress has 616 byte interactions
2025-10-28T17:34:26.301681Z DEBUG initialize prover: chip Secp256k1Decompress has 616 byte interactions
2025-10-28T17:34:26.311114Z DEBUG initialize prover: chip Bn254AddAssign has 1006 byte interactions
2025-10-28T17:34:26.320309Z DEBUG initialize prover: chip KeccakPermute has 200 byte interactions
2025-10-28T17:34:26.333487Z DEBUG initialize prover: chip Secp256k1AddAssign has 1006 byte interactions
2025-10-28T17:34:26.339906Z DEBUG initialize prover: chip Bn254FpOpAssign has 127 byte interactions
2025-10-28T17:34:26.341197Z DEBUG initialize prover: chip ShaExtend has 60 byte interactions
2025-10-28T17:34:26.352172Z DEBUG initialize prover: chip Bls12381AddAssign has 1518 byte interactions
2025-10-28T17:34:26.372647Z DEBUG initialize prover: chip Bls12381Fp2AddSubAssign has 382 byte interactions
2025-10-28T17:34:26.381702Z DEBUG initialize prover: chip EdDecompress has 710 byte interactions
2025-10-28T17:34:26.390931Z DEBUG initialize prover: chip Secp256r1AddAssign has 1006 byte interactions
2025-10-28T17:34:26.402352Z DEBUG initialize prover: chip Bn254DoubleAssign has 1068 byte interactions
2025-10-28T17:34:26.409587Z DEBUG initialize prover: chip Uint256MulMod has 145 byte interactions
2025-10-28T17:34:26.429556Z DEBUG initialize prover: chip Bls12381DoubleAssign has 1612 byte interactions
2025-10-28T17:34:26.481770Z DEBUG initialize prover: chip Bls12381Fp2MulAssign has 950 byte interactions
2025-10-28T17:34:26.513753Z DEBUG initialize prover: chip EdAddAssign has 818 byte interactions
2025-10-28T17:34:26.544076Z DEBUG initialize prover: chip Bls12381Decompress has 930 byte interactions
2025-10-28T17:34:26.575416Z DEBUG initialize prover: chip Secp256r1DoubleAssign has 1068 byte interactions
2025-10-28T17:34:26.593126Z DEBUG initialize prover: chip Bn254Fp2AddSubAssign has 254 byte interactions
2025-10-28T17:34:26.601488Z DEBUG initialize prover: chip Bls12381FpOpAssign has 191 byte interactions
2025-10-28T17:34:26.606243Z DEBUG initialize prover: chip ShaCompress has 112 byte interactions
2025-10-28T17:34:26.617074Z DEBUG initialize prover: chip Secp256k1DoubleAssign has 1068 byte interactions
2025-10-28T17:34:26.630017Z DEBUG initialize prover: vk verification: true
2025-10-28T17:34:27.145311Z DEBUG initialize prover:build compress program:assert lookup multiplicities: close time.busy=9.94µs time.idle=20.0µs
2025-10-28T17:34:27.270121Z DEBUG initialize prover:build compress program:2adic pcs:verify shape and challenges: close time.busy=98.3ms time.idle=6.49µs
2025-10-28T17:34:27.521885Z DEBUG initialize prover:build compress program:2adic pcs:verify challenges: close time.busy=168ms time.idle=5.77µs
2025-10-28T17:34:27.521995Z DEBUG initialize prover:build compress program:2adic pcs: close time.busy=374ms time.idle=3.57µs
2025-10-28T17:34:27.524269Z DEBUG initialize prover:build compress program:verify constraints: close time.busy=2.25ms time.idle=3.83µs
2025-10-28T17:34:27.538267Z DEBUG initialize prover:build compress program:assert lookup multiplicities: close time.busy=7.40µs time.idle=5.50µs
2025-10-28T17:34:27.629946Z DEBUG initialize prover:build compress program:2adic pcs:verify shape and challenges: close time.busy=74.0ms time.idle=6.38µs
2025-10-28T17:34:27.939713Z DEBUG initialize prover:build compress program:2adic pcs:verify challenges: close time.busy=200ms time.idle=7.21µs
2025-10-28T17:34:27.939839Z DEBUG initialize prover:build compress program:2adic pcs: close time.busy=399ms time.idle=3.97µs
2025-10-28T17:34:27.942034Z DEBUG initialize prover:build compress program:verify constraints: close time.busy=2.17ms time.idle=4.20µs
2025-10-28T17:34:27.957385Z DEBUG initialize prover:build compress program: close time.busy=978ms time.idle=6.15µs
2025-10-28T17:34:28.587269Z DEBUG initialize prover:compile compress program:compile raw program: close time.busy=630ms time.idle=5.12µs
2025-10-28T17:34:28.625937Z DEBUG initialize prover:compile compress program:backfill mult: close time.busy=38.6ms time.idle=5.50µs
2025-10-28T17:34:28.626152Z DEBUG initialize prover:compile compress program:prepend constants: close time.busy=119µs time.idle=3.86µs
2025-10-28T17:34:28.643357Z DEBUG initialize prover:compile compress program: close time.busy=686ms time.idle=5.22µs
2025-10-28T17:34:28.794678Z DEBUG initialize prover:build compress program:assert lookup multiplicities: close time.busy=11.1µs time.idle=7.09µs
2025-10-28T17:34:28.944662Z DEBUG initialize prover:build compress program:2adic pcs:verify shape and challenges: close time.busy=123ms time.idle=7.60µs
2025-10-28T17:34:29.091976Z DEBUG initialize prover:build compress program:2adic pcs:verify challenges: close time.busy=98.6ms time.idle=6.11µs
2025-10-28T17:34:29.092077Z DEBUG initialize prover:build compress program:2adic pcs: close time.busy=295ms time.idle=4.74µs
2025-10-28T17:34:29.094270Z DEBUG initialize prover:build compress program:verify constraints: close time.busy=2.17ms time.idle=4.37µs
2025-10-28T17:34:29.108764Z DEBUG initialize prover:build compress program:assert lookup multiplicities: close time.busy=7.20µs time.idle=6.28µs
2025-10-28T17:34:29.206726Z DEBUG initialize prover:build compress program:2adic pcs:verify shape and challenges: close time.busy=79.8ms time.idle=6.66µs
2025-10-28T17:34:29.497285Z DEBUG initialize prover:build compress program:2adic pcs:verify challenges: close time.busy=185ms time.idle=7.26µs
2025-10-28T17:34:29.497464Z DEBUG initialize prover:build compress program:2adic pcs: close time.busy=386ms time.idle=4.10µs
2025-10-28T17:34:29.500360Z DEBUG initialize prover:build compress program:verify constraints: close time.busy=2.87ms time.idle=5.10µs
2025-10-28T17:34:29.526668Z DEBUG initialize prover:build compress program: close time.busy=871ms time.idle=6.56µs
2025-10-28T17:34:30.112295Z DEBUG initialize prover:compile compress program:compile raw program: close time.busy=586ms time.idle=5.65µs
2025-10-28T17:34:30.184756Z DEBUG initialize prover:compile compress program:backfill mult: close time.busy=72.4ms time.idle=6.47µs
2025-10-28T17:34:30.184891Z DEBUG initialize prover:compile compress program:prepend constants: close time.busy=53.3µs time.idle=4.96µs
2025-10-28T17:34:30.207561Z DEBUG initialize prover:compile compress program: close time.busy=681ms time.idle=6.00µs
2025-10-28T17:34:30.382611Z DEBUG initialize prover:build compress program:assert lookup multiplicities: close time.busy=10.9µs time.idle=9.12µs
2025-10-28T17:34:30.470862Z DEBUG initialize prover:build compress program:2adic pcs:verify shape and challenges: close time.busy=71.5ms time.idle=7.14µs
2025-10-28T17:34:30.673978Z DEBUG initialize prover:build compress program:2adic pcs:verify challenges: close time.busy=149ms time.idle=6.04µs
2025-10-28T17:34:30.674099Z DEBUG initialize prover:build compress program:2adic pcs: close time.busy=290ms time.idle=4.24µs
2025-10-28T17:34:30.676395Z DEBUG initialize prover:build compress program:verify constraints: close time.busy=2.27ms time.idle=4.65µs
2025-10-28T17:34:30.699066Z DEBUG initialize prover:build compress program:assert lookup multiplicities: close time.busy=8.88µs time.idle=6.30µs
2025-10-28T17:34:30.861172Z DEBUG initialize prover:build compress program:2adic pcs:verify shape and challenges: close time.busy=131ms time.idle=7.70µs
2025-10-28T17:34:31.123274Z DEBUG initialize prover:build compress program:2adic pcs:verify challenges: close time.busy=159ms time.idle=8.10µs
2025-10-28T17:34:31.123546Z DEBUG initialize prover:build compress program:2adic pcs: close time.busy=419ms time.idle=5.18µs
2025-10-28T17:34:31.126777Z DEBUG initialize prover:build compress program:verify constraints: close time.busy=3.20ms time.idle=6.79µs
2025-10-28T17:34:31.149703Z DEBUG initialize prover:build compress program: close time.busy=924ms time.idle=6.98µs
2025-10-28T17:34:31.776488Z DEBUG initialize prover:compile compress program:compile raw program: close time.busy=627ms time.idle=5.12µs
2025-10-28T17:34:31.822551Z DEBUG initialize prover:compile compress program:backfill mult: close time.busy=46.0ms time.idle=5.19µs
2025-10-28T17:34:31.822662Z DEBUG initialize prover:compile compress program:prepend constants: close time.busy=48.1µs time.idle=3.48µs
2025-10-28T17:34:31.843696Z DEBUG initialize prover:compile compress program: close time.busy=694ms time.idle=5.44µs
2025-10-28T17:34:32.053115Z DEBUG initialize prover:build compress program:assert lookup multiplicities: close time.busy=8.92µs time.idle=6.98µs
2025-10-28T17:34:32.160108Z DEBUG initialize prover:build compress program:2adic pcs:verify shape and challenges: close time.busy=79.9ms time.idle=6.99µs
2025-10-28T17:34:32.460165Z DEBUG initialize prover:build compress program:2adic pcs:verify challenges: close time.busy=237ms time.idle=8.58µs
2025-10-28T17:34:32.460340Z DEBUG initialize prover:build compress program:2adic pcs: close time.busy=405ms time.idle=5.17µs
2025-10-28T17:34:32.463702Z DEBUG initialize prover:build compress program:verify constraints: close time.busy=3.33ms time.idle=5.40µs
2025-10-28T17:34:32.490871Z DEBUG initialize prover:build compress program:assert lookup multiplicities: close time.busy=10.6µs time.idle=7.36µs
2025-10-28T17:34:32.666729Z DEBUG initialize prover:build compress program:2adic pcs:verify shape and challenges: close time.busy=140ms time.idle=11.7µs
2025-10-28T17:34:32.998606Z DEBUG initialize prover:build compress program:2adic pcs:verify challenges: close time.busy=201ms time.idle=6.63µs
2025-10-28T17:34:32.998760Z DEBUG initialize prover:build compress program:2adic pcs: close time.busy=501ms time.idle=6.60µs
2025-10-28T17:34:33.001037Z DEBUG initialize prover:build compress program:verify constraints: close time.busy=2.25ms time.idle=4.01µs
2025-10-28T17:34:33.017151Z DEBUG initialize prover:build compress program: close time.busy=1.16s time.idle=7.56µs
2025-10-28T17:34:33.701640Z DEBUG initialize prover:compile compress program:compile raw program: close time.busy=684ms time.idle=4.58µs
2025-10-28T17:34:33.778070Z DEBUG initialize prover:compile compress program:backfill mult: close time.busy=76.3ms time.idle=5.51µs
2025-10-28T17:34:33.778187Z DEBUG initialize prover:compile compress program:prepend constants: close time.busy=53.0µs time.idle=4.42µs
2025-10-28T17:34:33.802417Z DEBUG initialize prover:compile compress program: close time.busy=785ms time.idle=5.29µs
2025-10-28T17:34:33.816987Z DEBUG initialize prover: close time.busy=8.46s time.idle=5.71µs
2025-10-28T17:34:33.923586Z DEBUG setup:setup machine:generate preprocessed traces: generated preprocessed trace for chip Secp256k1Decompress in 6.977µs
2025-10-28T17:34:33.923633Z DEBUG setup:setup machine:generate preprocessed traces: generated preprocessed trace for chip Secp256r1DoubleAssign in 17.511µs
2025-10-28T17:34:33.923664Z DEBUG setup:setup machine:generate preprocessed traces: generated preprocessed trace for chip Bn254FpOpAssign in 7.471µs
2025-10-28T17:34:33.923687Z DEBUG setup:setup machine:generate preprocessed traces: generated preprocessed trace for chip Bn254Fp2MulAssign in 12.84µs
2025-10-28T17:34:33.923694Z DEBUG setup:setup machine:generate preprocessed traces: generated preprocessed trace for chip Secp256r1Decompress in 6.07µs
2025-10-28T17:34:33.923705Z DEBUG setup:setup machine:generate preprocessed traces: generated preprocessed trace for chip Secp256k1AddAssign in 7.454µs
2025-10-28T17:34:33.923713Z DEBUG setup:setup machine:generate preprocessed traces: generated preprocessed trace for chip Secp256k1DoubleAssign in 7.284µs
2025-10-28T17:34:33.923725Z DEBUG setup:setup machine:generate preprocessed traces: generated preprocessed trace for chip Secp256r1AddAssign in 6.923µs
2025-10-28T17:34:33.923690Z DEBUG setup:setup machine:generate preprocessed traces: generated preprocessed trace for chip ShiftLeft in 6.208µs
2025-10-28T17:34:33.923691Z DEBUG setup:setup machine:generate preprocessed traces: generated preprocessed trace for chip SyscallInstrs in 6.537µs
2025-10-28T17:34:33.923716Z DEBUG setup:setup machine:generate preprocessed traces: generated preprocessed trace for chip Cpu in 6.232µs
2025-10-28T17:34:33.923727Z DEBUG setup:setup machine:generate preprocessed traces: generated preprocessed trace for chip SyscallPrecompile in 7.081µs
2025-10-28T17:34:33.923800Z DEBUG setup:setup machine:generate preprocessed traces: generated preprocessed trace for chip Bls12381Decompress in 6.966µs
2025-10-28T17:34:33.923818Z DEBUG setup:setup machine:generate preprocessed traces: generated preprocessed trace for chip DivRem in 1.464µs
2025-10-28T17:34:33.923865Z DEBUG setup:setup machine:generate preprocessed traces: generated preprocessed trace for chip Lt in 1.438µs
2025-10-28T17:34:33.923929Z DEBUG setup:setup machine:generate preprocessed traces: generated preprocessed trace for chip MemoryGlobalInit in 1.436µs
2025-10-28T17:34:33.923938Z DEBUG setup:setup machine:generate preprocessed traces: generated preprocessed trace for chip MemoryInstrs in 1.304µs
2025-10-28T17:34:33.923962Z DEBUG fixed log2 rows can be potentially reduced: got 50022, expected 524288
2025-10-28T17:34:33.924021Z DEBUG setup:setup machine:generate preprocessed traces: generated preprocessed trace for chip AddSub in 1.484µs
2025-10-28T17:34:33.924098Z DEBUG setup:setup machine:generate preprocessed traces: generated preprocessed trace for chip Bitwise in 1.395µs
2025-10-28T17:34:33.924109Z DEBUG setup:setup machine:generate preprocessed traces: generated preprocessed trace for chip Auipc in 1.405µs
2025-10-28T17:34:33.924149Z DEBUG setup:setup machine:generate preprocessed traces: generated preprocessed trace for chip Mul in 1.475µs
2025-10-28T17:34:33.924175Z DEBUG setup:setup machine:generate preprocessed traces: generated preprocessed trace for chip Branch in 1.257µs
2025-10-28T17:34:33.924259Z DEBUG setup:setup machine:generate preprocessed traces: generated preprocessed trace for chip ShiftRight in 1.424µs
2025-10-28T17:34:33.924269Z DEBUG setup:setup machine:generate preprocessed traces: generated preprocessed trace for chip Jump in 1.308µs
2025-10-28T17:34:33.924328Z DEBUG setup:setup machine:generate preprocessed traces: generated preprocessed trace for chip MemoryGlobalFinalize in 1.431µs
2025-10-28T17:34:33.924345Z DEBUG setup:setup machine:generate preprocessed traces: generated preprocessed trace for chip MemoryLocal in 1.321µs
2025-10-28T17:34:33.924396Z DEBUG setup:setup machine:generate preprocessed traces: generated preprocessed trace for chip Global in 1.358µs
2025-10-28T17:34:33.924457Z DEBUG setup:setup machine:generate preprocessed traces: generated preprocessed trace for chip ShaExtend in 1.356µs
2025-10-28T17:34:33.924735Z DEBUG setup:setup machine:generate preprocessed traces: generated preprocessed trace for chip ShaCompress in 1.483µs
2025-10-28T17:34:33.925675Z DEBUG setup:setup machine:generate preprocessed traces: generated preprocessed trace for chip EdAddAssign in 1.573µs
2025-10-28T17:34:33.926046Z DEBUG setup:setup machine:generate preprocessed traces: generated preprocessed trace for chip EdDecompress in 7.614µs
2025-10-28T17:34:33.930006Z DEBUG setup:setup machine:generate preprocessed traces: generated preprocessed trace for chip Bn254Fp2AddSubAssign in 7.49µs
2025-10-28T17:34:33.930093Z DEBUG setup:setup machine:generate preprocessed traces: generated preprocessed trace for chip SyscallCore in 7.426µs
2025-10-28T17:34:33.954407Z DEBUG setup:setup machine:generate preprocessed traces: generated preprocessed trace for chip Byte in 7.085815ms
2025-10-28T17:34:33.965006Z DEBUG setup:setup machine:generate preprocessed traces: generated preprocessed trace for chip Bls12381DoubleAssign in 2.421µs
2025-10-28T17:34:33.965046Z DEBUG setup:setup machine:generate preprocessed traces: generated preprocessed trace for chip Bls12381FpOpAssign in 1.945µs
2025-10-28T17:34:33.965088Z DEBUG setup:setup machine:generate preprocessed traces: generated preprocessed trace for chip Bn254AddAssign in 1.178µs
2025-10-28T17:34:33.965184Z DEBUG setup:setup machine:generate preprocessed traces: generated preprocessed trace for chip KeccakPermute in 1.57µs
2025-10-28T17:34:33.965208Z DEBUG setup:setup machine:generate preprocessed traces: generated preprocessed trace for chip Bn254DoubleAssign in 1.528µs
2025-10-28T17:34:33.973728Z DEBUG setup:setup machine:generate preprocessed traces: generated preprocessed trace for chip Uint256MulMod in 1.552µs
2025-10-28T17:34:33.975693Z DEBUG setup:setup machine:generate preprocessed traces: generated preprocessed trace for chip U256XU2048Mul in 1.698µs
2025-10-28T17:34:33.999216Z DEBUG setup:setup machine:generate preprocessed traces: generated preprocessed trace for chip Bls12381Fp2AddSubAssign in 2.038µs
2025-10-28T17:34:34.008390Z DEBUG setup:setup machine:generate preprocessed traces: generated preprocessed trace for chip Bls12381AddAssign in 2.329µs
2025-10-28T17:34:34.009761Z DEBUG setup:setup machine:generate preprocessed traces: generated preprocessed trace for chip Bls12381Fp2MulAssign in 1.855µs
2025-10-28T17:34:34.109951Z DEBUG setup:setup machine:generate preprocessed traces: generated preprocessed trace for chip Program in 185.989721ms
2025-10-28T17:34:35.279894Z DEBUG setup:setup machine:commit to preprocessed traces: close time.busy=1.13s time.idle=6.87µs
2025-10-28T17:34:35.279980Z DEBUG setup:setup machine:generate preprocessed traces: close time.busy=187ms time.idle=1.17s
2025-10-28T17:34:35.280002Z DEBUG setup:setup machine: close time.busy=1.46s time.idle=3.86µs
2025-10-28T17:34:35.819093Z DEBUG setup: close time.busy=2.00s time.idle=5.66µs
2025-10-28T17:34:35.946608Z DEBUG prove_core:checkpoint generator:batch:clone: close time.busy=758µs time.idle=3.90µs
2025-10-28T17:34:35.946664Z DEBUG prove_core:checkpoint generator:batch:execute: loading memory image
2025-10-28T17:34:35.949871Z  INFO prove_core:checkpoint generator:batch:execute: clk = 0 pc = 0x201504
2025-10-28T17:34:36.078539Z DEBUG prove_core:checkpoint generator:batch:execute: close time.busy=132ms time.idle=3.73µs
2025-10-28T17:34:36.079582Z DEBUG prove_core:checkpoint generator:batch:create memory checkpoint: close time.busy=977µs time.idle=3.84µs
2025-10-28T17:34:36.080944Z DEBUG prove_core:checkpoint generator:batch: close time.busy=135ms time.idle=2.82µs
2025-10-28T17:34:36.081002Z DEBUG prove_core:checkpoint generator:batch:clone: close time.busy=11.1µs time.idle=2.44µs
2025-10-28T17:34:36.089247Z DEBUG prove_core:phase 2 trace generation:trace checkpoint: loading memory image
2025-10-28T17:34:36.091210Z  INFO prove_core:phase 2 trace generation:trace checkpoint: clk = 0 pc = 0x201504
2025-10-28T17:34:36.249564Z DEBUG prove_core:checkpoint generator:batch:execute: close time.busy=169ms time.idle=3.77µs
2025-10-28T17:34:36.250635Z DEBUG prove_core:checkpoint generator:batch:create memory checkpoint: close time.busy=1.00ms time.idle=3.65µs
2025-10-28T17:34:36.251727Z DEBUG prove_core:checkpoint generator:batch: close time.busy=171ms time.idle=3.17µs
2025-10-28T17:34:36.251780Z DEBUG prove_core:checkpoint generator:batch:clone: close time.busy=14.9µs time.idle=2.44µs
2025-10-28T17:34:36.428311Z DEBUG prove_core:checkpoint generator:batch:execute: close time.busy=177ms time.idle=4.16µs
2025-10-28T17:34:36.429807Z DEBUG prove_core:checkpoint generator:batch:create memory checkpoint: close time.busy=1.42ms time.idle=4.78µs
2025-10-28T17:34:36.431287Z DEBUG prove_core:checkpoint generator:batch: close time.busy=180ms time.idle=3.32µs
2025-10-28T17:34:36.431358Z DEBUG prove_core:checkpoint generator:batch:clone: close time.busy=16.3µs time.idle=3.15µs
2025-10-28T17:34:36.599230Z DEBUG prove_core:checkpoint generator:batch:execute: close time.busy=168ms time.idle=3.93µs
2025-10-28T17:34:36.600294Z DEBUG prove_core:checkpoint generator:batch:create memory checkpoint: close time.busy=990µs time.idle=3.86µs
2025-10-28T17:34:36.601473Z DEBUG prove_core:checkpoint generator:batch: close time.busy=170ms time.idle=3.41µs
2025-10-28T17:34:36.601535Z DEBUG prove_core:checkpoint generator:batch:clone: close time.busy=15.3µs time.idle=2.29µs
2025-10-28T17:34:36.693388Z  INFO prove_core:checkpoint generator:batch:execute: clk = 10000000 pc = 0x2313e0
2025-10-28T17:34:36.721600Z DEBUG prove_core:checkpoint generator:batch:execute: close time.busy=120ms time.idle=3.76µs
2025-10-28T17:34:36.722026Z DEBUG prove_core:checkpoint generator:batch:create memory checkpoint: close time.busy=347µs time.idle=3.90µs
2025-10-28T17:34:36.723173Z DEBUG prove_core:checkpoint generator:batch: close time.busy=122ms time.idle=3.07µs
2025-10-28T17:34:36.723226Z DEBUG prove_core:checkpoint generator:batch:clone: close time.busy=15.2µs time.idle=2.30µs
2025-10-28T17:34:36.844352Z DEBUG prove_core:checkpoint generator:batch:execute: close time.busy=121ms time.idle=3.48µs
2025-10-28T17:34:36.844814Z DEBUG prove_core:checkpoint generator:batch:create memory checkpoint: close time.busy=396µs time.idle=3.86µs
2025-10-28T17:34:36.845897Z DEBUG prove_core:checkpoint generator:batch: close time.busy=123ms time.idle=2.77µs
2025-10-28T17:34:36.845953Z DEBUG prove_core:checkpoint generator:batch:clone: close time.busy=14.9µs time.idle=2.34µs
2025-10-28T17:34:37.046161Z DEBUG prove_core:checkpoint generator:batch:execute: close time.busy=200ms time.idle=4.85µs
2025-10-28T17:34:37.046758Z DEBUG prove_core:checkpoint generator:batch:create memory checkpoint: close time.busy=513µs time.idle=4.72µs
2025-10-28T17:34:37.048110Z DEBUG prove_core:checkpoint generator:batch: close time.busy=202ms time.idle=3.08µs
2025-10-28T17:34:37.048181Z DEBUG prove_core:checkpoint generator:batch:clone: close time.busy=18.2µs time.idle=3.30µs
2025-10-28T17:34:37.185384Z DEBUG prove_core:checkpoint generator:batch:execute: close time.busy=137ms time.idle=4.68µs
2025-10-28T17:34:37.185880Z DEBUG prove_core:checkpoint generator:batch:create memory checkpoint: close time.busy=415µs time.idle=4.10µs
2025-10-28T17:34:37.187093Z DEBUG prove_core:checkpoint generator:batch: close time.busy=139ms time.idle=4.05µs
2025-10-28T17:34:37.187151Z DEBUG prove_core:checkpoint generator:batch:clone: close time.busy=15.4µs time.idle=2.44µs
2025-10-28T17:34:37.345516Z DEBUG prove_core:phase 2 trace generation:trace checkpoint: close time.busy=1.26s time.idle=6.03µs
2025-10-28T17:34:37.345621Z DEBUG prove_core:phase 2 trace generation: deferred 0 records
2025-10-28T17:34:37.449025Z DEBUG prove_core:phase 2 trace generation:generate dependencies:generate cpu dependencies: close time.busy=103ms time.idle=4.44µs index=0
2025-10-28T17:34:37.641543Z DEBUG prove_core:checkpoint generator:batch:execute: close time.busy=454ms time.idle=4.28µs
2025-10-28T17:34:37.686533Z DEBUG prove_core:checkpoint generator:batch:create memory checkpoint: close time.busy=44.9ms time.idle=6.42µs
2025-10-28T17:34:37.696036Z DEBUG prove_core:checkpoint generator:batch: close time.busy=509ms time.idle=4.00µs
2025-10-28T17:34:37.696092Z DEBUG prove_core:checkpoint generator: close time.busy=1.75s time.idle=11.8µs
2025-10-28T17:34:37.707490Z DEBUG prove_core:phase 2 trace generation:generate dependencies:register nonces: close time.busy=3.13µs time.idle=6.53µs index=0
2025-10-28T17:34:37.707550Z DEBUG prove_core:phase 2 trace generation:generate dependencies: close time.busy=362ms time.idle=4.61µs index=0
2025-10-28T17:34:37.708225Z DEBUG prove_core:phase 2 trace generation: Shard Lifted: Index=1, Cluster=249
2025-10-28T17:34:37.708254Z DEBUG prove_core:phase 2 trace generation: Chip Cpu: 21  -> 21 
2025-10-28T17:34:37.708269Z DEBUG prove_core:phase 2 trace generation: Chip AddSub: 21  -> 21 
2025-10-28T17:34:37.708282Z DEBUG prove_core:phase 2 trace generation: Chip Bitwise: 17  -> 17 
2025-10-28T17:34:37.708293Z DEBUG prove_core:phase 2 trace generation: Chip Mul: 4   -> 17 
2025-10-28T17:34:37.708306Z DEBUG prove_core:phase 2 trace generation: Chip ShiftRight: 16  -> 17 
2025-10-28T17:34:37.708316Z DEBUG prove_core:phase 2 trace generation: Chip ShiftLeft: 16  -> 17 
2025-10-28T17:34:37.708326Z DEBUG prove_core:phase 2 trace generation: Chip Lt: 19  -> 19 
2025-10-28T17:34:37.708336Z DEBUG prove_core:phase 2 trace generation: Chip MemoryLocal: 14  -> 18 
2025-10-28T17:34:37.708347Z DEBUG prove_core:phase 2 trace generation: Chip MemoryInstrs: 21  -> 21 
2025-10-28T17:34:37.708358Z DEBUG prove_core:phase 2 trace generation: Chip Auipc: 16  -> 18 
2025-10-28T17:34:37.708369Z DEBUG prove_core:phase 2 trace generation: Chip Branch: 18  -> 18 
2025-10-28T17:34:37.708380Z DEBUG prove_core:phase 2 trace generation: Chip Jump: 17  -> 18 
2025-10-28T17:34:37.708392Z DEBUG prove_core:phase 2 trace generation: Chip Global: 17  -> 17 
2025-10-28T17:34:37.708403Z DEBUG prove_core:phase 2 trace generation: Chip SyscallCore: 2   -> 10 
2025-10-28T17:34:37.708416Z DEBUG prove_core:phase 2 trace generation: Chip SyscallInstrs: 2   -> 10 
2025-10-28T17:34:37.709342Z DEBUG fixed log2 rows can be potentially reduced: got 89844, expected 262144
2025-10-28T17:34:37.709412Z DEBUG fixed log2 rows can be potentially reduced: got 42939, expected 262144
2025-10-28T17:34:37.709492Z DEBUG fixed log2 rows can be potentially reduced: got 4, expected 1024
2025-10-28T17:34:37.709622Z DEBUG prove_core:phase 2 trace generation:generate main traces:generate traces for shard: generated trace for chip SyscallCore in 398.742µs index=0
2025-10-28T17:34:37.709654Z DEBUG fixed log2 rows can be potentially reduced: got 45889, expected 131072
2025-10-28T17:34:37.711574Z DEBUG prove_core: core cache miss, misses: 0
2025-10-28T17:34:37.720997Z DEBUG prove_core:phase 2 trace generation:generate main traces:generate traces for shard: generated trace for chip Auipc in 11.719179ms index=0
2025-10-28T17:34:37.737557Z DEBUG prove_core:phase 2 trace generation:generate main traces:generate traces for shard: generated trace for chip Jump in 28.230297ms index=0
2025-10-28T17:34:37.737630Z DEBUG fixed log2 rows can be potentially reduced: got 4, expected 1024
2025-10-28T17:34:37.737771Z DEBUG prove_core:phase 2 trace generation:generate main traces:generate traces for shard: generated trace for chip SyscallInstrs in 160.339µs index=0
2025-10-28T17:34:37.738036Z DEBUG fixed log2 rows can be potentially reduced: got 8287, expected 262144
2025-10-28T17:34:37.739589Z DEBUG fixed log2 rows can be potentially reduced: got 16, expected 131072
2025-10-28T17:34:37.742232Z DEBUG prove_core:phase 2 trace generation:generate main traces:generate traces for shard: generated trace for chip MemoryLocal in 4.441674ms index=0
2025-10-28T17:34:37.743715Z DEBUG prove_core:phase 2 trace generation:generate main traces:generate traces for shard: generated trace for chip Mul in 4.139421ms index=0
2025-10-28T17:34:37.757407Z DEBUG prove_core:phase 2 trace generation:generate main traces:generate traces for shard: generated trace for chip Bitwise in 48.122162ms index=0
2025-10-28T17:34:37.809822Z DEBUG fixed log2 rows can be potentially reduced: got 50022, expected 524288
2025-10-28T17:34:37.813350Z DEBUG prove_core:build recursion program:read input: close time.busy=102ms time.idle=3.45µs
2025-10-28T17:34:37.814145Z DEBUG prove_core:build recursion program:verify:verify shard:assert lookup multiplicities: close time.busy=7.82µs time.idle=3.04µs
2025-10-28T17:34:37.814769Z DEBUG prove_core:phase 2 trace generation:generate main traces:generate traces for shard: generated trace for chip Program in 105.518556ms index=0
2025-10-28T17:34:37.844909Z DEBUG prove_core:phase 2 trace generation:generate main traces:generate traces for shard: generated trace for chip ShiftRight in 135.256817ms index=0
2025-10-28T17:34:37.872835Z DEBUG fixed log2 rows can be potentially reduced: got 50481, expected 131072
2025-10-28T17:34:37.877254Z DEBUG prove_core:phase 2 trace generation:generate main traces:generate traces for shard: generated trace for chip Branch in 167.880363ms index=0
2025-10-28T17:34:37.954394Z DEBUG prove_core:phase 2 trace generation:generate main traces:generate traces for shard: generated trace for chip ShiftLeft in 108.153076ms index=0
2025-10-28T17:34:37.956835Z DEBUG prove_core:build recursion program:verify:verify shard:2adic pcs:verify shape and challenges: close time.busy=99.1ms time.idle=8.38µs
2025-10-28T17:34:38.001862Z DEBUG prove_core:phase 2 trace generation:generate main traces:generate traces for shard: generated trace for chip Lt in 292.683184ms index=0
2025-10-28T17:34:38.039768Z DEBUG prove_core:phase 2 trace generation:generate main traces:generate traces for shard: generated trace for chip Byte in 21.299768ms index=0
2025-10-28T17:34:38.108364Z DEBUG prove_core:phase 2 trace generation:generate main traces:generate traces for shard: generated trace for chip MemoryInstrs in 399.083703ms index=0
2025-10-28T17:34:38.214303Z DEBUG prove_core:phase 2 trace generation:generate main traces:generate traces for shard: generated trace for chip Cpu in 505.126455ms index=0
2025-10-28T17:34:38.221696Z DEBUG prove_core:phase 2 trace generation:generate main traces:generate traces for shard: generated trace for chip AddSub in 512.269772ms index=0
2025-10-28T17:34:38.289261Z DEBUG prove_core:build recursion program:verify:verify shard:2adic pcs:verify challenges: close time.busy=147ms time.idle=7.37µs
2025-10-28T17:34:38.289419Z DEBUG prove_core:build recursion program:verify:verify shard:2adic pcs: close time.busy=472ms time.idle=3.82µs
2025-10-28T17:34:38.295636Z DEBUG prove_core:build recursion program:verify:verify shard:verify constraints: close time.busy=6.16ms time.idle=4.97µs
2025-10-28T17:34:38.295718Z DEBUG prove_core:build recursion program:verify:verify shard: close time.busy=482ms time.idle=5.28µs
2025-10-28T17:34:38.331783Z DEBUG prove_core:build recursion program:verify: close time.busy=518ms time.idle=4.78µs
2025-10-28T17:34:38.331851Z DEBUG prove_core:build recursion program:build block: close time.busy=2.53µs time.idle=3.80µs
2025-10-28T17:34:38.331869Z DEBUG prove_core:build recursion program: close time.busy=620ms time.idle=3.78µs
2025-10-28T17:34:38.511614Z DEBUG prove_core:phase 2 trace generation:generate main traces:generate traces for shard: generated trace for chip Global in 769.346993ms index=0
2025-10-28T17:34:38.513486Z DEBUG prove_core:phase 2 trace generation:generate main traces:generate traces for shard: close time.busy=805ms time.idle=4.73µs index=0
2025-10-28T17:34:38.513561Z  INFO prove_core:phase 2 trace generation:generate main traces: close time.busy=805ms time.idle=3.70µs index=0
2025-10-28T17:34:38.795641Z DEBUG prove_core:compile recursion program:compile raw program: close time.busy=464ms time.idle=6.39µs
2025-10-28T17:34:38.843783Z DEBUG prove_core:compile recursion program:backfill mult: close time.busy=48.0ms time.idle=8.01µs
2025-10-28T17:34:38.843956Z DEBUG prove_core:compile recursion program:prepend constants: close time.busy=76.5µs time.idle=5.67µs
2025-10-28T17:34:38.859124Z DEBUG prove_core:compile recursion program: close time.busy=527ms time.idle=5.89µs
2025-10-28T17:34:39.681602Z DEBUG prove_core:phase 2 trace generation:trace checkpoint: close time.busy=1.17s time.idle=7.18µs
2025-10-28T17:34:39.681700Z DEBUG prove_core:phase 2 trace generation: deferred 0 records
2025-10-28T17:34:39.779116Z DEBUG prove_core:phase 2 trace generation:generate dependencies:generate cpu dependencies: close time.busy=97.4ms time.idle=4.44µs index=1
2025-10-28T17:34:40.050925Z DEBUG prove_core:phase 2 trace generation:generate dependencies:register nonces: close time.busy=2.74µs time.idle=5.98µs index=1
2025-10-28T17:34:40.050980Z DEBUG prove_core:phase 2 trace generation:generate dependencies: close time.busy=369ms time.idle=4.23µs index=1
2025-10-28T17:34:40.051639Z DEBUG prove_core:phase 2 trace generation: Shard Lifted: Index=2, Cluster=249
2025-10-28T17:34:40.051669Z DEBUG prove_core:phase 2 trace generation: Chip Cpu: 21  -> 21 
2025-10-28T17:34:40.051684Z DEBUG prove_core:phase 2 trace generation: Chip AddSub: 21  -> 21 
2025-10-28T17:34:40.051696Z DEBUG prove_core:phase 2 trace generation: Chip Bitwise: 17  -> 17 
2025-10-28T17:34:40.051706Z DEBUG prove_core:phase 2 trace generation: Chip Mul: 4   -> 17 
2025-10-28T17:34:40.051717Z DEBUG prove_core:phase 2 trace generation: Chip ShiftRight: 16  -> 17 
2025-10-28T17:34:40.051727Z DEBUG prove_core:phase 2 trace generation: Chip ShiftLeft: 16  -> 17 
2025-10-28T17:34:40.051737Z DEBUG prove_core:phase 2 trace generation: Chip Lt: 19  -> 19 
2025-10-28T17:34:40.051748Z DEBUG prove_core:phase 2 trace generation: Chip MemoryLocal: 13  -> 18 
2025-10-28T17:34:40.051759Z DEBUG prove_core:phase 2 trace generation: Chip MemoryInstrs: 21  -> 21 
2025-10-28T17:34:40.051770Z DEBUG prove_core:phase 2 trace generation: Chip Auipc: 16  -> 18 
2025-10-28T17:34:40.051782Z DEBUG prove_core:phase 2 trace generation: Chip Branch: 18  -> 18 
2025-10-28T17:34:40.051794Z DEBUG prove_core:phase 2 trace generation: Chip Jump: 17  -> 18 
2025-10-28T17:34:40.051805Z DEBUG prove_core:phase 2 trace generation: Chip Global: 16  -> 17 
2025-10-28T17:34:40.052501Z DEBUG fixed log2 rows can be potentially reduced: got 47930, expected 131072
2025-10-28T17:34:40.052580Z DEBUG fixed log2 rows can be potentially reduced: got 90188, expected 262144
2025-10-28T17:34:40.052593Z DEBUG fixed log2 rows can be potentially reduced: got 16, expected 131072
2025-10-28T17:34:40.055483Z DEBUG fixed log2 rows can be potentially reduced: got 62438, expected 131072
2025-10-28T17:34:40.058012Z DEBUG prove_core:phase 2 trace generation:generate main traces:generate traces for shard: generated trace for chip Mul in 5.427434ms index=1
2025-10-28T17:34:40.061228Z DEBUG prove_core: core cache miss, misses: 1
2025-10-28T17:34:40.067268Z DEBUG prove_core:phase 2 trace generation:generate main traces:generate traces for shard: generated trace for chip Jump in 14.707742ms index=1
2025-10-28T17:34:40.067559Z DEBUG fixed log2 rows can be potentially reduced: got 7805, expected 262144
2025-10-28T17:34:40.070486Z DEBUG prove_core:phase 2 trace generation:generate main traces:generate traces for shard: generated trace for chip MemoryLocal in 3.163185ms index=1
2025-10-28T17:34:40.148464Z DEBUG fixed log2 rows can be potentially reduced: got 50022, expected 524288
2025-10-28T17:34:40.148996Z DEBUG prove_core:phase 2 trace generation:generate main traces:generate traces for shard: generated trace for chip Program in 87.882702ms index=1
2025-10-28T17:34:40.160960Z DEBUG prove_core:phase 2 trace generation:generate main traces:generate traces for shard: generated trace for chip ShiftRight in 108.46788ms index=1
2025-10-28T17:34:40.184825Z DEBUG fixed log2 rows can be potentially reduced: got 43171, expected 262144
2025-10-28T17:34:40.186263Z DEBUG fixed log2 rows can be potentially reduced: got 48552, expected 131072
2025-10-28T17:34:40.192216Z DEBUG prove_core:phase 2 trace generation:generate main traces:generate traces for shard: generated trace for chip Auipc in 7.421096ms index=1
2025-10-28T17:34:40.263794Z DEBUG prove_core:phase 2 trace generation:generate main traces:generate traces for shard: generated trace for chip ShiftLeft in 102.76974ms index=1
2025-10-28T17:34:40.270529Z DEBUG prove_core:build recursion program:read input: close time.busy=209ms time.idle=4.50µs
2025-10-28T17:34:40.272756Z DEBUG prove_core:phase 2 trace generation:generate main traces:generate traces for shard: generated trace for chip Branch in 80.491591ms index=1
2025-10-28T17:34:40.275509Z DEBUG prove_core:build recursion program:verify:verify shard:assert lookup multiplicities: close time.busy=14.3µs time.idle=6.20µs
2025-10-28T17:34:40.339033Z DEBUG prove_core:phase 2 trace generation:generate main traces:generate traces for shard: generated trace for chip Byte in 2.887686ms index=1
2025-10-28T17:34:40.419787Z DEBUG prove_core:phase 2 trace generation:generate main traces:generate traces for shard: generated trace for chip Lt in 367.327636ms index=1
2025-10-28T17:34:40.536721Z DEBUG prove_core:build recursion program:verify:verify shard:2adic pcs:verify shape and challenges: close time.busy=136ms time.idle=7.07µs
2025-10-28T17:34:40.548375Z DEBUG prove_core:phase 2 trace generation:generate main traces:generate traces for shard: generated trace for chip MemoryInstrs in 357.004413ms index=1
2025-10-28T17:34:40.548589Z DEBUG prove_core:phase 2 trace generation:generate main traces:generate traces for shard: generated trace for chip Cpu in 496.370184ms index=1
2025-10-28T17:34:40.591925Z DEBUG prove_core:phase 2 trace generation:generate main traces:generate traces for shard: generated trace for chip AddSub in 523.183286ms index=1
2025-10-28T17:34:40.595055Z DEBUG prove_core:phase 2 trace generation:generate main traces:generate traces for shard: generated trace for chip Bitwise in 542.590686ms index=1
2025-10-28T17:34:40.810880Z DEBUG prove_core:build recursion program:verify:verify shard:2adic pcs:verify challenges: close time.busy=183ms time.idle=10.6µs
2025-10-28T17:34:40.811558Z DEBUG prove_core:build recursion program:verify:verify shard:2adic pcs: close time.busy=530ms time.idle=5.28µs
2025-10-28T17:34:40.817872Z DEBUG prove_core:build recursion program:verify:verify shard:verify constraints: close time.busy=6.28ms time.idle=4.47µs
2025-10-28T17:34:40.817933Z DEBUG prove_core:build recursion program:verify:verify shard: close time.busy=547ms time.idle=4.89µs
2025-10-28T17:34:40.857365Z DEBUG prove_core:phase 2 trace generation:generate main traces:generate traces for shard: generated trace for chip Global in 801.891864ms index=1
2025-10-28T17:34:40.857765Z DEBUG prove_core:phase 2 trace generation:generate main traces:generate traces for shard: close time.busy=806ms time.idle=5.58µs index=1
2025-10-28T17:34:40.857817Z  INFO prove_core:phase 2 trace generation:generate main traces: close time.busy=806ms time.idle=4.21µs index=1
2025-10-28T17:34:40.859672Z DEBUG prove_core:build recursion program:verify: close time.busy=589ms time.idle=4.62µs
2025-10-28T17:34:40.859713Z DEBUG prove_core:build recursion program:build block: close time.busy=7.56µs time.idle=3.12µs
2025-10-28T17:34:40.859727Z DEBUG prove_core:build recursion program: close time.busy=798ms time.idle=4.77µs
2025-10-28T17:34:41.482808Z DEBUG prove_core:compile recursion program:compile raw program: close time.busy=623ms time.idle=4.88µs
2025-10-28T17:34:41.530155Z DEBUG prove_core:compile recursion program:backfill mult: close time.busy=47.3ms time.idle=5.87µs
2025-10-28T17:34:41.530302Z DEBUG prove_core:compile recursion program:prepend constants: close time.busy=56.7µs time.idle=4.72µs
2025-10-28T17:34:41.543087Z DEBUG prove_core:compile recursion program: close time.busy=683ms time.idle=4.37µs
2025-10-28T17:34:42.061128Z DEBUG prove_core:phase 2 trace generation:trace checkpoint: close time.busy=1.20s time.idle=6.15µs
2025-10-28T17:34:42.061221Z DEBUG prove_core:phase 2 trace generation: deferred 0 records
2025-10-28T17:34:42.161808Z DEBUG prove_core:phase 2 trace generation:generate dependencies:generate cpu dependencies: close time.busy=101ms time.idle=3.99µs index=2
2025-10-28T17:34:42.454658Z DEBUG prove_core:phase 2 trace generation:generate dependencies:register nonces: close time.busy=3.44µs time.idle=6.53µs index=2
2025-10-28T17:34:42.454730Z DEBUG prove_core:phase 2 trace generation:generate dependencies: close time.busy=393ms time.idle=10.2µs index=2
2025-10-28T17:34:42.455389Z DEBUG prove_core:phase 2 trace generation: Shard Lifted: Index=3, Cluster=249
2025-10-28T17:34:42.455418Z DEBUG prove_core:phase 2 trace generation: Chip Cpu: 21  -> 21 
2025-10-28T17:34:42.455466Z DEBUG prove_core:phase 2 trace generation: Chip AddSub: 21  -> 21 
2025-10-28T17:34:42.455477Z DEBUG prove_core:phase 2 trace generation: Chip Bitwise: 17  -> 17 
2025-10-28T17:34:42.455487Z DEBUG prove_core:phase 2 trace generation: Chip Mul: 4   -> 17 
2025-10-28T17:34:42.455497Z DEBUG prove_core:phase 2 trace generation: Chip ShiftRight: 16  -> 17 
2025-10-28T17:34:42.455507Z DEBUG prove_core:phase 2 trace generation: Chip ShiftLeft: 16  -> 17 
2025-10-28T17:34:42.455517Z DEBUG prove_core:phase 2 trace generation: Chip Lt: 19  -> 19 
2025-10-28T17:34:42.455526Z DEBUG prove_core:phase 2 trace generation: Chip MemoryLocal: 13  -> 18 
2025-10-28T17:34:42.455537Z DEBUG prove_core:phase 2 trace generation: Chip MemoryInstrs: 21  -> 21 
2025-10-28T17:34:42.455546Z DEBUG prove_core:phase 2 trace generation: Chip Auipc: 16  -> 18 
2025-10-28T17:34:42.455556Z DEBUG prove_core:phase 2 trace generation: Chip Branch: 18  -> 18 
2025-10-28T17:34:42.455565Z DEBUG prove_core:phase 2 trace generation: Chip Jump: 17  -> 18 
2025-10-28T17:34:42.455575Z DEBUG prove_core:phase 2 trace generation: Chip Global: 16  -> 17 
2025-10-28T17:34:42.457129Z DEBUG fixed log2 rows can be potentially reduced: got 90416, expected 262144
2025-10-28T17:34:42.457158Z DEBUG fixed log2 rows can be potentially reduced: got 62764, expected 131072
2025-10-28T17:34:42.457208Z DEBUG fixed log2 rows can be potentially reduced: got 43283, expected 262144
2025-10-28T17:34:42.457449Z DEBUG fixed log2 rows can be potentially reduced: got 7846, expected 262144
2025-10-28T17:34:42.459626Z DEBUG prove_core:phase 2 trace generation:generate main traces:generate traces for shard: generated trace for chip Byte in 2.343092ms index=2
2025-10-28T17:34:42.459675Z DEBUG fixed log2 rows can be potentially reduced: got 47497, expected 131072
2025-10-28T17:34:42.473242Z DEBUG prove_core:phase 2 trace generation:generate main traces:generate traces for shard: generated trace for chip MemoryLocal in 16.059995ms index=2
2025-10-28T17:34:42.478853Z DEBUG prove_core:phase 2 trace generation:generate main traces:generate traces for shard: generated trace for chip Auipc in 21.666787ms index=2
2025-10-28T17:34:42.492889Z DEBUG prove_core:phase 2 trace generation:generate main traces:generate traces for shard: generated trace for chip Jump in 35.776692ms index=2
2025-10-28T17:34:42.504311Z DEBUG prove_core:phase 2 trace generation:generate main traces:generate traces for shard: generated trace for chip Bitwise in 47.020011ms index=2
2025-10-28T17:34:42.504377Z DEBUG fixed log2 rows can be potentially reduced: got 16, expected 131072
2025-10-28T17:34:42.542531Z DEBUG prove_core:phase 2 trace generation:generate main traces:generate traces for shard: generated trace for chip Mul in 38.163025ms index=2
2025-10-28T17:34:42.559010Z DEBUG fixed log2 rows can be potentially reduced: got 50022, expected 524288
2025-10-28T17:34:42.559860Z DEBUG prove_core:phase 2 trace generation:generate main traces:generate traces for shard: generated trace for chip Program in 102.615459ms index=2
2025-10-28T17:34:42.580572Z DEBUG prove_core:phase 2 trace generation:generate main traces:generate traces for shard: generated trace for chip ShiftRight in 120.90172ms index=2
2025-10-28T17:34:42.599149Z DEBUG fixed log2 rows can be potentially reduced: got 48061, expected 131072
2025-10-28T17:34:42.673232Z DEBUG prove_core:phase 2 trace generation:generate main traces:generate traces for shard: generated trace for chip ShiftLeft in 92.194231ms index=2
2025-10-28T17:34:42.821146Z DEBUG prove_core:phase 2 trace generation:generate main traces:generate traces for shard: generated trace for chip Lt in 364.105508ms index=2
2025-10-28T17:34:42.822119Z DEBUG prove_core:phase 2 trace generation:generate main traces:generate traces for shard: generated trace for chip Branch in 343.212075ms index=2
2025-10-28T17:34:43.063606Z DEBUG prove_core:phase 2 trace generation:generate main traces:generate traces for shard: generated trace for chip Cpu in 606.676881ms index=2
2025-10-28T17:34:43.063595Z DEBUG prove_core:phase 2 trace generation:generate main traces:generate traces for shard: generated trace for chip AddSub in 546.542993ms index=2
2025-10-28T17:34:43.068991Z DEBUG prove_core:phase 2 trace generation:generate main traces:generate traces for shard: generated trace for chip MemoryInstrs in 611.7981ms index=2
2025-10-28T17:34:43.307603Z DEBUG prove_core:phase 2 trace generation:generate main traces:generate traces for shard: generated trace for chip Global in 850.453648ms index=2
2025-10-28T17:34:43.308987Z DEBUG prove_core:phase 2 trace generation:generate main traces:generate traces for shard: close time.busy=853ms time.idle=4.37µs index=2
2025-10-28T17:34:43.309084Z  INFO prove_core:phase 2 trace generation:generate main traces: close time.busy=853ms time.idle=3.28µs index=2
2025-10-28T17:35:24.246492Z DEBUG prove_core:phase 2 prover:batch:commit: close time.busy=45.7s time.idle=7.89µs shard=1
2025-10-28T17:35:39.339055Z DEBUG prove_core:phase 2 prover:batch:opening:generate permutation traces: close time.busy=15.1s time.idle=4.12µs shard=1
2025-10-28T17:35:39.339156Z DEBUG prove_core:phase 2 prover:batch:opening: AddSub          | Main Cols = 19    | Pre Cols = 0      | Perm Cols = 20    | Rows = 2097152 | Cells = 81788928   shard=1
2025-10-28T17:35:39.339173Z DEBUG prove_core:phase 2 prover:batch:opening: Cpu             | Main Cols = 57    | Pre Cols = 0      | Perm Cols = 44    | Rows = 2097152 | Cells = 211812352  shard=1
2025-10-28T17:35:39.339183Z DEBUG prove_core:phase 2 prover:batch:opening: MemoryInstrs    | Main Cols = 57    | Pre Cols = 0      | Perm Cols = 28    | Rows = 2097152 | Cells = 178257920  shard=1
2025-10-28T17:35:39.339192Z DEBUG prove_core:phase 2 prover:batch:opening: Lt              | Main Cols = 33    | Pre Cols = 0      | Perm Cols = 12    | Rows = 524288 | Cells = 23592960   shard=1
2025-10-28T17:35:39.339206Z DEBUG prove_core:phase 2 prover:batch:opening: Program         | Main Cols = 1     | Pre Cols = 14     | Perm Cols = 8     | Rows = 524288 | Cells = 12058624   shard=1
2025-10-28T17:35:39.339215Z DEBUG prove_core:phase 2 prover:batch:opening: Auipc           | Main Cols = 21    | Pre Cols = 0      | Perm Cols = 12    | Rows = 262144 | Cells = 8650752    shard=1
2025-10-28T17:35:39.339225Z DEBUG prove_core:phase 2 prover:batch:opening: Branch          | Main Cols = 34    | Pre Cols = 0      | Perm Cols = 16    | Rows = 262144 | Cells = 13107200   shard=1
2025-10-28T17:35:39.339233Z DEBUG prove_core:phase 2 prover:batch:opening: Jump            | Main Cols = 26    | Pre Cols = 0      | Perm Cols = 16    | Rows = 262144 | Cells = 11010048   shard=1
2025-10-28T17:35:39.339243Z DEBUG prove_core:phase 2 prover:batch:opening: MemoryLocal     | Main Cols = 56    | Pre Cols = 0      | Perm Cols = 36    | Rows = 262144 | Cells = 24117248   shard=1
2025-10-28T17:35:39.339251Z DEBUG prove_core:phase 2 prover:batch:opening: Bitwise         | Main Cols = 17    | Pre Cols = 0      | Perm Cols = 16    | Rows = 131072 | Cells = 4325376    shard=1
2025-10-28T17:35:39.339264Z DEBUG prove_core:phase 2 prover:batch:opening: Global          | Main Cols = 412   | Pre Cols = 0      | Perm Cols = 8     | Rows = 131072 | Cells = 55050240   shard=1
2025-10-28T17:35:39.339277Z DEBUG prove_core:phase 2 prover:batch:opening: Mul             | Main Cols = 39    | Pre Cols = 0      | Perm Cols = 36    | Rows = 131072 | Cells = 9830400    shard=1
2025-10-28T17:35:39.339290Z DEBUG prove_core:phase 2 prover:batch:opening: ShiftLeft       | Main Cols = 44    | Pre Cols = 0      | Perm Cols = 16    | Rows = 131072 | Cells = 7864320    shard=1
2025-10-28T17:35:39.339303Z DEBUG prove_core:phase 2 prover:batch:opening: ShiftRight      | Main Cols = 70    | Pre Cols = 0      | Perm Cols = 56    | Rows = 131072 | Cells = 16515072   shard=1
2025-10-28T17:35:39.339317Z DEBUG prove_core:phase 2 prover:batch:opening: Byte            | Main Cols = 9     | Pre Cols = 11     | Perm Cols = 24    | Rows = 65536 | Cells = 2883584    shard=1
2025-10-28T17:35:39.339331Z DEBUG prove_core:phase 2 prover:batch:opening: SyscallCore     | Main Cols = 6     | Pre Cols = 0      | Perm Cols = 8     | Rows = 1024  | Cells = 14336      shard=1
2025-10-28T17:35:39.339340Z DEBUG prove_core:phase 2 prover:batch:opening: SyscallInstrs   | Main Cols = 52    | Pre Cols = 0      | Perm Cols = 20    | Rows = 1024  | Cells = 73728      shard=1
2025-10-28T17:35:43.391980Z DEBUG prove_core:phase 2 prover:batch:opening:flatten permutation traces and collect domains: close time.busy=4.05s time.idle=6.13µs shard=1
2025-10-28T17:36:11.747129Z DEBUG prove_core:phase 2 prover:batch:opening:commit to permutation traces: close time.busy=28.4s time.idle=5.89µs shard=1
2025-10-28T17:36:11.764687Z DEBUG prove_core:phase 2 prover:batch:opening:compute quotient values:compute quotient values for domain: close time.busy=16.9ms time.idle=8.31µs shard=1
2025-10-28T17:36:11.818202Z DEBUG prove_core:phase 2 prover:batch:opening:compute quotient values:compute quotient values for domain: close time.busy=70.0ms time.idle=15.7µs shard=1
2025-10-28T17:36:18.609902Z DEBUG prove_core:phase 2 prover:batch:opening:compute quotient values:compute quotient values for domain: close time.busy=6.86s time.idle=15.9µs shard=1
2025-10-28T17:36:23.287662Z DEBUG prove_core:phase 2 prover:batch:opening:compute quotient values:compute quotient values for domain: close time.busy=11.5s time.idle=7.10µs shard=1
2025-10-28T17:36:30.103971Z DEBUG prove_core:phase 2 prover:batch:opening:compute quotient values:compute quotient values for domain: close time.busy=18.4s time.idle=6.32µs shard=1
2025-10-28T17:36:44.769636Z DEBUG prove_core:phase 2 prover:batch:opening:compute quotient values:compute quotient values for domain: close time.busy=33.0s time.idle=8.32µs shard=1
2025-10-28T17:37:13.465219Z DEBUG prove_core:phase 2 prover:batch:opening:compute quotient values:compute quotient values for domain: close time.busy=61.7s time.idle=7.10µs shard=1
2025-10-28T17:37:13.502583Z DEBUG prove_core:phase 2 prover:batch:opening:compute quotient values:compute quotient values for domain: close time.busy=61.8s time.idle=8.10µs shard=1
2025-10-28T17:37:13.532580Z DEBUG prove_core:phase 2 prover:batch:opening:compute quotient values:compute quotient values for domain: close time.busy=61.8s time.idle=6.58µs shard=1
2025-10-28T17:37:13.540146Z DEBUG prove_core:phase 2 prover:batch:opening:compute quotient values:compute quotient values for domain: close time.busy=61.8s time.idle=6.40µs shard=1
2025-10-28T17:37:13.555734Z DEBUG prove_core:phase 2 prover:batch:opening:compute quotient values:compute quotient values for domain: close time.busy=61.8s time.idle=8.45µs shard=1
2025-10-28T17:37:13.589271Z DEBUG prove_core:phase 2 prover:batch:opening:compute quotient values:compute quotient values for domain: close time.busy=61.8s time.idle=6.01µs shard=1
2025-10-28T17:37:13.604389Z DEBUG prove_core:phase 2 prover:batch:opening:compute quotient values:compute quotient values for domain: close time.busy=61.9s time.idle=13.1µs shard=1
2025-10-28T17:37:13.635730Z DEBUG prove_core:phase 2 prover:batch:opening:compute quotient values:compute quotient values for domain: close time.busy=61.9s time.idle=5.92µs shard=1
2025-10-28T17:37:14.167270Z DEBUG prove_core:phase 2 prover:batch:opening:compute quotient values:compute quotient values for domain: close time.busy=62.4s time.idle=6.60µs shard=1
2025-10-28T17:37:14.326040Z DEBUG prove_core:phase 2 prover:batch:opening:compute quotient values:compute quotient values for domain: close time.busy=62.6s time.idle=19.2µs shard=1
2025-10-28T17:37:14.438609Z DEBUG prove_core:phase 2 prover:batch:opening:compute quotient values:compute quotient values for domain: close time.busy=62.7s time.idle=8.70µs shard=1
2025-10-28T17:37:27.891327Z DEBUG prove_core:phase 2 prover:batch:opening:commit to quotient traces: close time.busy=12.3s time.idle=12.2µs shard=1
2025-10-28T17:37:27.891530Z DEBUG prove_core:phase 2 prover:batch:opening:compute preprocessed opening points: close time.busy=21.7µs time.idle=3.92µs shard=1
2025-10-28T17:37:27.891608Z DEBUG prove_core:phase 2 prover:batch:opening:compute main trace opening points: close time.busy=54.9µs time.idle=3.41µs shard=1
2025-10-28T17:37:27.891646Z DEBUG prove_core:phase 2 prover:batch:opening:compute permutation trace opening points: close time.busy=12.1µs time.idle=3.01µs shard=1
2025-10-28T17:38:00.898824Z DEBUG prove_core:phase 2 prover:batch:opening:open multi batches: close time.busy=33.0s time.idle=5.61µs shard=1
2025-10-28T17:38:01.096597Z DEBUG prove_core:phase 2 prover:batch:opening:compute quotient values: close time.busy=62.7s time.idle=46.7s shard=1
2025-10-28T17:38:02.512829Z DEBUG prove_core:phase 2 prover:batch:opening: close time.busy=158s time.idle=11.3µs shard=1
2025-10-28T17:38:02.512901Z DEBUG prove_core:phase 2 prover:batch: proving shard 1 took 203995386416 ns. shape: Some([(SyscallCore, 10), (SyscallInstrs, 10), (Byte, 16), (Global, 17), (ShiftLeft, 17), (Bitwise, 17), (ShiftRight, 17), (Mul, 17), (Jump, 18), (MemoryLocal, 18), (Auipc, 18), (Branch, 18), (Lt, 19), (Program, 19), (Cpu, 21), (AddSub, 21), (MemoryInstrs, 21)])
2025-10-28T17:38:02.513076Z DEBUG prove_core:phase 2 prover:batch: close time.busy=204s time.idle=26.4µs
2025-10-28T17:38:03.977143Z DEBUG prove_core:phase 2 trace generation:trace checkpoint: close time.busy=1.46s time.idle=5.43µs
2025-10-28T17:38:03.978885Z DEBUG prove_core:phase 2 trace generation: deferred 0 records
2025-10-28T17:38:04.118477Z DEBUG prove_core:phase 2 trace generation:generate dependencies:generate cpu dependencies: close time.busy=140ms time.idle=4.33µs index=3
2025-10-28T17:38:04.388904Z DEBUG prove_core:phase 2 trace generation:generate dependencies:register nonces: close time.busy=3.19µs time.idle=6.14µs index=3
2025-10-28T17:38:04.388975Z DEBUG prove_core:phase 2 trace generation:generate dependencies: close time.busy=410ms time.idle=4.22µs index=3
2025-10-28T17:38:04.390319Z DEBUG prove_core:phase 2 trace generation: Shard Lifted: Index=4, Cluster=0
2025-10-28T17:38:04.390355Z DEBUG prove_core:phase 2 trace generation: Chip Cpu: 21  -> 21 
2025-10-28T17:38:04.390369Z DEBUG prove_core:phase 2 trace generation: Chip AddSub: 21  -> 21 
2025-10-28T17:38:04.390379Z DEBUG prove_core:phase 2 trace generation: Chip Bitwise: 18  -> 18 
2025-10-28T17:38:04.390388Z DEBUG prove_core:phase 2 trace generation: Chip Mul: 11  -> 17 
2025-10-28T17:38:04.390398Z DEBUG prove_core:phase 2 trace generation: Chip ShiftRight: 15  -> 17 
2025-10-28T17:38:04.390408Z DEBUG prove_core:phase 2 trace generation: Chip ShiftLeft: 15  -> 17 
2025-10-28T17:38:04.390418Z DEBUG prove_core:phase 2 trace generation: Chip Lt: 19  -> 19 
2025-10-28T17:38:04.390450Z DEBUG prove_core:phase 2 trace generation: Chip MemoryLocal: 15  -> 18 
2025-10-28T17:38:04.390461Z DEBUG prove_core:phase 2 trace generation: Chip MemoryInstrs: 20  -> 20 
2025-10-28T17:38:04.390471Z DEBUG prove_core:phase 2 trace generation: Chip Auipc: 15  -> 18 
2025-10-28T17:38:04.390481Z DEBUG prove_core:phase 2 trace generation: Chip Branch: 18  -> 18 
2025-10-28T17:38:04.390490Z DEBUG prove_core:phase 2 trace generation: Chip Jump: 16  -> 18 
2025-10-28T17:38:04.390503Z DEBUG prove_core:phase 2 trace generation: Chip Global: 18  -> 18 
2025-10-28T17:38:04.390518Z DEBUG prove_core:phase 2 trace generation: Chip SyscallCore: 11  -> 18 
2025-10-28T17:38:04.390528Z DEBUG prove_core:phase 2 trace generation: Chip SyscallInstrs: 11  -> 18 
2025-10-28T17:38:04.390905Z DEBUG fixed log2 rows can be potentially reduced: got 1087, expected 131072
2025-10-28T17:38:04.391032Z DEBUG fixed log2 rows can be potentially reduced: got 17206, expected 131072
2025-10-28T17:38:04.392043Z DEBUG fixed log2 rows can be potentially reduced: got 1080, expected 262144
2025-10-28T17:38:04.398358Z DEBUG fixed log2 rows can be potentially reduced: got 50964, expected 262144
2025-10-28T17:38:04.399713Z DEBUG fixed log2 rows can be potentially reduced: got 30972, expected 131072
2025-10-28T17:38:04.411165Z DEBUG prove_core:phase 2 trace generation:generate main traces:generate traces for shard: generated trace for chip SyscallCore in 20.289273ms index=3
2025-10-28T17:38:04.417684Z DEBUG prove_core:phase 2 trace generation:generate main traces:generate traces for shard: generated trace for chip Mul in 26.786947ms index=3
2025-10-28T17:38:04.417780Z DEBUG fixed log2 rows can be potentially reduced: got 23532, expected 262144
2025-10-28T17:38:04.440864Z DEBUG prove_core:phase 2 trace generation:generate main traces:generate traces for shard: generated trace for chip Jump in 42.597808ms index=3
2025-10-28T17:38:04.440966Z DEBUG fixed log2 rows can be potentially reduced: got 1080, expected 262144
2025-10-28T17:38:04.443708Z DEBUG prove_core:phase 2 trace generation:generate main traces:generate traces for shard: generated trace for chip SyscallInstrs in 2.767466ms index=3
2025-10-28T17:38:04.444517Z DEBUG fixed log2 rows can be potentially reduced: got 20470, expected 262144
2025-10-28T17:38:04.447187Z DEBUG prove_core:phase 2 trace generation:generate main traces:generate traces for shard: generated trace for chip Auipc in 29.429043ms index=3
2025-10-28T17:38:04.453221Z DEBUG prove_core:phase 2 trace generation:generate main traces:generate traces for shard: generated trace for chip ShiftRight in 62.191773ms index=3
2025-10-28T17:38:04.455747Z DEBUG prove_core:phase 2 trace generation:generate main traces:generate traces for shard: generated trace for chip MemoryLocal in 11.982736ms index=3
2025-10-28T17:38:04.461822Z DEBUG fixed log2 rows can be potentially reduced: got 50022, expected 524288
2025-10-28T17:38:04.462486Z DEBUG prove_core:phase 2 trace generation:generate main traces:generate traces for shard: generated trace for chip Program in 70.42258ms index=3
2025-10-28T17:38:04.541193Z DEBUG prove_core:phase 2 trace generation:generate main traces:generate traces for shard: generated trace for chip Branch in 93.94953ms index=3
2025-10-28T17:38:04.578304Z DEBUG prove_core:phase 2 trace generation:generate main traces:generate traces for shard: generated trace for chip Byte in 3.88464ms index=3
2025-10-28T17:38:04.628751Z DEBUG prove_core:phase 2 trace generation:generate main traces:generate traces for shard: generated trace for chip ShiftLeft in 232.101915ms index=3
2025-10-28T17:38:04.840168Z DEBUG prove_core:phase 2 trace generation:generate main traces:generate traces for shard: generated trace for chip AddSub in 428.930319ms index=3
2025-10-28T17:38:04.875901Z DEBUG prove_core:phase 2 trace generation:generate main traces:generate traces for shard: generated trace for chip Bitwise in 485.063277ms index=3
2025-10-28T17:38:05.311700Z DEBUG prove_core:phase 2 trace generation:generate main traces:generate traces for shard: generated trace for chip Cpu in 920.881935ms index=3
2025-10-28T17:38:05.369623Z DEBUG prove_core:phase 2 trace generation:generate main traces:generate traces for shard: generated trace for chip Lt in 975.155168ms index=3
2025-10-28T17:38:05.371041Z DEBUG prove_core:phase 2 trace generation:generate main traces:generate traces for shard: generated trace for chip MemoryInstrs in 829.788996ms index=3
2025-10-28T17:38:05.952231Z DEBUG prove_core:phase 2 trace generation:generate main traces:generate traces for shard: generated trace for chip Global in 1.498940179s index=3
2025-10-28T17:38:05.952575Z DEBUG prove_core:phase 2 trace generation:generate main traces:generate traces for shard: close time.busy=1.56s time.idle=3.98µs index=3
2025-10-28T17:38:05.952607Z  INFO prove_core:phase 2 trace generation:generate main traces: close time.busy=1.56s time.idle=3.66µs index=3
2025-10-28T17:38:49.156323Z DEBUG prove_core:phase 2 prover:batch:commit: close time.busy=46.6s time.idle=5.88µs shard=2
2025-10-28T17:39:03.740191Z DEBUG prove_core:phase 2 prover:batch:opening:generate permutation traces: close time.busy=14.6s time.idle=5.66µs shard=2
2025-10-28T17:39:03.740450Z DEBUG prove_core:phase 2 prover:batch:opening: AddSub          | Main Cols = 19    | Pre Cols = 0      | Perm Cols = 20    | Rows = 2097152 | Cells = 81788928   shard=2
2025-10-28T17:39:03.740720Z DEBUG prove_core:phase 2 prover:batch:opening: Cpu             | Main Cols = 57    | Pre Cols = 0      | Perm Cols = 44    | Rows = 2097152 | Cells = 211812352  shard=2
2025-10-28T17:39:03.740731Z DEBUG prove_core:phase 2 prover:batch:opening: MemoryInstrs    | Main Cols = 57    | Pre Cols = 0      | Perm Cols = 28    | Rows = 2097152 | Cells = 178257920  shard=2
2025-10-28T17:39:03.740741Z DEBUG prove_core:phase 2 prover:batch:opening: Lt              | Main Cols = 33    | Pre Cols = 0      | Perm Cols = 12    | Rows = 524288 | Cells = 23592960   shard=2
2025-10-28T17:39:03.740750Z DEBUG prove_core:phase 2 prover:batch:opening: Program         | Main Cols = 1     | Pre Cols = 14     | Perm Cols = 8     | Rows = 524288 | Cells = 12058624   shard=2
2025-10-28T17:39:03.740759Z DEBUG prove_core:phase 2 prover:batch:opening: Auipc           | Main Cols = 21    | Pre Cols = 0      | Perm Cols = 12    | Rows = 262144 | Cells = 8650752    shard=2
2025-10-28T17:39:03.740769Z DEBUG prove_core:phase 2 prover:batch:opening: Branch          | Main Cols = 34    | Pre Cols = 0      | Perm Cols = 16    | Rows = 262144 | Cells = 13107200   shard=2
2025-10-28T17:39:03.740777Z DEBUG prove_core:phase 2 prover:batch:opening: Jump            | Main Cols = 26    | Pre Cols = 0      | Perm Cols = 16    | Rows = 262144 | Cells = 11010048   shard=2
2025-10-28T17:39:03.740787Z DEBUG prove_core:phase 2 prover:batch:opening: MemoryLocal     | Main Cols = 56    | Pre Cols = 0      | Perm Cols = 36    | Rows = 262144 | Cells = 24117248   shard=2
2025-10-28T17:39:03.740796Z DEBUG prove_core:phase 2 prover:batch:opening: Bitwise         | Main Cols = 17    | Pre Cols = 0      | Perm Cols = 16    | Rows = 131072 | Cells = 4325376    shard=2
2025-10-28T17:39:03.740804Z DEBUG prove_core:phase 2 prover:batch:opening: Global          | Main Cols = 412   | Pre Cols = 0      | Perm Cols = 8     | Rows = 131072 | Cells = 55050240   shard=2
2025-10-28T17:39:03.740813Z DEBUG prove_core:phase 2 prover:batch:opening: Mul             | Main Cols = 39    | Pre Cols = 0      | Perm Cols = 36    | Rows = 131072 | Cells = 9830400    shard=2
2025-10-28T17:39:03.740822Z DEBUG prove_core:phase 2 prover:batch:opening: ShiftLeft       | Main Cols = 44    | Pre Cols = 0      | Perm Cols = 16    | Rows = 131072 | Cells = 7864320    shard=2
2025-10-28T17:39:03.740831Z DEBUG prove_core:phase 2 prover:batch:opening: ShiftRight      | Main Cols = 70    | Pre Cols = 0      | Perm Cols = 56    | Rows = 131072 | Cells = 16515072   shard=2
2025-10-28T17:39:03.740840Z DEBUG prove_core:phase 2 prover:batch:opening: Byte            | Main Cols = 9     | Pre Cols = 11     | Perm Cols = 24    | Rows = 65536 | Cells = 2883584    shard=2
2025-10-28T17:39:07.793482Z DEBUG prove_core:phase 2 prover:batch:opening:flatten permutation traces and collect domains: close time.busy=4.05s time.idle=4.62µs shard=2
2025-10-28T17:39:35.488840Z DEBUG prove_core:phase 2 prover:batch:opening:commit to permutation traces: close time.busy=27.7s time.idle=7.20µs shard=2
2025-10-28T17:39:41.201480Z DEBUG prove_core:phase 2 prover:batch:opening:compute quotient values:compute quotient values for domain: close time.busy=5.71s time.idle=18.1µs shard=2
2025-10-28T17:39:41.710483Z DEBUG prove_core:phase 2 prover:batch:opening:compute quotient values:compute quotient values for domain: close time.busy=6.22s time.idle=6.16µs shard=2
2025-10-28T17:39:42.627530Z DEBUG prove_core:phase 2 prover:batch:opening:compute quotient values:compute quotient values for domain: close time.busy=7.14s time.idle=11.1µs shard=2
2025-10-28T17:39:45.502135Z DEBUG prove_core:phase 2 prover:batch:opening:compute quotient values:compute quotient values for domain: close time.busy=10.0s time.idle=16.4µs shard=2
2025-10-28T17:39:49.055376Z DEBUG prove_core:phase 2 prover:batch:opening:compute quotient values:compute quotient values for domain: close time.busy=13.6s time.idle=11.3µs shard=2
2025-10-28T17:40:10.169852Z DEBUG prove_core:phase 2 prover:batch:opening:compute quotient values:compute quotient values for domain: close time.busy=34.7s time.idle=6.84µs shard=2
2025-10-28T17:40:36.637541Z DEBUG prove_core:phase 2 prover:batch:opening:compute quotient values:compute quotient values for domain: close time.busy=61.1s time.idle=5.75µs shard=2
2025-10-28T17:40:36.648340Z DEBUG prove_core:phase 2 prover:batch:opening:compute quotient values:compute quotient values for domain: close time.busy=61.2s time.idle=7.30µs shard=2
2025-10-28T17:40:36.673346Z DEBUG prove_core:phase 2 prover:batch:opening:compute quotient values:compute quotient values for domain: close time.busy=61.2s time.idle=5.90µs shard=2
2025-10-28T17:40:36.693011Z DEBUG prove_core:phase 2 prover:batch:opening:compute quotient values:compute quotient values for domain: close time.busy=61.2s time.idle=6.10µs shard=2
2025-10-28T17:40:36.731977Z DEBUG prove_core:phase 2 prover:batch:opening:compute quotient values:compute quotient values for domain: close time.busy=61.2s time.idle=32.0µs shard=2
2025-10-28T17:40:36.773321Z DEBUG prove_core:phase 2 prover:batch:opening:compute quotient values:compute quotient values for domain: close time.busy=61.3s time.idle=13.6µs shard=2
2025-10-28T17:40:36.882109Z DEBUG prove_core:phase 2 prover:batch:opening:compute quotient values:compute quotient values for domain: close time.busy=61.4s time.idle=6.27µs shard=2
2025-10-28T17:40:37.402970Z DEBUG prove_core:phase 2 prover:batch:opening:compute quotient values:compute quotient values for domain: close time.busy=61.9s time.idle=13.1µs shard=2
2025-10-28T17:40:37.731083Z DEBUG prove_core:phase 2 prover:batch:opening:compute quotient values:compute quotient values for domain: close time.busy=62.2s time.idle=16.4µs shard=2
2025-10-28T17:40:51.777758Z DEBUG prove_core:phase 2 prover:batch:opening:commit to quotient traces: close time.busy=12.6s time.idle=6.90µs shard=2
2025-10-28T17:40:51.777950Z DEBUG prove_core:phase 2 prover:batch:opening:compute preprocessed opening points: close time.busy=35.4µs time.idle=5.15µs shard=2
2025-10-28T17:40:51.778045Z DEBUG prove_core:phase 2 prover:batch:opening:compute main trace opening points: close time.busy=70.5µs time.idle=3.31µs shard=2
2025-10-28T17:40:51.778084Z DEBUG prove_core:phase 2 prover:batch:opening:compute permutation trace opening points: close time.busy=16.0µs time.idle=3.59µs shard=2
2025-10-28T17:41:22.874209Z DEBUG prove_core:phase 2 prover:batch:opening:open multi batches: close time.busy=31.1s time.idle=5.61µs shard=2
2025-10-28T17:41:22.989823Z DEBUG prove_core:phase 2 prover:batch:opening:compute quotient values: close time.busy=62.2s time.idle=45.3s shard=2
2025-10-28T17:41:24.454525Z DEBUG prove_core:phase 2 prover:batch:opening: close time.busy=155s time.idle=13.4µs shard=2
2025-10-28T17:41:24.454601Z DEBUG prove_core:phase 2 prover:batch: proving shard 2 took 201941471759 ns. shape: Some([(Byte, 16), (Global, 17), (ShiftLeft, 17), (Bitwise, 17), (ShiftRight, 17), (Mul, 17), (Jump, 18), (MemoryLocal, 18), (Auipc, 18), (Branch, 18), (Lt, 19), (Program, 19), (Cpu, 21), (AddSub, 21), (MemoryInstrs, 21)])
2025-10-28T17:41:24.454724Z DEBUG prove_core:phase 2 prover:batch: close time.busy=202s time.idle=10.7µs
2025-10-28T17:41:25.626900Z  INFO prove_core:phase 2 trace generation:trace checkpoint: clk = 10000000 pc = 0x2313e0
2025-10-28T17:41:25.852203Z DEBUG prove_core:phase 2 trace generation:trace checkpoint: close time.busy=1.40s time.idle=6.02µs
2025-10-28T17:41:25.865213Z DEBUG prove_core:phase 2 trace generation: deferred 2 records
2025-10-28T17:41:26.057653Z DEBUG prove_core:phase 2 trace generation:generate dependencies:generate cpu dependencies: close time.busy=192ms time.idle=4.58µs index=4
2025-10-28T17:41:26.291658Z DEBUG prove_core:phase 2 trace generation:generate dependencies:register nonces: close time.busy=3.54µs time.idle=6.76µs index=4
2025-10-28T17:41:26.291755Z DEBUG prove_core:phase 2 trace generation:generate dependencies:generate cpu dependencies: close time.busy=19.6µs time.idle=4.20µs index=4
2025-10-28T17:41:26.870036Z DEBUG prove_core:phase 2 trace generation:generate dependencies:register nonces: close time.busy=2.71µs time.idle=6.00µs index=4
2025-10-28T17:41:26.870106Z DEBUG prove_core:phase 2 trace generation:generate dependencies:generate cpu dependencies: close time.busy=9.82µs time.idle=2.97µs index=4
2025-10-28T17:41:27.185187Z DEBUG prove_core:phase 2 trace generation:generate dependencies:register nonces: close time.busy=3.16µs time.idle=6.91µs index=4
2025-10-28T17:41:27.185260Z DEBUG prove_core:phase 2 trace generation:generate dependencies: close time.busy=1.32s time.idle=4.94µs index=4
2025-10-28T17:41:27.186554Z DEBUG prove_core:phase 2 trace generation: Shard Lifted: Index=5, Cluster=16
2025-10-28T17:41:27.186584Z DEBUG prove_core:phase 2 trace generation: Chip Cpu: 21  -> 21 
2025-10-28T17:41:27.186598Z DEBUG prove_core:phase 2 trace generation: Chip AddSub: 21  -> 21 
2025-10-28T17:41:27.186608Z DEBUG prove_core:phase 2 trace generation: Chip Bitwise: 18  -> 18 
2025-10-28T17:41:27.186618Z DEBUG prove_core:phase 2 trace generation: Chip Mul: 11  -> 17 
2025-10-28T17:41:27.186628Z DEBUG prove_core:phase 2 trace generation: Chip ShiftRight: 12  -> 17 
2025-10-28T17:41:27.186639Z DEBUG prove_core:phase 2 trace generation: Chip ShiftLeft: 15  -> 17 
2025-10-28T17:41:27.186649Z DEBUG prove_core:phase 2 trace generation: Chip Lt: 20  -> 20 
2025-10-28T17:41:27.186659Z DEBUG prove_core:phase 2 trace generation: Chip MemoryLocal: 15  -> 18 
2025-10-28T17:41:27.186669Z DEBUG prove_core:phase 2 trace generation: Chip MemoryInstrs: 20  -> 20 
2025-10-28T17:41:27.186679Z DEBUG prove_core:phase 2 trace generation: Chip Auipc: 14  -> 18 
2025-10-28T17:41:27.186689Z DEBUG prove_core:phase 2 trace generation: Chip Branch: 18  -> 18 
2025-10-28T17:41:27.186698Z DEBUG prove_core:phase 2 trace generation: Chip Jump: 15  -> 18 
2025-10-28T17:41:27.186708Z DEBUG prove_core:phase 2 trace generation: Chip Global: 18  -> 18 
2025-10-28T17:41:27.186718Z DEBUG prove_core:phase 2 trace generation: Chip SyscallCore: 11  -> 18 
2025-10-28T17:41:27.186728Z DEBUG prove_core:phase 2 trace generation: Chip SyscallInstrs: 11  -> 18 
2025-10-28T17:41:27.187980Z DEBUG fixed log2 rows can be potentially reduced: got 11976, expected 262144
2025-10-28T17:41:27.188087Z DEBUG fixed log2 rows can be potentially reduced: got 1686, expected 262144
2025-10-28T17:41:27.188388Z DEBUG generate traces for shard: generated trace for chip SyscallPrecompile in 440.004µs
2025-10-28T17:41:27.188539Z DEBUG fixed log2 rows can be potentially reduced: got 28035, expected 262144
2025-10-28T17:41:27.189308Z DEBUG generate traces for shard: fixed log2 rows can be potentially reduced: got 50022, expected 524288
2025-10-28T17:41:27.189308Z DEBUG generate traces for shard: fixed log2 rows can be potentially reduced: got 50022, expected 524288
2025-10-28T17:41:27.189989Z DEBUG generate traces for shard: generated trace for chip Program in 2.063869ms
2025-10-28T17:41:27.190223Z DEBUG generate traces for shard: generated trace for chip Program in 2.191307ms
2025-10-28T17:41:27.190398Z DEBUG generate traces for shard: generated trace for chip SyscallCore in 2.463805ms
2025-10-28T17:41:27.193571Z DEBUG generate traces for shard: generated trace for chip Auipc in 5.633388ms
2025-10-28T17:41:27.197760Z DEBUG generate traces for shard: generated trace for chip MemoryLocal in 7.973414ms
2025-10-28T17:41:27.232275Z DEBUG generate traces for shard: generated trace for chip Jump in 43.756221ms
2025-10-28T17:41:27.232358Z DEBUG fixed log2 rows can be potentially reduced: got 1686, expected 262144
2025-10-28T17:41:27.235778Z DEBUG generate traces for shard: generated trace for chip SyscallInstrs in 3.445656ms
2025-10-28T17:41:27.236578Z DEBUG fixed log2 rows can be potentially reduced: got 23481, expected 262144
2025-10-28T17:41:27.248084Z DEBUG generate traces for shard: generated trace for chip MemoryLocal in 12.276842ms
2025-10-28T17:41:27.262855Z DEBUG fixed log2 rows can be potentially reduced: got 50022, expected 524288
2025-10-28T17:41:27.264339Z DEBUG generate traces for shard: generated trace for chip Program in 76.34059ms
2025-10-28T17:41:27.266378Z DEBUG generate traces for shard: generated trace for chip Byte in 2.002728ms
2025-10-28T17:41:27.269376Z DEBUG generate traces for shard: generated trace for chip Bitwise in 81.384209ms
2025-10-28T17:41:27.269494Z DEBUG fixed log2 rows can be potentially reduced: got 1686, expected 131072
2025-10-28T17:41:27.279283Z DEBUG generate traces for shard: generated trace for chip Branch in 89.263401ms
2025-10-28T17:41:27.280917Z DEBUG generate traces for shard: generated trace for chip Mul in 11.45676ms
2025-10-28T17:41:27.280998Z DEBUG fixed log2 rows can be potentially reduced: got 2253, expected 131072
2025-10-28T17:41:27.574051Z DEBUG generate traces for shard: generated trace for chip ShiftRight in 293.085375ms
2025-10-28T17:41:27.592171Z DEBUG fixed log2 rows can be potentially reduced: got 26382, expected 131072
2025-10-28T17:41:27.714898Z DEBUG generate traces for shard: generated trace for chip ShiftLeft in 140.785315ms
2025-10-28T17:41:27.852327Z DEBUG generate traces for shard: generated trace for chip MemoryLocal in 11.961887ms
2025-10-28T17:41:27.892944Z DEBUG generate traces for shard: generated trace for chip Lt in 705.076664ms
2025-10-28T17:41:27.938910Z DEBUG generate traces for shard: generated trace for chip Byte in 955.212µs
2025-10-28T17:41:27.963401Z DEBUG generate traces for shard: generated trace for chip Byte in 1.008216ms
2025-10-28T17:41:28.013059Z DEBUG generate traces for shard: generated trace for chip SyscallPrecompile in 446.531µs
2025-10-28T17:41:29.750456Z DEBUG generate traces for shard: generated trace for chip AddSub in 2.560030679s
2025-10-28T17:41:30.083764Z DEBUG generate traces for shard: generated trace for chip MemoryInstrs in 2.895797097s
2025-10-28T17:41:30.088304Z DEBUG generate traces for shard: generated trace for chip Cpu in 2.900519406s
2025-10-28T17:41:30.089414Z DEBUG generate traces for shard: generated trace for chip KeccakPermute in 2.899159512s
2025-10-28T17:41:30.133304Z DEBUG generate traces for shard: generated trace for chip KeccakPermute in 2.945365425s
2025-10-28T17:41:30.577650Z DEBUG generate traces for shard: generated trace for chip Global in 3.379830386s
2025-10-28T17:41:30.584547Z DEBUG generate traces for shard: close time.busy=3.40s time.idle=6.65µs
2025-10-28T17:41:30.842362Z DEBUG generate traces for shard: generated trace for chip Global in 3.594220318s
2025-10-28T17:41:30.842618Z DEBUG generate traces for shard: close time.busy=3.65s time.idle=5.02µs
2025-10-28T17:41:30.843091Z DEBUG generate traces for shard: generated trace for chip Global in 2.990711222s
2025-10-28T17:41:30.843204Z DEBUG generate traces for shard: close time.busy=3.66s time.idle=6.84µs
2025-10-28T17:41:30.843370Z  INFO prove_core:phase 2 trace generation:generate main traces: close time.busy=3.66s time.idle=4.16µs index=4
2025-10-28T17:42:14.587344Z DEBUG prove_core:phase 2 prover:batch:commit: close time.busy=50.1s time.idle=4.96µs shard=3
2025-10-28T17:42:29.756619Z DEBUG prove_core:phase 2 prover:batch:opening:generate permutation traces: close time.busy=15.2s time.idle=5.38µs shard=3
2025-10-28T17:42:29.756725Z DEBUG prove_core:phase 2 prover:batch:opening: AddSub          | Main Cols = 19    | Pre Cols = 0      | Perm Cols = 20    | Rows = 2097152 | Cells = 81788928   shard=3
2025-10-28T17:42:29.756744Z DEBUG prove_core:phase 2 prover:batch:opening: Cpu             | Main Cols = 57    | Pre Cols = 0      | Perm Cols = 44    | Rows = 2097152 | Cells = 211812352  shard=3
2025-10-28T17:42:29.756756Z DEBUG prove_core:phase 2 prover:batch:opening: MemoryInstrs    | Main Cols = 57    | Pre Cols = 0      | Perm Cols = 28    | Rows = 2097152 | Cells = 178257920  shard=3
2025-10-28T17:42:29.756767Z DEBUG prove_core:phase 2 prover:batch:opening: Lt              | Main Cols = 33    | Pre Cols = 0      | Perm Cols = 12    | Rows = 524288 | Cells = 23592960   shard=3
2025-10-28T17:42:29.756778Z DEBUG prove_core:phase 2 prover:batch:opening: Program         | Main Cols = 1     | Pre Cols = 14     | Perm Cols = 8     | Rows = 524288 | Cells = 12058624   shard=3
2025-10-28T17:42:29.756789Z DEBUG prove_core:phase 2 prover:batch:opening: Auipc           | Main Cols = 21    | Pre Cols = 0      | Perm Cols = 12    | Rows = 262144 | Cells = 8650752    shard=3
2025-10-28T17:42:29.756800Z DEBUG prove_core:phase 2 prover:batch:opening: Branch          | Main Cols = 34    | Pre Cols = 0      | Perm Cols = 16    | Rows = 262144 | Cells = 13107200   shard=3
2025-10-28T17:42:29.756811Z DEBUG prove_core:phase 2 prover:batch:opening: Jump            | Main Cols = 26    | Pre Cols = 0      | Perm Cols = 16    | Rows = 262144 | Cells = 11010048   shard=3
2025-10-28T17:42:29.756822Z DEBUG prove_core:phase 2 prover:batch:opening: MemoryLocal     | Main Cols = 56    | Pre Cols = 0      | Perm Cols = 36    | Rows = 262144 | Cells = 24117248   shard=3
2025-10-28T17:42:29.756833Z DEBUG prove_core:phase 2 prover:batch:opening: Bitwise         | Main Cols = 17    | Pre Cols = 0      | Perm Cols = 16    | Rows = 131072 | Cells = 4325376    shard=3
2025-10-28T17:42:29.756844Z DEBUG prove_core:phase 2 prover:batch:opening: Global          | Main Cols = 412   | Pre Cols = 0      | Perm Cols = 8     | Rows = 131072 | Cells = 55050240   shard=3
2025-10-28T17:42:29.756855Z DEBUG prove_core:phase 2 prover:batch:opening: Mul             | Main Cols = 39    | Pre Cols = 0      | Perm Cols = 36    | Rows = 131072 | Cells = 9830400    shard=3
2025-10-28T17:42:29.756866Z DEBUG prove_core:phase 2 prover:batch:opening: ShiftLeft       | Main Cols = 44    | Pre Cols = 0      | Perm Cols = 16    | Rows = 131072 | Cells = 7864320    shard=3
2025-10-28T17:42:29.756876Z DEBUG prove_core:phase 2 prover:batch:opening: ShiftRight      | Main Cols = 70    | Pre Cols = 0      | Perm Cols = 56    | Rows = 131072 | Cells = 16515072   shard=3
2025-10-28T17:42:29.756887Z DEBUG prove_core:phase 2 prover:batch:opening: Byte            | Main Cols = 9     | Pre Cols = 11     | Perm Cols = 24    | Rows = 65536 | Cells = 2883584    shard=3
2025-10-28T17:42:33.752975Z DEBUG prove_core:phase 2 prover:batch:opening:flatten permutation traces and collect domains: close time.busy=4.00s time.idle=5.65µs shard=3
2025-10-28T17:43:01.338680Z DEBUG prove_core:phase 2 prover:batch:opening:commit to permutation traces: close time.busy=27.6s time.idle=6.45µs shard=3
2025-10-28T17:43:03.195408Z DEBUG prove_core:phase 2 prover:batch:opening:compute quotient values:compute quotient values for domain: close time.busy=1.86s time.idle=5.56µs shard=3
2025-10-28T17:43:08.280899Z DEBUG prove_core:phase 2 prover:batch:opening:compute quotient values:compute quotient values for domain: close time.busy=6.94s time.idle=6.76µs shard=3
2025-10-28T17:43:08.302981Z DEBUG prove_core:phase 2 prover:batch:opening:compute quotient values:compute quotient values for domain: close time.busy=6.96s time.idle=5.81µs shard=3
2025-10-28T17:43:14.133821Z DEBUG prove_core:phase 2 prover:batch:opening:compute quotient values:compute quotient values for domain: close time.busy=12.8s time.idle=7.83µs shard=3
2025-10-28T17:43:29.300505Z DEBUG prove_core:phase 2 prover:batch:opening:compute quotient values:compute quotient values for domain: close time.busy=28.0s time.idle=14.1µs shard=3
2025-10-28T17:43:33.755076Z DEBUG prove_core:phase 2 prover:batch:opening:compute quotient values:compute quotient values for domain: close time.busy=32.4s time.idle=6.13µs shard=3
2025-10-28T17:43:40.878320Z DEBUG prove_core:phase 2 prover:batch:opening:compute quotient values:compute quotient values for domain: close time.busy=39.5s time.idle=8.30µs shard=3
2025-10-28T17:44:02.063519Z DEBUG prove_core:phase 2 prover:batch:opening:compute quotient values:compute quotient values for domain: close time.busy=60.7s time.idle=6.02µs shard=3
2025-10-28T17:44:02.073498Z DEBUG prove_core:phase 2 prover:batch:opening:compute quotient values:compute quotient values for domain: close time.busy=60.7s time.idle=6.31µs shard=3
2025-10-28T17:44:02.085354Z DEBUG prove_core:phase 2 prover:batch:opening:compute quotient values:compute quotient values for domain: close time.busy=60.7s time.idle=7.86µs shard=3
2025-10-28T17:44:02.128648Z DEBUG prove_core:phase 2 prover:batch:opening:compute quotient values:compute quotient values for domain: close time.busy=60.8s time.idle=15.2µs shard=3
2025-10-28T17:44:02.144446Z DEBUG prove_core:phase 2 prover:batch:opening:compute quotient values:compute quotient values for domain: close time.busy=60.8s time.idle=7.42µs shard=3
2025-10-28T17:44:02.538584Z DEBUG prove_core:phase 2 prover:batch:opening:compute quotient values:compute quotient values for domain: close time.busy=61.2s time.idle=7.08µs shard=3
2025-10-28T17:44:02.658515Z DEBUG prove_core:phase 2 prover:batch:opening:compute quotient values:compute quotient values for domain: close time.busy=61.3s time.idle=5.20µs shard=3
2025-10-28T17:44:03.069688Z DEBUG prove_core:phase 2 prover:batch:opening:compute quotient values:compute quotient values for domain: close time.busy=61.7s time.idle=5.36µs shard=3
2025-10-28T17:44:17.037349Z DEBUG prove_core:phase 2 prover:batch:opening:commit to quotient traces: close time.busy=12.7s time.idle=8.37µs shard=3
2025-10-28T17:44:17.037505Z DEBUG prove_core:phase 2 prover:batch:opening:compute preprocessed opening points: close time.busy=34.6µs time.idle=4.98µs shard=3
2025-10-28T17:44:17.037555Z DEBUG prove_core:phase 2 prover:batch:opening:compute main trace opening points: close time.busy=18.1µs time.idle=3.57µs shard=3
2025-10-28T17:44:17.037582Z DEBUG prove_core:phase 2 prover:batch:opening:compute permutation trace opening points: close time.busy=7.54µs time.idle=3.19µs shard=3
2025-10-28T17:44:47.917317Z DEBUG prove_core:phase 2 prover:batch:opening:open multi batches: close time.busy=30.9s time.idle=5.25µs shard=3
2025-10-28T17:44:48.048094Z DEBUG prove_core:phase 2 prover:batch:opening:compute quotient values: close time.busy=61.7s time.idle=45.0s shard=3
2025-10-28T17:44:49.584703Z DEBUG prove_core:phase 2 prover:batch:opening: close time.busy=155s time.idle=108µs shard=3
2025-10-28T17:44:49.584788Z DEBUG prove_core:phase 2 prover:batch: proving shard 3 took 205129981850 ns. shape: Some([(Byte, 16), (Global, 17), (ShiftLeft, 17), (Bitwise, 17), (ShiftRight, 17), (Mul, 17), (Jump, 18), (MemoryLocal, 18), (Auipc, 18), (Branch, 18), (Lt, 19), (Program, 19), (Cpu, 21), (AddSub, 21), (MemoryInstrs, 21)])
2025-10-28T17:44:49.584939Z DEBUG prove_core:phase 2 prover:batch: close time.busy=205s time.idle=35.8µs
2025-10-28T17:45:36.696840Z DEBUG prove_core:phase 2 prover:batch:commit: close time.busy=47.1s time.idle=4.88µs shard=4
2025-10-28T17:45:49.992711Z DEBUG prove_core:phase 2 prover:batch:opening:generate permutation traces: close time.busy=13.3s time.idle=9.19µs shard=4
2025-10-28T17:45:49.993183Z DEBUG prove_core:phase 2 prover:batch:opening: AddSub          | Main Cols = 19    | Pre Cols = 0      | Perm Cols = 20    | Rows = 2097152 | Cells = 81788928   shard=4
2025-10-28T17:45:49.993411Z DEBUG prove_core:phase 2 prover:batch:opening: Cpu             | Main Cols = 57    | Pre Cols = 0      | Perm Cols = 44    | Rows = 2097152 | Cells = 211812352  shard=4
2025-10-28T17:45:49.993705Z DEBUG prove_core:phase 2 prover:batch:opening: MemoryInstrs    | Main Cols = 57    | Pre Cols = 0      | Perm Cols = 28    | Rows = 1048576 | Cells = 89128960   shard=4
2025-10-28T17:45:49.993919Z DEBUG prove_core:phase 2 prover:batch:opening: Lt              | Main Cols = 33    | Pre Cols = 0      | Perm Cols = 12    | Rows = 524288 | Cells = 23592960   shard=4
2025-10-28T17:45:49.994135Z DEBUG prove_core:phase 2 prover:batch:opening: Program         | Main Cols = 1     | Pre Cols = 14     | Perm Cols = 8     | Rows = 524288 | Cells = 12058624   shard=4
2025-10-28T17:45:49.994349Z DEBUG prove_core:phase 2 prover:batch:opening: Auipc           | Main Cols = 21    | Pre Cols = 0      | Perm Cols = 12    | Rows = 262144 | Cells = 8650752    shard=4
2025-10-28T17:45:49.994606Z DEBUG prove_core:phase 2 prover:batch:opening: Bitwise         | Main Cols = 17    | Pre Cols = 0      | Perm Cols = 16    | Rows = 262144 | Cells = 8650752    shard=4
2025-10-28T17:45:49.994835Z DEBUG prove_core:phase 2 prover:batch:opening: Branch          | Main Cols = 34    | Pre Cols = 0      | Perm Cols = 16    | Rows = 262144 | Cells = 13107200   shard=4
2025-10-28T17:45:49.995048Z DEBUG prove_core:phase 2 prover:batch:opening: Global          | Main Cols = 412   | Pre Cols = 0      | Perm Cols = 8     | Rows = 262144 | Cells = 110100480  shard=4
2025-10-28T17:45:49.995270Z DEBUG prove_core:phase 2 prover:batch:opening: Jump            | Main Cols = 26    | Pre Cols = 0      | Perm Cols = 16    | Rows = 262144 | Cells = 11010048   shard=4
2025-10-28T17:45:49.995510Z DEBUG prove_core:phase 2 prover:batch:opening: MemoryLocal     | Main Cols = 56    | Pre Cols = 0      | Perm Cols = 36    | Rows = 262144 | Cells = 24117248   shard=4
2025-10-28T17:45:49.995758Z DEBUG prove_core:phase 2 prover:batch:opening: SyscallCore     | Main Cols = 6     | Pre Cols = 0      | Perm Cols = 8     | Rows = 262144 | Cells = 3670016    shard=4
2025-10-28T17:45:49.995978Z DEBUG prove_core:phase 2 prover:batch:opening: SyscallInstrs   | Main Cols = 52    | Pre Cols = 0      | Perm Cols = 20    | Rows = 262144 | Cells = 18874368   shard=4
2025-10-28T17:45:49.996210Z DEBUG prove_core:phase 2 prover:batch:opening: Mul             | Main Cols = 39    | Pre Cols = 0      | Perm Cols = 36    | Rows = 131072 | Cells = 9830400    shard=4
2025-10-28T17:45:49.996421Z DEBUG prove_core:phase 2 prover:batch:opening: ShiftLeft       | Main Cols = 44    | Pre Cols = 0      | Perm Cols = 16    | Rows = 131072 | Cells = 7864320    shard=4
2025-10-28T17:45:49.996648Z DEBUG prove_core:phase 2 prover:batch:opening: ShiftRight      | Main Cols = 70    | Pre Cols = 0      | Perm Cols = 56    | Rows = 131072 | Cells = 16515072   shard=4
2025-10-28T17:45:49.996860Z DEBUG prove_core:phase 2 prover:batch:opening: Byte            | Main Cols = 9     | Pre Cols = 11     | Perm Cols = 24    | Rows = 65536 | Cells = 2883584    shard=4
2025-10-28T17:45:53.805985Z DEBUG prove_core:phase 2 prover:batch:opening:flatten permutation traces and collect domains: close time.busy=3.81s time.idle=7.83µs shard=4
2025-10-28T17:46:19.744646Z DEBUG prove_core:phase 2 prover:batch:opening:commit to permutation traces: close time.busy=25.9s time.idle=11.1µs shard=4
2025-10-28T17:46:25.682100Z DEBUG prove_core:phase 2 prover:batch:opening:compute quotient values:compute quotient values for domain: close time.busy=5.94s time.idle=7.61µs shard=4
2025-10-28T17:46:26.661215Z DEBUG prove_core:phase 2 prover:batch:opening:compute quotient values:compute quotient values for domain: close time.busy=6.92s time.idle=6.18µs shard=4
2025-10-28T17:46:31.224782Z DEBUG prove_core:phase 2 prover:batch:opening:compute quotient values:compute quotient values for domain: close time.busy=11.5s time.idle=6.85µs shard=4
2025-10-28T17:46:32.648146Z DEBUG prove_core:phase 2 prover:batch:opening:compute quotient values:compute quotient values for domain: close time.busy=3.41s time.idle=8.17µs shard=4
2025-10-28T17:46:34.043152Z DEBUG prove_core:phase 2 prover:batch:opening:compute quotient values:compute quotient values for domain: close time.busy=14.3s time.idle=8.05µs shard=4
2025-10-28T17:46:44.787236Z DEBUG prove_core:phase 2 prover:batch:opening:compute quotient values:compute quotient values for domain: close time.busy=25.0s time.idle=28.5µs shard=4
2025-10-28T17:46:49.715776Z DEBUG prove_core:phase 2 prover:batch:opening:compute quotient values:compute quotient values for domain: close time.busy=30.0s time.idle=6.92µs shard=4
2025-10-28T17:46:50.502135Z DEBUG prove_core:phase 2 prover:batch:opening:compute quotient values:compute quotient values for domain: close time.busy=30.8s time.idle=6.06µs shard=4
2025-10-28T17:47:15.647955Z DEBUG prove_core:phase 2 prover:batch:opening:compute quotient values:compute quotient values for domain: close time.busy=55.9s time.idle=6.48µs shard=4
2025-10-28T17:47:15.677878Z DEBUG prove_core:phase 2 prover:batch:opening:compute quotient values:compute quotient values for domain: close time.busy=55.9s time.idle=6.13µs shard=4
2025-10-28T17:47:15.711726Z DEBUG prove_core:phase 2 prover:batch:opening:compute quotient values:compute quotient values for domain: close time.busy=56.0s time.idle=6.72µs shard=4
2025-10-28T17:47:15.720340Z DEBUG prove_core:phase 2 prover:batch:opening:compute quotient values:compute quotient values for domain: close time.busy=56.0s time.idle=5.73µs shard=4
2025-10-28T17:47:15.871746Z DEBUG prove_core:phase 2 prover:batch:opening:compute quotient values:compute quotient values for domain: close time.busy=56.1s time.idle=27.0µs shard=4
2025-10-28T17:47:15.887741Z DEBUG prove_core:phase 2 prover:batch:opening:compute quotient values:compute quotient values for domain: close time.busy=56.1s time.idle=6.06µs shard=4
2025-10-28T17:47:16.157076Z DEBUG prove_core:phase 2 prover:batch:opening:compute quotient values:compute quotient values for domain: close time.busy=56.4s time.idle=6.10µs shard=4
2025-10-28T17:47:16.274713Z DEBUG prove_core:phase 2 prover:batch:opening:compute quotient values:compute quotient values for domain: close time.busy=56.5s time.idle=9.59µs shard=4
2025-10-28T17:47:16.562492Z DEBUG prove_core:phase 2 prover:batch:opening:compute quotient values:compute quotient values for domain: close time.busy=56.8s time.idle=14.3µs shard=4
2025-10-28T17:47:30.456487Z DEBUG prove_core:phase 2 prover:batch:opening:commit to quotient traces: close time.busy=12.6s time.idle=8.32µs shard=4
2025-10-28T17:47:30.456713Z DEBUG prove_core:phase 2 prover:batch:opening:compute preprocessed opening points: close time.busy=38.4µs time.idle=6.64µs shard=4
2025-10-28T17:47:30.456780Z DEBUG prove_core:phase 2 prover:batch:opening:compute main trace opening points: close time.busy=18.0µs time.idle=3.46µs shard=4
2025-10-28T17:47:30.456818Z DEBUG prove_core:phase 2 prover:batch:opening:compute permutation trace opening points: close time.busy=17.6µs time.idle=3.22µs shard=4
2025-10-28T17:48:02.357808Z DEBUG prove_core:phase 2 prover:batch:opening:open multi batches: close time.busy=31.9s time.idle=5.07µs shard=4
2025-10-28T17:48:02.449619Z DEBUG prove_core:phase 2 prover:batch:opening:compute quotient values: close time.busy=56.8s time.idle=45.9s shard=4
2025-10-28T17:48:03.924407Z DEBUG prove_core:phase 2 prover:batch:opening: close time.busy=147s time.idle=13.5µs shard=4
2025-10-28T17:48:03.924509Z DEBUG prove_core:phase 2 prover:batch: proving shard 4 took 194339481741 ns. shape: Some([(Byte, 16), (ShiftLeft, 17), (ShiftRight, 17), (Mul, 17), (SyscallCore, 18), (Global, 18), (SyscallInstrs, 18), (Jump, 18), (Bitwise, 18), (MemoryLocal, 18), (Auipc, 18), (Branch, 18), (Lt, 19), (Program, 19), (MemoryInstrs, 20), (Cpu, 21), (AddSub, 21)])
2025-10-28T17:48:03.924658Z DEBUG prove_core:phase 2 prover:batch: close time.busy=194s time.idle=24.5µs
2025-10-28T17:48:53.325117Z DEBUG prove_core:phase 2 prover:batch:commit: close time.busy=49.4s time.idle=4.83µs shard=5
2025-10-28T17:49:06.559470Z DEBUG prove_core:phase 2 prover:batch:opening:generate permutation traces: close time.busy=13.2s time.idle=9.49µs shard=5
2025-10-28T17:49:06.559588Z DEBUG prove_core:phase 2 prover:batch:opening: AddSub          | Main Cols = 19    | Pre Cols = 0      | Perm Cols = 20    | Rows = 2097152 | Cells = 81788928   shard=5
2025-10-28T17:49:06.559614Z DEBUG prove_core:phase 2 prover:batch:opening: Cpu             | Main Cols = 57    | Pre Cols = 0      | Perm Cols = 44    | Rows = 2097152 | Cells = 211812352  shard=5
2025-10-28T17:49:06.559632Z DEBUG prove_core:phase 2 prover:batch:opening: Lt              | Main Cols = 33    | Pre Cols = 0      | Perm Cols = 12    | Rows = 1048576 | Cells = 47185920   shard=5
2025-10-28T17:49:06.559649Z DEBUG prove_core:phase 2 prover:batch:opening: MemoryInstrs    | Main Cols = 57    | Pre Cols = 0      | Perm Cols = 28    | Rows = 1048576 | Cells = 89128960   shard=5
2025-10-28T17:49:06.559668Z DEBUG prove_core:phase 2 prover:batch:opening: Program         | Main Cols = 1     | Pre Cols = 14     | Perm Cols = 8     | Rows = 524288 | Cells = 12058624   shard=5
2025-10-28T17:49:06.559685Z DEBUG prove_core:phase 2 prover:batch:opening: Auipc           | Main Cols = 21    | Pre Cols = 0      | Perm Cols = 12    | Rows = 262144 | Cells = 8650752    shard=5
2025-10-28T17:49:06.559702Z DEBUG prove_core:phase 2 prover:batch:opening: Bitwise         | Main Cols = 17    | Pre Cols = 0      | Perm Cols = 16    | Rows = 262144 | Cells = 8650752    shard=5
2025-10-28T17:49:06.559719Z DEBUG prove_core:phase 2 prover:batch:opening: Branch          | Main Cols = 34    | Pre Cols = 0      | Perm Cols = 16    | Rows = 262144 | Cells = 13107200   shard=5
2025-10-28T17:49:06.559736Z DEBUG prove_core:phase 2 prover:batch:opening: Global          | Main Cols = 412   | Pre Cols = 0      | Perm Cols = 8     | Rows = 262144 | Cells = 110100480  shard=5
2025-10-28T17:49:06.559753Z DEBUG prove_core:phase 2 prover:batch:opening: Jump            | Main Cols = 26    | Pre Cols = 0      | Perm Cols = 16    | Rows = 262144 | Cells = 11010048   shard=5
2025-10-28T17:49:06.559771Z DEBUG prove_core:phase 2 prover:batch:opening: MemoryLocal     | Main Cols = 56    | Pre Cols = 0      | Perm Cols = 36    | Rows = 262144 | Cells = 24117248   shard=5
2025-10-28T17:49:06.559791Z DEBUG prove_core:phase 2 prover:batch:opening: SyscallCore     | Main Cols = 6     | Pre Cols = 0      | Perm Cols = 8     | Rows = 262144 | Cells = 3670016    shard=5
2025-10-28T17:49:06.559809Z DEBUG prove_core:phase 2 prover:batch:opening: SyscallInstrs   | Main Cols = 52    | Pre Cols = 0      | Perm Cols = 20    | Rows = 262144 | Cells = 18874368   shard=5
2025-10-28T17:49:06.559831Z DEBUG prove_core:phase 2 prover:batch:opening: Mul             | Main Cols = 39    | Pre Cols = 0      | Perm Cols = 36    | Rows = 131072 | Cells = 9830400    shard=5
2025-10-28T17:49:06.559849Z DEBUG prove_core:phase 2 prover:batch:opening: ShiftLeft       | Main Cols = 44    | Pre Cols = 0      | Perm Cols = 16    | Rows = 131072 | Cells = 7864320    shard=5
2025-10-28T17:49:06.559866Z DEBUG prove_core:phase 2 prover:batch:opening: ShiftRight      | Main Cols = 70    | Pre Cols = 0      | Perm Cols = 56    | Rows = 131072 | Cells = 16515072   shard=5
2025-10-28T17:49:06.559884Z DEBUG prove_core:phase 2 prover:batch:opening: Byte            | Main Cols = 9     | Pre Cols = 11     | Perm Cols = 24    | Rows = 65536 | Cells = 2883584    shard=5
2025-10-28T17:49:10.452729Z DEBUG prove_core:phase 2 prover:batch:opening:flatten permutation traces and collect domains: close time.busy=3.89s time.idle=6.91µs shard=5
2025-10-28T17:49:37.585932Z DEBUG prove_core:phase 2 prover:batch:opening:commit to permutation traces: close time.busy=27.1s time.idle=10.7µs shard=5
2025-10-28T17:49:42.899712Z DEBUG prove_core:phase 2 prover:batch:opening:compute quotient values:compute quotient values for domain: close time.busy=5.31s time.idle=13.4µs shard=5
2025-10-28T17:49:49.121572Z DEBUG prove_core:phase 2 prover:batch:opening:compute quotient values:compute quotient values for domain: close time.busy=11.5s time.idle=12.2µs shard=5
2025-10-28T17:49:50.429118Z DEBUG prove_core:phase 2 prover:batch:opening:compute quotient values:compute quotient values for domain: close time.busy=12.8s time.idle=5.82µs shard=5
2025-10-28T17:49:51.751383Z DEBUG prove_core:phase 2 prover:batch:opening:compute quotient values:compute quotient values for domain: close time.busy=14.2s time.idle=8.61µs shard=5
2025-10-28T17:49:58.821618Z DEBUG prove_core:phase 2 prover:batch:opening:compute quotient values:compute quotient values for domain: close time.busy=21.2s time.idle=15.4µs shard=5
2025-10-28T17:49:59.670007Z DEBUG prove_core:phase 2 prover:batch:opening:compute quotient values:compute quotient values for domain: close time.busy=4.29s time.idle=9.42µs shard=5
2025-10-28T17:50:10.578545Z DEBUG prove_core:phase 2 prover:batch:opening:compute quotient values:compute quotient values for domain: close time.busy=33.0s time.idle=32.1µs shard=5
2025-10-28T17:50:35.023885Z DEBUG prove_core:phase 2 prover:batch:opening:compute quotient values:compute quotient values for domain: close time.busy=57.4s time.idle=5.58µs shard=5
2025-10-28T17:50:35.049363Z DEBUG prove_core:phase 2 prover:batch:opening:compute quotient values:compute quotient values for domain: close time.busy=57.5s time.idle=7.68µs shard=5
2025-10-28T17:50:35.068607Z DEBUG prove_core:phase 2 prover:batch:opening:compute quotient values:compute quotient values for domain: close time.busy=57.5s time.idle=6.19µs shard=5
2025-10-28T17:50:35.106966Z DEBUG prove_core:phase 2 prover:batch:opening:compute quotient values:compute quotient values for domain: close time.busy=57.5s time.idle=19.2µs shard=5
2025-10-28T17:50:35.290664Z DEBUG prove_core:phase 2 prover:batch:opening:compute quotient values:compute quotient values for domain: close time.busy=57.7s time.idle=7.32µs shard=5
2025-10-28T17:50:35.310973Z DEBUG prove_core:phase 2 prover:batch:opening:compute quotient values:compute quotient values for domain: close time.busy=57.7s time.idle=6.20µs shard=5
2025-10-28T17:50:35.430680Z DEBUG prove_core:phase 2 prover:batch:opening:compute quotient values:compute quotient values for domain: close time.busy=57.8s time.idle=36.7µs shard=5
2025-10-28T17:50:35.701851Z DEBUG prove_core:phase 2 prover:batch:opening:compute quotient values:compute quotient values for domain: close time.busy=58.1s time.idle=31.1µs shard=5
2025-10-28T17:50:35.766919Z DEBUG prove_core:phase 2 prover:batch:opening:compute quotient values:compute quotient values for domain: close time.busy=58.2s time.idle=5.55µs shard=5
2025-10-28T17:50:36.081001Z DEBUG prove_core:phase 2 prover:batch:opening:compute quotient values:compute quotient values for domain: close time.busy=58.5s time.idle=21.1µs shard=5
2025-10-28T17:50:50.960860Z DEBUG prove_core:phase 2 prover:batch:opening:commit to quotient traces: close time.busy=13.5s time.idle=9.45µs shard=5
2025-10-28T17:50:50.961003Z DEBUG prove_core:phase 2 prover:batch:opening:compute preprocessed opening points: close time.busy=25.8µs time.idle=5.38µs shard=5
2025-10-28T17:50:50.961059Z DEBUG prove_core:phase 2 prover:batch:opening:compute main trace opening points: close time.busy=30.9µs time.idle=3.83µs shard=5
2025-10-28T17:50:50.961091Z DEBUG prove_core:phase 2 prover:batch:opening:compute permutation trace opening points: close time.busy=9.97µs time.idle=3.25µs shard=5
2025-10-28T17:51:22.311833Z DEBUG prove_core:phase 2 prover:batch:opening:open multi batches: close time.busy=31.4s time.idle=5.96µs shard=5
2025-10-28T17:51:22.441511Z DEBUG prove_core:phase 2 prover:batch:opening:compute quotient values: close time.busy=58.5s time.idle=46.4s shard=5
2025-10-28T17:51:23.949685Z DEBUG prove_core:phase 2 prover:batch:opening: close time.busy=151s time.idle=12.8µs shard=5
2025-10-28T17:51:23.949780Z DEBUG prove_core:phase 2 prover:batch: proving shard 5 took 200025034022 ns. shape: Some([(Byte, 16), (ShiftLeft, 17), (ShiftRight, 17), (Mul, 17), (SyscallCore, 18), (Global, 18), (SyscallInstrs, 18), (Jump, 18), (Bitwise, 18), (MemoryLocal, 18), (Auipc, 18), (Branch, 18), (Program, 19), (Lt, 20), (MemoryInstrs, 20), (Cpu, 21), (AddSub, 21)])
2025-10-28T17:51:23.950039Z DEBUG prove_core:phase 2 prover:batch: close time.busy=200s time.idle=19.3µs
2025-10-28T17:51:25.387476Z DEBUG prove_core:phase 2 trace generation:trace checkpoint: close time.busy=1.44s time.idle=43.3µs
2025-10-28T17:51:25.395509Z DEBUG prove_core:phase 2 trace generation: deferred 1 records
2025-10-28T17:51:25.552343Z DEBUG prove_core:phase 2 trace generation:generate dependencies:generate cpu dependencies: close time.busy=157ms time.idle=5.79µs index=5
2025-10-28T17:51:25.823977Z DEBUG prove_core:phase 2 trace generation:generate dependencies:register nonces: close time.busy=3.71µs time.idle=7.21µs index=5
2025-10-28T17:51:25.824056Z DEBUG prove_core:phase 2 trace generation:generate dependencies:generate cpu dependencies: close time.busy=11.2µs time.idle=2.76µs index=5
2025-10-28T17:51:26.192298Z DEBUG prove_core:phase 2 trace generation:generate dependencies:register nonces: close time.busy=3.31µs time.idle=7.96µs index=5
2025-10-28T17:51:26.192365Z DEBUG prove_core:phase 2 trace generation:generate dependencies: close time.busy=797ms time.idle=5.91µs index=5
2025-10-28T17:51:26.194242Z DEBUG prove_core:phase 2 trace generation: Shard Lifted: Index=8, Cluster=16
2025-10-28T17:51:26.194259Z DEBUG prove_core:phase 2 trace generation: Chip Cpu: 21  -> 21 
2025-10-28T17:51:26.194271Z DEBUG prove_core:phase 2 trace generation: Chip AddSub: 21  -> 21 
2025-10-28T17:51:26.194282Z DEBUG prove_core:phase 2 trace generation: Chip Bitwise: 18  -> 18 
2025-10-28T17:51:26.194291Z DEBUG prove_core:phase 2 trace generation: Chip Mul: 11  -> 17 
2025-10-28T17:51:26.194301Z DEBUG prove_core:phase 2 trace generation: Chip ShiftRight: 12  -> 17 
2025-10-28T17:51:26.194311Z DEBUG prove_core:phase 2 trace generation: Chip ShiftLeft: 15  -> 17 
2025-10-28T17:51:26.194321Z DEBUG prove_core:phase 2 trace generation: Chip Lt: 20  -> 20 
2025-10-28T17:51:26.194331Z DEBUG prove_core:phase 2 trace generation: Chip MemoryLocal: 15  -> 18 
2025-10-28T17:51:26.194341Z DEBUG prove_core:phase 2 trace generation: Chip MemoryInstrs: 20  -> 20 
2025-10-28T17:51:26.194350Z DEBUG prove_core:phase 2 trace generation: Chip Auipc: 14  -> 18 
2025-10-28T17:51:26.194360Z DEBUG prove_core:phase 2 trace generation: Chip Branch: 18  -> 18 
2025-10-28T17:51:26.194369Z DEBUG prove_core:phase 2 trace generation: Chip Jump: 15  -> 18 
2025-10-28T17:51:26.194379Z DEBUG prove_core:phase 2 trace generation: Chip Global: 18  -> 18 
2025-10-28T17:51:26.194389Z DEBUG prove_core:phase 2 trace generation: Chip SyscallCore: 11  -> 18 
2025-10-28T17:51:26.194398Z DEBUG prove_core:phase 2 trace generation: Chip SyscallInstrs: 11  -> 18 
2025-10-28T17:51:26.195746Z DEBUG fixed log2 rows can be potentially reduced: got 2180, expected 131072
2025-10-28T17:51:26.195759Z DEBUG fixed log2 rows can be potentially reduced: got 1687, expected 131072
2025-10-28T17:51:26.195911Z DEBUG fixed log2 rows can be potentially reduced: got 1687, expected 262144
2025-10-28T17:51:26.197894Z DEBUG generate traces for shard: fixed log2 rows can be potentially reduced: got 50022, expected 524288
2025-10-28T17:51:26.202526Z DEBUG fixed log2 rows can be potentially reduced: got 27998, expected 262144
2025-10-28T17:51:26.208474Z DEBUG generate traces for shard: generated trace for chip Program in 12.816733ms
2025-10-28T17:51:26.208617Z DEBUG fixed log2 rows can be potentially reduced: got 26548, expected 131072
2025-10-28T17:51:26.211419Z DEBUG generate traces for shard: generated trace for chip MemoryLocal in 12.784937ms
2025-10-28T17:51:26.215556Z DEBUG generate traces for shard: generated trace for chip SyscallCore in 19.806242ms
2025-10-28T17:51:26.216951Z DEBUG generate traces for shard: generated trace for chip Byte in 1.334897ms
2025-10-28T17:51:26.218610Z DEBUG fixed log2 rows can be potentially reduced: got 23492, expected 262144
2025-10-28T17:51:26.219187Z DEBUG generate traces for shard: generated trace for chip Jump in 16.716308ms
2025-10-28T17:51:26.219247Z DEBUG fixed log2 rows can be potentially reduced: got 1687, expected 262144
2025-10-28T17:51:26.223630Z DEBUG generate traces for shard: generated trace for chip SyscallInstrs in 4.405922ms
2025-10-28T17:51:26.224630Z DEBUG generate traces for shard: generated trace for chip Mul in 28.886249ms
2025-10-28T17:51:26.231828Z DEBUG generate traces for shard: generated trace for chip MemoryLocal in 14.839594ms
2025-10-28T17:51:26.231916Z DEBUG fixed log2 rows can be potentially reduced: got 11976, expected 262144
2025-10-28T17:51:26.276795Z DEBUG generate traces for shard: generated trace for chip ShiftRight in 81.096828ms
2025-10-28T17:51:26.283504Z DEBUG generate traces for shard: generated trace for chip ShiftLeft in 87.799662ms
2025-10-28T17:51:26.309768Z DEBUG generate traces for shard: generated trace for chip Auipc in 77.878045ms
2025-10-28T17:51:26.331687Z DEBUG fixed log2 rows can be potentially reduced: got 50022, expected 524288
2025-10-28T17:51:26.333256Z DEBUG generate traces for shard: generated trace for chip Program in 137.411317ms
2025-10-28T17:51:26.379559Z DEBUG generate traces for shard: generated trace for chip Branch in 69.73927ms
2025-10-28T17:51:26.379925Z DEBUG generate traces for shard: generated trace for chip SyscallPrecompile in 312.341µs
2025-10-28T17:51:26.547331Z DEBUG generate traces for shard: generated trace for chip Lt in 351.513593ms
2025-10-28T17:51:26.595782Z DEBUG generate traces for shard: generated trace for chip Byte in 2.115911ms
2025-10-28T17:51:26.925540Z DEBUG generate traces for shard: generated trace for chip Bitwise in 726.331827ms
2025-10-28T17:51:28.310787Z DEBUG generate traces for shard: generated trace for chip KeccakPermute in 2.102224963s
2025-10-28T17:51:28.406357Z DEBUG generate traces for shard: generated trace for chip AddSub in 2.20512849s
2025-10-28T17:51:28.406556Z DEBUG generate traces for shard: generated trace for chip Cpu in 2.21120597s
2025-10-28T17:51:28.407479Z DEBUG generate traces for shard: generated trace for chip MemoryInstrs in 1.860085109s
2025-10-28T17:51:28.953993Z DEBUG generate traces for shard: generated trace for chip Global in 2.742486666s
2025-10-28T17:51:28.954163Z DEBUG generate traces for shard: close time.busy=2.76s time.idle=5.78µs
2025-10-28T17:51:28.995793Z DEBUG generate traces for shard: generated trace for chip Global in 2.771130415s
2025-10-28T17:51:28.996459Z DEBUG generate traces for shard: close time.busy=2.80s time.idle=9.53µs
2025-10-28T17:51:28.996600Z  INFO prove_core:phase 2 trace generation:generate main traces: close time.busy=2.80s time.idle=4.73µs index=5
2025-10-28T17:51:49.657893Z DEBUG prove_core:phase 2 prover:batch:commit: close time.busy=25.7s time.idle=10.7µs shard=6
2025-10-28T17:51:51.279101Z DEBUG prove_core:phase 2 prover:batch:opening:generate permutation traces: close time.busy=1.62s time.idle=5.20µs shard=6
2025-10-28T17:51:51.279197Z DEBUG prove_core:phase 2 prover:batch:opening: Program         | Main Cols = 1     | Pre Cols = 14     | Perm Cols = 8     | Rows = 524288 | Cells = 12058624   shard=6
2025-10-28T17:51:51.279211Z DEBUG prove_core:phase 2 prover:batch:opening: Global          | Main Cols = 412   | Pre Cols = 0      | Perm Cols = 8     | Rows = 262144 | Cells = 110100480  shard=6
2025-10-28T17:51:51.279221Z DEBUG prove_core:phase 2 prover:batch:opening: Byte            | Main Cols = 9     | Pre Cols = 11     | Perm Cols = 24    | Rows = 65536 | Cells = 2883584    shard=6
2025-10-28T17:51:51.279230Z DEBUG prove_core:phase 2 prover:batch:opening: KeccakPermute   | Main Cols = 3289  | Pre Cols = 0      | Perm Cols = 608   | Rows = 32768 | Cells = 127696896  shard=6
2025-10-28T17:51:51.279240Z DEBUG prove_core:phase 2 prover:batch:opening: MemoryLocal     | Main Cols = 56    | Pre Cols = 0      | Perm Cols = 36    | Rows = 32768 | Cells = 3014656    shard=6
2025-10-28T17:51:51.279254Z DEBUG prove_core:phase 2 prover:batch:opening: SyscallPrecompile | Main Cols = 6     | Pre Cols = 0      | Perm Cols = 8     | Rows = 2048  | Cells = 28672      shard=6
2025-10-28T17:51:51.794568Z DEBUG prove_core:phase 2 prover:batch:opening:flatten permutation traces and collect domains: close time.busy=515ms time.idle=4.74µs shard=6
2025-10-28T17:51:54.873731Z DEBUG prove_core:phase 2 prover:batch:opening:commit to permutation traces: close time.busy=3.08s time.idle=5.92µs shard=6
2025-10-28T17:51:54.878891Z DEBUG prove_core:phase 2 prover:batch:opening:compute quotient values:compute quotient values for domain: close time.busy=4.75ms time.idle=7.95µs shard=6
2025-10-28T17:51:56.124779Z DEBUG prove_core:phase 2 prover:batch:opening:compute quotient values:compute quotient values for domain: close time.busy=1.25s time.idle=5.80µs shard=6
2025-10-28T17:51:56.128944Z DEBUG prove_core:phase 2 prover:batch:opening:compute quotient values:compute quotient values for domain: close time.busy=1.25s time.idle=6.16µs shard=6
2025-10-28T17:51:56.182234Z DEBUG prove_core:phase 2 prover:batch:opening:compute quotient values:compute quotient values for domain: close time.busy=1.31s time.idle=5.73µs shard=6
2025-10-28T17:52:04.953064Z DEBUG prove_core:phase 2 prover:batch:opening:compute quotient values:compute quotient values for domain: close time.busy=10.1s time.idle=6.21µs shard=6
2025-10-28T17:52:05.149547Z DEBUG prove_core:phase 2 prover:batch:opening:compute quotient values:compute quotient values for domain: close time.busy=10.3s time.idle=7.93µs shard=6
2025-10-28T17:52:07.114362Z DEBUG prove_core:phase 2 prover:batch:opening:commit to quotient traces: close time.busy=1.89s time.idle=10.1µs shard=6
2025-10-28T17:52:07.114511Z DEBUG prove_core:phase 2 prover:batch:opening:compute preprocessed opening points: close time.busy=19.2µs time.idle=6.11µs shard=6
2025-10-28T17:52:07.114550Z DEBUG prove_core:phase 2 prover:batch:opening:compute main trace opening points: close time.busy=15.8µs time.idle=3.04µs shard=6
2025-10-28T17:52:07.114588Z DEBUG prove_core:phase 2 prover:batch:opening:compute permutation trace opening points: close time.busy=13.3µs time.idle=3.05µs shard=6
2025-10-28T17:52:13.923909Z DEBUG prove_core:phase 2 prover:batch:opening:open multi batches: close time.busy=6.81s time.idle=5.06µs shard=6
2025-10-28T17:52:13.924061Z DEBUG prove_core:phase 2 prover:batch:opening:compute quotient values: close time.busy=10.3s time.idle=8.77s shard=6
2025-10-28T17:52:14.568074Z DEBUG prove_core:phase 2 prover:batch:opening: close time.busy=24.9s time.idle=38.5µs shard=6
2025-10-28T17:52:14.568157Z DEBUG prove_core:phase 2 prover:batch: proving shard 6 took 50617999602 ns. shape: Some([(SyscallPrecompile, 11), (KeccakPermute, 15), (MemoryLocal, 15), (Byte, 16), (Global, 18), (Program, 19)])
2025-10-28T17:52:14.568282Z DEBUG prove_core:phase 2 prover:batch: close time.busy=50.6s time.idle=41.1µs
2025-10-28T17:52:37.702024Z DEBUG prove_core:phase 2 prover:batch:commit: close time.busy=23.1s time.idle=10.2µs shard=7
2025-10-28T17:52:39.465772Z DEBUG prove_core:phase 2 prover:batch:opening:generate permutation traces: close time.busy=1.76s time.idle=5.03µs shard=7
2025-10-28T17:52:39.465845Z DEBUG prove_core:phase 2 prover:batch:opening: Program         | Main Cols = 1     | Pre Cols = 14     | Perm Cols = 8     | Rows = 524288 | Cells = 12058624   shard=7
2025-10-28T17:52:39.465860Z DEBUG prove_core:phase 2 prover:batch:opening: Global          | Main Cols = 412   | Pre Cols = 0      | Perm Cols = 8     | Rows = 262144 | Cells = 110100480  shard=7
2025-10-28T17:52:39.465872Z DEBUG prove_core:phase 2 prover:batch:opening: Byte            | Main Cols = 9     | Pre Cols = 11     | Perm Cols = 24    | Rows = 65536 | Cells = 2883584    shard=7
2025-10-28T17:52:39.465882Z DEBUG prove_core:phase 2 prover:batch:opening: KeccakPermute   | Main Cols = 3289  | Pre Cols = 0      | Perm Cols = 608   | Rows = 32768 | Cells = 127696896  shard=7
2025-10-28T17:52:39.465891Z DEBUG prove_core:phase 2 prover:batch:opening: MemoryLocal     | Main Cols = 56    | Pre Cols = 0      | Perm Cols = 36    | Rows = 32768 | Cells = 3014656    shard=7
2025-10-28T17:52:39.465906Z DEBUG prove_core:phase 2 prover:batch:opening: SyscallPrecompile | Main Cols = 6     | Pre Cols = 0      | Perm Cols = 8     | Rows = 2048  | Cells = 28672      shard=7
2025-10-28T17:52:40.037643Z DEBUG prove_core:phase 2 prover:batch:opening:flatten permutation traces and collect domains: close time.busy=572ms time.idle=5.04µs shard=7
2025-10-28T17:52:43.265846Z DEBUG prove_core:phase 2 prover:batch:opening:commit to permutation traces: close time.busy=3.23s time.idle=5.83µs shard=7
2025-10-28T17:52:43.270566Z DEBUG prove_core:phase 2 prover:batch:opening:compute quotient values:compute quotient values for domain: close time.busy=4.40ms time.idle=6.81µs shard=7
2025-10-28T17:52:43.930709Z DEBUG prove_core:phase 2 prover:batch:opening:compute quotient values:compute quotient values for domain: close time.busy=665ms time.idle=7.23µs shard=7
2025-10-28T17:52:43.932128Z DEBUG prove_core:phase 2 prover:batch:opening:compute quotient values:compute quotient values for domain: close time.busy=666ms time.idle=5.60µs shard=7
2025-10-28T17:52:44.730302Z DEBUG prove_core:phase 2 prover:batch:opening:compute quotient values:compute quotient values for domain: close time.busy=1.46s time.idle=6.26µs shard=7
2025-10-28T17:52:52.552997Z DEBUG prove_core:phase 2 prover:batch:opening:compute quotient values:compute quotient values for domain: close time.busy=9.29s time.idle=6.43µs shard=7
2025-10-28T17:52:52.797233Z DEBUG prove_core:phase 2 prover:batch:opening:compute quotient values:compute quotient values for domain: close time.busy=9.53s time.idle=6.90µs shard=7
2025-10-28T17:52:54.541074Z DEBUG prove_core:phase 2 prover:batch:opening:commit to quotient traces: close time.busy=1.53s time.idle=6.70µs shard=7
2025-10-28T17:52:54.541166Z DEBUG prove_core:phase 2 prover:batch:opening:compute preprocessed opening points: close time.busy=19.3µs time.idle=4.48µs shard=7
2025-10-28T17:52:54.541194Z DEBUG prove_core:phase 2 prover:batch:opening:compute main trace opening points: close time.busy=8.30µs time.idle=3.14µs shard=7
2025-10-28T17:52:54.541216Z DEBUG prove_core:phase 2 prover:batch:opening:compute permutation trace opening points: close time.busy=4.81µs time.idle=3.00µs shard=7
2025-10-28T17:53:00.698101Z DEBUG prove_core:phase 2 prover:batch:opening:open multi batches: close time.busy=6.16s time.idle=5.05µs shard=7
2025-10-28T17:53:00.698233Z DEBUG prove_core:phase 2 prover:batch:opening:compute quotient values: close time.busy=9.53s time.idle=7.90s shard=7
2025-10-28T17:53:01.317024Z DEBUG prove_core:phase 2 prover:batch:opening: close time.busy=23.6s time.idle=14.0µs shard=7
2025-10-28T17:53:01.317119Z DEBUG prove_core:phase 2 prover:batch: proving shard 7 took 46748775281 ns. shape: Some([(SyscallPrecompile, 11), (KeccakPermute, 15), (MemoryLocal, 15), (Byte, 16), (Global, 18), (Program, 19)])
2025-10-28T17:53:01.317326Z DEBUG prove_core:phase 2 prover:batch: close time.busy=46.7s time.idle=18.5µs
2025-10-28T17:53:02.681012Z DEBUG prove_core:phase 2 trace generation:trace checkpoint: close time.busy=1.36s time.idle=7.45µs
2025-10-28T17:53:02.688878Z DEBUG prove_core:phase 2 trace generation: deferred 1 records
2025-10-28T17:53:03.069621Z DEBUG prove_core:phase 2 trace generation:generate dependencies:generate cpu dependencies: close time.busy=381ms time.idle=4.88µs index=6
2025-10-28T17:53:03.314408Z DEBUG prove_core:phase 2 trace generation:generate dependencies:register nonces: close time.busy=3.66µs time.idle=7.82µs index=6
2025-10-28T17:53:03.314551Z DEBUG prove_core:phase 2 trace generation:generate dependencies:generate cpu dependencies: close time.busy=19.4µs time.idle=4.57µs index=6
2025-10-28T17:53:03.833216Z DEBUG prove_core:phase 2 trace generation:generate dependencies:register nonces: close time.busy=3.25µs time.idle=8.65µs index=6
2025-10-28T17:53:03.833285Z DEBUG prove_core:phase 2 trace generation:generate dependencies: close time.busy=1.14s time.idle=5.92µs index=6
2025-10-28T17:53:03.834416Z DEBUG prove_core:phase 2 trace generation: Shard Lifted: Index=10, Cluster=16
2025-10-28T17:53:03.834474Z DEBUG prove_core:phase 2 trace generation: Chip Cpu: 21  -> 21 
2025-10-28T17:53:03.834488Z DEBUG prove_core:phase 2 trace generation: Chip AddSub: 21  -> 21 
2025-10-28T17:53:03.834501Z DEBUG prove_core:phase 2 trace generation: Chip Bitwise: 18  -> 18 
2025-10-28T17:53:03.834513Z DEBUG prove_core:phase 2 trace generation: Chip Mul: 11  -> 17 
2025-10-28T17:53:03.834524Z DEBUG prove_core:phase 2 trace generation: Chip ShiftRight: 12  -> 17 
2025-10-28T17:53:03.834535Z DEBUG prove_core:phase 2 trace generation: Chip ShiftLeft: 15  -> 17 
2025-10-28T17:53:03.834548Z DEBUG prove_core:phase 2 trace generation: Chip Lt: 20  -> 20 
2025-10-28T17:53:03.834562Z DEBUG prove_core:phase 2 trace generation: Chip MemoryLocal: 15  -> 18 
2025-10-28T17:53:03.834574Z DEBUG prove_core:phase 2 trace generation: Chip MemoryInstrs: 20  -> 20 
2025-10-28T17:53:03.834585Z DEBUG prove_core:phase 2 trace generation: Chip Auipc: 14  -> 18 
2025-10-28T17:53:03.834596Z DEBUG prove_core:phase 2 trace generation: Chip Branch: 18  -> 18 
2025-10-28T17:53:03.834608Z DEBUG prove_core:phase 2 trace generation: Chip Jump: 15  -> 18 
2025-10-28T17:53:03.834619Z DEBUG prove_core:phase 2 trace generation: Chip Global: 18  -> 18 
2025-10-28T17:53:03.834630Z DEBUG prove_core:phase 2 trace generation: Chip SyscallCore: 11  -> 18 
2025-10-28T17:53:03.834642Z DEBUG prove_core:phase 2 trace generation: Chip SyscallInstrs: 11  -> 18 
2025-10-28T17:53:03.835649Z DEBUG fixed log2 rows can be potentially reduced: got 1686, expected 131072
2025-10-28T17:53:03.836034Z DEBUG fixed log2 rows can be potentially reduced: got 27981, expected 262144
2025-10-28T17:53:03.836222Z DEBUG generate traces for shard: generated trace for chip SyscallPrecompile in 528.427µs
2025-10-28T17:53:03.836372Z DEBUG fixed log2 rows can be potentially reduced: got 1687, expected 262144
2025-10-28T17:53:03.838319Z DEBUG generate traces for shard: fixed log2 rows can be potentially reduced: got 50022, expected 524288
2025-10-28T17:53:03.839481Z DEBUG fixed log2 rows can be potentially reduced: got 2180, expected 131072
2025-10-28T17:53:03.839494Z DEBUG fixed log2 rows can be potentially reduced: got 11975, expected 262144
2025-10-28T17:53:03.841178Z DEBUG generate traces for shard: generated trace for chip MemoryLocal in 5.432613ms
2025-10-28T17:53:03.841761Z DEBUG generate traces for shard: generated trace for chip Program in 6.179892ms
2025-10-28T17:53:03.850925Z DEBUG generate traces for shard: generated trace for chip Auipc in 11.454148ms
2025-10-28T17:53:03.855333Z DEBUG fixed log2 rows can be potentially reduced: got 23511, expected 262144
2025-10-28T17:53:03.863553Z DEBUG generate traces for shard: generated trace for chip SyscallCore in 28.003502ms
2025-10-28T17:53:03.866240Z DEBUG generate traces for shard: generated trace for chip MemoryLocal in 11.737821ms
2025-10-28T17:53:03.870991Z DEBUG generate traces for shard: generated trace for chip Mul in 35.353748ms
2025-10-28T17:53:03.872717Z DEBUG generate traces for shard: generated trace for chip Byte in 1.679207ms
2025-10-28T17:53:03.895116Z DEBUG fixed log2 rows can be potentially reduced: got 26524, expected 131072
2025-10-28T17:53:03.910037Z DEBUG generate traces for shard: generated trace for chip ShiftRight in 70.569729ms
2025-10-28T17:53:03.923942Z DEBUG generate traces for shard: generated trace for chip Byte in 4.330297ms
2025-10-28T17:53:03.984592Z DEBUG generate traces for shard: generated trace for chip ShiftLeft in 105.404569ms
2025-10-28T17:53:03.998333Z DEBUG generate traces for shard: generated trace for chip Jump in 162.339921ms
2025-10-28T17:53:03.998420Z DEBUG fixed log2 rows can be potentially reduced: got 1687, expected 262144
2025-10-28T17:53:04.001869Z DEBUG generate traces for shard: generated trace for chip SyscallInstrs in 3.467784ms
2025-10-28T17:53:04.020550Z DEBUG fixed log2 rows can be potentially reduced: got 50022, expected 524288
2025-10-28T17:53:04.023619Z DEBUG generate traces for shard: generated trace for chip Program in 112.637441ms
2025-10-28T17:53:04.023673Z DEBUG generate traces for shard: generated trace for chip Lt in 187.979723ms
2025-10-28T17:53:04.519919Z DEBUG generate traces for shard: generated trace for chip AddSub in 684.302598ms
2025-10-28T17:53:05.695844Z DEBUG generate traces for shard: generated trace for chip Cpu in 1.859817281s
2025-10-28T17:53:05.889837Z DEBUG generate traces for shard: generated trace for chip Branch in 2.038470133s
2025-10-28T17:53:06.007848Z DEBUG generate traces for shard: generated trace for chip KeccakPermute in 2.172230889s
2025-10-28T17:53:06.008544Z DEBUG generate traces for shard: generated trace for chip MemoryInstrs in 2.172815613s
2025-10-28T17:53:06.562607Z DEBUG generate traces for shard: generated trace for chip Global in 2.721380613s
2025-10-28T17:53:06.570550Z DEBUG generate traces for shard: close time.busy=2.74s time.idle=7.23µs
2025-10-28T17:53:06.578137Z DEBUG generate traces for shard: generated trace for chip Global in 2.711840298s
2025-10-28T17:53:06.590146Z DEBUG generate traces for shard: generated trace for chip Bitwise in 2.754489463s
2025-10-28T17:53:06.590319Z DEBUG generate traces for shard: close time.busy=2.75s time.idle=6.46µs
2025-10-28T17:53:06.590443Z  INFO prove_core:phase 2 trace generation:generate main traces: close time.busy=2.76s time.idle=5.13µs index=6
2025-10-28T17:53:54.043462Z DEBUG prove_core:phase 2 prover:batch:commit: close time.busy=52.7s time.idle=6.75µs shard=8
2025-10-28T17:54:07.492226Z DEBUG prove_core:phase 2 prover:batch:opening:generate permutation traces: close time.busy=13.4s time.idle=6.10µs shard=8
2025-10-28T17:54:07.492319Z DEBUG prove_core:phase 2 prover:batch:opening: AddSub          | Main Cols = 19    | Pre Cols = 0      | Perm Cols = 20    | Rows = 2097152 | Cells = 81788928   shard=8
2025-10-28T17:54:07.492339Z DEBUG prove_core:phase 2 prover:batch:opening: Cpu             | Main Cols = 57    | Pre Cols = 0      | Perm Cols = 44    | Rows = 2097152 | Cells = 211812352  shard=8
2025-10-28T17:54:07.492350Z DEBUG prove_core:phase 2 prover:batch:opening: Lt              | Main Cols = 33    | Pre Cols = 0      | Perm Cols = 12    | Rows = 1048576 | Cells = 47185920   shard=8
2025-10-28T17:54:07.492362Z DEBUG prove_core:phase 2 prover:batch:opening: MemoryInstrs    | Main Cols = 57    | Pre Cols = 0      | Perm Cols = 28    | Rows = 1048576 | Cells = 89128960   shard=8
2025-10-28T17:54:07.492406Z DEBUG prove_core:phase 2 prover:batch:opening: Program         | Main Cols = 1     | Pre Cols = 14     | Perm Cols = 8     | Rows = 524288 | Cells = 12058624   shard=8
2025-10-28T17:54:07.492419Z DEBUG prove_core:phase 2 prover:batch:opening: Auipc           | Main Cols = 21    | Pre Cols = 0      | Perm Cols = 12    | Rows = 262144 | Cells = 8650752    shard=8
2025-10-28T17:54:07.492465Z DEBUG prove_core:phase 2 prover:batch:opening: Bitwise         | Main Cols = 17    | Pre Cols = 0      | Perm Cols = 16    | Rows = 262144 | Cells = 8650752    shard=8
2025-10-28T17:54:07.492477Z DEBUG prove_core:phase 2 prover:batch:opening: Branch          | Main Cols = 34    | Pre Cols = 0      | Perm Cols = 16    | Rows = 262144 | Cells = 13107200   shard=8
2025-10-28T17:54:07.492491Z DEBUG prove_core:phase 2 prover:batch:opening: Global          | Main Cols = 412   | Pre Cols = 0      | Perm Cols = 8     | Rows = 262144 | Cells = 110100480  shard=8
2025-10-28T17:54:07.492504Z DEBUG prove_core:phase 2 prover:batch:opening: Jump            | Main Cols = 26    | Pre Cols = 0      | Perm Cols = 16    | Rows = 262144 | Cells = 11010048   shard=8
2025-10-28T17:54:07.492517Z DEBUG prove_core:phase 2 prover:batch:opening: MemoryLocal     | Main Cols = 56    | Pre Cols = 0      | Perm Cols = 36    | Rows = 262144 | Cells = 24117248   shard=8
2025-10-28T17:54:07.492533Z DEBUG prove_core:phase 2 prover:batch:opening: SyscallCore     | Main Cols = 6     | Pre Cols = 0      | Perm Cols = 8     | Rows = 262144 | Cells = 3670016    shard=8
2025-10-28T17:54:07.492547Z DEBUG prove_core:phase 2 prover:batch:opening: SyscallInstrs   | Main Cols = 52    | Pre Cols = 0      | Perm Cols = 20    | Rows = 262144 | Cells = 18874368   shard=8
2025-10-28T17:54:07.492559Z DEBUG prove_core:phase 2 prover:batch:opening: Mul             | Main Cols = 39    | Pre Cols = 0      | Perm Cols = 36    | Rows = 131072 | Cells = 9830400    shard=8
2025-10-28T17:54:07.492571Z DEBUG prove_core:phase 2 prover:batch:opening: ShiftLeft       | Main Cols = 44    | Pre Cols = 0      | Perm Cols = 16    | Rows = 131072 | Cells = 7864320    shard=8
2025-10-28T17:54:07.492584Z DEBUG prove_core:phase 2 prover:batch:opening: ShiftRight      | Main Cols = 70    | Pre Cols = 0      | Perm Cols = 56    | Rows = 131072 | Cells = 16515072   shard=8
2025-10-28T17:54:07.492596Z DEBUG prove_core:phase 2 prover:batch:opening: Byte            | Main Cols = 9     | Pre Cols = 11     | Perm Cols = 24    | Rows = 65536 | Cells = 2883584    shard=8
2025-10-28T17:54:11.736197Z DEBUG prove_core:phase 2 prover:batch:opening:flatten permutation traces and collect domains: close time.busy=4.24s time.idle=6.13µs shard=8
2025-10-28T17:54:38.066598Z DEBUG prove_core:phase 2 prover:batch:opening:commit to permutation traces: close time.busy=26.3s time.idle=6.95µs shard=8
2025-10-28T17:54:43.599696Z DEBUG prove_core:phase 2 prover:batch:opening:compute quotient values:compute quotient values for domain: close time.busy=5.53s time.idle=27.9µs shard=8
2025-10-28T17:54:45.050859Z DEBUG prove_core:phase 2 prover:batch:opening:compute quotient values:compute quotient values for domain: close time.busy=6.98s time.idle=12.2µs shard=8
2025-10-28T17:54:48.621742Z DEBUG prove_core:phase 2 prover:batch:opening:compute quotient values:compute quotient values for domain: close time.busy=10.6s time.idle=19.9µs shard=8
2025-10-28T17:54:50.166041Z DEBUG prove_core:phase 2 prover:batch:opening:compute quotient values:compute quotient values for domain: close time.busy=12.1s time.idle=7.98µs shard=8
2025-10-28T17:54:50.511281Z DEBUG prove_core:phase 2 prover:batch:opening:compute quotient values:compute quotient values for domain: close time.busy=12.4s time.idle=6.08µs shard=8
2025-10-28T17:54:54.259721Z DEBUG prove_core:phase 2 prover:batch:opening:compute quotient values:compute quotient values for domain: close time.busy=3.81s time.idle=8.39µs shard=8
2025-10-28T17:54:58.617239Z DEBUG prove_core:phase 2 prover:batch:opening:compute quotient values:compute quotient values for domain: close time.busy=20.5s time.idle=14.5µs shard=8
2025-10-28T17:55:00.518177Z DEBUG prove_core:phase 2 prover:batch:opening:compute quotient values:compute quotient values for domain: close time.busy=22.5s time.idle=8.48µs shard=8
2025-10-28T17:55:19.802772Z DEBUG prove_core:phase 2 prover:batch:opening:compute quotient values:compute quotient values for domain: close time.busy=41.7s time.idle=11.9µs shard=8
2025-10-28T17:55:35.471510Z DEBUG prove_core:phase 2 prover:batch:opening:compute quotient values:compute quotient values for domain: close time.busy=57.4s time.idle=8.49µs shard=8
2025-10-28T17:55:35.483502Z DEBUG prove_core:phase 2 prover:batch:opening:compute quotient values:compute quotient values for domain: close time.busy=57.4s time.idle=26.2µs shard=8
2025-10-28T17:55:35.563901Z DEBUG prove_core:phase 2 prover:batch:opening:compute quotient values:compute quotient values for domain: close time.busy=57.5s time.idle=33.3µs shard=8
2025-10-28T17:55:35.956927Z DEBUG prove_core:phase 2 prover:batch:opening:compute quotient values:compute quotient values for domain: close time.busy=57.9s time.idle=7.34µs shard=8
2025-10-28T17:55:35.962667Z DEBUG prove_core:phase 2 prover:batch:opening:compute quotient values:compute quotient values for domain: close time.busy=57.9s time.idle=16.7µs shard=8
2025-10-28T17:55:36.122631Z DEBUG prove_core:phase 2 prover:batch:opening:compute quotient values:compute quotient values for domain: close time.busy=58.1s time.idle=13.6µs shard=8
2025-10-28T17:55:36.402536Z DEBUG prove_core:phase 2 prover:batch:opening:compute quotient values:compute quotient values for domain: close time.busy=58.3s time.idle=23.1µs shard=8
2025-10-28T17:55:36.495042Z DEBUG prove_core:phase 2 prover:batch:opening:compute quotient values:compute quotient values for domain: close time.busy=58.4s time.idle=6.27µs shard=8
2025-10-28T17:55:51.388248Z DEBUG prove_core:phase 2 prover:batch:opening:commit to quotient traces: close time.busy=13.3s time.idle=12.6µs shard=8
2025-10-28T17:55:51.388381Z DEBUG prove_core:phase 2 prover:batch:opening:compute preprocessed opening points: close time.busy=33.1µs time.idle=4.63µs shard=8
2025-10-28T17:55:51.388449Z DEBUG prove_core:phase 2 prover:batch:opening:compute main trace opening points: close time.busy=20.5µs time.idle=27.1µs shard=8
2025-10-28T17:55:51.388524Z DEBUG prove_core:phase 2 prover:batch:opening:compute permutation trace opening points: close time.busy=52.6µs time.idle=3.05µs shard=8
2025-10-28T17:56:23.300463Z DEBUG prove_core:phase 2 prover:batch:opening:open multi batches: close time.busy=31.9s time.idle=4.79µs shard=8
2025-10-28T17:56:23.391885Z DEBUG prove_core:phase 2 prover:batch:opening:compute quotient values: close time.busy=58.4s time.idle=46.9s shard=8
2025-10-28T17:56:24.910332Z DEBUG prove_core:phase 2 prover:batch:opening: close time.busy=151s time.idle=13.4µs shard=8
2025-10-28T17:56:24.910415Z DEBUG prove_core:phase 2 prover:batch: proving shard 8 took 203592917085 ns. shape: Some([(Byte, 16), (ShiftLeft, 17), (ShiftRight, 17), (Mul, 17), (SyscallCore, 18), (Global, 18), (SyscallInstrs, 18), (Jump, 18), (Bitwise, 18), (MemoryLocal, 18), (Auipc, 18), (Branch, 18), (Program, 19), (Lt, 20), (MemoryInstrs, 20), (Cpu, 21), (AddSub, 21)])
2025-10-28T17:56:24.910691Z DEBUG prove_core:phase 2 prover:batch: close time.busy=204s time.idle=88.8µs
2025-10-28T17:56:47.784311Z DEBUG prove_core:phase 2 prover:batch:commit: close time.busy=22.9s time.idle=4.87µs shard=9
2025-10-28T17:56:49.341000Z DEBUG prove_core:phase 2 prover:batch:opening:generate permutation traces: close time.busy=1.56s time.idle=5.51µs shard=9
2025-10-28T17:56:49.341076Z DEBUG prove_core:phase 2 prover:batch:opening: Program         | Main Cols = 1     | Pre Cols = 14     | Perm Cols = 8     | Rows = 524288 | Cells = 12058624   shard=9
2025-10-28T17:56:49.341116Z DEBUG prove_core:phase 2 prover:batch:opening: Global          | Main Cols = 412   | Pre Cols = 0      | Perm Cols = 8     | Rows = 262144 | Cells = 110100480  shard=9
2025-10-28T17:56:49.341135Z DEBUG prove_core:phase 2 prover:batch:opening: Byte            | Main Cols = 9     | Pre Cols = 11     | Perm Cols = 24    | Rows = 65536 | Cells = 2883584    shard=9
2025-10-28T17:56:49.341150Z DEBUG prove_core:phase 2 prover:batch:opening: KeccakPermute   | Main Cols = 3289  | Pre Cols = 0      | Perm Cols = 608   | Rows = 32768 | Cells = 127696896  shard=9
2025-10-28T17:56:49.341161Z DEBUG prove_core:phase 2 prover:batch:opening: MemoryLocal     | Main Cols = 56    | Pre Cols = 0      | Perm Cols = 36    | Rows = 32768 | Cells = 3014656    shard=9
2025-10-28T17:56:49.341175Z DEBUG prove_core:phase 2 prover:batch:opening: SyscallPrecompile | Main Cols = 6     | Pre Cols = 0      | Perm Cols = 8     | Rows = 2048  | Cells = 28672      shard=9
2025-10-28T17:56:49.815159Z DEBUG prove_core:phase 2 prover:batch:opening:flatten permutation traces and collect domains: close time.busy=474ms time.idle=15.0µs shard=9
2025-10-28T17:56:53.069920Z DEBUG prove_core:phase 2 prover:batch:opening:commit to permutation traces: close time.busy=3.25s time.idle=5.66µs shard=9
2025-10-28T17:56:53.074922Z DEBUG prove_core:phase 2 prover:batch:opening:compute quotient values:compute quotient values for domain: close time.busy=4.72ms time.idle=6.50µs shard=9
2025-10-28T17:56:53.749043Z DEBUG prove_core:phase 2 prover:batch:opening:compute quotient values:compute quotient values for domain: close time.busy=679ms time.idle=8.96µs shard=9
2025-10-28T17:56:53.756293Z DEBUG prove_core:phase 2 prover:batch:opening:compute quotient values:compute quotient values for domain: close time.busy=686ms time.idle=5.91µs shard=9
2025-10-28T17:56:54.460989Z DEBUG prove_core:phase 2 prover:batch:opening:compute quotient values:compute quotient values for domain: close time.busy=1.39s time.idle=6.75µs shard=9
2025-10-28T17:57:02.860710Z DEBUG prove_core:phase 2 prover:batch:opening:compute quotient values:compute quotient values for domain: close time.busy=9.79s time.idle=6.11µs shard=9
2025-10-28T17:57:03.148154Z DEBUG prove_core:phase 2 prover:batch:opening:compute quotient values:compute quotient values for domain: close time.busy=10.1s time.idle=5.78µs shard=9
2025-10-28T17:57:05.276391Z DEBUG prove_core:phase 2 prover:batch:opening:commit to quotient traces: close time.busy=1.95s time.idle=8.89µs shard=9
2025-10-28T17:57:05.276517Z DEBUG prove_core:phase 2 prover:batch:opening:compute preprocessed opening points: close time.busy=25.8µs time.idle=4.78µs shard=9
2025-10-28T17:57:05.276637Z DEBUG prove_core:phase 2 prover:batch:opening:compute main trace opening points: close time.busy=95.4µs time.idle=3.48µs shard=9
2025-10-28T17:57:05.276663Z DEBUG prove_core:phase 2 prover:batch:opening:compute permutation trace opening points: close time.busy=4.14µs time.idle=3.13µs shard=9
2025-10-28T17:57:11.968238Z DEBUG prove_core:phase 2 prover:batch:opening:open multi batches: close time.busy=6.69s time.idle=5.59µs shard=9
2025-10-28T17:57:11.968464Z DEBUG prove_core:phase 2 prover:batch:opening:compute quotient values: close time.busy=10.1s time.idle=8.82s shard=9
2025-10-28T17:57:12.759795Z DEBUG prove_core:phase 2 prover:batch:opening: close time.busy=25.0s time.idle=30.6µs shard=9
2025-10-28T17:57:12.759882Z DEBUG prove_core:phase 2 prover:batch: proving shard 9 took 47849095559 ns. shape: Some([(SyscallPrecompile, 11), (KeccakPermute, 15), (MemoryLocal, 15), (Byte, 16), (Global, 18), (Program, 19)])
2025-10-28T17:57:12.760037Z DEBUG prove_core:phase 2 prover:batch: close time.busy=47.8s time.idle=19.5µs
2025-10-28T17:57:14.115215Z DEBUG prove_core:phase 2 trace generation:trace checkpoint: close time.busy=1.35s time.idle=86.2µs
2025-10-28T17:57:14.127766Z DEBUG prove_core:phase 2 trace generation: deferred 1 records
2025-10-28T17:57:14.463053Z DEBUG prove_core:phase 2 trace generation:generate dependencies:generate cpu dependencies: close time.busy=335ms time.idle=5.01µs index=7
2025-10-28T17:57:14.703617Z DEBUG prove_core:phase 2 trace generation:generate dependencies:register nonces: close time.busy=3.40µs time.idle=6.72µs index=7
2025-10-28T17:57:14.703726Z DEBUG prove_core:phase 2 trace generation:generate dependencies:generate cpu dependencies: close time.busy=18.4µs time.idle=3.75µs index=7
2025-10-28T17:57:15.222400Z DEBUG prove_core:phase 2 trace generation:generate dependencies:register nonces: close time.busy=4.07µs time.idle=8.43µs index=7
2025-10-28T17:57:15.222527Z DEBUG prove_core:phase 2 trace generation:generate dependencies: close time.busy=1.09s time.idle=6.04µs index=7
2025-10-28T17:57:15.224653Z DEBUG prove_core:phase 2 trace generation: Shard Lifted: Index=12, Cluster=16
2025-10-28T17:57:15.224696Z DEBUG prove_core:phase 2 trace generation: Chip Cpu: 21  -> 21 
2025-10-28T17:57:15.224715Z DEBUG prove_core:phase 2 trace generation: Chip AddSub: 21  -> 21 
2025-10-28T17:57:15.224733Z DEBUG prove_core:phase 2 trace generation: Chip Bitwise: 18  -> 18 
2025-10-28T17:57:15.224749Z DEBUG prove_core:phase 2 trace generation: Chip Mul: 11  -> 17 
2025-10-28T17:57:15.224764Z DEBUG prove_core:phase 2 trace generation: Chip ShiftRight: 12  -> 17 
2025-10-28T17:57:15.224780Z DEBUG prove_core:phase 2 trace generation: Chip ShiftLeft: 15  -> 17 
2025-10-28T17:57:15.224795Z DEBUG prove_core:phase 2 trace generation: Chip Lt: 20  -> 20 
2025-10-28T17:57:15.224812Z DEBUG prove_core:phase 2 trace generation: Chip MemoryLocal: 15  -> 18 
2025-10-28T17:57:15.224828Z DEBUG prove_core:phase 2 trace generation: Chip MemoryInstrs: 20  -> 20 
2025-10-28T17:57:15.224843Z DEBUG prove_core:phase 2 trace generation: Chip Auipc: 14  -> 18 
2025-10-28T17:57:15.224859Z DEBUG prove_core:phase 2 trace generation: Chip Branch: 18  -> 18 
2025-10-28T17:57:15.224876Z DEBUG prove_core:phase 2 trace generation: Chip Jump: 15  -> 18 
2025-10-28T17:57:15.224891Z DEBUG prove_core:phase 2 trace generation: Chip Global: 18  -> 18 
2025-10-28T17:57:15.224907Z DEBUG prove_core:phase 2 trace generation: Chip SyscallCore: 11  -> 18 
2025-10-28T17:57:15.224922Z DEBUG prove_core:phase 2 trace generation: Chip SyscallInstrs: 11  -> 18 
2025-10-28T17:57:15.226298Z DEBUG fixed log2 rows can be potentially reduced: got 2180, expected 131072
2025-10-28T17:57:15.226318Z DEBUG fixed log2 rows can be potentially reduced: got 27979, expected 262144
2025-10-28T17:57:15.226282Z DEBUG fixed log2 rows can be potentially reduced: got 11976, expected 262144
2025-10-28T17:57:15.226360Z DEBUG fixed log2 rows can be potentially reduced: got 1686, expected 262144
2025-10-28T17:57:15.227610Z DEBUG generate traces for shard: fixed log2 rows can be potentially reduced: got 50022, expected 524288
2025-10-28T17:57:15.227858Z DEBUG fixed log2 rows can be potentially reduced: got 23504, expected 262144
2025-10-28T17:57:15.228605Z DEBUG generate traces for shard: generated trace for chip SyscallCore in 2.399617ms
2025-10-28T17:57:15.231838Z DEBUG generate traces for shard: generated trace for chip Program in 5.354338ms
2025-10-28T17:57:15.239561Z DEBUG generate traces for shard: generated trace for chip Jump in 13.264632ms
2025-10-28T17:57:15.239645Z DEBUG fixed log2 rows can be potentially reduced: got 1686, expected 262144
2025-10-28T17:57:15.242300Z DEBUG fixed log2 rows can be potentially reduced: got 26548, expected 131072
2025-10-28T17:57:15.242697Z DEBUG generate traces for shard: generated trace for chip SyscallInstrs in 3.078101ms
2025-10-28T17:57:15.294084Z DEBUG generate traces for shard: generated trace for chip ShiftRight in 67.802533ms
2025-10-28T17:57:15.295230Z DEBUG fixed log2 rows can be potentially reduced: got 50022, expected 524288
2025-10-28T17:57:15.295897Z DEBUG generate traces for shard: generated trace for chip Program in 69.643566ms
2025-10-28T17:57:15.313582Z DEBUG generate traces for shard: generated trace for chip Bitwise in 87.312186ms
2025-10-28T17:57:15.313645Z DEBUG fixed log2 rows can be potentially reduced: got 1687, expected 131072
2025-10-28T17:57:15.321663Z DEBUG generate traces for shard: generated trace for chip Auipc in 95.404881ms
2025-10-28T17:57:15.329549Z DEBUG generate traces for shard: generated trace for chip ShiftLeft in 103.249157ms
2025-10-28T17:57:15.333070Z DEBUG generate traces for shard: generated trace for chip Mul in 19.435375ms
2025-10-28T17:57:15.339891Z DEBUG generate traces for shard: generated trace for chip Branch in 97.160155ms
2025-10-28T17:57:15.340102Z DEBUG generate traces for shard: generated trace for chip MemoryLocal in 10.489716ms
2025-10-28T17:57:15.345228Z DEBUG generate traces for shard: generated trace for chip Byte in 12.104735ms
2025-10-28T17:57:15.349795Z DEBUG generate traces for shard: generated trace for chip MemoryLocal in 123.539397ms
2025-10-28T17:57:15.747493Z DEBUG generate traces for shard: generated trace for chip Byte in 1.419014ms
2025-10-28T17:57:15.867957Z DEBUG generate traces for shard: generated trace for chip SyscallPrecompile in 356.901µs
2025-10-28T17:57:16.982333Z DEBUG generate traces for shard: generated trace for chip Lt in 1.756094479s
2025-10-28T17:57:16.982502Z DEBUG generate traces for shard: generated trace for chip Cpu in 1.756434513s
2025-10-28T17:57:16.986477Z DEBUG generate traces for shard: generated trace for chip AddSub in 1.760234977s
2025-10-28T17:57:16.990390Z DEBUG generate traces for shard: generated trace for chip KeccakPermute in 1.758396304s
2025-10-28T17:57:16.990954Z DEBUG generate traces for shard: generated trace for chip MemoryInstrs in 1.764646418s
2025-10-28T17:57:17.560453Z DEBUG generate traces for shard: generated trace for chip Global in 2.220210327s
2025-10-28T17:57:17.560638Z DEBUG generate traces for shard: close time.busy=2.33s time.idle=8.81µs
2025-10-28T17:57:17.620451Z DEBUG generate traces for shard: generated trace for chip Global in 2.394174364s
2025-10-28T17:57:17.620948Z DEBUG generate traces for shard: close time.busy=2.39s time.idle=6.03µs
2025-10-28T17:57:17.621021Z  INFO prove_core:phase 2 trace generation:generate main traces: close time.busy=2.40s time.idle=5.28µs index=7
2025-10-28T17:58:05.718187Z DEBUG prove_core:phase 2 prover:batch:commit: close time.busy=53.0s time.idle=5.59µs shard=10
2025-10-28T17:58:19.336764Z DEBUG prove_core:phase 2 prover:batch:opening:generate permutation traces: close time.busy=13.6s time.idle=5.83µs shard=10
2025-10-28T17:58:19.336884Z DEBUG prove_core:phase 2 prover:batch:opening: AddSub          | Main Cols = 19    | Pre Cols = 0      | Perm Cols = 20    | Rows = 2097152 | Cells = 81788928   shard=10
2025-10-28T17:58:19.336909Z DEBUG prove_core:phase 2 prover:batch:opening: Cpu             | Main Cols = 57    | Pre Cols = 0      | Perm Cols = 44    | Rows = 2097152 | Cells = 211812352  shard=10
2025-10-28T17:58:19.336924Z DEBUG prove_core:phase 2 prover:batch:opening: Lt              | Main Cols = 33    | Pre Cols = 0      | Perm Cols = 12    | Rows = 1048576 | Cells = 47185920   shard=10
2025-10-28T17:58:19.336936Z DEBUG prove_core:phase 2 prover:batch:opening: MemoryInstrs    | Main Cols = 57    | Pre Cols = 0      | Perm Cols = 28    | Rows = 1048576 | Cells = 89128960   shard=10
2025-10-28T17:58:19.336948Z DEBUG prove_core:phase 2 prover:batch:opening: Program         | Main Cols = 1     | Pre Cols = 14     | Perm Cols = 8     | Rows = 524288 | Cells = 12058624   shard=10
2025-10-28T17:58:19.336958Z DEBUG prove_core:phase 2 prover:batch:opening: Auipc           | Main Cols = 21    | Pre Cols = 0      | Perm Cols = 12    | Rows = 262144 | Cells = 8650752    shard=10
2025-10-28T17:58:19.336967Z DEBUG prove_core:phase 2 prover:batch:opening: Bitwise         | Main Cols = 17    | Pre Cols = 0      | Perm Cols = 16    | Rows = 262144 | Cells = 8650752    shard=10
2025-10-28T17:58:19.336976Z DEBUG prove_core:phase 2 prover:batch:opening: Branch          | Main Cols = 34    | Pre Cols = 0      | Perm Cols = 16    | Rows = 262144 | Cells = 13107200   shard=10
2025-10-28T17:58:19.336986Z DEBUG prove_core:phase 2 prover:batch:opening: Global          | Main Cols = 412   | Pre Cols = 0      | Perm Cols = 8     | Rows = 262144 | Cells = 110100480  shard=10
2025-10-28T17:58:19.336995Z DEBUG prove_core:phase 2 prover:batch:opening: Jump            | Main Cols = 26    | Pre Cols = 0      | Perm Cols = 16    | Rows = 262144 | Cells = 11010048   shard=10
2025-10-28T17:58:19.337004Z DEBUG prove_core:phase 2 prover:batch:opening: MemoryLocal     | Main Cols = 56    | Pre Cols = 0      | Perm Cols = 36    | Rows = 262144 | Cells = 24117248   shard=10
2025-10-28T17:58:19.337016Z DEBUG prove_core:phase 2 prover:batch:opening: SyscallCore     | Main Cols = 6     | Pre Cols = 0      | Perm Cols = 8     | Rows = 262144 | Cells = 3670016    shard=10
2025-10-28T17:58:19.337025Z DEBUG prove_core:phase 2 prover:batch:opening: SyscallInstrs   | Main Cols = 52    | Pre Cols = 0      | Perm Cols = 20    | Rows = 262144 | Cells = 18874368   shard=10
2025-10-28T17:58:19.337034Z DEBUG prove_core:phase 2 prover:batch:opening: Mul             | Main Cols = 39    | Pre Cols = 0      | Perm Cols = 36    | Rows = 131072 | Cells = 9830400    shard=10
2025-10-28T17:58:19.337043Z DEBUG prove_core:phase 2 prover:batch:opening: ShiftLeft       | Main Cols = 44    | Pre Cols = 0      | Perm Cols = 16    | Rows = 131072 | Cells = 7864320    shard=10
2025-10-28T17:58:19.337052Z DEBUG prove_core:phase 2 prover:batch:opening: ShiftRight      | Main Cols = 70    | Pre Cols = 0      | Perm Cols = 56    | Rows = 131072 | Cells = 16515072   shard=10
2025-10-28T17:58:19.337062Z DEBUG prove_core:phase 2 prover:batch:opening: Byte            | Main Cols = 9     | Pre Cols = 11     | Perm Cols = 24    | Rows = 65536 | Cells = 2883584    shard=10
2025-10-28T17:58:22.809516Z DEBUG prove_core:phase 2 prover:batch:opening:flatten permutation traces and collect domains: close time.busy=3.47s time.idle=5.85µs shard=10
2025-10-28T17:58:49.286928Z DEBUG prove_core:phase 2 prover:batch:opening:commit to permutation traces: close time.busy=26.5s time.idle=6.66µs shard=10
2025-10-28T17:58:55.130703Z DEBUG prove_core:phase 2 prover:batch:opening:compute quotient values:compute quotient values for domain: close time.busy=5.84s time.idle=20.3µs shard=10
2025-10-28T17:58:59.261485Z DEBUG prove_core:phase 2 prover:batch:opening:compute quotient values:compute quotient values for domain: close time.busy=4.01s time.idle=8.46µs shard=10
2025-10-28T17:58:59.270742Z DEBUG prove_core:phase 2 prover:batch:opening:compute quotient values:compute quotient values for domain: close time.busy=9.98s time.idle=6.77µs shard=10
2025-10-28T17:58:59.828761Z DEBUG prove_core:phase 2 prover:batch:opening:compute quotient values:compute quotient values for domain: close time.busy=10.5s time.idle=7.69µs shard=10
2025-10-28T17:59:02.926994Z DEBUG prove_core:phase 2 prover:batch:opening:compute quotient values:compute quotient values for domain: close time.busy=13.6s time.idle=5.83µs shard=10
2025-10-28T17:59:10.257451Z DEBUG prove_core:phase 2 prover:batch:opening:compute quotient values:compute quotient values for domain: close time.busy=21.0s time.idle=11.3µs shard=10
2025-10-28T17:59:11.731194Z DEBUG prove_core:phase 2 prover:batch:opening:compute quotient values:compute quotient values for domain: close time.busy=22.4s time.idle=5.00µs shard=10
2025-10-28T17:59:15.101909Z DEBUG prove_core:phase 2 prover:batch:opening:compute quotient values:compute quotient values for domain: close time.busy=25.8s time.idle=5.69µs shard=10
2025-10-28T17:59:19.207526Z DEBUG prove_core:phase 2 prover:batch:opening:compute quotient values:compute quotient values for domain: close time.busy=29.9s time.idle=6.27µs shard=10
2025-10-28T17:59:47.212229Z DEBUG prove_core:phase 2 prover:batch:opening:compute quotient values:compute quotient values for domain: close time.busy=57.9s time.idle=13.9µs shard=10
2025-10-28T17:59:47.459536Z DEBUG prove_core:phase 2 prover:batch:opening:compute quotient values:compute quotient values for domain: close time.busy=58.2s time.idle=6.57µs shard=10
2025-10-28T17:59:47.468413Z DEBUG prove_core:phase 2 prover:batch:opening:compute quotient values:compute quotient values for domain: close time.busy=58.2s time.idle=11.4µs shard=10
2025-10-28T17:59:47.507543Z DEBUG prove_core:phase 2 prover:batch:opening:compute quotient values:compute quotient values for domain: close time.busy=58.2s time.idle=15.9µs shard=10
2025-10-28T17:59:47.637348Z DEBUG prove_core:phase 2 prover:batch:opening:compute quotient values:compute quotient values for domain: close time.busy=58.3s time.idle=7.10µs shard=10
2025-10-28T17:59:47.701223Z DEBUG prove_core:phase 2 prover:batch:opening:compute quotient values:compute quotient values for domain: close time.busy=58.4s time.idle=7.96µs shard=10
2025-10-28T17:59:47.823849Z DEBUG prove_core:phase 2 prover:batch:opening:compute quotient values:compute quotient values for domain: close time.busy=58.5s time.idle=6.73µs shard=10
2025-10-28T17:59:48.302819Z DEBUG prove_core:phase 2 prover:batch:opening:compute quotient values:compute quotient values for domain: close time.busy=59.0s time.idle=7.72µs shard=10
2025-10-28T18:00:03.265767Z DEBUG prove_core:phase 2 prover:batch:opening:commit to quotient traces: close time.busy=13.5s time.idle=11.7µs shard=10
2025-10-28T18:00:03.265881Z DEBUG prove_core:phase 2 prover:batch:opening:compute preprocessed opening points: close time.busy=21.9µs time.idle=8.17µs shard=10
2025-10-28T18:00:03.265928Z DEBUG prove_core:phase 2 prover:batch:opening:compute main trace opening points: close time.busy=31.2µs time.idle=2.36µs shard=10
2025-10-28T18:00:03.265953Z DEBUG prove_core:phase 2 prover:batch:opening:compute permutation trace opening points: close time.busy=10.9µs time.idle=2.25µs shard=10
2025-10-28T18:00:34.564137Z DEBUG prove_core:phase 2 prover:batch:opening:open multi batches: close time.busy=31.3s time.idle=47.0µs shard=10
2025-10-28T18:00:34.669090Z DEBUG prove_core:phase 2 prover:batch:opening:compute quotient values: close time.busy=59.0s time.idle=46.4s shard=10
2025-10-28T18:00:36.327555Z DEBUG prove_core:phase 2 prover:batch:opening: close time.busy=151s time.idle=14.8µs shard=10
2025-10-28T18:00:36.327647Z DEBUG prove_core:phase 2 prover:batch: proving shard 10 took 203567540059 ns. shape: Some([(Byte, 16), (ShiftLeft, 17), (ShiftRight, 17), (Mul, 17), (SyscallCore, 18), (Global, 18), (SyscallInstrs, 18), (Jump, 18), (Bitwise, 18), (MemoryLocal, 18), (Auipc, 18), (Branch, 18), (Program, 19), (Lt, 20), (MemoryInstrs, 20), (Cpu, 21), (AddSub, 21)])
2025-10-28T18:00:36.327819Z DEBUG prove_core:phase 2 prover:batch: close time.busy=204s time.idle=18.5µs
2025-10-28T18:00:59.665113Z DEBUG prove_core:phase 2 prover:batch:commit: close time.busy=23.3s time.idle=5.09µs shard=11
2025-10-28T18:01:01.276161Z DEBUG prove_core:phase 2 prover:batch:opening:generate permutation traces: close time.busy=1.61s time.idle=6.29µs shard=11
2025-10-28T18:01:01.276316Z DEBUG prove_core:phase 2 prover:batch:opening: Program         | Main Cols = 1     | Pre Cols = 14     | Perm Cols = 8     | Rows = 524288 | Cells = 12058624   shard=11
2025-10-28T18:01:01.276339Z DEBUG prove_core:phase 2 prover:batch:opening: Global          | Main Cols = 412   | Pre Cols = 0      | Perm Cols = 8     | Rows = 262144 | Cells = 110100480  shard=11
2025-10-28T18:01:01.276354Z DEBUG prove_core:phase 2 prover:batch:opening: Byte            | Main Cols = 9     | Pre Cols = 11     | Perm Cols = 24    | Rows = 65536 | Cells = 2883584    shard=11
2025-10-28T18:01:01.276368Z DEBUG prove_core:phase 2 prover:batch:opening: KeccakPermute   | Main Cols = 3289  | Pre Cols = 0      | Perm Cols = 608   | Rows = 32768 | Cells = 127696896  shard=11
2025-10-28T18:01:01.276382Z DEBUG prove_core:phase 2 prover:batch:opening: MemoryLocal     | Main Cols = 56    | Pre Cols = 0      | Perm Cols = 36    | Rows = 32768 | Cells = 3014656    shard=11
2025-10-28T18:01:01.276402Z DEBUG prove_core:phase 2 prover:batch:opening: SyscallPrecompile | Main Cols = 6     | Pre Cols = 0      | Perm Cols = 8     | Rows = 2048  | Cells = 28672      shard=11
2025-10-28T18:01:01.814913Z DEBUG prove_core:phase 2 prover:batch:opening:flatten permutation traces and collect domains: close time.busy=538ms time.idle=44.4µs shard=11
2025-10-28T18:01:05.192398Z DEBUG prove_core:phase 2 prover:batch:opening:commit to permutation traces: close time.busy=3.38s time.idle=7.04µs shard=11
2025-10-28T18:01:05.197545Z DEBUG prove_core:phase 2 prover:batch:opening:compute quotient values:compute quotient values for domain: close time.busy=4.78ms time.idle=7.96µs shard=11
2025-10-28T18:01:06.636231Z DEBUG prove_core:phase 2 prover:batch:opening:compute quotient values:compute quotient values for domain: close time.busy=1.44s time.idle=6.43µs shard=11
2025-10-28T18:01:06.636890Z DEBUG prove_core:phase 2 prover:batch:opening:compute quotient values:compute quotient values for domain: close time.busy=1.44s time.idle=4.49µs shard=11
2025-10-28T18:01:06.787125Z DEBUG prove_core:phase 2 prover:batch:opening:compute quotient values:compute quotient values for domain: close time.busy=1.59s time.idle=6.30µs shard=11
2025-10-28T18:01:14.184785Z DEBUG prove_core:phase 2 prover:batch:opening:compute quotient values:compute quotient values for domain: close time.busy=8.99s time.idle=5.90µs shard=11
2025-10-28T18:01:14.544974Z DEBUG prove_core:phase 2 prover:batch:opening:compute quotient values:compute quotient values for domain: close time.busy=9.35s time.idle=4.65µs shard=11
2025-10-28T18:01:16.228360Z DEBUG prove_core:phase 2 prover:batch:opening:commit to quotient traces: close time.busy=1.61s time.idle=7.00µs shard=11
2025-10-28T18:01:16.228481Z DEBUG prove_core:phase 2 prover:batch:opening:compute preprocessed opening points: close time.busy=17.8µs time.idle=4.43µs shard=11
2025-10-28T18:01:16.228517Z DEBUG prove_core:phase 2 prover:batch:opening:compute main trace opening points: close time.busy=15.0µs time.idle=3.08µs shard=11
2025-10-28T18:01:16.228546Z DEBUG prove_core:phase 2 prover:batch:opening:compute permutation trace opening points: close time.busy=10.8µs time.idle=3.01µs shard=11
2025-10-28T18:01:22.333308Z DEBUG prove_core:phase 2 prover:batch:opening:open multi batches: close time.busy=6.10s time.idle=5.47µs shard=11
2025-10-28T18:01:22.333479Z DEBUG prove_core:phase 2 prover:batch:opening:compute quotient values: close time.busy=9.35s time.idle=7.79s shard=11
2025-10-28T18:01:23.094219Z DEBUG prove_core:phase 2 prover:batch:opening: close time.busy=23.4s time.idle=13.5µs shard=11
2025-10-28T18:01:23.094302Z DEBUG prove_core:phase 2 prover:batch: proving shard 11 took 46766433487 ns. shape: Some([(SyscallPrecompile, 11), (KeccakPermute, 15), (MemoryLocal, 15), (Byte, 16), (Global, 18), (Program, 19)])
2025-10-28T18:01:23.094480Z DEBUG prove_core:phase 2 prover:batch: close time.busy=46.8s time.idle=13.2µs
2025-10-28T18:01:24.603620Z DEBUG prove_core:phase 2 trace generation:trace checkpoint: close time.busy=1.51s time.idle=7.25µs
2025-10-28T18:01:24.632719Z DEBUG prove_core:phase 2 trace generation: deferred 5 records
2025-10-28T18:01:24.936511Z DEBUG prove_core:phase 2 trace generation:generate dependencies:generate cpu dependencies: close time.busy=304ms time.idle=4.35µs index=8
2025-10-28T18:01:25.208118Z DEBUG prove_core:phase 2 trace generation:generate dependencies:register nonces: close time.busy=3.96µs time.idle=9.31µs index=8
2025-10-28T18:01:25.208222Z DEBUG prove_core:phase 2 trace generation:generate dependencies:generate cpu dependencies: close time.busy=17.2µs time.idle=3.74µs index=8
2025-10-28T18:01:25.254990Z DEBUG prove_core:phase 2 trace generation:generate dependencies:register nonces: close time.busy=3.42µs time.idle=7.22µs index=8
2025-10-28T18:01:25.255073Z DEBUG prove_core:phase 2 trace generation:generate dependencies:generate cpu dependencies: close time.busy=14.8µs time.idle=3.77µs index=8
2025-10-28T18:01:25.353973Z DEBUG prove_core:phase 2 trace generation:generate dependencies:register nonces: close time.busy=4.25µs time.idle=7.70µs index=8
2025-10-28T18:01:25.354084Z DEBUG prove_core:phase 2 trace generation:generate dependencies:generate cpu dependencies: close time.busy=11.8µs time.idle=3.83µs index=8
2025-10-28T18:01:25.645949Z DEBUG prove_core:phase 2 trace generation:generate dependencies:register nonces: close time.busy=4.00µs time.idle=8.29µs index=8
2025-10-28T18:01:25.646039Z DEBUG prove_core:phase 2 trace generation:generate dependencies:generate cpu dependencies: close time.busy=13.4µs time.idle=3.62µs index=8
2025-10-28T18:01:26.077498Z DEBUG prove_core:phase 2 trace generation:generate dependencies:register nonces: close time.busy=5.02µs time.idle=9.50µs index=8
2025-10-28T18:01:26.077612Z DEBUG prove_core:phase 2 trace generation:generate dependencies:generate cpu dependencies: close time.busy=16.9µs time.idle=4.03µs index=8
2025-10-28T18:01:26.118788Z DEBUG prove_core:phase 2 trace generation:generate dependencies:register nonces: close time.busy=4.31µs time.idle=8.69µs index=8
2025-10-28T18:01:26.118867Z DEBUG prove_core:phase 2 trace generation:generate dependencies: close time.busy=1.49s time.idle=5.79µs index=8
2025-10-28T18:01:26.120317Z DEBUG prove_core:phase 2 trace generation: Shard Lifted: Index=14, Cluster=0
2025-10-28T18:01:26.120365Z DEBUG prove_core:phase 2 trace generation: Chip Cpu: 21  -> 21 
2025-10-28T18:01:26.120377Z DEBUG prove_core:phase 2 trace generation: Chip AddSub: 21  -> 21 
2025-10-28T18:01:26.120385Z DEBUG prove_core:phase 2 trace generation: Chip Bitwise: 18  -> 18 
2025-10-28T18:01:26.120393Z DEBUG prove_core:phase 2 trace generation: Chip Mul: 13  -> 17 
2025-10-28T18:01:26.120401Z DEBUG prove_core:phase 2 trace generation: Chip ShiftRight: 13  -> 17 
2025-10-28T18:01:26.120409Z DEBUG prove_core:phase 2 trace generation: Chip ShiftLeft: 15  -> 17 
2025-10-28T18:01:26.120417Z DEBUG prove_core:phase 2 trace generation: Chip Lt: 19  -> 19 
2025-10-28T18:01:26.120445Z DEBUG prove_core:phase 2 trace generation: Chip MemoryLocal: 15  -> 18 
2025-10-28T18:01:26.120461Z DEBUG prove_core:phase 2 trace generation: Chip MemoryInstrs: 20  -> 20 
2025-10-28T18:01:26.120475Z DEBUG prove_core:phase 2 trace generation: Chip Auipc: 14  -> 18 
2025-10-28T18:01:26.120489Z DEBUG prove_core:phase 2 trace generation: Chip Branch: 18  -> 18 
2025-10-28T18:01:26.120502Z DEBUG prove_core:phase 2 trace generation: Chip Jump: 15  -> 18 
2025-10-28T18:01:26.120517Z DEBUG prove_core:phase 2 trace generation: Chip Global: 18  -> 18 
2025-10-28T18:01:26.120530Z DEBUG prove_core:phase 2 trace generation: Chip SyscallCore: 12  -> 18 
2025-10-28T18:01:26.120544Z DEBUG prove_core:phase 2 trace generation: Chip SyscallInstrs: 12  -> 18 
2025-10-28T18:01:26.122117Z DEBUG fixed log2 rows can be potentially reduced: got 25356, expected 262144
2025-10-28T18:01:26.122118Z DEBUG fixed log2 rows can be potentially reduced: got 11041, expected 262144
2025-10-28T18:01:26.122527Z DEBUG fixed log2 rows can be potentially reduced: got 4542, expected 131072
2025-10-28T18:01:26.122581Z DEBUG generate traces for shard: fixed log2 rows can be potentially reduced: got 50022, expected 524288
2025-10-28T18:01:26.122600Z DEBUG generate traces for shard: fixed log2 rows can be potentially reduced: got 50022, expected 524288
2025-10-28T18:01:26.122820Z DEBUG generate traces for shard: fixed log2 rows can be potentially reduced: got 50022, expected 524288
2025-10-28T18:01:26.123525Z DEBUG generate traces for shard: generated trace for chip Program in 1.430068ms
2025-10-28T18:01:26.124638Z DEBUG generate traces for shard: generated trace for chip MemoryLocal in 2.387424ms
2025-10-28T18:01:26.125525Z DEBUG fixed log2 rows can be potentially reduced: got 7953, expected 131072
2025-10-28T18:01:26.126083Z DEBUG generate traces for shard: fixed log2 rows can be potentially reduced: got 50022, expected 524288
2025-10-28T18:01:26.126243Z DEBUG generate traces for shard: fixed log2 rows can be potentially reduced: got 50022, expected 524288
2025-10-28T18:01:26.126367Z DEBUG generate traces for shard: generated trace for chip Program in 4.388902ms
2025-10-28T18:01:26.130004Z DEBUG generate traces for shard: generated trace for chip Program in 7.861097ms
2025-10-28T18:01:26.133080Z DEBUG generate traces for shard: generated trace for chip Program in 7.59187ms
2025-10-28T18:01:26.133094Z DEBUG generate traces for shard: generated trace for chip Program in 7.440831ms
2025-10-28T18:01:26.134134Z DEBUG generate traces for shard: fixed log2 rows can be potentially reduced: got 18942, expected 262144
2025-10-28T18:01:26.134621Z DEBUG generate traces for shard: generated trace for chip Mul in 12.120028ms
2025-10-28T18:01:26.136355Z DEBUG generate traces for shard: generated trace for chip MemoryLocal in 9.670454ms
2025-10-28T18:01:26.139531Z DEBUG generate traces for shard: generated trace for chip MemoryLocal in 17.434541ms
2025-10-28T18:01:26.145321Z DEBUG generate traces for shard: generated trace for chip Jump in 23.236142ms
2025-10-28T18:01:26.145406Z DEBUG fixed log2 rows can be potentially reduced: got 2841, expected 262144
2025-10-28T18:01:26.150128Z DEBUG generate traces for shard: generated trace for chip Auipc in 28.036523ms
2025-10-28T18:01:26.154888Z DEBUG generate traces for shard: generated trace for chip SyscallInstrs in 9.508294ms
2025-10-28T18:01:26.154977Z DEBUG fixed log2 rows can be potentially reduced: got 19184, expected 131072
2025-10-28T18:01:26.157389Z DEBUG generate traces for shard: generated trace for chip MemoryLocal in 24.235352ms
2025-10-28T18:01:26.162605Z DEBUG generate traces for shard: generated trace for chip Byte in 7.659137ms
2025-10-28T18:01:26.171464Z DEBUG generate traces for shard: generated trace for chip Bitwise in 49.383353ms
2025-10-28T18:01:26.172151Z DEBUG fixed log2 rows can be potentially reduced: got 919, expected 2048
2025-10-28T18:01:26.172196Z DEBUG generate traces for shard: generated trace for chip SyscallPrecompile in 670.166µs
2025-10-28T18:01:26.173012Z DEBUG generate traces for shard: generated trace for chip SyscallPrecompile in 322.342µs
2025-10-28T18:01:26.178897Z DEBUG generate traces for shard: generated trace for chip ShiftRight in 53.39408ms
2025-10-28T18:01:26.212517Z DEBUG generate traces for shard: generated trace for chip Branch in 77.828575ms
2025-10-28T18:01:26.213987Z DEBUG generate traces for shard: generated trace for chip ShiftLeft in 63.80277ms
2025-10-28T18:01:26.215245Z DEBUG generate traces for shard: generated trace for chip MemoryLocal in 1.206012ms
2025-10-28T18:01:26.294504Z DEBUG generate traces for shard: fixed log2 rows can be potentially reduced: got 110756, expected 262144
2025-10-28T18:01:26.334976Z DEBUG generate traces for shard: generated trace for chip Lt in 212.89935ms
2025-10-28T18:01:26.336143Z DEBUG generate traces for shard: generated trace for chip Byte in 1.102324ms
2025-10-28T18:01:26.369146Z DEBUG generate traces for shard: generated trace for chip Secp256k1AddAssign in 245.592719ms
2025-10-28T18:01:26.369316Z DEBUG generate traces for shard: generated trace for chip SyscallPrecompile in 107.319µs
2025-10-28T18:01:26.369518Z DEBUG generate traces for shard: generated trace for chip SyscallPrecompile in 177.206µs
2025-10-28T18:01:26.457081Z DEBUG generate traces for shard: generated trace for chip Byte in 2.011763ms
2025-10-28T18:01:26.893836Z DEBUG generate traces for shard: generated trace for chip MemoryGlobalInit in 760.342386ms
2025-10-28T18:01:26.907753Z DEBUG generate traces for shard: generated trace for chip Secp256k1DoubleAssign in 777.688637ms
2025-10-28T18:01:26.908027Z DEBUG generate traces for shard: fixed log2 rows can be potentially reduced: got 2841, expected 262144
2025-10-28T18:01:26.922759Z DEBUG generate traces for shard: generated trace for chip SyscallCore in 14.929917ms
2025-10-28T18:01:27.642055Z DEBUG generate traces for shard: generated trace for chip AddSub in 719.240108ms
2025-10-28T18:01:27.661268Z DEBUG generate traces for shard: generated trace for chip MemoryGlobalFinalize in 767.368267ms
2025-10-28T18:01:27.687319Z DEBUG generate traces for shard: generated trace for chip Byte in 4.090724ms
2025-10-28T18:01:27.696910Z DEBUG generate traces for shard: generated trace for chip MemoryInstrs in 1.534243984s
2025-10-28T18:01:27.697566Z DEBUG generate traces for shard: generated trace for chip Byte in 1.372873ms
2025-10-28T18:01:27.737526Z DEBUG generate traces for shard: generated trace for chip KeccakPermute in 1.611119639s
2025-10-28T18:01:27.773145Z DEBUG generate traces for shard: generated trace for chip Global in 1.648471991s
2025-10-28T18:01:27.926544Z DEBUG fixed log2 rows can be potentially reduced: got 50022, expected 524288
2025-10-28T18:01:27.927149Z DEBUG generate traces for shard: generated trace for chip Program in 230.195717ms
2025-10-28T18:01:28.062825Z DEBUG generate traces for shard: close time.busy=1.94s time.idle=4.80µs
2025-10-28T18:01:28.525031Z DEBUG generate traces for shard: generated trace for chip Byte in 3.980012ms
2025-10-28T18:01:28.859276Z DEBUG generate traces for shard: generated trace for chip Global in 2.644005584s
2025-10-28T18:01:29.823543Z DEBUG generate traces for shard: close time.busy=3.70s time.idle=5.40µs
2025-10-28T18:01:29.823632Z DEBUG generate traces for shard: generated trace for chip KeccakPermute in 3.701499392s
2025-10-28T18:01:29.983270Z DEBUG generate traces for shard: generated trace for chip Cpu in 3.861111332s
2025-10-28T18:01:30.343279Z DEBUG generate traces for shard: generated trace for chip Global in 4.203682132s
2025-10-28T18:01:30.367996Z DEBUG generate traces for shard: generated trace for chip Global in 4.231584868s
2025-10-28T18:01:30.450020Z DEBUG generate traces for shard: close time.busy=4.33s time.idle=5.29µs
2025-10-28T18:01:30.478792Z DEBUG generate traces for shard: generated trace for chip Global in 4.32132259s
2025-10-28T18:01:30.478885Z DEBUG generate traces for shard: close time.busy=4.36s time.idle=5.70µs
2025-10-28T18:01:30.479064Z DEBUG generate traces for shard: close time.busy=4.36s time.idle=5.52µs
2025-10-28T18:01:30.912373Z DEBUG generate traces for shard: generated trace for chip Global in 3.251041732s
2025-10-28T18:01:30.912466Z DEBUG generate traces for shard: close time.busy=4.79s time.idle=7.53µs
2025-10-28T18:01:30.912723Z  INFO prove_core:phase 2 trace generation:generate main traces: close time.busy=4.79s time.idle=6.25µs index=8
2025-10-28T18:02:16.176185Z DEBUG prove_core:phase 2 prover:batch:commit: close time.busy=53.1s time.idle=9.62µs shard=12
2025-10-28T18:02:29.412660Z DEBUG prove_core:phase 2 prover:batch:opening:generate permutation traces: close time.busy=13.2s time.idle=5.05µs shard=12
2025-10-28T18:02:29.412816Z DEBUG prove_core:phase 2 prover:batch:opening: AddSub          | Main Cols = 19    | Pre Cols = 0      | Perm Cols = 20    | Rows = 2097152 | Cells = 81788928   shard=12
2025-10-28T18:02:29.412836Z DEBUG prove_core:phase 2 prover:batch:opening: Cpu             | Main Cols = 57    | Pre Cols = 0      | Perm Cols = 44    | Rows = 2097152 | Cells = 211812352  shard=12
2025-10-28T18:02:29.412845Z DEBUG prove_core:phase 2 prover:batch:opening: Lt              | Main Cols = 33    | Pre Cols = 0      | Perm Cols = 12    | Rows = 1048576 | Cells = 47185920   shard=12
2025-10-28T18:02:29.412859Z DEBUG prove_core:phase 2 prover:batch:opening: MemoryInstrs    | Main Cols = 57    | Pre Cols = 0      | Perm Cols = 28    | Rows = 1048576 | Cells = 89128960   shard=12
2025-10-28T18:02:29.412890Z DEBUG prove_core:phase 2 prover:batch:opening: Program         | Main Cols = 1     | Pre Cols = 14     | Perm Cols = 8     | Rows = 524288 | Cells = 12058624   shard=12
2025-10-28T18:02:29.412907Z DEBUG prove_core:phase 2 prover:batch:opening: Auipc           | Main Cols = 21    | Pre Cols = 0      | Perm Cols = 12    | Rows = 262144 | Cells = 8650752    shard=12
2025-10-28T18:02:29.412921Z DEBUG prove_core:phase 2 prover:batch:opening: Bitwise         | Main Cols = 17    | Pre Cols = 0      | Perm Cols = 16    | Rows = 262144 | Cells = 8650752    shard=12
2025-10-28T18:02:29.412935Z DEBUG prove_core:phase 2 prover:batch:opening: Branch          | Main Cols = 34    | Pre Cols = 0      | Perm Cols = 16    | Rows = 262144 | Cells = 13107200   shard=12
2025-10-28T18:02:29.412948Z DEBUG prove_core:phase 2 prover:batch:opening: Global          | Main Cols = 412   | Pre Cols = 0      | Perm Cols = 8     | Rows = 262144 | Cells = 110100480  shard=12
2025-10-28T18:02:29.412959Z DEBUG prove_core:phase 2 prover:batch:opening: Jump            | Main Cols = 26    | Pre Cols = 0      | Perm Cols = 16    | Rows = 262144 | Cells = 11010048   shard=12
2025-10-28T18:02:29.412972Z DEBUG prove_core:phase 2 prover:batch:opening: MemoryLocal     | Main Cols = 56    | Pre Cols = 0      | Perm Cols = 36    | Rows = 262144 | Cells = 24117248   shard=12
2025-10-28T18:02:29.412987Z DEBUG prove_core:phase 2 prover:batch:opening: SyscallCore     | Main Cols = 6     | Pre Cols = 0      | Perm Cols = 8     | Rows = 262144 | Cells = 3670016    shard=12
2025-10-28T18:02:29.412997Z DEBUG prove_core:phase 2 prover:batch:opening: SyscallInstrs   | Main Cols = 52    | Pre Cols = 0      | Perm Cols = 20    | Rows = 262144 | Cells = 18874368   shard=12
2025-10-28T18:02:29.413006Z DEBUG prove_core:phase 2 prover:batch:opening: Mul             | Main Cols = 39    | Pre Cols = 0      | Perm Cols = 36    | Rows = 131072 | Cells = 9830400    shard=12
2025-10-28T18:02:29.413019Z DEBUG prove_core:phase 2 prover:batch:opening: ShiftLeft       | Main Cols = 44    | Pre Cols = 0      | Perm Cols = 16    | Rows = 131072 | Cells = 7864320    shard=12
2025-10-28T18:02:29.413032Z DEBUG prove_core:phase 2 prover:batch:opening: ShiftRight      | Main Cols = 70    | Pre Cols = 0      | Perm Cols = 56    | Rows = 131072 | Cells = 16515072   shard=12
2025-10-28T18:02:29.413043Z DEBUG prove_core:phase 2 prover:batch:opening: Byte            | Main Cols = 9     | Pre Cols = 11     | Perm Cols = 24    | Rows = 65536 | Cells = 2883584    shard=12
2025-10-28T18:02:33.181298Z DEBUG prove_core:phase 2 prover:batch:opening:flatten permutation traces and collect domains: close time.busy=3.77s time.idle=5.23µs shard=12
2025-10-28T18:03:00.090685Z DEBUG prove_core:phase 2 prover:batch:opening:commit to permutation traces: close time.busy=26.9s time.idle=5.11µs shard=12
2025-10-28T18:03:04.164248Z DEBUG prove_core:phase 2 prover:batch:opening:compute quotient values:compute quotient values for domain: close time.busy=4.07s time.idle=24.2µs shard=12
2025-10-28T18:03:07.605362Z DEBUG prove_core:phase 2 prover:batch:opening:compute quotient values:compute quotient values for domain: close time.busy=7.51s time.idle=14.2µs shard=12
2025-10-28T18:03:11.464683Z DEBUG prove_core:phase 2 prover:batch:opening:compute quotient values:compute quotient values for domain: close time.busy=11.4s time.idle=7.10µs shard=12
2025-10-28T18:03:13.343768Z DEBUG prove_core:phase 2 prover:batch:opening:compute quotient values:compute quotient values for domain: close time.busy=13.3s time.idle=9.36µs shard=12
2025-10-28T18:03:14.516241Z DEBUG prove_core:phase 2 prover:batch:opening:compute quotient values:compute quotient values for domain: close time.busy=14.4s time.idle=7.22µs shard=12
2025-10-28T18:03:17.708252Z DEBUG prove_core:phase 2 prover:batch:opening:compute quotient values:compute quotient values for domain: close time.busy=17.6s time.idle=6.60µs shard=12
2025-10-28T18:03:25.226772Z DEBUG prove_core:phase 2 prover:batch:opening:compute quotient values:compute quotient values for domain: close time.busy=13.8s time.idle=8.51µs shard=12
2025-10-28T18:03:33.530409Z DEBUG prove_core:phase 2 prover:batch:opening:compute quotient values:compute quotient values for domain: close time.busy=33.4s time.idle=12.8µs shard=12
2025-10-28T18:03:57.835261Z DEBUG prove_core:phase 2 prover:batch:opening:compute quotient values:compute quotient values for domain: close time.busy=57.7s time.idle=13.0µs shard=12
2025-10-28T18:03:57.847480Z DEBUG prove_core:phase 2 prover:batch:opening:compute quotient values:compute quotient values for domain: close time.busy=57.8s time.idle=6.52µs shard=12
2025-10-28T18:03:57.889662Z DEBUG prove_core:phase 2 prover:batch:opening:compute quotient values:compute quotient values for domain: close time.busy=57.8s time.idle=5.58µs shard=12
2025-10-28T18:03:58.261610Z DEBUG prove_core:phase 2 prover:batch:opening:compute quotient values:compute quotient values for domain: close time.busy=58.2s time.idle=6.39µs shard=12
2025-10-28T18:03:58.293925Z DEBUG prove_core:phase 2 prover:batch:opening:compute quotient values:compute quotient values for domain: close time.busy=58.2s time.idle=7.98µs shard=12
2025-10-28T18:03:58.363555Z DEBUG prove_core:phase 2 prover:batch:opening:compute quotient values:compute quotient values for domain: close time.busy=58.3s time.idle=7.36µs shard=12
2025-10-28T18:03:58.480600Z DEBUG prove_core:phase 2 prover:batch:opening:compute quotient values:compute quotient values for domain: close time.busy=58.4s time.idle=6.55µs shard=12
2025-10-28T18:03:58.601726Z DEBUG prove_core:phase 2 prover:batch:opening:compute quotient values:compute quotient values for domain: close time.busy=58.5s time.idle=5.49µs shard=12
2025-10-28T18:03:58.932733Z DEBUG prove_core:phase 2 prover:batch:opening:compute quotient values:compute quotient values for domain: close time.busy=58.8s time.idle=57.1µs shard=12
2025-10-28T18:04:14.305100Z DEBUG prove_core:phase 2 prover:batch:opening:commit to quotient traces: close time.busy=14.0s time.idle=21.9µs shard=12
2025-10-28T18:04:14.305270Z DEBUG prove_core:phase 2 prover:batch:opening:compute preprocessed opening points: close time.busy=46.4µs time.idle=4.80µs shard=12
2025-10-28T18:04:14.305369Z DEBUG prove_core:phase 2 prover:batch:opening:compute main trace opening points: close time.busy=69.3µs time.idle=3.55µs shard=12
2025-10-28T18:04:14.305468Z DEBUG prove_core:phase 2 prover:batch:opening:compute permutation trace opening points: close time.busy=74.7µs time.idle=3.61µs shard=12
2025-10-28T18:04:46.956057Z DEBUG prove_core:phase 2 prover:batch:opening:open multi batches: close time.busy=32.7s time.idle=5.64µs shard=12
2025-10-28T18:04:47.042020Z DEBUG prove_core:phase 2 prover:batch:opening:compute quotient values: close time.busy=58.8s time.idle=48.1s shard=12
2025-10-28T18:04:48.454678Z DEBUG prove_core:phase 2 prover:batch:opening: close time.busy=152s time.idle=21.4µs shard=12
2025-10-28T18:04:48.454756Z DEBUG prove_core:phase 2 prover:batch: proving shard 12 took 205360204042 ns. shape: Some([(Byte, 16), (ShiftLeft, 17), (ShiftRight, 17), (Mul, 17), (SyscallCore, 18), (Global, 18), (SyscallInstrs, 18), (Jump, 18), (Bitwise, 18), (MemoryLocal, 18), (Auipc, 18), (Branch, 18), (Program, 19), (Lt, 20), (MemoryInstrs, 20), (Cpu, 21), (AddSub, 21)])
2025-10-28T18:04:48.454977Z DEBUG prove_core:phase 2 prover:batch: close time.busy=205s time.idle=26.8µs
2025-10-28T18:05:11.980073Z DEBUG prove_core:phase 2 prover:batch:commit: close time.busy=23.5s time.idle=4.81µs shard=13
2025-10-28T18:05:13.391377Z DEBUG prove_core:phase 2 prover:batch:opening:generate permutation traces: close time.busy=1.41s time.idle=5.66µs shard=13
2025-10-28T18:05:13.391478Z DEBUG prove_core:phase 2 prover:batch:opening: Program         | Main Cols = 1     | Pre Cols = 14     | Perm Cols = 8     | Rows = 524288 | Cells = 12058624   shard=13
2025-10-28T18:05:13.391493Z DEBUG prove_core:phase 2 prover:batch:opening: Global          | Main Cols = 412   | Pre Cols = 0      | Perm Cols = 8     | Rows = 262144 | Cells = 110100480  shard=13
2025-10-28T18:05:13.391503Z DEBUG prove_core:phase 2 prover:batch:opening: Byte            | Main Cols = 9     | Pre Cols = 11     | Perm Cols = 24    | Rows = 65536 | Cells = 2883584    shard=13
2025-10-28T18:05:13.391512Z DEBUG prove_core:phase 2 prover:batch:opening: KeccakPermute   | Main Cols = 3289  | Pre Cols = 0      | Perm Cols = 608   | Rows = 32768 | Cells = 127696896  shard=13
2025-10-28T18:05:13.391522Z DEBUG prove_core:phase 2 prover:batch:opening: MemoryLocal     | Main Cols = 56    | Pre Cols = 0      | Perm Cols = 36    | Rows = 32768 | Cells = 3014656    shard=13
2025-10-28T18:05:13.391535Z DEBUG prove_core:phase 2 prover:batch:opening: SyscallPrecompile | Main Cols = 6     | Pre Cols = 0      | Perm Cols = 8     | Rows = 2048  | Cells = 28672      shard=13
2025-10-28T18:05:13.842750Z DEBUG prove_core:phase 2 prover:batch:opening:flatten permutation traces and collect domains: close time.busy=451ms time.idle=5.43µs shard=13
2025-10-28T18:05:16.677017Z DEBUG prove_core:phase 2 prover:batch:opening:commit to permutation traces: close time.busy=2.83s time.idle=5.14µs shard=13
2025-10-28T18:05:16.685211Z DEBUG prove_core:phase 2 prover:batch:opening:compute quotient values:compute quotient values for domain: close time.busy=7.97ms time.idle=6.14µs shard=13
2025-10-28T18:05:17.395818Z DEBUG prove_core:phase 2 prover:batch:opening:compute quotient values:compute quotient values for domain: close time.busy=719ms time.idle=5.51µs shard=13
2025-10-28T18:05:17.404154Z DEBUG prove_core:phase 2 prover:batch:opening:compute quotient values:compute quotient values for domain: close time.busy=727ms time.idle=6.58µs shard=13
2025-10-28T18:05:18.214839Z DEBUG prove_core:phase 2 prover:batch:opening:compute quotient values:compute quotient values for domain: close time.busy=1.54s time.idle=8.15µs shard=13
2025-10-28T18:05:26.253106Z DEBUG prove_core:phase 2 prover:batch:opening:compute quotient values:compute quotient values for domain: close time.busy=9.58s time.idle=5.40µs shard=13
2025-10-28T18:05:26.397340Z DEBUG prove_core:phase 2 prover:batch:opening:compute quotient values:compute quotient values for domain: close time.busy=9.72s time.idle=6.18µs shard=13
2025-10-28T18:05:28.316241Z DEBUG prove_core:phase 2 prover:batch:opening:commit to quotient traces: close time.busy=1.81s time.idle=9.21µs shard=13
2025-10-28T18:05:28.316360Z DEBUG prove_core:phase 2 prover:batch:opening:compute preprocessed opening points: close time.busy=25.6µs time.idle=6.07µs shard=13
2025-10-28T18:05:28.316408Z DEBUG prove_core:phase 2 prover:batch:opening:compute main trace opening points: close time.busy=24.2µs time.idle=3.50µs shard=13
2025-10-28T18:05:28.316463Z DEBUG prove_core:phase 2 prover:batch:opening:compute permutation trace opening points: close time.busy=14.5µs time.idle=5.31µs shard=13
2025-10-28T18:05:34.599152Z DEBUG prove_core:phase 2 prover:batch:opening:open multi batches: close time.busy=6.28s time.idle=5.39µs shard=13
2025-10-28T18:05:34.599278Z DEBUG prove_core:phase 2 prover:batch:opening:compute quotient values: close time.busy=9.72s time.idle=8.20s shard=13
2025-10-28T18:05:35.224866Z DEBUG prove_core:phase 2 prover:batch:opening: close time.busy=23.2s time.idle=13.6µs shard=13
2025-10-28T18:05:35.224940Z DEBUG prove_core:phase 2 prover:batch: proving shard 13 took 46769862167 ns. shape: Some([(SyscallPrecompile, 11), (KeccakPermute, 15), (MemoryLocal, 15), (Byte, 16), (Global, 18), (Program, 19)])
2025-10-28T18:05:35.225096Z DEBUG prove_core:phase 2 prover:batch: close time.busy=46.8s time.idle=23.4µs
2025-10-28T18:06:22.689138Z DEBUG prove_core:phase 2 prover:batch:commit: close time.busy=47.5s time.idle=5.00µs shard=14
2025-10-28T18:06:35.809939Z DEBUG prove_core:phase 2 prover:batch:opening:generate permutation traces: close time.busy=13.1s time.idle=5.55µs shard=14
2025-10-28T18:06:35.810014Z DEBUG prove_core:phase 2 prover:batch:opening: AddSub          | Main Cols = 19    | Pre Cols = 0      | Perm Cols = 20    | Rows = 2097152 | Cells = 81788928   shard=14
2025-10-28T18:06:35.810031Z DEBUG prove_core:phase 2 prover:batch:opening: Cpu             | Main Cols = 57    | Pre Cols = 0      | Perm Cols = 44    | Rows = 2097152 | Cells = 211812352  shard=14
2025-10-28T18:06:35.810040Z DEBUG prove_core:phase 2 prover:batch:opening: MemoryInstrs    | Main Cols = 57    | Pre Cols = 0      | Perm Cols = 28    | Rows = 1048576 | Cells = 89128960   shard=14
2025-10-28T18:06:35.810050Z DEBUG prove_core:phase 2 prover:batch:opening: Lt              | Main Cols = 33    | Pre Cols = 0      | Perm Cols = 12    | Rows = 524288 | Cells = 23592960   shard=14
2025-10-28T18:06:35.810064Z DEBUG prove_core:phase 2 prover:batch:opening: Program         | Main Cols = 1     | Pre Cols = 14     | Perm Cols = 8     | Rows = 524288 | Cells = 12058624   shard=14
2025-10-28T18:06:35.810074Z DEBUG prove_core:phase 2 prover:batch:opening: Auipc           | Main Cols = 21    | Pre Cols = 0      | Perm Cols = 12    | Rows = 262144 | Cells = 8650752    shard=14
2025-10-28T18:06:35.810083Z DEBUG prove_core:phase 2 prover:batch:opening: Bitwise         | Main Cols = 17    | Pre Cols = 0      | Perm Cols = 16    | Rows = 262144 | Cells = 8650752    shard=14
2025-10-28T18:06:35.810092Z DEBUG prove_core:phase 2 prover:batch:opening: Branch          | Main Cols = 34    | Pre Cols = 0      | Perm Cols = 16    | Rows = 262144 | Cells = 13107200   shard=14
2025-10-28T18:06:35.810104Z DEBUG prove_core:phase 2 prover:batch:opening: Global          | Main Cols = 412   | Pre Cols = 0      | Perm Cols = 8     | Rows = 262144 | Cells = 110100480  shard=14
2025-10-28T18:06:35.810113Z DEBUG prove_core:phase 2 prover:batch:opening: Jump            | Main Cols = 26    | Pre Cols = 0      | Perm Cols = 16    | Rows = 262144 | Cells = 11010048   shard=14
2025-10-28T18:06:35.810123Z DEBUG prove_core:phase 2 prover:batch:opening: MemoryLocal     | Main Cols = 56    | Pre Cols = 0      | Perm Cols = 36    | Rows = 262144 | Cells = 24117248   shard=14
2025-10-28T18:06:35.810134Z DEBUG prove_core:phase 2 prover:batch:opening: SyscallCore     | Main Cols = 6     | Pre Cols = 0      | Perm Cols = 8     | Rows = 262144 | Cells = 3670016    shard=14
2025-10-28T18:06:35.810143Z DEBUG prove_core:phase 2 prover:batch:opening: SyscallInstrs   | Main Cols = 52    | Pre Cols = 0      | Perm Cols = 20    | Rows = 262144 | Cells = 18874368   shard=14
2025-10-28T18:06:35.810152Z DEBUG prove_core:phase 2 prover:batch:opening: Mul             | Main Cols = 39    | Pre Cols = 0      | Perm Cols = 36    | Rows = 131072 | Cells = 9830400    shard=14
2025-10-28T18:06:35.810161Z DEBUG prove_core:phase 2 prover:batch:opening: ShiftLeft       | Main Cols = 44    | Pre Cols = 0      | Perm Cols = 16    | Rows = 131072 | Cells = 7864320    shard=14
2025-10-28T18:06:35.810170Z DEBUG prove_core:phase 2 prover:batch:opening: ShiftRight      | Main Cols = 70    | Pre Cols = 0      | Perm Cols = 56    | Rows = 131072 | Cells = 16515072   shard=14
2025-10-28T18:06:35.810180Z DEBUG prove_core:phase 2 prover:batch:opening: Byte            | Main Cols = 9     | Pre Cols = 11     | Perm Cols = 24    | Rows = 65536 | Cells = 2883584    shard=14
2025-10-28T18:06:39.270509Z DEBUG prove_core:phase 2 prover:batch:opening:flatten permutation traces and collect domains: close time.busy=3.46s time.idle=4.60µs shard=14
2025-10-28T18:07:04.578614Z DEBUG prove_core:phase 2 prover:batch:opening:commit to permutation traces: close time.busy=25.3s time.idle=6.55µs shard=14
2025-10-28T18:07:10.515600Z DEBUG prove_core:phase 2 prover:batch:opening:compute quotient values:compute quotient values for domain: close time.busy=5.94s time.idle=6.61µs shard=14
2025-10-28T18:07:11.884227Z DEBUG prove_core:phase 2 prover:batch:opening:compute quotient values:compute quotient values for domain: close time.busy=7.31s time.idle=5.61µs shard=14
2025-10-28T18:07:13.800046Z DEBUG prove_core:phase 2 prover:batch:opening:compute quotient values:compute quotient values for domain: close time.busy=9.22s time.idle=47.5µs shard=14
2025-10-28T18:07:17.051998Z DEBUG prove_core:phase 2 prover:batch:opening:compute quotient values:compute quotient values for domain: close time.busy=12.5s time.idle=6.63µs shard=14
2025-10-28T18:07:18.333492Z DEBUG prove_core:phase 2 prover:batch:opening:compute quotient values:compute quotient values for domain: close time.busy=13.8s time.idle=7.13µs shard=14
2025-10-28T18:07:24.208003Z DEBUG prove_core:phase 2 prover:batch:opening:compute quotient values:compute quotient values for domain: close time.busy=3.82s time.idle=7.44µs shard=14
2025-10-28T18:07:24.241843Z DEBUG prove_core:phase 2 prover:batch:opening:compute quotient values:compute quotient values for domain: close time.busy=19.7s time.idle=6.00µs shard=14
2025-10-28T18:07:29.297090Z DEBUG prove_core:phase 2 prover:batch:opening:compute quotient values:compute quotient values for domain: close time.busy=24.7s time.idle=15.9µs shard=14
2025-10-28T18:07:32.011814Z DEBUG prove_core:phase 2 prover:batch:opening:compute quotient values:compute quotient values for domain: close time.busy=27.4s time.idle=36.9µs shard=14
2025-10-28T18:07:44.306093Z DEBUG prove_core:phase 2 prover:batch:opening:compute quotient values:compute quotient values for domain: close time.busy=39.7s time.idle=9.49µs shard=14
2025-10-28T18:07:59.793125Z DEBUG prove_core:phase 2 prover:batch:opening:compute quotient values:compute quotient values for domain: close time.busy=55.2s time.idle=5.72µs shard=14
2025-10-28T18:07:59.809751Z DEBUG prove_core:phase 2 prover:batch:opening:compute quotient values:compute quotient values for domain: close time.busy=55.2s time.idle=13.6µs shard=14
2025-10-28T18:07:59.959779Z DEBUG prove_core:phase 2 prover:batch:opening:compute quotient values:compute quotient values for domain: close time.busy=55.4s time.idle=7.30µs shard=14
2025-10-28T18:07:59.980345Z DEBUG prove_core:phase 2 prover:batch:opening:compute quotient values:compute quotient values for domain: close time.busy=55.4s time.idle=6.45µs shard=14
2025-10-28T18:08:00.105102Z DEBUG prove_core:phase 2 prover:batch:opening:compute quotient values:compute quotient values for domain: close time.busy=55.5s time.idle=7.87µs shard=14
2025-10-28T18:08:00.597266Z DEBUG prove_core:phase 2 prover:batch:opening:compute quotient values:compute quotient values for domain: close time.busy=56.0s time.idle=7.10µs shard=14
2025-10-28T18:08:00.717005Z DEBUG prove_core:phase 2 prover:batch:opening:compute quotient values:compute quotient values for domain: close time.busy=56.1s time.idle=6.12µs shard=14
2025-10-28T18:08:14.322014Z DEBUG prove_core:phase 2 prover:batch:opening:commit to quotient traces: close time.busy=12.3s time.idle=6.80µs shard=14
2025-10-28T18:08:14.322300Z DEBUG prove_core:phase 2 prover:batch:opening:compute preprocessed opening points: close time.busy=29.7µs time.idle=5.20µs shard=14
2025-10-28T18:08:14.322379Z DEBUG prove_core:phase 2 prover:batch:opening:compute main trace opening points: close time.busy=55.6µs time.idle=3.31µs shard=14
2025-10-28T18:08:14.322408Z DEBUG prove_core:phase 2 prover:batch:opening:compute permutation trace opening points: close time.busy=7.37µs time.idle=3.12µs shard=14
2025-10-28T18:08:44.740926Z DEBUG prove_core:phase 2 prover:batch:opening:open multi batches: close time.busy=30.4s time.idle=6.65µs shard=14
2025-10-28T18:08:44.830356Z DEBUG prove_core:phase 2 prover:batch:opening:compute quotient values: close time.busy=56.1s time.idle=44.1s shard=14
2025-10-28T18:08:46.226630Z DEBUG prove_core:phase 2 prover:batch:opening: close time.busy=144s time.idle=6.56µs shard=14
2025-10-28T18:08:46.226878Z DEBUG prove_core:phase 2 prover:batch: proving shard 14 took 191001714438 ns. shape: Some([(Byte, 16), (ShiftLeft, 17), (ShiftRight, 17), (Mul, 17), (SyscallCore, 18), (Global, 18), (SyscallInstrs, 18), (Jump, 18), (Bitwise, 18), (MemoryLocal, 18), (Auipc, 18), (Branch, 18), (Lt, 19), (Program, 19), (MemoryInstrs, 20), (Cpu, 21), (AddSub, 21)])
2025-10-28T18:08:46.227161Z DEBUG prove_core:phase 2 prover:batch: close time.busy=191s time.idle=19.9µs
2025-10-28T18:08:48.616993Z DEBUG prove_core:phase 2 prover:batch:commit: close time.busy=2.39s time.idle=5.31µs shard=15
2025-10-28T18:08:49.023487Z DEBUG prove_core:phase 2 prover:batch:opening:generate permutation traces: close time.busy=406ms time.idle=4.03µs shard=15
2025-10-28T18:08:49.023546Z DEBUG prove_core:phase 2 prover:batch:opening: Program         | Main Cols = 1     | Pre Cols = 14     | Perm Cols = 8     | Rows = 524288 | Cells = 12058624   shard=15
2025-10-28T18:08:49.023562Z DEBUG prove_core:phase 2 prover:batch:opening: Byte            | Main Cols = 9     | Pre Cols = 11     | Perm Cols = 24    | Rows = 65536 | Cells = 2883584    shard=15
2025-10-28T18:08:49.023574Z DEBUG prove_core:phase 2 prover:batch:opening: Global          | Main Cols = 412   | Pre Cols = 0      | Perm Cols = 8     | Rows = 32768 | Cells = 13762560   shard=15
2025-10-28T18:08:49.023586Z DEBUG prove_core:phase 2 prover:batch:opening: MemoryLocal     | Main Cols = 56    | Pre Cols = 0      | Perm Cols = 36    | Rows = 4096  | Cells = 376832     shard=15
2025-10-28T18:08:49.023598Z DEBUG prove_core:phase 2 prover:batch:opening: Secp256k1AddAssign | Main Cols = 2305  | Pre Cols = 0      | Perm Cols = 2148  | Rows = 512   | Cells = 2279936    shard=15
2025-10-28T18:08:49.023614Z DEBUG prove_core:phase 2 prover:batch:opening: SyscallPrecompile | Main Cols = 6     | Pre Cols = 0      | Perm Cols = 8     | Rows = 512   | Cells = 7168       shard=15
2025-10-28T18:08:49.068392Z DEBUG prove_core:phase 2 prover:batch:opening:flatten permutation traces and collect domains: close time.busy=44.8ms time.idle=5.67µs shard=15
2025-10-28T18:08:50.039114Z DEBUG prove_core:phase 2 prover:batch:opening:commit to permutation traces: close time.busy=971ms time.idle=5.36µs shard=15
2025-10-28T18:08:50.041711Z DEBUG prove_core:phase 2 prover:batch:opening:compute quotient values:compute quotient values for domain: close time.busy=2.36ms time.idle=4.82µs shard=15
2025-10-28T18:08:51.406807Z DEBUG prove_core:phase 2 prover:batch:opening:compute quotient values:compute quotient values for domain: close time.busy=1.37s time.idle=6.14µs shard=15
2025-10-28T18:08:51.407640Z DEBUG prove_core:phase 2 prover:batch:opening:compute quotient values:compute quotient values for domain: close time.busy=1.37s time.idle=7.09µs shard=15
2025-10-28T18:08:51.407904Z DEBUG prove_core:phase 2 prover:batch:opening:compute quotient values:compute quotient values for domain: close time.busy=1.37s time.idle=4.98µs shard=15
2025-10-28T18:08:51.427002Z DEBUG prove_core:phase 2 prover:batch:opening:compute quotient values:compute quotient values for domain: close time.busy=1.39s time.idle=46.9µs shard=15
2025-10-28T18:08:51.438082Z DEBUG prove_core:phase 2 prover:batch:opening:compute quotient values:compute quotient values for domain: close time.busy=1.40s time.idle=22.2µs shard=15
2025-10-28T18:08:52.538024Z DEBUG prove_core:phase 2 prover:batch:opening:commit to quotient traces: close time.busy=1.07s time.idle=7.02µs shard=15
2025-10-28T18:08:52.538107Z DEBUG prove_core:phase 2 prover:batch:opening:compute preprocessed opening points: close time.busy=5.18µs time.idle=4.50µs shard=15
2025-10-28T18:08:52.538164Z DEBUG prove_core:phase 2 prover:batch:opening:compute main trace opening points: close time.busy=34.9µs time.idle=3.31µs shard=15
2025-10-28T18:08:52.538207Z DEBUG prove_core:phase 2 prover:batch:opening:compute permutation trace opening points: close time.busy=16.8µs time.idle=3.34µs shard=15
2025-10-28T18:08:56.789224Z DEBUG prove_core:phase 2 prover:batch:opening:open multi batches: close time.busy=4.25s time.idle=5.31µs shard=15
2025-10-28T18:08:56.789387Z DEBUG prove_core:phase 2 prover:batch:opening:compute quotient values: close time.busy=1.40s time.idle=5.35s shard=15
2025-10-28T18:08:56.826755Z DEBUG prove_core:phase 2 prover:batch:opening: close time.busy=8.21s time.idle=7.05µs shard=15
2025-10-28T18:08:56.826821Z DEBUG prove_core:phase 2 prover:batch: proving shard 15 took 10599460978 ns. shape: Some([(Secp256k1AddAssign, 9), (SyscallPrecompile, 9), (MemoryLocal, 12), (Global, 15), (Byte, 16), (Program, 19)])
2025-10-28T18:08:56.826979Z DEBUG prove_core:phase 2 prover:batch: close time.busy=10.6s time.idle=29.5µs
2025-10-28T18:09:00.447054Z DEBUG prove_core:phase 2 prover:batch:commit: close time.busy=3.62s time.idle=4.54µs shard=16
2025-10-28T18:09:00.898018Z DEBUG prove_core:phase 2 prover:batch:opening:generate permutation traces: close time.busy=451ms time.idle=4.65µs shard=16
2025-10-28T18:09:00.898076Z DEBUG prove_core:phase 2 prover:batch:opening: Program         | Main Cols = 1     | Pre Cols = 14     | Perm Cols = 8     | Rows = 524288 | Cells = 12058624   shard=16
2025-10-28T18:09:00.898091Z DEBUG prove_core:phase 2 prover:batch:opening: Byte            | Main Cols = 9     | Pre Cols = 11     | Perm Cols = 24    | Rows = 65536 | Cells = 2883584    shard=16
2025-10-28T18:09:00.898101Z DEBUG prove_core:phase 2 prover:batch:opening: Global          | Main Cols = 412   | Pre Cols = 0      | Perm Cols = 8     | Rows = 65536 | Cells = 27525120   shard=16
2025-10-28T18:09:00.898110Z DEBUG prove_core:phase 2 prover:batch:opening: MemoryLocal     | Main Cols = 56    | Pre Cols = 0      | Perm Cols = 36    | Rows = 4096  | Cells = 376832     shard=16
2025-10-28T18:09:00.898120Z DEBUG prove_core:phase 2 prover:batch:opening: Secp256k1DoubleAssign | Main Cols = 2348  | Pre Cols = 0      | Perm Cols = 2208  | Rows = 1024  | Cells = 4665344    shard=16
2025-10-28T18:09:00.898134Z DEBUG prove_core:phase 2 prover:batch:opening: SyscallPrecompile | Main Cols = 6     | Pre Cols = 0      | Perm Cols = 8     | Rows = 1024  | Cells = 14336      shard=16
2025-10-28T18:09:00.927307Z DEBUG prove_core:phase 2 prover:batch:opening:flatten permutation traces and collect domains: close time.busy=29.2ms time.idle=4.99µs shard=16
2025-10-28T18:09:02.119743Z DEBUG prove_core:phase 2 prover:batch:opening:commit to permutation traces: close time.busy=1.19s time.idle=5.69µs shard=16
2025-10-28T18:09:02.122632Z DEBUG prove_core:phase 2 prover:batch:opening:compute quotient values:compute quotient values for domain: close time.busy=2.63ms time.idle=5.45µs shard=16
2025-10-28T18:09:04.035065Z DEBUG prove_core:phase 2 prover:batch:opening:compute quotient values:compute quotient values for domain: close time.busy=1.92s time.idle=6.80µs shard=16
2025-10-28T18:09:04.036143Z DEBUG prove_core:phase 2 prover:batch:opening:compute quotient values:compute quotient values for domain: close time.busy=1.92s time.idle=4.44µs shard=16
2025-10-28T18:09:04.083814Z DEBUG prove_core:phase 2 prover:batch:opening:compute quotient values:compute quotient values for domain: close time.busy=1.96s time.idle=6.26µs shard=16
2025-10-28T18:09:04.104958Z DEBUG prove_core:phase 2 prover:batch:opening:compute quotient values:compute quotient values for domain: close time.busy=1.99s time.idle=8.28µs shard=16
2025-10-28T18:09:04.120636Z DEBUG prove_core:phase 2 prover:batch:opening:compute quotient values:compute quotient values for domain: close time.busy=2.00s time.idle=5.97µs shard=16
2025-10-28T18:09:04.928847Z DEBUG prove_core:phase 2 prover:batch:opening:commit to quotient traces: close time.busy=776ms time.idle=7.15µs shard=16
2025-10-28T18:09:04.928926Z DEBUG prove_core:phase 2 prover:batch:opening:compute preprocessed opening points: close time.busy=6.03µs time.idle=3.59µs shard=16
2025-10-28T18:09:04.928950Z DEBUG prove_core:phase 2 prover:batch:opening:compute main trace opening points: close time.busy=6.80µs time.idle=2.15µs shard=16
2025-10-28T18:09:04.928971Z DEBUG prove_core:phase 2 prover:batch:opening:compute permutation trace opening points: close time.busy=3.77µs time.idle=2.15µs shard=16
2025-10-28T18:09:09.063204Z DEBUG prove_core:phase 2 prover:batch:opening:open multi batches: close time.busy=4.13s time.idle=5.12µs shard=16
2025-10-28T18:09:09.063361Z DEBUG prove_core:phase 2 prover:batch:opening:compute quotient values: close time.busy=2.00s time.idle=4.94s shard=16
2025-10-28T18:09:09.124908Z DEBUG prove_core:phase 2 prover:batch:opening: close time.busy=8.68s time.idle=7.67µs shard=16
2025-10-28T18:09:09.124989Z DEBUG prove_core:phase 2 prover:batch: proving shard 16 took 12297934456 ns. shape: Some([(SyscallPrecompile, 10), (Secp256k1DoubleAssign, 10), (MemoryLocal, 12), (Global, 16), (Byte, 16), (Program, 19)])
2025-10-28T18:09:09.125224Z DEBUG prove_core:phase 2 prover:batch: close time.busy=12.3s time.idle=26.4µs
2025-10-28T18:09:26.799098Z DEBUG prove_core:phase 2 prover:batch:commit: close time.busy=17.7s time.idle=6.11µs shard=17
2025-10-28T18:09:28.271206Z DEBUG prove_core:phase 2 prover:batch:opening:generate permutation traces: close time.busy=1.47s time.idle=5.33µs shard=17
2025-10-28T18:09:28.271284Z DEBUG prove_core:phase 2 prover:batch:opening: Program         | Main Cols = 1     | Pre Cols = 14     | Perm Cols = 8     | Rows = 524288 | Cells = 12058624   shard=17
2025-10-28T18:09:28.271302Z DEBUG prove_core:phase 2 prover:batch:opening: Global          | Main Cols = 412   | Pre Cols = 0      | Perm Cols = 8     | Rows = 131072 | Cells = 55050240   shard=17
2025-10-28T18:09:28.271315Z DEBUG prove_core:phase 2 prover:batch:opening: Byte            | Main Cols = 9     | Pre Cols = 11     | Perm Cols = 24    | Rows = 65536 | Cells = 2883584    shard=17
2025-10-28T18:09:28.271329Z DEBUG prove_core:phase 2 prover:batch:opening: KeccakPermute   | Main Cols = 3289  | Pre Cols = 0      | Perm Cols = 608   | Rows = 32768 | Cells = 127696896  shard=17
2025-10-28T18:09:28.271342Z DEBUG prove_core:phase 2 prover:batch:opening: MemoryLocal     | Main Cols = 56    | Pre Cols = 0      | Perm Cols = 36    | Rows = 16384 | Cells = 1507328    shard=17
2025-10-28T18:09:28.271358Z DEBUG prove_core:phase 2 prover:batch:opening: SyscallPrecompile | Main Cols = 6     | Pre Cols = 0      | Perm Cols = 8     | Rows = 2048  | Cells = 28672      shard=17
2025-10-28T18:09:28.658024Z DEBUG prove_core:phase 2 prover:batch:opening:flatten permutation traces and collect domains: close time.busy=387ms time.idle=5.55µs shard=17
2025-10-28T18:09:31.515554Z DEBUG prove_core:phase 2 prover:batch:opening:commit to permutation traces: close time.busy=2.86s time.idle=5.57µs shard=17
2025-10-28T18:09:31.520605Z DEBUG prove_core:phase 2 prover:batch:opening:compute quotient values:compute quotient values for domain: close time.busy=4.77ms time.idle=5.67µs shard=17
2025-10-28T18:09:31.874642Z DEBUG prove_core:phase 2 prover:batch:opening:compute quotient values:compute quotient values for domain: close time.busy=359ms time.idle=5.85µs shard=17
2025-10-28T18:09:31.876535Z DEBUG prove_core:phase 2 prover:batch:opening:compute quotient values:compute quotient values for domain: close time.busy=361ms time.idle=4.71µs shard=17
2025-10-28T18:09:33.779987Z DEBUG prove_core:phase 2 prover:batch:opening:compute quotient values:compute quotient values for domain: close time.busy=2.26s time.idle=7.54µs shard=17
2025-10-28T18:09:33.866880Z DEBUG prove_core:phase 2 prover:batch:opening:compute quotient values:compute quotient values for domain: close time.busy=2.35s time.idle=6.84µs shard=17
2025-10-28T18:09:39.755786Z DEBUG prove_core:phase 2 prover:batch:opening:compute quotient values:compute quotient values for domain: close time.busy=8.24s time.idle=7.61µs shard=17
2025-10-28T18:09:41.011293Z DEBUG prove_core:phase 2 prover:batch:opening:commit to quotient traces: close time.busy=1.18s time.idle=6.49µs shard=17
2025-10-28T18:09:41.011401Z DEBUG prove_core:phase 2 prover:batch:opening:compute preprocessed opening points: close time.busy=33.3µs time.idle=4.94µs shard=17
2025-10-28T18:09:41.011471Z DEBUG prove_core:phase 2 prover:batch:opening:compute main trace opening points: close time.busy=47.4µs time.idle=3.57µs shard=17
2025-10-28T18:09:41.011498Z DEBUG prove_core:phase 2 prover:batch:opening:compute permutation trace opening points: close time.busy=5.37µs time.idle=3.16µs shard=17
2025-10-28T18:09:46.438686Z DEBUG prove_core:phase 2 prover:batch:opening:open multi batches: close time.busy=5.43s time.idle=5.99µs shard=17
2025-10-28T18:09:46.438858Z DEBUG prove_core:phase 2 prover:batch:opening:compute quotient values: close time.busy=8.24s time.idle=6.68s shard=17
2025-10-28T18:09:46.866996Z DEBUG prove_core:phase 2 prover:batch:opening: close time.busy=20.1s time.idle=7.27µs shard=17
2025-10-28T18:09:46.867072Z DEBUG prove_core:phase 2 prover:batch: proving shard 17 took 37741754435 ns. shape: Some([(SyscallPrecompile, 11), (MemoryLocal, 14), (KeccakPermute, 15), (Byte, 16), (Global, 17), (Program, 19)])
2025-10-28T18:09:46.867278Z DEBUG prove_core:phase 2 prover:batch: close time.busy=37.7s time.idle=25.0µs
2025-10-28T18:09:46.879943Z DEBUG prove_core:phase 2 trace generation: close time.busy=2111s time.idle=14.8µs
2025-10-28T18:10:10.539821Z DEBUG prove_core:phase 2 prover:batch:commit: close time.busy=23.7s time.idle=5.00µs shard=18
2025-10-28T18:10:12.077367Z DEBUG prove_core:phase 2 prover:batch:opening:generate permutation traces: close time.busy=1.54s time.idle=4.54µs shard=18
2025-10-28T18:10:12.077487Z DEBUG prove_core:phase 2 prover:batch:opening: Program         | Main Cols = 1     | Pre Cols = 14     | Perm Cols = 8     | Rows = 524288 | Cells = 12058624   shard=18
2025-10-28T18:10:12.077507Z DEBUG prove_core:phase 2 prover:batch:opening: Global          | Main Cols = 412   | Pre Cols = 0      | Perm Cols = 8     | Rows = 262144 | Cells = 110100480  shard=18
2025-10-28T18:10:12.077521Z DEBUG prove_core:phase 2 prover:batch:opening: Byte            | Main Cols = 9     | Pre Cols = 11     | Perm Cols = 24    | Rows = 65536 | Cells = 2883584    shard=18
2025-10-28T18:10:12.077535Z DEBUG prove_core:phase 2 prover:batch:opening: KeccakPermute   | Main Cols = 3289  | Pre Cols = 0      | Perm Cols = 608   | Rows = 32768 | Cells = 127696896  shard=18
2025-10-28T18:10:12.077548Z DEBUG prove_core:phase 2 prover:batch:opening: MemoryLocal     | Main Cols = 56    | Pre Cols = 0      | Perm Cols = 36    | Rows = 32768 | Cells = 3014656    shard=18
2025-10-28T18:10:12.077567Z DEBUG prove_core:phase 2 prover:batch:opening: SyscallPrecompile | Main Cols = 6     | Pre Cols = 0      | Perm Cols = 8     | Rows = 2048  | Cells = 28672      shard=18
2025-10-28T18:10:12.705607Z DEBUG prove_core:phase 2 prover:batch:opening:flatten permutation traces and collect domains: close time.busy=628ms time.idle=5.84µs shard=18
2025-10-28T18:10:16.141564Z DEBUG prove_core:phase 2 prover:batch:opening:commit to permutation traces: close time.busy=3.44s time.idle=6.11µs shard=18
2025-10-28T18:10:16.147882Z DEBUG prove_core:phase 2 prover:batch:opening:compute quotient values:compute quotient values for domain: close time.busy=5.98ms time.idle=9.33µs shard=18
2025-10-28T18:10:16.665329Z DEBUG prove_core:phase 2 prover:batch:opening:compute quotient values:compute quotient values for domain: close time.busy=524ms time.idle=5.64µs shard=18
2025-10-28T18:10:16.665845Z DEBUG prove_core:phase 2 prover:batch:opening:compute quotient values:compute quotient values for domain: close time.busy=524ms time.idle=4.62µs shard=18
2025-10-28T18:10:17.614546Z DEBUG prove_core:phase 2 prover:batch:opening:compute quotient values:compute quotient values for domain: close time.busy=1.47s time.idle=5.61µs shard=18
2025-10-28T18:10:25.153060Z DEBUG prove_core:phase 2 prover:batch:opening:compute quotient values:compute quotient values for domain: close time.busy=9.01s time.idle=5.20µs shard=18
2025-10-28T18:10:25.425829Z DEBUG prove_core:phase 2 prover:batch:opening:compute quotient values:compute quotient values for domain: close time.busy=9.28s time.idle=8.17µs shard=18
2025-10-28T18:10:26.962839Z DEBUG prove_core:phase 2 prover:batch:opening:commit to quotient traces: close time.busy=1.48s time.idle=8.29µs shard=18
2025-10-28T18:10:26.962956Z DEBUG prove_core:phase 2 prover:batch:opening:compute preprocessed opening points: close time.busy=31.0µs time.idle=5.01µs shard=18
2025-10-28T18:10:26.962988Z DEBUG prove_core:phase 2 prover:batch:opening:compute main trace opening points: close time.busy=8.72µs time.idle=2.99µs shard=18
2025-10-28T18:10:26.963012Z DEBUG prove_core:phase 2 prover:batch:opening:compute permutation trace opening points: close time.busy=5.06µs time.idle=3.05µs shard=18
2025-10-28T18:10:33.169943Z DEBUG prove_core:phase 2 prover:batch:opening:open multi batches: close time.busy=6.21s time.idle=5.00µs shard=18
2025-10-28T18:10:33.170124Z DEBUG prove_core:phase 2 prover:batch:opening:compute quotient values: close time.busy=9.28s time.idle=7.74s shard=18
2025-10-28T18:10:33.855467Z DEBUG prove_core:phase 2 prover:batch:opening: close time.busy=23.3s time.idle=13.4µs shard=18
2025-10-28T18:10:33.855521Z DEBUG prove_core:phase 2 prover:batch: proving shard 18 took 46988199345 ns. shape: Some([(SyscallPrecompile, 11), (KeccakPermute, 15), (MemoryLocal, 15), (Byte, 16), (Global, 18), (Program, 19)])
2025-10-28T18:10:33.855654Z DEBUG prove_core:phase 2 prover:batch: close time.busy=47.0s time.idle=11.7µs
2025-10-28T18:11:02.271077Z DEBUG prove_core:phase 2 prover:batch:commit: close time.busy=28.4s time.idle=4.16µs shard=19
2025-10-28T18:11:02.595320Z DEBUG prove_core:phase 2 prover:batch:opening:generate permutation traces: close time.busy=324ms time.idle=5.82µs shard=19
2025-10-28T18:11:02.595389Z DEBUG prove_core:phase 2 prover:batch:opening: Global          | Main Cols = 412   | Pre Cols = 0      | Perm Cols = 8     | Rows = 524288 | Cells = 220200960  shard=19
2025-10-28T18:11:02.595403Z DEBUG prove_core:phase 2 prover:batch:opening: Program         | Main Cols = 1     | Pre Cols = 14     | Perm Cols = 8     | Rows = 524288 | Cells = 12058624   shard=19
2025-10-28T18:11:02.595413Z DEBUG prove_core:phase 2 prover:batch:opening: MemoryGlobalFinalize | Main Cols = 108   | Pre Cols = 0      | Perm Cols = 8     | Rows = 262144 | Cells = 30408704   shard=19
2025-10-28T18:11:02.595457Z DEBUG prove_core:phase 2 prover:batch:opening: MemoryGlobalInit | Main Cols = 108   | Pre Cols = 0      | Perm Cols = 8     | Rows = 262144 | Cells = 30408704   shard=19
2025-10-28T18:11:02.595469Z DEBUG prove_core:phase 2 prover:batch:opening: Byte            | Main Cols = 9     | Pre Cols = 11     | Perm Cols = 24    | Rows = 65536 | Cells = 2883584    shard=19
2025-10-28T18:11:02.903495Z DEBUG prove_core:phase 2 prover:batch:opening:flatten permutation traces and collect domains: close time.busy=308ms time.idle=6.13µs shard=19
2025-10-28T18:11:04.898045Z DEBUG prove_core:phase 2 prover:batch:opening:commit to permutation traces: close time.busy=1.99s time.idle=6.04µs shard=19
2025-10-28T18:11:05.440935Z DEBUG prove_core:phase 2 prover:batch:opening:compute quotient values:compute quotient values for domain: close time.busy=542ms time.idle=6.71µs shard=19
2025-10-28T18:11:08.085528Z DEBUG prove_core:phase 2 prover:batch:opening:compute quotient values:compute quotient values for domain: close time.busy=3.19s time.idle=6.18µs shard=19
2025-10-28T18:11:08.124146Z DEBUG prove_core:phase 2 prover:batch:opening:compute quotient values:compute quotient values for domain: close time.busy=3.23s time.idle=5.69µs shard=19
2025-10-28T18:11:08.145932Z DEBUG prove_core:phase 2 prover:batch:opening:compute quotient values:compute quotient values for domain: close time.busy=3.25s time.idle=11.0µs shard=19
2025-10-28T18:11:13.379504Z DEBUG prove_core:phase 2 prover:batch:opening:compute quotient values:compute quotient values for domain: close time.busy=8.48s time.idle=9.13µs shard=19
2025-10-28T18:11:15.708866Z DEBUG prove_core:phase 2 prover:batch:opening:commit to quotient traces: close time.busy=2.17s time.idle=7.53µs shard=19
2025-10-28T18:11:15.708966Z DEBUG prove_core:phase 2 prover:batch:opening:compute preprocessed opening points: close time.busy=11.6µs time.idle=3.65µs shard=19
2025-10-28T18:11:15.709000Z DEBUG prove_core:phase 2 prover:batch:opening:compute main trace opening points: close time.busy=12.3µs time.idle=2.38µs shard=19
2025-10-28T18:11:15.709020Z DEBUG prove_core:phase 2 prover:batch:opening:compute permutation trace opening points: close time.busy=3.41µs time.idle=2.41µs shard=19
2025-10-28T18:11:22.984785Z DEBUG prove_core:phase 2 prover:batch:opening:open multi batches: close time.busy=7.28s time.idle=4.76µs shard=19
2025-10-28T18:11:22.984933Z DEBUG prove_core:phase 2 prover:batch:opening:compute quotient values: close time.busy=8.48s time.idle=9.61s shard=19
2025-10-28T18:11:24.001119Z DEBUG prove_core:phase 2 prover:batch:opening: close time.busy=21.7s time.idle=8.17µs shard=19
2025-10-28T18:11:24.001214Z DEBUG prove_core:phase 2 prover:batch: proving shard 19 took 50145526630 ns. shape: Some([(Byte, 16), (MemoryGlobalInit, 18), (MemoryGlobalFinalize, 18), (Global, 19), (Program, 19)])
2025-10-28T18:11:24.001472Z DEBUG prove_core:phase 2 prover:batch: close time.busy=50.1s time.idle=9.76µs
2025-10-28T18:11:24.001506Z DEBUG prove_core:phase 2 prover: close time.busy=2208s time.idle=16.7µs
2025-10-28T18:11:24.012308Z DEBUG prove_core: execution report (totals): total_cycles=18520052, total_syscall_cycles=10671, touched_memory_addresses=167631
2025-10-28T18:11:24.012363Z DEBUG prove_core: execution report (opcode counts):
2025-10-28T18:11:24.012403Z DEBUG prove_core:   4621624 add
2025-10-28T18:11:24.012413Z DEBUG prove_core:   3005116 sw
2025-10-28T18:11:24.012489Z DEBUG prove_core:   2454792 lw
2025-10-28T18:11:24.012498Z DEBUG prove_core:   2080060 lbu
2025-10-28T18:11:24.012505Z DEBUG prove_core:   1472369 sb
2025-10-28T18:11:24.012514Z DEBUG prove_core:    790103 bne
2025-10-28T18:11:24.012521Z DEBUG prove_core:    753817 beq
2025-10-28T18:11:24.012529Z DEBUG prove_core:    613459 xor
2025-10-28T18:11:24.012537Z DEBUG prove_core:    582347 bltu
2025-10-28T18:11:24.012545Z DEBUG prove_core:    423680 jalr
2025-10-28T18:11:24.012552Z DEBUG prove_core:    347313 or
2025-10-28T18:11:24.012560Z DEBUG prove_core:    303252 sll
2025-10-28T18:11:24.012568Z DEBUG prove_core:    270188 and
2025-10-28T18:11:24.012575Z DEBUG prove_core:    211869 auipc
2025-10-28T18:11:24.012583Z DEBUG prove_core:    175160 srl
2025-10-28T18:11:24.012591Z DEBUG prove_core:    151757 lb
2025-10-28T18:11:24.012598Z DEBUG prove_core:     77846 sub
2025-10-28T18:11:24.012606Z DEBUG prove_core:     77557 sltu
2025-10-28T18:11:24.012614Z DEBUG prove_core:     35081 jal
2025-10-28T18:11:24.012621Z DEBUG prove_core:     30612 bgeu
2025-10-28T18:11:24.012629Z DEBUG prove_core:     16201 sh
2025-10-28T18:11:24.012636Z DEBUG prove_core:     10831 mul
2025-10-28T18:11:24.012644Z DEBUG prove_core:     10671 ecall
2025-10-28T18:11:24.012652Z DEBUG prove_core:      1764 lh
2025-10-28T18:11:24.012659Z DEBUG prove_core:      1592 mulhu
2025-10-28T18:11:24.012667Z DEBUG prove_core:       724 lhu
2025-10-28T18:11:24.012674Z DEBUG prove_core:       153 bge
2025-10-28T18:11:24.012682Z DEBUG prove_core:       108 sra
2025-10-28T18:11:24.012690Z DEBUG prove_core:         6 blt
2025-10-28T18:11:24.012698Z DEBUG prove_core:         0 slt
2025-10-28T18:11:24.012727Z DEBUG prove_core:         0 mulh
2025-10-28T18:11:24.012735Z DEBUG prove_core:         0 mulhsu
2025-10-28T18:11:24.012742Z DEBUG prove_core:         0 div
2025-10-28T18:11:24.012750Z DEBUG prove_core:         0 divu
2025-10-28T18:11:24.012757Z DEBUG prove_core:         0 rem
2025-10-28T18:11:24.012765Z DEBUG prove_core:         0 remu
2025-10-28T18:11:24.012779Z DEBUG prove_core:         0 ebreak
2025-10-28T18:11:24.012787Z DEBUG prove_core:         0 unimp
2025-10-28T18:11:24.012796Z DEBUG prove_core: execution report (syscall counts):
2025-10-28T18:11:24.012811Z DEBUG prove_core:   9109 keccak_permute
2025-10-28T18:11:24.012820Z DEBUG prove_core:   1024 secp256k1_double
2025-10-28T18:11:24.012828Z DEBUG prove_core:    500 secp256k1_add
2025-10-28T18:11:24.012836Z DEBUG prove_core:      8 commit
2025-10-28T18:11:24.012844Z DEBUG prove_core:      8 commit_deferred_proofs
2025-10-28T18:11:24.012852Z DEBUG prove_core:      8 hint_len
2025-10-28T18:11:24.012905Z DEBUG prove_core:      8 hint_read
2025-10-28T18:11:24.012914Z DEBUG prove_core:      4 enter_unconstrained
2025-10-28T18:11:24.012922Z DEBUG prove_core:      1 halt
2025-10-28T18:11:24.012929Z DEBUG prove_core:      1 write
2025-10-28T18:11:24.012938Z DEBUG prove_core:      0 exit_unconstrained
2025-10-28T18:11:24.012945Z DEBUG prove_core:      0 verify_sp1_proof
2025-10-28T18:11:24.012953Z DEBUG prove_core:      0 ed_decompress
2025-10-28T18:11:24.012961Z DEBUG prove_core:      0 secp256k1_decompress
2025-10-28T18:11:24.012969Z DEBUG prove_core:      0 bn254_double
2025-10-28T18:11:24.012976Z DEBUG prove_core:      0 bls12381_decompress
2025-10-28T18:11:24.012984Z DEBUG prove_core:      0 bls12381_double
2025-10-28T18:11:24.012992Z DEBUG prove_core:      0 secp256r1_double
2025-10-28T18:11:24.012999Z DEBUG prove_core:      0 secp256r1_decompress
2025-10-28T18:11:24.013007Z DEBUG prove_core:      0 sha_compress
2025-10-28T18:11:24.013014Z DEBUG prove_core:      0 ed_add
2025-10-28T18:11:24.013022Z DEBUG prove_core:      0 bn254_add
2025-10-28T18:11:24.013030Z DEBUG prove_core:      0 uint256_mul
2025-10-28T18:11:24.013037Z DEBUG prove_core:      0 bls12381_add
2025-10-28T18:11:24.013045Z DEBUG prove_core:      0 bls12381_fp_add
2025-10-28T18:11:24.013052Z DEBUG prove_core:      0 bls12381_fp_sub
2025-10-28T18:11:24.013060Z DEBUG prove_core:      0 bls12381_fp_mul
2025-10-28T18:11:24.013067Z DEBUG prove_core:      0 bls12381_fp2_add
2025-10-28T18:11:24.013075Z DEBUG prove_core:      0 bls12381_fp2_sub
2025-10-28T18:11:24.013082Z DEBUG prove_core:      0 bls12381_fp2_mul
2025-10-28T18:11:24.013090Z DEBUG prove_core:      0 bn254_fp_add
2025-10-28T18:11:24.013097Z DEBUG prove_core:      0 bn254_fp_sub
2025-10-28T18:11:24.013105Z DEBUG prove_core:      0 bn254_fp_mul
2025-10-28T18:11:24.013112Z DEBUG prove_core:      0 bn254_fp2_add
2025-10-28T18:11:24.013120Z DEBUG prove_core:      0 bn254_fp2_sub
2025-10-28T18:11:24.013127Z DEBUG prove_core:      0 bn254_fp2_mul
2025-10-28T18:11:24.013135Z DEBUG prove_core:      0 secp256r1_add
2025-10-28T18:11:24.013142Z DEBUG prove_core:      0 u256xu2048_mul
2025-10-28T18:11:24.013150Z DEBUG prove_core:      0 sha_extend
2025-10-28T18:11:24.013164Z DEBUG prove_core: summary: cycles=18520052, e2e=2208.068110819s, khz=8.39
2025-10-28T18:11:24.040669Z  INFO prove_core: close time.busy=2208s time.idle=9.55ms
2025-10-28T18:11:24.211263Z DEBUG compress:generate records and traces:get program and witness stream: close time.busy=5.50ms time.idle=5.25µs
2025-10-28T18:11:24.708340Z DEBUG compress:generate records and traces:execute runtime: close time.busy=497ms time.idle=4.53µs
2025-10-28T18:11:24.708455Z DEBUG compress:generate records and traces:generate dependencies:register nonces: close time.busy=1.30µs time.idle=3.49µs
2025-10-28T18:11:24.708472Z DEBUG compress:generate records and traces:generate dependencies: close time.busy=48.2µs time.idle=3.54µs
2025-10-28T18:11:24.709040Z DEBUG compress:generate records and traces:generate traces:generate traces for shard: generated trace for chip MemoryConst in 295.367µs
2025-10-28T18:11:24.709149Z DEBUG fixed log2 rows can be potentially reduced: got 253600, expected 524288
2025-10-28T18:11:24.709178Z DEBUG compress:generate records and traces:generate traces:generate traces for shard: generated trace for chip PublicValues in 15.417µs
2025-10-28T18:11:24.709900Z DEBUG compress:generate records and traces:generate traces:generate traces for shard: generated trace for chip BaseAlu in 1.020761ms
2025-10-28T18:11:24.712420Z DEBUG fixed log2 rows can be potentially reduced: got 219146, expected 524288
2025-10-28T18:11:24.713956Z DEBUG generate batch fri trace: fixed log2 rows can be potentially reduced: got 248400, expected 524288 rows=248400
2025-10-28T18:11:24.716545Z DEBUG compress:generate records and traces:generate traces:generate traces for shard: generated trace for chip ExtAlu in 7.589959ms
2025-10-28T18:11:24.717818Z DEBUG compress:generate records and traces:generate traces:generate traces for shard: generated trace for chip MemoryVar in 8.813454ms
2025-10-28T18:11:24.732590Z DEBUG generate exp reverse bits len trace: fixed log2 rows can be potentially reduced: got 130300, expected 262144 rows=7100
2025-10-28T18:11:24.744503Z DEBUG generate batch fri trace: close time.busy=35.4ms time.idle=7.48µs rows=248400
2025-10-28T18:11:24.744568Z DEBUG compress:generate records and traces:generate traces:generate traces for shard: generated trace for chip BatchFRI in 35.457495ms
2025-10-28T18:11:24.752394Z DEBUG compress:generate records and traces:generate traces:generate traces for shard: generated trace for chip Select in 43.244876ms
2025-10-28T18:11:24.781992Z DEBUG generate exp reverse bits len trace: close time.busy=72.8ms time.idle=5.59µs rows=7100
2025-10-28T18:11:24.782065Z DEBUG compress:generate records and traces:generate traces:generate traces for shard: generated trace for chip ExpReverseBitsLen in 72.90471ms
2025-10-28T18:11:25.129776Z DEBUG generate poseidon2 wide trace: close time.busy=421ms time.idle=5.57µs rows=56071
2025-10-28T18:11:25.129832Z DEBUG compress:generate records and traces:generate traces:generate traces for shard: generated trace for chip Poseidon2WideDeg3 in 421.035404ms
2025-10-28T18:11:25.129925Z DEBUG compress:generate records and traces:generate traces:generate traces for shard: close time.busy=421ms time.idle=4.07µs
2025-10-28T18:11:25.129952Z DEBUG compress:generate records and traces:generate traces: close time.busy=421ms time.idle=3.25µs
2025-10-28T18:11:25.135590Z DEBUG compress:generate records and traces:get program and witness stream: close time.busy=5.59ms time.idle=6.20µs
2025-10-28T18:11:25.140737Z DEBUG compress:prove:batch:Setup compress program:setup machine:generate preprocessed traces: generated preprocessed trace for chip PublicValues in 10.427549ms
2025-10-28T18:11:25.146066Z DEBUG compress:prove:batch:Setup compress program:setup machine:generate preprocessed traces: generated preprocessed trace for chip BaseAlu in 15.8732ms
2025-10-28T18:11:25.146235Z DEBUG fixed log2 rows can be potentially reduced: got 130300, expected 262144
2025-10-28T18:11:25.146064Z DEBUG compress:prove:batch:Setup compress program:setup machine:generate preprocessed traces: generated preprocessed trace for chip ExtAlu in 15.76343ms
2025-10-28T18:11:25.149840Z DEBUG compress:prove:batch:Setup compress program:setup machine:generate preprocessed traces: generated preprocessed trace for chip ExpReverseBitsLen in 19.535556ms
2025-10-28T18:11:25.152970Z DEBUG compress:prove:batch:Setup compress program:setup machine:generate preprocessed traces: generated preprocessed trace for chip MemoryConst in 22.817672ms
2025-10-28T18:11:25.155668Z DEBUG fixed log2 rows can be potentially reduced: got 248400, expected 524288
2025-10-28T18:11:25.158586Z DEBUG compress:prove:batch:Setup compress program:setup machine:generate preprocessed traces: generated preprocessed trace for chip BatchFRI in 28.266078ms
2025-10-28T18:11:25.165552Z DEBUG compress:prove:batch:Setup compress program:setup machine:generate preprocessed traces: generated preprocessed trace for chip Poseidon2WideDeg3 in 35.308981ms
2025-10-28T18:11:25.170011Z DEBUG compress:prove:batch:Setup compress program:setup machine:generate preprocessed traces: generated preprocessed trace for chip MemoryVar in 39.739633ms
2025-10-28T18:11:25.200023Z DEBUG compress:prove:batch:Setup compress program:setup machine:generate preprocessed traces: generated preprocessed trace for chip Select in 69.723817ms
2025-10-28T18:11:25.350013Z DEBUG compress:generate records and traces:execute runtime: close time.busy=214ms time.idle=5.90µs
2025-10-28T18:11:25.350092Z DEBUG compress:generate records and traces:generate dependencies:register nonces: close time.busy=1.15µs time.idle=2.95µs
2025-10-28T18:11:25.350106Z DEBUG compress:generate records and traces:generate dependencies: close time.busy=28.5µs time.idle=3.96µs
2025-10-28T18:11:25.350673Z DEBUG compress:generate records and traces:generate traces:generate traces for shard: generated trace for chip MemoryConst in 329.678µs
2025-10-28T18:11:25.350749Z DEBUG fixed log2 rows can be potentially reduced: got 253600, expected 524288
2025-10-28T18:11:25.350818Z DEBUG compress:generate records and traces:generate traces:generate traces for shard: generated trace for chip PublicValues in 7.404µs
2025-10-28T18:11:25.352053Z DEBUG compress:generate records and traces:generate traces:generate traces for shard: generated trace for chip BaseAlu in 1.638263ms
2025-10-28T18:11:25.354589Z DEBUG fixed log2 rows can be potentially reduced: got 213557, expected 524288
2025-10-28T18:11:25.362895Z DEBUG compress:generate records and traces:generate traces:generate traces for shard: generated trace for chip MemoryVar in 11.741272ms
2025-10-28T18:11:25.363859Z DEBUG generate exp reverse bits len trace: fixed log2 rows can be potentially reduced: got 121500, expected 262144 rows=6300
2025-10-28T18:11:25.377447Z DEBUG generate batch fri trace: fixed log2 rows can be potentially reduced: got 229600, expected 524288 rows=229600
2025-10-28T18:11:25.386569Z DEBUG compress:generate records and traces:generate traces:generate traces for shard: generated trace for chip Select in 35.819253ms
2025-10-28T18:11:25.393068Z DEBUG generate exp reverse bits len trace: close time.busy=42.3ms time.idle=5.81µs rows=6300
2025-10-28T18:11:25.393127Z DEBUG compress:generate records and traces:generate traces:generate traces for shard: generated trace for chip ExpReverseBitsLen in 42.337916ms
2025-10-28T18:11:25.399765Z DEBUG compress:generate records and traces:generate traces:generate traces for shard: generated trace for chip ExtAlu in 49.178488ms
2025-10-28T18:11:25.472294Z DEBUG generate batch fri trace: close time.busy=121ms time.idle=5.72µs rows=229600
2025-10-28T18:11:25.472371Z DEBUG compress:generate records and traces:generate traces:generate traces for shard: generated trace for chip BatchFRI in 121.557009ms
2025-10-28T18:11:25.643120Z DEBUG generate poseidon2 wide trace: close time.busy=292ms time.idle=4.62µs rows=54272
2025-10-28T18:11:25.643179Z DEBUG compress:generate records and traces:generate traces:generate traces for shard: generated trace for chip Poseidon2WideDeg3 in 292.553568ms
2025-10-28T18:11:25.643342Z DEBUG compress:generate records and traces:generate traces:generate traces for shard: close time.busy=293ms time.idle=3.73µs
2025-10-28T18:11:25.643372Z DEBUG compress:generate records and traces:generate traces: close time.busy=293ms time.idle=3.74µs
2025-10-28T18:11:25.649334Z DEBUG compress:generate records and traces:get program and witness stream: close time.busy=5.91ms time.idle=7.27µs
2025-10-28T18:11:25.663893Z DEBUG compress:prove:batch:Setup compress program:setup machine:generate preprocessed traces: generated preprocessed trace for chip PublicValues in 19.004806ms
2025-10-28T18:11:25.667324Z DEBUG fixed log2 rows can be potentially reduced: got 121500, expected 262144
2025-10-28T18:11:25.677492Z DEBUG compress:prove:batch:Setup compress program:setup machine:generate preprocessed traces: generated preprocessed trace for chip ExpReverseBitsLen in 32.612978ms
2025-10-28T18:11:25.677589Z DEBUG compress:prove:batch:Setup compress program:setup machine:generate preprocessed traces: generated preprocessed trace for chip MemoryConst in 32.934379ms
2025-10-28T18:11:25.687987Z DEBUG fixed log2 rows can be potentially reduced: got 229600, expected 524288
2025-10-28T18:11:25.688398Z DEBUG compress:prove:batch:Setup compress program:setup machine:generate preprocessed traces: generated preprocessed trace for chip ExtAlu in 43.510146ms
2025-10-28T18:11:25.695217Z DEBUG compress:prove:batch:Setup compress program:setup machine:generate preprocessed traces: generated preprocessed trace for chip MemoryVar in 50.424207ms
2025-10-28T18:11:25.700749Z DEBUG compress:prove:batch:Setup compress program:setup machine:generate preprocessed traces: generated preprocessed trace for chip Select in 55.87863ms
2025-10-28T18:11:25.700831Z DEBUG compress:prove:batch:Setup compress program:setup machine:generate preprocessed traces: generated preprocessed trace for chip BaseAlu in 56.077829ms
2025-10-28T18:11:25.725650Z DEBUG compress:prove:batch:Setup compress program:setup machine:generate preprocessed traces: generated preprocessed trace for chip BatchFRI in 80.832647ms
2025-10-28T18:11:25.746790Z DEBUG compress:prove:batch:Setup compress program:setup machine:generate preprocessed traces: generated preprocessed trace for chip Poseidon2WideDeg3 in 102.058187ms
2025-10-28T18:11:25.863562Z DEBUG compress:generate records and traces:execute runtime: close time.busy=214ms time.idle=5.59µs
2025-10-28T18:11:25.863659Z DEBUG compress:generate records and traces:generate dependencies:register nonces: close time.busy=1.19µs time.idle=3.05µs
2025-10-28T18:11:25.863676Z DEBUG compress:generate records and traces:generate dependencies: close time.busy=31.4µs time.idle=3.80µs
2025-10-28T18:11:25.864172Z DEBUG compress:generate records and traces:generate traces:generate traces for shard: generated trace for chip MemoryConst in 166.048µs
2025-10-28T18:11:25.866206Z DEBUG compress:generate records and traces:generate traces:generate traces for shard: generated trace for chip BaseAlu in 720.079µs
2025-10-28T18:11:25.866242Z DEBUG fixed log2 rows can be potentially reduced: got 253600, expected 524288
2025-10-28T18:11:25.867248Z DEBUG fixed log2 rows can be potentially reduced: got 213557, expected 524288
2025-10-28T18:11:25.869112Z DEBUG compress:generate records and traces:generate traces:generate traces for shard: generated trace for chip PublicValues in 13.852µs
2025-10-28T18:11:25.873401Z DEBUG compress:generate records and traces:generate traces:generate traces for shard: generated trace for chip ExtAlu in 7.392532ms
2025-10-28T18:11:25.873676Z DEBUG compress:generate records and traces:generate traces:generate traces for shard: generated trace for chip Select in 7.435639ms
2025-10-28T18:11:25.879260Z DEBUG generate exp reverse bits len trace: fixed log2 rows can be potentially reduced: got 121500, expected 262144 rows=6300
2025-10-28T18:11:25.885890Z DEBUG generate batch fri trace: fixed log2 rows can be potentially reduced: got 229600, expected 524288 rows=229600
2025-10-28T18:11:25.906480Z DEBUG compress:generate records and traces:generate traces:generate traces for shard: generated trace for chip MemoryVar in 42.279313ms
2025-10-28T18:11:25.907541Z DEBUG generate exp reverse bits len trace: close time.busy=40.1ms time.idle=7.42µs rows=6300
2025-10-28T18:11:25.907578Z DEBUG compress:generate records and traces:generate traces:generate traces for shard: generated trace for chip ExpReverseBitsLen in 40.113424ms
2025-10-28T18:11:25.981340Z DEBUG generate batch fri trace: close time.busy=115ms time.idle=6.23µs rows=229600
2025-10-28T18:11:25.981403Z DEBUG compress:generate records and traces:generate traces:generate traces for shard: generated trace for chip BatchFRI in 115.144499ms
2025-10-28T18:11:26.286076Z DEBUG generate poseidon2 wide trace: close time.busy=421ms time.idle=7.76µs rows=54272
2025-10-28T18:11:26.286136Z DEBUG compress:generate records and traces:generate traces:generate traces for shard: generated trace for chip Poseidon2WideDeg3 in 420.889189ms
2025-10-28T18:11:26.286581Z DEBUG compress:generate records and traces:generate traces:generate traces for shard: close time.busy=423ms time.idle=4.40µs
2025-10-28T18:11:26.286625Z DEBUG compress:generate records and traces:generate traces: close time.busy=423ms time.idle=3.75µs
2025-10-28T18:11:26.289969Z DEBUG compress:generate records and traces:get program and witness stream: core cache miss, misses: 2
2025-10-28T18:11:26.423783Z DEBUG compress:generate records and traces:get program and witness stream:build recursion program:read input: close time.busy=134ms time.idle=4.32µs
2025-10-28T18:11:26.424922Z DEBUG compress:generate records and traces:get program and witness stream:build recursion program:verify:verify shard:assert lookup multiplicities: close time.busy=104µs time.idle=3.47µs
2025-10-28T18:11:26.527489Z DEBUG compress:generate records and traces:get program and witness stream:build recursion program:verify:verify shard:2adic pcs:verify shape and challenges: close time.busy=67.8ms time.idle=5.63µs
2025-10-28T18:11:26.668145Z DEBUG compress:generate records and traces:get program and witness stream:build recursion program:verify:verify shard:2adic pcs:verify challenges: close time.busy=75.0ms time.idle=6.52µs
2025-10-28T18:11:26.668245Z DEBUG compress:generate records and traces:get program and witness stream:build recursion program:verify:verify shard:2adic pcs: close time.busy=241ms time.idle=3.15µs
2025-10-28T18:11:26.673415Z DEBUG compress:generate records and traces:get program and witness stream:build recursion program:verify:verify shard:verify constraints: close time.busy=5.15ms time.idle=4.37µs
2025-10-28T18:11:26.673479Z DEBUG compress:generate records and traces:get program and witness stream:build recursion program:verify:verify shard: close time.busy=249ms time.idle=5.21µs
2025-10-28T18:11:26.687567Z DEBUG compress:generate records and traces:get program and witness stream:build recursion program:verify: close time.busy=264ms time.idle=4.56µs
2025-10-28T18:11:26.687618Z DEBUG compress:generate records and traces:get program and witness stream:build recursion program:build block: close time.busy=2.43µs time.idle=3.30µs
2025-10-28T18:11:26.687631Z DEBUG compress:generate records and traces:get program and witness stream:build recursion program: close time.busy=398ms time.idle=3.88µs
2025-10-28T18:11:27.062758Z DEBUG compress:generate records and traces:get program and witness stream:compile recursion program:compile raw program: close time.busy=375ms time.idle=4.70µs
2025-10-28T18:11:27.105896Z DEBUG compress:generate records and traces:get program and witness stream:compile recursion program:backfill mult: close time.busy=43.1ms time.idle=8.39µs
2025-10-28T18:11:27.106172Z DEBUG compress:generate records and traces:get program and witness stream:compile recursion program:prepend constants: close time.busy=133µs time.idle=8.33µs
2025-10-28T18:11:27.121521Z DEBUG compress:generate records and traces:get program and witness stream:compile recursion program: close time.busy=434ms time.idle=5.11µs
2025-10-28T18:11:27.122842Z DEBUG compress:generate records and traces:get program and witness stream: close time.busy=836ms time.idle=7.44µs
2025-10-28T18:11:27.252876Z DEBUG compress:generate records and traces:execute runtime: close time.busy=130ms time.idle=5.86µs
2025-10-28T18:11:27.252943Z DEBUG compress:generate records and traces:generate dependencies:register nonces: close time.busy=1.15µs time.idle=2.98µs
2025-10-28T18:11:27.252957Z DEBUG compress:generate records and traces:generate dependencies: close time.busy=26.8µs time.idle=3.73µs
2025-10-28T18:11:27.253370Z DEBUG compress:generate records and traces:generate traces:generate traces for shard: generated trace for chip MemoryConst in 236.308µs
2025-10-28T18:11:27.253638Z DEBUG fixed log2 rows can be potentially reduced: got 253600, expected 524288
2025-10-28T18:11:27.253669Z DEBUG compress:generate records and traces:generate traces:generate traces for shard: generated trace for chip PublicValues in 14.856µs
2025-10-28T18:11:27.254378Z DEBUG compress:generate records and traces:generate traces:generate traces for shard: generated trace for chip BaseAlu in 1.066031ms
2025-10-28T18:11:27.258517Z DEBUG compress:generate records and traces:generate traces:generate traces for shard: generated trace for chip ExtAlu in 5.114673ms
2025-10-28T18:11:27.258598Z DEBUG compress:generate records and traces:generate traces:generate traces for shard: generated trace for chip Select in 4.96416ms
2025-10-28T18:11:27.259198Z DEBUG generate batch fri trace: fixed log2 rows can be potentially reduced: got 248400, expected 524288 rows=248400
2025-10-28T18:11:27.259683Z DEBUG fixed log2 rows can be potentially reduced: got 219146, expected 524288
2025-10-28T18:11:27.286478Z DEBUG generate exp reverse bits len trace: close time.busy=32.8ms time.idle=4.52µs rows=7100
2025-10-28T18:11:27.286526Z DEBUG compress:generate records and traces:generate traces:generate traces for shard: generated trace for chip ExpReverseBitsLen in 32.879622ms
2025-10-28T18:11:27.298481Z DEBUG compress:generate records and traces:generate traces:generate traces for shard: generated trace for chip MemoryVar in 44.976719ms
2025-10-28T18:11:27.324929Z DEBUG generate batch fri trace: close time.busy=71.4ms time.idle=5.24µs rows=248400
2025-10-28T18:11:27.324987Z DEBUG compress:generate records and traces:generate traces:generate traces for shard: generated trace for chip BatchFRI in 71.426703ms
2025-10-28T18:11:27.933999Z DEBUG generate poseidon2 wide trace: close time.busy=681ms time.idle=6.32µs rows=56071
2025-10-28T18:11:27.934062Z DEBUG compress:generate records and traces:generate traces:generate traces for shard: generated trace for chip Poseidon2WideDeg3 in 680.610649ms
2025-10-28T18:11:28.838149Z DEBUG compress:generate records and traces:generate traces:generate traces for shard: close time.busy=1.59s time.idle=4.99µs
2025-10-28T18:11:28.838221Z DEBUG compress:generate records and traces:generate traces: close time.busy=1.59s time.idle=3.72µs
2025-10-28T18:11:31.766767Z DEBUG compress:prove:batch:Setup compress program:setup machine:commit to preprocessed traces: close time.busy=6.41s time.idle=7.53µs
2025-10-28T18:11:31.766920Z DEBUG compress:prove:batch:Setup compress program:setup machine:generate preprocessed traces: close time.busy=70.3ms time.idle=6.57s
2025-10-28T18:11:31.766940Z DEBUG compress:prove:batch:Setup compress program:setup machine: close time.busy=6.64s time.idle=5.39µs
2025-10-28T18:11:31.766956Z DEBUG compress:prove:batch:Setup compress program: close time.busy=6.64s time.idle=3.71µs
2025-10-28T18:11:31.766999Z DEBUG compress:prove:batch:observe proving key: close time.busy=15.6µs time.idle=3.94µs
2025-10-28T18:11:31.777382Z DEBUG compress:prove:batch:Setup compress program:setup machine:commit to preprocessed traces: close time.busy=5.84s time.idle=8.01µs
2025-10-28T18:11:31.777500Z DEBUG compress:prove:batch:Setup compress program:setup machine:generate preprocessed traces: close time.busy=112ms time.idle=6.02s
2025-10-28T18:11:31.777521Z DEBUG compress:prove:batch:Setup compress program:setup machine: close time.busy=6.13s time.idle=21.4µs
2025-10-28T18:11:31.777538Z DEBUG compress:prove:batch:Setup compress program: close time.busy=6.13s time.idle=3.31µs
2025-10-28T18:11:31.777573Z DEBUG compress:prove:batch:observe proving key: close time.busy=13.2µs time.idle=3.31µs
2025-10-28T18:11:44.050156Z DEBUG compress:prove:batch:commit: close time.busy=12.3s time.idle=4.60µs
2025-10-28T18:11:45.496732Z DEBUG compress:prove:batch:commit: close time.busy=13.7s time.idle=5.61µs
2025-10-28T18:11:47.082211Z DEBUG compress:prove:batch:open:generate permutation traces: close time.busy=3.03s time.idle=4.92µs
2025-10-28T18:11:47.082266Z DEBUG compress:prove:batch:open: BatchFRI        | Main Cols = 13    | Pre Cols = 6      | Perm Cols = 12    | Rows = 524288 | Cells = 16252928  
2025-10-28T18:11:47.082279Z DEBUG compress:prove:batch:open: MemoryVar       | Main Cols = 8     | Pre Cols = 4      | Perm Cols = 8     | Rows = 524288 | Cells = 10485760  
2025-10-28T18:11:47.082288Z DEBUG compress:prove:batch:open: Select          | Main Cols = 5     | Pre Cols = 8      | Perm Cols = 16    | Rows = 524288 | Cells = 15204352  
2025-10-28T18:11:47.082297Z DEBUG compress:prove:batch:open: ExpReverseBitsLen | Main Cols = 7     | Pre Cols = 10     | Perm Cols = 12    | Rows = 262144 | Cells = 7602176   
2025-10-28T18:11:47.082311Z DEBUG compress:prove:batch:open: MemoryConst     | Main Cols = 1     | Pre Cols = 12     | Perm Cols = 8     | Rows = 131072 | Cells = 2752512   
2025-10-28T18:11:47.082321Z DEBUG compress:prove:batch:open: Poseidon2WideDeg3 | Main Cols = 313   | Pre Cols = 49     | Perm Cols = 68    | Rows = 131072 | Cells = 56360960  
2025-10-28T18:11:47.082329Z DEBUG compress:prove:batch:open: BaseAlu         | Main Cols = 12    | Pre Cols = 32     | Perm Cols = 28    | Rows = 65536 | Cells = 4718592   
2025-10-28T18:11:47.082337Z DEBUG compress:prove:batch:open: ExtAlu          | Main Cols = 48    | Pre Cols = 32     | Perm Cols = 28    | Rows = 65536 | Cells = 7077888   
2025-10-28T18:11:47.082346Z DEBUG compress:prove:batch:open: PublicValues    | Main Cols = 1     | Pre Cols = 10     | Perm Cols = 8     | Rows = 16    | Cells = 304       
2025-10-28T18:11:47.131536Z DEBUG compress:prove:batch:open:generate permutation traces: close time.busy=1.63s time.idle=4.98µs
2025-10-28T18:11:47.131594Z DEBUG compress:prove:batch:open: BatchFRI        | Main Cols = 13    | Pre Cols = 6      | Perm Cols = 12    | Rows = 524288 | Cells = 16252928  
2025-10-28T18:11:47.131609Z DEBUG compress:prove:batch:open: MemoryVar       | Main Cols = 8     | Pre Cols = 4      | Perm Cols = 8     | Rows = 524288 | Cells = 10485760  
2025-10-28T18:11:47.131621Z DEBUG compress:prove:batch:open: Select          | Main Cols = 5     | Pre Cols = 8      | Perm Cols = 16    | Rows = 524288 | Cells = 15204352  
2025-10-28T18:11:47.131632Z DEBUG compress:prove:batch:open: ExpReverseBitsLen | Main Cols = 7     | Pre Cols = 10     | Perm Cols = 12    | Rows = 262144 | Cells = 7602176   
2025-10-28T18:11:47.131644Z DEBUG compress:prove:batch:open: MemoryConst     | Main Cols = 1     | Pre Cols = 12     | Perm Cols = 8     | Rows = 131072 | Cells = 2752512   
2025-10-28T18:11:47.131656Z DEBUG compress:prove:batch:open: Poseidon2WideDeg3 | Main Cols = 313   | Pre Cols = 49     | Perm Cols = 68    | Rows = 131072 | Cells = 56360960  
2025-10-28T18:11:47.131667Z DEBUG compress:prove:batch:open: BaseAlu         | Main Cols = 12    | Pre Cols = 32     | Perm Cols = 28    | Rows = 65536 | Cells = 4718592   
2025-10-28T18:11:47.131679Z DEBUG compress:prove:batch:open: ExtAlu          | Main Cols = 48    | Pre Cols = 32     | Perm Cols = 28    | Rows = 65536 | Cells = 7077888   
2025-10-28T18:11:47.131690Z DEBUG compress:prove:batch:open: PublicValues    | Main Cols = 1     | Pre Cols = 10     | Perm Cols = 8     | Rows = 16    | Cells = 304       
2025-10-28T18:11:47.759964Z DEBUG compress:prove:batch:open:flatten permutation traces and collect domains: close time.busy=628ms time.idle=5.05µs
2025-10-28T18:11:47.803339Z DEBUG compress:prove:batch:open:flatten permutation traces and collect domains: close time.busy=721ms time.idle=5.57µs
2025-10-28T18:11:52.787822Z DEBUG compress:prove:batch:open:commit to permutation traces: close time.busy=5.03s time.idle=5.90µs
2025-10-28T18:11:52.788480Z DEBUG compress:prove:batch:open:compute quotient values:compute quotient values for domain: close time.busy=296µs time.idle=6.94µs
2025-10-28T18:11:55.104324Z DEBUG compress:prove:batch:open:compute quotient values:compute quotient values for domain: close time.busy=2.32s time.idle=5.09µs
2025-10-28T18:11:55.334573Z DEBUG compress:prove:batch:open:compute quotient values:compute quotient values for domain: close time.busy=2.55s time.idle=6.98µs
2025-10-28T18:12:00.790937Z DEBUG compress:prove:batch:open:compute quotient values:compute quotient values for domain: close time.busy=8.00s time.idle=6.47µs
2025-10-28T18:12:00.797205Z DEBUG compress:prove:batch:open:compute quotient values:compute quotient values for domain: close time.busy=8.01s time.idle=4.96µs
2025-10-28T18:12:00.880150Z DEBUG compress:prove:batch:open:compute quotient values:compute quotient values for domain: close time.busy=8.09s time.idle=7.37µs
2025-10-28T18:12:00.904128Z DEBUG compress:prove:batch:open:compute quotient values:compute quotient values for domain: close time.busy=8.12s time.idle=6.22µs
2025-10-28T18:12:00.918768Z DEBUG compress:prove:batch:open:compute quotient values:compute quotient values for domain: close time.busy=8.13s time.idle=5.25µs
2025-10-28T18:12:00.937376Z DEBUG compress:prove:batch:open:compute quotient values:compute quotient values for domain: close time.busy=8.15s time.idle=10.3µs
2025-10-28T18:12:02.704677Z DEBUG compress:prove:batch:open:commit to permutation traces: close time.busy=14.9s time.idle=6.77µs
2025-10-28T18:12:02.705471Z DEBUG compress:prove:batch:open:compute quotient values:compute quotient values for domain: close time.busy=313µs time.idle=5.63µs
2025-10-28T18:12:03.124321Z DEBUG compress:prove:batch:open:compute quotient values:compute quotient values for domain: close time.busy=419ms time.idle=6.39µs
2025-10-28T18:12:08.478019Z DEBUG compress:prove:batch:open:compute quotient values:compute quotient values for domain: close time.busy=5.77s time.idle=5.45µs
2025-10-28T18:12:08.483607Z DEBUG compress:prove:batch:open:compute quotient values:compute quotient values for domain: close time.busy=5.78s time.idle=5.95µs
2025-10-28T18:12:08.488490Z DEBUG compress:prove:batch:open:compute quotient values:compute quotient values for domain: close time.busy=5.78s time.idle=7.97µs
2025-10-28T18:12:08.518756Z DEBUG compress:prove:batch:open:compute quotient values:compute quotient values for domain: close time.busy=5.81s time.idle=7.21µs
2025-10-28T18:12:08.531860Z DEBUG compress:prove:batch:open:compute quotient values:compute quotient values for domain: close time.busy=5.83s time.idle=15.7µs
2025-10-28T18:12:08.639887Z DEBUG compress:prove:batch:open:compute quotient values:compute quotient values for domain: close time.busy=5.93s time.idle=21.0µs
2025-10-28T18:12:10.015633Z DEBUG compress:prove:batch:open:compute quotient values:compute quotient values for domain: close time.busy=7.31s time.idle=6.19µs
2025-10-28T18:12:12.704596Z DEBUG compress:prove:batch:open:commit to quotient traces: close time.busy=10.9s time.idle=7.91µs
2025-10-28T18:12:12.704694Z DEBUG compress:prove:batch:open:compute preprocessed opening points: close time.busy=8.31µs time.idle=6.28µs
2025-10-28T18:12:12.704737Z DEBUG compress:prove:batch:open:compute main trace opening points: close time.busy=8.81µs time.idle=4.36µs
2025-10-28T18:12:12.704773Z DEBUG compress:prove:batch:open:compute permutation trace opening points: close time.busy=7.37µs time.idle=4.52µs
2025-10-28T18:12:15.124354Z DEBUG compress:prove:batch:open:commit to quotient traces: close time.busy=4.89s time.idle=7.98µs
2025-10-28T18:12:15.124616Z DEBUG compress:prove:batch:open:compute preprocessed opening points: close time.busy=110µs time.idle=5.41µs
2025-10-28T18:12:15.124691Z DEBUG compress:prove:batch:open:compute main trace opening points: close time.busy=46.1µs time.idle=3.69µs
2025-10-28T18:12:15.124746Z DEBUG compress:prove:batch:open:compute permutation trace opening points: close time.busy=5.87µs time.idle=3.65µs
2025-10-28T18:12:23.580633Z DEBUG compress:prove:batch:open:open multi batches: close time.busy=10.9s time.idle=5.69µs
2025-10-28T18:12:23.594939Z DEBUG compress:prove:batch:open:compute quotient values: close time.busy=8.44s time.idle=22.4s
2025-10-28T18:12:23.789831Z DEBUG compress:prove:batch:open: close time.busy=38.3s time.idle=6.31µs
2025-10-28T18:12:25.066903Z DEBUG compress:prove:batch:open:open multi batches: close time.busy=9.94s time.idle=24.6µs
2025-10-28T18:12:25.073364Z DEBUG compress:prove:batch:open:compute quotient values: close time.busy=7.31s time.idle=15.1s
2025-10-28T18:12:25.237833Z DEBUG compress:prove:batch:open: close time.busy=41.2s time.idle=6.58µs
2025-10-28T18:12:25.278255Z DEBUG compress:prove:batch: close time.busy=60.1s time.idle=7.40µs
2025-10-28T18:12:25.286586Z DEBUG compress:prove:batch: close time.busy=59.6s time.idle=9.36µs
2025-10-28T18:12:25.288490Z DEBUG compress:generate records and traces:get program and witness stream: core cache miss, misses: 3
2025-10-28T18:12:25.324169Z DEBUG compress:prove:batch:Setup compress program:setup machine:generate preprocessed traces: generated preprocessed trace for chip MemoryConst in 36.389348ms
2025-10-28T18:12:25.340226Z DEBUG compress:prove:batch:Setup compress program:setup machine:generate preprocessed traces: generated preprocessed trace for chip ExtAlu in 52.382122ms
2025-10-28T18:12:25.340715Z DEBUG compress:prove:batch:Setup compress program:setup machine:generate preprocessed traces: generated preprocessed trace for chip Poseidon2WideDeg3 in 52.906266ms
2025-10-28T18:12:25.349869Z DEBUG compress:prove:batch:Setup compress program:setup machine:generate preprocessed traces: generated preprocessed trace for chip MemoryVar in 61.934393ms
2025-10-28T18:12:25.352858Z DEBUG compress:prove:batch:Setup compress program:setup machine:generate preprocessed traces: generated preprocessed trace for chip BaseAlu in 65.023123ms
2025-10-28T18:12:25.363523Z DEBUG fixed log2 rows can be potentially reduced: got 121500, expected 262144
2025-10-28T18:12:25.363528Z DEBUG compress:prove:batch:Setup compress program:setup machine:generate preprocessed traces: generated preprocessed trace for chip PublicValues in 82.955139ms
2025-10-28T18:12:25.367880Z DEBUG compress:prove:batch:Setup compress program:setup machine:generate preprocessed traces: generated preprocessed trace for chip PublicValues in 27.059678ms
2025-10-28T18:12:25.369984Z DEBUG compress:prove:batch:Setup compress program:setup machine:generate preprocessed traces: generated preprocessed trace for chip BaseAlu in 89.691944ms
2025-10-28T18:12:25.371288Z DEBUG compress:prove:batch:Setup compress program:setup machine:generate preprocessed traces: generated preprocessed trace for chip Select in 90.718754ms
2025-10-28T18:12:25.374335Z DEBUG compress:prove:batch:Setup compress program:setup machine:generate preprocessed traces: generated preprocessed trace for chip ExtAlu in 93.872273ms
2025-10-28T18:12:25.376099Z DEBUG compress:prove:batch:Setup compress program:setup machine:generate preprocessed traces: generated preprocessed trace for chip ExpReverseBitsLen in 87.288571ms
2025-10-28T18:12:25.379374Z DEBUG compress:prove:batch:Setup compress program:setup machine:generate preprocessed traces: generated preprocessed trace for chip ExpReverseBitsLen in 98.800314ms
2025-10-28T18:12:25.380135Z DEBUG compress:prove:batch:Setup compress program:setup machine:generate preprocessed traces: generated preprocessed trace for chip Select in 91.598845ms
2025-10-28T18:12:25.384602Z DEBUG compress:prove:batch:Setup compress program:setup machine:generate preprocessed traces: generated preprocessed trace for chip MemoryVar in 104.259093ms
2025-10-28T18:12:25.389028Z DEBUG fixed log2 rows can be potentially reduced: got 229600, expected 524288
2025-10-28T18:12:25.389620Z DEBUG fixed log2 rows can be potentially reduced: got 248400, expected 524288
2025-10-28T18:12:25.393542Z DEBUG compress:prove:batch:Setup compress program:setup machine:generate preprocessed traces: generated preprocessed trace for chip MemoryConst in 113.398766ms
2025-10-28T18:12:25.394713Z DEBUG compress:prove:batch:Setup compress program:setup machine:generate preprocessed traces: generated preprocessed trace for chip BatchFRI in 114.313099ms
2025-10-28T18:12:25.410281Z DEBUG compress:prove:batch:Setup compress program:setup machine:generate preprocessed traces: generated preprocessed trace for chip BatchFRI in 84.343834ms
2025-10-28T18:12:25.442498Z DEBUG compress:generate records and traces:get program and witness stream:build recursion program:read input: close time.busy=154ms time.idle=5.24µs
2025-10-28T18:12:25.443476Z DEBUG compress:prove:batch:Setup compress program:setup machine:generate preprocessed traces: generated preprocessed trace for chip Poseidon2WideDeg3 in 163.256018ms
2025-10-28T18:12:25.444104Z DEBUG compress:generate records and traces:get program and witness stream:build recursion program:verify:verify shard:assert lookup multiplicities: close time.busy=171µs time.idle=5.78µs
2025-10-28T18:12:25.602552Z DEBUG compress:generate records and traces:get program and witness stream:build recursion program:verify:verify shard:2adic pcs:verify shape and challenges: close time.busy=114ms time.idle=7.77µs
2025-10-28T18:12:25.850904Z DEBUG compress:generate records and traces:get program and witness stream:build recursion program:verify:verify shard:2adic pcs:verify challenges: close time.busy=127ms time.idle=9.10µs
2025-10-28T18:12:25.851029Z DEBUG compress:generate records and traces:get program and witness stream:build recursion program:verify:verify shard:2adic pcs: close time.busy=403ms time.idle=6.25µs
2025-10-28T18:12:25.854661Z DEBUG compress:generate records and traces:get program and witness stream:build recursion program:verify:verify shard:verify constraints: close time.busy=3.60ms time.idle=6.19µs
2025-10-28T18:12:25.854717Z DEBUG compress:generate records and traces:get program and witness stream:build recursion program:verify:verify shard: close time.busy=411ms time.idle=5.35µs
2025-10-28T18:12:25.881572Z DEBUG compress:generate records and traces:get program and witness stream:build recursion program:verify: close time.busy=439ms time.idle=5.47µs
2025-10-28T18:12:25.881645Z DEBUG compress:generate records and traces:get program and witness stream:build recursion program:build block: close time.busy=3.34µs time.idle=4.22µs
2025-10-28T18:12:25.881664Z DEBUG compress:generate records and traces:get program and witness stream:build recursion program: close time.busy=593ms time.idle=6.44µs
2025-10-28T18:12:26.143869Z DEBUG compress:generate records and traces:get program and witness stream:compile recursion program:compile raw program: close time.busy=262ms time.idle=5.27µs
2025-10-28T18:12:26.183672Z DEBUG compress:generate records and traces:get program and witness stream:compile recursion program:backfill mult: close time.busy=39.7ms time.idle=5.86µs
2025-10-28T18:12:26.183805Z DEBUG compress:generate records and traces:get program and witness stream:compile recursion program:prepend constants: close time.busy=60.3µs time.idle=4.76µs
2025-10-28T18:12:26.195861Z DEBUG compress:generate records and traces:get program and witness stream:compile recursion program: close time.busy=314ms time.idle=5.20µs
2025-10-28T18:12:26.196836Z DEBUG compress:generate records and traces:get program and witness stream: close time.busy=917ms time.idle=17.3µs
2025-10-28T18:12:26.553625Z DEBUG compress:generate records and traces:execute runtime: close time.busy=357ms time.idle=7.38µs
2025-10-28T18:12:26.553745Z DEBUG compress:generate records and traces:generate dependencies:register nonces: close time.busy=1.52µs time.idle=4.60µs
2025-10-28T18:12:26.553766Z DEBUG compress:generate records and traces:generate dependencies: close time.busy=48.4µs time.idle=6.23µs
2025-10-28T18:12:26.555630Z DEBUG fixed log2 rows can be potentially reduced: got 253600, expected 524288
2025-10-28T18:12:26.555634Z DEBUG compress:generate records and traces:generate traces:generate traces for shard: generated trace for chip PublicValues in 10.292µs
2025-10-28T18:12:26.555851Z DEBUG compress:generate records and traces:generate traces:generate traces for shard: generated trace for chip MemoryConst in 234.894µs
2025-10-28T18:12:26.556499Z DEBUG compress:generate records and traces:generate traces:generate traces for shard: generated trace for chip BaseAlu in 876.388µs
2025-10-28T18:12:26.559575Z DEBUG compress:generate records and traces:generate traces:generate traces for shard: generated trace for chip Select in 3.939598ms
2025-10-28T18:12:26.560485Z DEBUG fixed log2 rows can be potentially reduced: got 219146, expected 524288
2025-10-28T18:12:26.561620Z DEBUG compress:generate records and traces:generate traces:generate traces for shard: generated trace for chip ExtAlu in 5.993777ms
2025-10-28T18:12:26.571630Z DEBUG compress:generate records and traces:generate traces:generate traces for shard: generated trace for chip MemoryVar in 16.007431ms
2025-10-28T18:12:26.573830Z DEBUG generate batch fri trace: fixed log2 rows can be potentially reduced: got 248400, expected 524288 rows=248400
2025-10-28T18:12:26.627953Z DEBUG generate batch fri trace: close time.busy=72.3ms time.idle=5.95µs rows=248400
2025-10-28T18:12:26.628007Z DEBUG compress:generate records and traces:generate traces:generate traces for shard: generated trace for chip BatchFRI in 72.386253ms
2025-10-28T18:12:26.653479Z DEBUG generate exp reverse bits len trace: close time.busy=97.8ms time.idle=6.99µs rows=7100
2025-10-28T18:12:26.653544Z DEBUG compress:generate records and traces:generate traces:generate traces for shard: generated trace for chip ExpReverseBitsLen in 97.921533ms
2025-10-28T18:12:26.798568Z DEBUG generate poseidon2 wide trace: close time.busy=243ms time.idle=5.03µs rows=55971
2025-10-28T18:12:26.798622Z DEBUG compress:generate records and traces:generate traces:generate traces for shard: generated trace for chip Poseidon2WideDeg3 in 243.007436ms
2025-10-28T18:12:26.798698Z DEBUG compress:generate records and traces:generate traces:generate traces for shard: close time.busy=245ms time.idle=4.73µs
2025-10-28T18:12:26.798731Z DEBUG compress:generate records and traces:generate traces: close time.busy=245ms time.idle=5.31µs
2025-10-28T18:12:26.823734Z DEBUG compress:generate records and traces:get program and witness stream: core cache miss, misses: 4
2025-10-28T18:12:27.205016Z DEBUG compress:generate records and traces:get program and witness stream:build recursion program:read input: close time.busy=381ms time.idle=4.03µs
2025-10-28T18:12:27.205745Z DEBUG compress:generate records and traces:get program and witness stream:build recursion program:verify:verify shard:assert lookup multiplicities: close time.busy=95.2µs time.idle=3.10µs
2025-10-28T18:12:27.421159Z DEBUG compress:generate records and traces:get program and witness stream:build recursion program:verify:verify shard:2adic pcs:verify shape and challenges: close time.busy=76.0ms time.idle=6.72µs
2025-10-28T18:12:27.870152Z DEBUG compress:generate records and traces:get program and witness stream:build recursion program:verify:verify shard:2adic pcs:verify challenges: close time.busy=76.6ms time.idle=5.80µs
2025-10-28T18:12:27.870232Z DEBUG compress:generate records and traces:get program and witness stream:build recursion program:verify:verify shard:2adic pcs: close time.busy=664ms time.idle=4.12µs
2025-10-28T18:12:27.883954Z DEBUG compress:generate records and traces:get program and witness stream:build recursion program:verify:verify shard:verify constraints: close time.busy=13.7ms time.idle=4.74µs
2025-10-28T18:12:27.883997Z DEBUG compress:generate records and traces:get program and witness stream:build recursion program:verify:verify shard: close time.busy=678ms time.idle=3.97µs
2025-10-28T18:12:27.906940Z DEBUG compress:generate records and traces:get program and witness stream:build recursion program:verify: close time.busy=702ms time.idle=4.74µs
2025-10-28T18:12:27.906995Z DEBUG compress:generate records and traces:get program and witness stream:build recursion program:build block: close time.busy=2.41µs time.idle=3.58µs
2025-10-28T18:12:27.907009Z DEBUG compress:generate records and traces:get program and witness stream:build recursion program: close time.busy=1.08s time.idle=5.21µs
2025-10-28T18:12:28.212744Z DEBUG compress:generate records and traces:get program and witness stream:compile recursion program:compile raw program: close time.busy=306ms time.idle=4.58µs
2025-10-28T18:12:28.265417Z DEBUG compress:generate records and traces:get program and witness stream:compile recursion program:backfill mult: close time.busy=52.6ms time.idle=6.28µs
2025-10-28T18:12:28.265556Z DEBUG compress:generate records and traces:get program and witness stream:compile recursion program:prepend constants: close time.busy=54.2µs time.idle=5.13µs
2025-10-28T18:12:28.279478Z DEBUG compress:generate records and traces:get program and witness stream:compile recursion program: close time.busy=372ms time.idle=5.29µs
2025-10-28T18:12:28.281198Z DEBUG compress:generate records and traces:get program and witness stream: close time.busy=1.48s time.idle=6.80µs
2025-10-28T18:12:29.777667Z DEBUG compress:generate records and traces:execute runtime: close time.busy=1.50s time.idle=5.89µs
2025-10-28T18:12:29.777739Z DEBUG compress:generate records and traces:generate dependencies:register nonces: close time.busy=1.15µs time.idle=3.12µs
2025-10-28T18:12:29.777757Z DEBUG compress:generate records and traces:generate dependencies: close time.busy=37.8µs time.idle=3.85µs
2025-10-28T18:12:29.829536Z DEBUG fixed log2 rows can be potentially reduced: got 216000, expected 1048576
2025-10-28T18:12:29.829555Z DEBUG compress:generate records and traces:generate traces:generate traces for shard: generated trace for chip PublicValues in 20.86µs
2025-10-28T18:12:29.829610Z DEBUG fixed log2 rows can be potentially reduced: got 78580, expected 262144
2025-10-28T18:12:29.831035Z DEBUG compress:generate records and traces:generate traces:generate traces for shard: generated trace for chip MemoryConst in 1.50257ms
2025-10-28T18:12:29.831069Z DEBUG compress:generate records and traces:generate traces:generate traces for shard: generated trace for chip BaseAlu in 1.536736ms
2025-10-28T18:12:29.832727Z DEBUG generate exp reverse bits len trace: fixed log2 rows can be potentially reduced: got 45700, expected 262144 rows=2700
2025-10-28T18:12:29.834631Z DEBUG compress:generate records and traces:generate traces:generate traces for shard: generated trace for chip Select in 5.097586ms
2025-10-28T18:12:29.835046Z DEBUG fixed log2 rows can be potentially reduced: got 367913, expected 1048576
2025-10-28T18:12:29.853056Z DEBUG generate exp reverse bits len trace: close time.busy=23.5ms time.idle=6.71µs rows=2700
2025-10-28T18:12:29.853132Z DEBUG compress:generate records and traces:generate traces:generate traces for shard: generated trace for chip ExpReverseBitsLen in 23.599625ms
2025-10-28T18:12:29.897139Z DEBUG generate batch fri trace: fixed log2 rows can be potentially reduced: got 902800, expected 2097152 rows=902800
2025-10-28T18:12:29.937002Z DEBUG compress:generate records and traces:generate traces:generate traces for shard: generated trace for chip MemoryVar in 107.467513ms
2025-10-28T18:12:29.962086Z DEBUG compress:generate records and traces:generate traces:generate traces for shard: generated trace for chip ExtAlu in 132.552317ms
2025-10-28T18:12:30.325336Z DEBUG generate batch fri trace: close time.busy=496ms time.idle=5.70µs rows=902800
2025-10-28T18:12:30.325400Z DEBUG compress:generate records and traces:generate traces:generate traces for shard: generated trace for chip BatchFRI in 495.869976ms
2025-10-28T18:12:30.498245Z DEBUG generate poseidon2 wide trace: close time.busy=669ms time.idle=6.42µs rows=92016
2025-10-28T18:12:30.498308Z DEBUG compress:generate records and traces:generate traces:generate traces for shard: generated trace for chip Poseidon2WideDeg3 in 668.775972ms
2025-10-28T18:12:30.498459Z DEBUG compress:generate records and traces:generate traces:generate traces for shard: close time.busy=721ms time.idle=4.15µs
2025-10-28T18:12:30.498518Z DEBUG compress:generate records and traces:generate traces: close time.busy=721ms time.idle=16.7µs
2025-10-28T18:12:32.491011Z DEBUG compress:prove:batch:Setup compress program:setup machine:commit to preprocessed traces: close time.busy=6.97s time.idle=8.75µs
2025-10-28T18:12:32.491156Z DEBUG compress:prove:batch:Setup compress program:setup machine:generate preprocessed traces: close time.busy=124ms time.idle=7.08s
2025-10-28T18:12:32.491179Z DEBUG compress:prove:batch:Setup compress program:setup machine: close time.busy=7.20s time.idle=3.67µs
2025-10-28T18:12:32.491198Z DEBUG compress:prove:batch:Setup compress program: close time.busy=7.20s time.idle=3.85µs
2025-10-28T18:12:32.491257Z DEBUG compress:prove:batch:observe proving key: close time.busy=16.8µs time.idle=4.60µs
2025-10-28T18:12:32.492115Z DEBUG compress:prove:batch:Setup compress program:setup machine:commit to preprocessed traces: close time.busy=6.98s time.idle=10.9µs
2025-10-28T18:12:32.492319Z DEBUG compress:prove:batch:Setup compress program:setup machine:generate preprocessed traces: close time.busy=166ms time.idle=7.05s
2025-10-28T18:12:32.492351Z DEBUG compress:prove:batch:Setup compress program:setup machine: close time.busy=7.21s time.idle=3.07µs
2025-10-28T18:12:32.492364Z DEBUG compress:prove:batch:Setup compress program: close time.busy=7.21s time.idle=3.14µs
2025-10-28T18:12:32.492396Z DEBUG compress:prove:batch:observe proving key: close time.busy=11.3µs time.idle=3.21µs
2025-10-28T18:12:44.662604Z DEBUG compress:prove:batch:commit: close time.busy=12.2s time.idle=3.80µs
2025-10-28T18:12:46.194613Z DEBUG compress:prove:batch:commit: close time.busy=13.7s time.idle=5.61µs
2025-10-28T18:12:47.725983Z DEBUG compress:prove:batch:open:generate permutation traces: close time.busy=3.06s time.idle=11.7µs
2025-10-28T18:12:47.726081Z DEBUG compress:prove:batch:open: BatchFRI        | Main Cols = 13    | Pre Cols = 6      | Perm Cols = 12    | Rows = 524288 | Cells = 16252928  
2025-10-28T18:12:47.728695Z DEBUG compress:prove:batch:open: MemoryVar       | Main Cols = 8     | Pre Cols = 4      | Perm Cols = 8     | Rows = 524288 | Cells = 10485760  
2025-10-28T18:12:47.728714Z DEBUG compress:prove:batch:open: Select          | Main Cols = 5     | Pre Cols = 8      | Perm Cols = 16    | Rows = 524288 | Cells = 15204352  
2025-10-28T18:12:47.728730Z DEBUG compress:prove:batch:open: ExpReverseBitsLen | Main Cols = 7     | Pre Cols = 10     | Perm Cols = 12    | Rows = 262144 | Cells = 7602176   
2025-10-28T18:12:47.728742Z DEBUG compress:prove:batch:open: MemoryConst     | Main Cols = 1     | Pre Cols = 12     | Perm Cols = 8     | Rows = 131072 | Cells = 2752512   
2025-10-28T18:12:47.728752Z DEBUG compress:prove:batch:open: Poseidon2WideDeg3 | Main Cols = 313   | Pre Cols = 49     | Perm Cols = 68    | Rows = 131072 | Cells = 56360960  
2025-10-28T18:12:47.728761Z DEBUG compress:prove:batch:open: BaseAlu         | Main Cols = 12    | Pre Cols = 32     | Perm Cols = 28    | Rows = 65536 | Cells = 4718592   
2025-10-28T18:12:47.728771Z DEBUG compress:prove:batch:open: ExtAlu          | Main Cols = 48    | Pre Cols = 32     | Perm Cols = 28    | Rows = 65536 | Cells = 7077888   
2025-10-28T18:12:47.728780Z DEBUG compress:prove:batch:open: PublicValues    | Main Cols = 1     | Pre Cols = 10     | Perm Cols = 8     | Rows = 16    | Cells = 304       
2025-10-28T18:12:47.761604Z DEBUG compress:prove:batch:open:generate permutation traces: close time.busy=1.57s time.idle=6.98µs
2025-10-28T18:12:47.761684Z DEBUG compress:prove:batch:open: BatchFRI        | Main Cols = 13    | Pre Cols = 6      | Perm Cols = 12    | Rows = 524288 | Cells = 16252928  
2025-10-28T18:12:47.761706Z DEBUG compress:prove:batch:open: MemoryVar       | Main Cols = 8     | Pre Cols = 4      | Perm Cols = 8     | Rows = 524288 | Cells = 10485760  
2025-10-28T18:12:47.761721Z DEBUG compress:prove:batch:open: Select          | Main Cols = 5     | Pre Cols = 8      | Perm Cols = 16    | Rows = 524288 | Cells = 15204352  
2025-10-28T18:12:47.761736Z DEBUG compress:prove:batch:open: ExpReverseBitsLen | Main Cols = 7     | Pre Cols = 10     | Perm Cols = 12    | Rows = 262144 | Cells = 7602176   
2025-10-28T18:12:47.761751Z DEBUG compress:prove:batch:open: MemoryConst     | Main Cols = 1     | Pre Cols = 12     | Perm Cols = 8     | Rows = 131072 | Cells = 2752512   
2025-10-28T18:12:47.761768Z DEBUG compress:prove:batch:open: Poseidon2WideDeg3 | Main Cols = 313   | Pre Cols = 49     | Perm Cols = 68    | Rows = 131072 | Cells = 56360960  
2025-10-28T18:12:47.761783Z DEBUG compress:prove:batch:open: BaseAlu         | Main Cols = 12    | Pre Cols = 32     | Perm Cols = 28    | Rows = 65536 | Cells = 4718592   
2025-10-28T18:12:47.761798Z DEBUG compress:prove:batch:open: ExtAlu          | Main Cols = 48    | Pre Cols = 32     | Perm Cols = 28    | Rows = 65536 | Cells = 7077888   
2025-10-28T18:12:47.761812Z DEBUG compress:prove:batch:open: PublicValues    | Main Cols = 1     | Pre Cols = 10     | Perm Cols = 8     | Rows = 16    | Cells = 304       
2025-10-28T18:12:48.376218Z DEBUG compress:prove:batch:open:flatten permutation traces and collect domains: close time.busy=647ms time.idle=5.69µs
2025-10-28T18:12:48.485807Z DEBUG compress:prove:batch:open:flatten permutation traces and collect domains: close time.busy=724ms time.idle=6.59µs
2025-10-28T18:12:53.267861Z DEBUG compress:prove:batch:open:commit to permutation traces: close time.busy=4.89s time.idle=5.95µs
2025-10-28T18:12:53.268521Z DEBUG compress:prove:batch:open:compute quotient values:compute quotient values for domain: close time.busy=275µs time.idle=4.68µs
2025-10-28T18:12:58.164635Z DEBUG compress:prove:batch:open:compute quotient values:compute quotient values for domain: close time.busy=4.90s time.idle=4.99µs
2025-10-28T18:12:58.165350Z DEBUG compress:prove:batch:open:compute quotient values:compute quotient values for domain: close time.busy=4.90s time.idle=7.48µs
2025-10-28T18:12:58.165645Z DEBUG compress:prove:batch:open:compute quotient values:compute quotient values for domain: close time.busy=4.90s time.idle=4.95µs
2025-10-28T18:12:58.267216Z DEBUG compress:prove:batch:open:compute quotient values:compute quotient values for domain: close time.busy=5.00s time.idle=6.87µs
2025-10-28T18:12:58.281288Z DEBUG compress:prove:batch:open:compute quotient values:compute quotient values for domain: close time.busy=5.01s time.idle=5.45µs
2025-10-28T18:12:58.296396Z DEBUG compress:prove:batch:open:compute quotient values:compute quotient values for domain: close time.busy=5.03s time.idle=6.05µs
2025-10-28T18:13:00.969161Z DEBUG compress:prove:batch:open:compute quotient values:compute quotient values for domain: close time.busy=7.70s time.idle=6.17µs
2025-10-28T18:13:01.322231Z DEBUG compress:prove:batch:open:compute quotient values:compute quotient values for domain: close time.busy=8.05s time.idle=6.33µs
2025-10-28T18:13:02.823618Z DEBUG compress:prove:batch:open:commit to permutation traces: close time.busy=14.3s time.idle=7.38µs
2025-10-28T18:13:02.824222Z DEBUG compress:prove:batch:open:compute quotient values:compute quotient values for domain: close time.busy=205µs time.idle=6.73µs
2025-10-28T18:13:06.110865Z DEBUG compress:prove:batch:open:compute quotient values:compute quotient values for domain: close time.busy=3.29s time.idle=17.7µs
2025-10-28T18:13:06.113367Z DEBUG compress:prove:batch:open:compute quotient values:compute quotient values for domain: close time.busy=3.29s time.idle=6.73µs
2025-10-28T18:13:06.113802Z DEBUG compress:prove:batch:open:compute quotient values:compute quotient values for domain: close time.busy=3.29s time.idle=14.9µs
2025-10-28T18:13:06.127124Z DEBUG compress:prove:batch:open:compute quotient values:compute quotient values for domain: close time.busy=3.30s time.idle=5.41µs
2025-10-28T18:13:06.158845Z DEBUG compress:prove:batch:open:compute quotient values:compute quotient values for domain: close time.busy=3.33s time.idle=5.96µs
2025-10-28T18:13:06.535471Z DEBUG compress:prove:batch:open:compute quotient values:compute quotient values for domain: close time.busy=3.71s time.idle=29.1µs
2025-10-28T18:13:07.917316Z DEBUG compress:prove:batch:open:compute quotient values:compute quotient values for domain: close time.busy=5.09s time.idle=35.7µs
2025-10-28T18:13:10.143898Z DEBUG compress:prove:batch:open:compute quotient values:compute quotient values for domain: close time.busy=7.32s time.idle=6.44µs
2025-10-28T18:13:12.741096Z DEBUG compress:prove:batch:open:commit to quotient traces: close time.busy=11.0s time.idle=8.61µs
2025-10-28T18:13:12.741200Z DEBUG compress:prove:batch:open:compute preprocessed opening points: close time.busy=7.37µs time.idle=4.89µs
2025-10-28T18:13:12.741228Z DEBUG compress:prove:batch:open:compute main trace opening points: close time.busy=6.88µs time.idle=3.07µs
2025-10-28T18:13:12.741270Z DEBUG compress:prove:batch:open:compute permutation trace opening points: close time.busy=24.4µs time.idle=3.02µs
2025-10-28T18:13:15.344978Z DEBUG compress:prove:batch:open:commit to quotient traces: close time.busy=5.05s time.idle=8.30µs
2025-10-28T18:13:15.345079Z DEBUG compress:prove:batch:open:compute preprocessed opening points: close time.busy=6.88µs time.idle=4.27µs
2025-10-28T18:13:15.345111Z DEBUG compress:prove:batch:open:compute main trace opening points: close time.busy=7.97µs time.idle=3.08µs
2025-10-28T18:13:15.345135Z DEBUG compress:prove:batch:open:compute permutation trace opening points: close time.busy=6.07µs time.idle=2.91µs
2025-10-28T18:13:24.497420Z DEBUG compress:prove:batch:open:open multi batches: close time.busy=11.8s time.idle=5.39µs
2025-10-28T18:13:24.504474Z DEBUG compress:prove:batch:open:compute quotient values: close time.busy=8.05s time.idle=23.2s
2025-10-28T18:13:24.644336Z DEBUG compress:prove:batch:open: close time.busy=40.0s time.idle=5.35µs
2025-10-28T18:13:24.644683Z DEBUG compress:prove:batch: close time.busy=59.4s time.idle=11.8µs
2025-10-28T18:13:24.656326Z DEBUG compress:prove:batch:Setup compress program:setup machine:generate preprocessed traces: generated preprocessed trace for chip PublicValues in 10.267714ms
2025-10-28T18:13:24.665161Z DEBUG fixed log2 rows can be potentially reduced: got 248400, expected 524288
2025-10-28T18:13:24.669989Z DEBUG compress:prove:batch:Setup compress program:setup machine:generate preprocessed traces: generated preprocessed trace for chip BatchFRI in 23.711575ms
2025-10-28T18:13:24.670644Z DEBUG compress:prove:batch:Setup compress program:setup machine:generate preprocessed traces: generated preprocessed trace for chip ExpReverseBitsLen in 24.660415ms
2025-10-28T18:13:24.672292Z DEBUG compress:prove:batch:Setup compress program:setup machine:generate preprocessed traces: generated preprocessed trace for chip Select in 26.342462ms
2025-10-28T18:13:24.673513Z DEBUG compress:prove:batch:Setup compress program:setup machine:generate preprocessed traces: generated preprocessed trace for chip MemoryConst in 27.675614ms
2025-10-28T18:13:24.674883Z DEBUG compress:prove:batch:Setup compress program:setup machine:generate preprocessed traces: generated preprocessed trace for chip ExtAlu in 28.570625ms
2025-10-28T18:13:24.688974Z DEBUG compress:generate records and traces:get program and witness stream: close time.busy=43.3ms time.idle=17.7µs
2025-10-28T18:13:24.698465Z DEBUG compress:prove:batch:Setup compress program:setup machine:generate preprocessed traces: generated preprocessed trace for chip BaseAlu in 52.420979ms
2025-10-28T18:13:24.723195Z DEBUG compress:prove:batch:Setup compress program:setup machine:generate preprocessed traces: generated preprocessed trace for chip MemoryVar in 77.29646ms
2025-10-28T18:13:24.723195Z DEBUG compress:prove:batch:Setup compress program:setup machine:generate preprocessed traces: generated preprocessed trace for chip Poseidon2WideDeg3 in 77.099038ms
2025-10-28T18:13:25.665010Z DEBUG compress:generate records and traces:execute runtime: close time.busy=976ms time.idle=6.37µs
2025-10-28T18:13:25.665114Z DEBUG compress:generate records and traces:generate dependencies:register nonces: close time.busy=1.49µs time.idle=3.91µs
2025-10-28T18:13:25.665137Z DEBUG compress:generate records and traces:generate dependencies: close time.busy=63.8µs time.idle=4.48µs
2025-10-28T18:13:25.672398Z DEBUG fixed log2 rows can be potentially reduced: got 216000, expected 1048576
2025-10-28T18:13:25.672419Z DEBUG compress:generate records and traces:generate traces:generate traces for shard: generated trace for chip PublicValues in 20.559µs
2025-10-28T18:13:25.673532Z DEBUG fixed log2 rows can be potentially reduced: got 78580, expected 262144
2025-10-28T18:13:25.674499Z DEBUG compress:generate records and traces:generate traces:generate traces for shard: generated trace for chip MemoryConst in 2.107175ms
2025-10-28T18:13:25.676485Z DEBUG generate exp reverse bits len trace: fixed log2 rows can be potentially reduced: got 45700, expected 262144 rows=2700
2025-10-28T18:13:25.677618Z DEBUG fixed log2 rows can be potentially reduced: got 367913, expected 1048576
2025-10-28T18:13:25.678797Z DEBUG compress:generate records and traces:generate traces:generate traces for shard: generated trace for chip BaseAlu in 6.40417ms
2025-10-28T18:13:25.686066Z DEBUG compress:generate records and traces:generate traces:generate traces for shard: generated trace for chip Select in 13.670061ms
2025-10-28T18:13:25.697567Z DEBUG generate exp reverse bits len trace: close time.busy=25.1ms time.idle=7.21µs rows=2700
2025-10-28T18:13:25.697629Z DEBUG compress:generate records and traces:generate traces:generate traces for shard: generated trace for chip ExpReverseBitsLen in 25.232806ms
2025-10-28T18:13:25.759533Z DEBUG generate batch fri trace: fixed log2 rows can be potentially reduced: got 902800, expected 2097152 rows=902800
2025-10-28T18:13:25.801663Z DEBUG compress:generate records and traces:generate traces:generate traces for shard: generated trace for chip MemoryVar in 129.268718ms
2025-10-28T18:13:25.842952Z DEBUG compress:generate records and traces:generate traces:generate traces for shard: generated trace for chip ExtAlu in 170.552239ms
2025-10-28T18:13:26.222855Z DEBUG generate batch fri trace: close time.busy=550ms time.idle=6.32µs rows=902800
2025-10-28T18:13:26.222915Z DEBUG compress:generate records and traces:generate traces:generate traces for shard: generated trace for chip BatchFRI in 550.52111ms
2025-10-28T18:13:27.215816Z DEBUG generate poseidon2 wide trace: close time.busy=1.54s time.idle=6.23µs rows=92016
2025-10-28T18:13:27.215863Z DEBUG compress:generate records and traces:generate traces:generate traces for shard: generated trace for chip Poseidon2WideDeg3 in 1.543471599s
2025-10-28T18:13:27.215928Z DEBUG compress:generate records and traces:generate traces:generate traces for shard: close time.busy=1.55s time.idle=4.07µs
2025-10-28T18:13:27.215966Z DEBUG compress:generate records and traces:generate traces: close time.busy=1.55s time.idle=3.83µs
2025-10-28T18:13:28.644194Z DEBUG compress:prove:batch:Setup compress program:setup machine:commit to preprocessed traces: close time.busy=3.87s time.idle=9.88µs
2025-10-28T18:13:28.644289Z DEBUG compress:prove:batch:Setup compress program:setup machine:generate preprocessed traces: close time.busy=79.0ms time.idle=3.92s
2025-10-28T18:13:28.644317Z DEBUG compress:prove:batch:Setup compress program:setup machine: close time.busy=4.00s time.idle=3.25µs
2025-10-28T18:13:28.644350Z DEBUG compress:prove:batch:Setup compress program: close time.busy=4.00s time.idle=13.0µs
2025-10-28T18:13:28.644396Z DEBUG compress:prove:batch:observe proving key: close time.busy=11.9µs time.idle=4.00µs
2025-10-28T18:13:28.814266Z DEBUG compress:prove:batch:open:open multi batches: close time.busy=13.5s time.idle=4.75µs
2025-10-28T18:13:28.819821Z DEBUG compress:prove:batch:open:compute quotient values: close time.busy=7.32s time.idle=18.7s
2025-10-28T18:13:29.193524Z DEBUG compress:prove:batch:open: close time.busy=43.0s time.idle=12.7µs
2025-10-28T18:13:29.193715Z DEBUG compress:prove:batch: close time.busy=63.9s time.idle=6.93µs
2025-10-28T18:13:29.209221Z DEBUG compress:generate records and traces:get program and witness stream: close time.busy=14.6ms time.idle=7.49µs
2025-10-28T18:13:29.243999Z DEBUG compress:prove:batch:Setup compress program:setup machine:generate preprocessed traces: generated preprocessed trace for chip PublicValues in 48.894243ms
2025-10-28T18:13:29.244332Z DEBUG fixed log2 rows can be potentially reduced: got 78580, expected 262144
2025-10-28T18:13:29.244512Z DEBUG fixed log2 rows can be potentially reduced: got 45700, expected 262144
2025-10-28T18:13:29.251077Z DEBUG compress:prove:batch:Setup compress program:setup machine:generate preprocessed traces: generated preprocessed trace for chip MemoryConst in 56.234251ms
2025-10-28T18:13:29.251387Z DEBUG compress:prove:batch:Setup compress program:setup machine:generate preprocessed traces: generated preprocessed trace for chip ExpReverseBitsLen in 56.28466ms
2025-10-28T18:13:29.251831Z DEBUG compress:prove:batch:Setup compress program:setup machine:generate preprocessed traces: generated preprocessed trace for chip BaseAlu in 56.690074ms
2025-10-28T18:13:29.264579Z DEBUG fixed log2 rows can be potentially reduced: got 902800, expected 2097152
2025-10-28T18:13:29.303998Z DEBUG compress:prove:batch:Setup compress program:setup machine:generate preprocessed traces: generated preprocessed trace for chip Select in 108.912882ms
2025-10-28T18:13:29.316557Z DEBUG compress:prove:batch:Setup compress program:setup machine:generate preprocessed traces: generated preprocessed trace for chip MemoryVar in 121.500717ms
2025-10-28T18:13:29.322522Z DEBUG compress:prove:batch:Setup compress program:setup machine:generate preprocessed traces: generated preprocessed trace for chip Poseidon2WideDeg3 in 127.630141ms
2025-10-28T18:13:29.333170Z DEBUG compress:prove:batch:Setup compress program:setup machine:generate preprocessed traces: generated preprocessed trace for chip ExtAlu in 138.026754ms
2025-10-28T18:13:29.371102Z DEBUG compress:generate records and traces:execute runtime: close time.busy=162ms time.idle=7.46µs
2025-10-28T18:13:29.371189Z DEBUG compress:generate records and traces:generate dependencies:register nonces: close time.busy=1.18µs time.idle=3.85µs
2025-10-28T18:13:29.371205Z DEBUG compress:generate records and traces:generate dependencies: close time.busy=36.6µs time.idle=4.11µs
2025-10-28T18:13:29.371666Z DEBUG fixed log2 rows can be potentially reduced: got 253600, expected 524288
2025-10-28T18:13:29.371705Z DEBUG compress:generate records and traces:generate traces:generate traces for shard: generated trace for chip PublicValues in 11.233µs
2025-10-28T18:13:29.372676Z DEBUG compress:generate records and traces:generate traces:generate traces for shard: generated trace for chip BaseAlu in 956.757µs
2025-10-28T18:13:29.372919Z DEBUG compress:generate records and traces:generate traces:generate traces for shard: generated trace for chip MemoryConst in 1.531707ms
2025-10-28T18:13:29.374955Z DEBUG compress:generate records and traces:generate traces:generate traces for shard: generated trace for chip Select in 3.292481ms
2025-10-28T18:13:29.376409Z DEBUG fixed log2 rows can be potentially reduced: got 219146, expected 524288
2025-10-28T18:13:29.383914Z DEBUG compress:generate records and traces:generate traces:generate traces for shard: generated trace for chip MemoryVar in 12.362521ms
2025-10-28T18:13:29.387972Z DEBUG compress:generate records and traces:generate traces:generate traces for shard: generated trace for chip ExtAlu in 16.251638ms
2025-10-28T18:13:29.391499Z DEBUG generate batch fri trace: fixed log2 rows can be potentially reduced: got 248400, expected 524288 rows=248400
2025-10-28T18:13:29.401117Z DEBUG generate batch fri trace: close time.busy=29.5ms time.idle=5.90µs rows=248400
2025-10-28T18:13:29.401172Z DEBUG compress:generate records and traces:generate traces:generate traces for shard: generated trace for chip BatchFRI in 29.576565ms
2025-10-28T18:13:29.423042Z DEBUG compress:prove:batch:Setup compress program:setup machine:generate preprocessed traces: generated preprocessed trace for chip BatchFRI in 227.908575ms
2025-10-28T18:13:29.425358Z DEBUG generate exp reverse bits len trace: close time.busy=53.6ms time.idle=6.31µs rows=7100
2025-10-28T18:13:29.425394Z DEBUG compress:generate records and traces:generate traces:generate traces for shard: generated trace for chip ExpReverseBitsLen in 53.701337ms
2025-10-28T18:13:29.820340Z DEBUG generate poseidon2 wide trace: close time.busy=449ms time.idle=14.8µs rows=55971
2025-10-28T18:13:29.820411Z DEBUG compress:generate records and traces:generate traces:generate traces for shard: generated trace for chip Poseidon2WideDeg3 in 448.883073ms
2025-10-28T18:13:29.820556Z DEBUG compress:generate records and traces:generate traces:generate traces for shard: close time.busy=449ms time.idle=4.32µs
2025-10-28T18:13:29.820605Z DEBUG compress:generate records and traces:generate traces: close time.busy=449ms time.idle=3.82µs
2025-10-28T18:13:36.423217Z DEBUG compress:prove:batch:commit: close time.busy=7.78s time.idle=4.00µs
2025-10-28T18:13:37.938804Z DEBUG compress:prove:batch:open:generate permutation traces: close time.busy=1.52s time.idle=5.57µs
2025-10-28T18:13:37.938881Z DEBUG compress:prove:batch:open: BatchFRI        | Main Cols = 13    | Pre Cols = 6      | Perm Cols = 12    | Rows = 524288 | Cells = 16252928  
2025-10-28T18:13:37.938901Z DEBUG compress:prove:batch:open: MemoryVar       | Main Cols = 8     | Pre Cols = 4      | Perm Cols = 8     | Rows = 524288 | Cells = 10485760  
2025-10-28T18:13:37.938915Z DEBUG compress:prove:batch:open: Select          | Main Cols = 5     | Pre Cols = 8      | Perm Cols = 16    | Rows = 524288 | Cells = 15204352  
2025-10-28T18:13:37.938930Z DEBUG compress:prove:batch:open: ExpReverseBitsLen | Main Cols = 7     | Pre Cols = 10     | Perm Cols = 12    | Rows = 262144 | Cells = 7602176   
2025-10-28T18:13:37.938947Z DEBUG compress:prove:batch:open: MemoryConst     | Main Cols = 1     | Pre Cols = 12     | Perm Cols = 8     | Rows = 131072 | Cells = 2752512   
2025-10-28T18:13:37.938963Z DEBUG compress:prove:batch:open: Poseidon2WideDeg3 | Main Cols = 313   | Pre Cols = 49     | Perm Cols = 68    | Rows = 131072 | Cells = 56360960  
2025-10-28T18:13:37.938976Z DEBUG compress:prove:batch:open: BaseAlu         | Main Cols = 12    | Pre Cols = 32     | Perm Cols = 28    | Rows = 65536 | Cells = 4718592   
2025-10-28T18:13:37.938991Z DEBUG compress:prove:batch:open: ExtAlu          | Main Cols = 48    | Pre Cols = 32     | Perm Cols = 28    | Rows = 65536 | Cells = 7077888   
2025-10-28T18:13:37.939005Z DEBUG compress:prove:batch:open: PublicValues    | Main Cols = 1     | Pre Cols = 10     | Perm Cols = 8     | Rows = 16    | Cells = 304       
2025-10-28T18:13:38.549811Z DEBUG compress:prove:batch:open:flatten permutation traces and collect domains: close time.busy=611ms time.idle=5.92µs
2025-10-28T18:13:45.793538Z DEBUG compress:prove:batch:Setup compress program:setup machine:commit to preprocessed traces: close time.busy=15.7s time.idle=8.37µs
2025-10-28T18:13:45.793638Z DEBUG compress:prove:batch:Setup compress program:setup machine:generate preprocessed traces: close time.busy=626ms time.idle=16.0s
2025-10-28T18:13:45.793662Z DEBUG compress:prove:batch:Setup compress program:setup machine: close time.busy=16.6s time.idle=3.36µs
2025-10-28T18:13:45.793681Z DEBUG compress:prove:batch:Setup compress program: close time.busy=16.6s time.idle=4.06µs
2025-10-28T18:13:45.793727Z DEBUG compress:prove:batch:observe proving key: close time.busy=17.3µs time.idle=4.59µs
2025-10-28T18:13:50.134807Z DEBUG compress:prove:batch:open:commit to permutation traces: close time.busy=11.6s time.idle=7.68µs
2025-10-28T18:13:50.135648Z DEBUG compress:prove:batch:open:compute quotient values:compute quotient values for domain: close time.busy=282µs time.idle=5.78µs
2025-10-28T18:13:52.388604Z DEBUG compress:prove:batch:open:compute quotient values:compute quotient values for domain: close time.busy=2.25s time.idle=7.80µs
2025-10-28T18:13:52.393273Z DEBUG compress:prove:batch:open:compute quotient values:compute quotient values for domain: close time.busy=2.26s time.idle=8.36µs
2025-10-28T18:13:52.405237Z DEBUG compress:prove:batch:open:compute quotient values:compute quotient values for domain: close time.busy=2.27s time.idle=9.00µs
2025-10-28T18:13:52.429616Z DEBUG compress:prove:batch:open:compute quotient values:compute quotient values for domain: close time.busy=2.29s time.idle=18.3µs
2025-10-28T18:13:56.943732Z DEBUG compress:prove:batch:open:compute quotient values:compute quotient values for domain: close time.busy=6.81s time.idle=9.98µs
2025-10-28T18:13:57.014574Z DEBUG compress:prove:batch:open:compute quotient values:compute quotient values for domain: close time.busy=6.88s time.idle=5.73µs
2025-10-28T18:13:57.030135Z DEBUG compress:prove:batch:open:compute quotient values:compute quotient values for domain: close time.busy=6.89s time.idle=5.77µs
2025-10-28T18:13:57.045358Z DEBUG compress:prove:batch:open:compute quotient values:compute quotient values for domain: close time.busy=6.91s time.idle=6.97µs
2025-10-28T18:14:01.115091Z DEBUG compress:prove:batch:open:commit to quotient traces: close time.busy=3.95s time.idle=8.75µs
2025-10-28T18:14:01.115204Z DEBUG compress:prove:batch:open:compute preprocessed opening points: close time.busy=8.20µs time.idle=7.36µs
2025-10-28T18:14:01.115239Z DEBUG compress:prove:batch:open:compute main trace opening points: close time.busy=12.5µs time.idle=3.25µs
2025-10-28T18:14:01.115263Z DEBUG compress:prove:batch:open:compute permutation trace opening points: close time.busy=5.53µs time.idle=3.08µs
2025-10-28T18:14:15.222734Z DEBUG compress:prove:batch:commit: close time.busy=29.4s time.idle=5.13µs
2025-10-28T18:14:19.362834Z DEBUG compress:prove:batch:open:generate permutation traces: close time.busy=4.14s time.idle=4.79µs
2025-10-28T18:14:19.362904Z DEBUG compress:prove:batch:open: BatchFRI        | Main Cols = 13    | Pre Cols = 6      | Perm Cols = 12    | Rows = 2097152 | Cells = 65011712  
2025-10-28T18:14:19.362924Z DEBUG compress:prove:batch:open: MemoryVar       | Main Cols = 8     | Pre Cols = 4      | Perm Cols = 8     | Rows = 1048576 | Cells = 20971520  
2025-10-28T18:14:19.362946Z DEBUG compress:prove:batch:open: Select          | Main Cols = 5     | Pre Cols = 8      | Perm Cols = 16    | Rows = 1048576 | Cells = 30408704  
2025-10-28T18:14:19.362961Z DEBUG compress:prove:batch:open: ExtAlu          | Main Cols = 48    | Pre Cols = 32     | Perm Cols = 28    | Rows = 524288 | Cells = 56623104  
2025-10-28T18:14:19.362976Z DEBUG compress:prove:batch:open: ExpReverseBitsLen | Main Cols = 7     | Pre Cols = 10     | Perm Cols = 12    | Rows = 262144 | Cells = 7602176   
2025-10-28T18:14:19.362989Z DEBUG compress:prove:batch:open: MemoryConst     | Main Cols = 1     | Pre Cols = 12     | Perm Cols = 8     | Rows = 262144 | Cells = 5505024   
2025-10-28T18:14:19.363004Z DEBUG compress:prove:batch:open: Poseidon2WideDeg3 | Main Cols = 313   | Pre Cols = 49     | Perm Cols = 68    | Rows = 262144 | Cells = 112721920 
2025-10-28T18:14:19.363016Z DEBUG compress:prove:batch:open: BaseAlu         | Main Cols = 12    | Pre Cols = 32     | Perm Cols = 28    | Rows = 65536 | Cells = 4718592   
2025-10-28T18:14:19.363028Z DEBUG compress:prove:batch:open: PublicValues    | Main Cols = 1     | Pre Cols = 10     | Perm Cols = 8     | Rows = 16    | Cells = 304       
2025-10-28T18:14:21.105833Z DEBUG compress:prove:batch:open:flatten permutation traces and collect domains: close time.busy=1.74s time.idle=6.16µs
2025-10-28T18:14:34.473831Z DEBUG compress:prove:batch:open:commit to permutation traces: close time.busy=13.4s time.idle=6.89µs
2025-10-28T18:14:34.479295Z DEBUG compress:prove:batch:open:compute quotient values:compute quotient values for domain: close time.busy=292µs time.idle=5.16µs
2025-10-28T18:14:36.034995Z DEBUG compress:prove:batch:open:compute quotient values:compute quotient values for domain: close time.busy=1.56s time.idle=5.95µs
2025-10-28T18:14:36.036811Z DEBUG compress:prove:batch:open:compute quotient values:compute quotient values for domain: close time.busy=1.56s time.idle=5.41µs
2025-10-28T18:14:36.047408Z DEBUG compress:prove:batch:open:compute quotient values:compute quotient values for domain: close time.busy=1.57s time.idle=15.9µs
2025-10-28T18:14:53.068538Z DEBUG compress:prove:batch:open:compute quotient values:compute quotient values for domain: close time.busy=18.6s time.idle=7.55µs
2025-10-28T18:14:53.096294Z DEBUG compress:prove:batch:open:compute quotient values:compute quotient values for domain: close time.busy=18.6s time.idle=7.09µs
2025-10-28T18:14:53.108312Z DEBUG compress:prove:batch:open:compute quotient values:compute quotient values for domain: close time.busy=18.6s time.idle=12.6µs
2025-10-28T18:14:53.350959Z DEBUG compress:prove:batch:open:compute quotient values:compute quotient values for domain: close time.busy=18.9s time.idle=13.6µs
2025-10-28T18:14:55.097904Z DEBUG compress:prove:batch:open:compute quotient values:compute quotient values for domain: close time.busy=20.6s time.idle=8.21µs
2025-10-28T18:14:55.123948Z DEBUG compress:prove:batch:open:open multi batches: close time.busy=54.0s time.idle=5.13µs
2025-10-28T18:14:55.124197Z DEBUG compress:prove:batch:open:compute quotient values: close time.busy=6.91s time.idle=58.1s
2025-10-28T18:14:55.274346Z DEBUG compress:prove:batch:open: close time.busy=78.9s time.idle=8.01µs
2025-10-28T18:14:55.274726Z DEBUG compress:prove:batch: close time.busy=90.6s time.idle=6.93µs
2025-10-28T18:14:55.306168Z DEBUG compress:generate records and traces:get program and witness stream: close time.busy=29.5ms time.idle=20.0µs
2025-10-28T18:14:55.369592Z DEBUG fixed log2 rows can be potentially reduced: got 45700, expected 262144
2025-10-28T18:14:55.369594Z DEBUG compress:prove:batch:Setup compress program:setup machine:generate preprocessed traces: generated preprocessed trace for chip PublicValues in 92.554873ms
2025-10-28T18:14:55.377833Z DEBUG compress:prove:batch:Setup compress program:setup machine:generate preprocessed traces: generated preprocessed trace for chip MemoryVar in 100.852942ms
2025-10-28T18:14:55.378366Z DEBUG fixed log2 rows can be potentially reduced: got 78580, expected 262144
2025-10-28T18:14:55.383064Z DEBUG compress:prove:batch:Setup compress program:setup machine:generate preprocessed traces: generated preprocessed trace for chip Select in 106.196941ms
2025-10-28T18:14:55.391960Z DEBUG compress:prove:batch:Setup compress program:setup machine:generate preprocessed traces: generated preprocessed trace for chip ExpReverseBitsLen in 114.918134ms
2025-10-28T18:14:55.407652Z DEBUG compress:prove:batch:Setup compress program:setup machine:generate preprocessed traces: generated preprocessed trace for chip MemoryConst in 130.909001ms
2025-10-28T18:14:55.407795Z DEBUG fixed log2 rows can be potentially reduced: got 902800, expected 2097152
2025-10-28T18:14:55.420571Z DEBUG compress:prove:batch:Setup compress program:setup machine:generate preprocessed traces: generated preprocessed trace for chip BaseAlu in 143.558423ms
2025-10-28T18:14:55.458793Z DEBUG compress:prove:batch:Setup compress program:setup machine:generate preprocessed traces: generated preprocessed trace for chip Poseidon2WideDeg3 in 181.950224ms
2025-10-28T18:14:55.497718Z DEBUG compress:prove:batch:Setup compress program:setup machine:generate preprocessed traces: generated preprocessed trace for chip ExtAlu in 220.702568ms
2025-10-28T18:14:55.635415Z DEBUG compress:prove:batch:Setup compress program:setup machine:generate preprocessed traces: generated preprocessed trace for chip BatchFRI in 358.470116ms
2025-10-28T18:14:56.139017Z DEBUG compress:generate records and traces:execute runtime: close time.busy=833ms time.idle=7.28µs
2025-10-28T18:14:56.139120Z DEBUG compress:generate records and traces:generate dependencies:register nonces: close time.busy=1.64µs time.idle=4.13µs
2025-10-28T18:14:56.139156Z DEBUG compress:generate records and traces:generate dependencies: close time.busy=67.1µs time.idle=4.92µs
2025-10-28T18:14:56.139394Z DEBUG fixed log2 rows can be potentially reduced: got 78580, expected 262144
2025-10-28T18:14:56.139617Z DEBUG fixed log2 rows can be potentially reduced: got 216000, expected 1048576
2025-10-28T18:14:56.139723Z DEBUG compress:generate records and traces:generate traces:generate traces for shard: generated trace for chip PublicValues in 91.844µs
2025-10-28T18:14:56.139765Z DEBUG compress:generate records and traces:generate traces:generate traces for shard: generated trace for chip MemoryConst in 410.822µs
2025-10-28T18:14:56.141111Z DEBUG compress:generate records and traces:generate traces:generate traces for shard: generated trace for chip BaseAlu in 1.594803ms
2025-10-28T18:14:56.144708Z DEBUG generate exp reverse bits len trace: fixed log2 rows can be potentially reduced: got 45700, expected 262144 rows=2700
2025-10-28T18:14:56.145200Z DEBUG fixed log2 rows can be potentially reduced: got 367913, expected 1048576
2025-10-28T18:14:56.153277Z DEBUG compress:generate records and traces:generate traces:generate traces for shard: generated trace for chip Select in 13.661602ms
2025-10-28T18:14:56.192715Z DEBUG generate exp reverse bits len trace: close time.busy=53.0ms time.idle=17.5µs rows=2700
2025-10-28T18:14:56.192786Z DEBUG compress:generate records and traces:generate traces:generate traces for shard: generated trace for chip ExpReverseBitsLen in 53.162991ms
2025-10-28T18:14:56.209754Z DEBUG generate batch fri trace: fixed log2 rows can be potentially reduced: got 902800, expected 2097152 rows=902800
2025-10-28T18:14:56.268521Z DEBUG compress:generate records and traces:generate traces:generate traces for shard: generated trace for chip MemoryVar in 128.894541ms
2025-10-28T18:14:56.301490Z DEBUG compress:generate records and traces:generate traces:generate traces for shard: generated trace for chip ExtAlu in 161.892777ms
2025-10-28T18:14:56.471194Z DEBUG generate batch fri trace: close time.busy=332ms time.idle=7.16µs rows=902800
2025-10-28T18:14:56.471283Z DEBUG compress:generate records and traces:generate traces:generate traces for shard: generated trace for chip BatchFRI in 331.643014ms
2025-10-28T18:14:56.926763Z DEBUG generate poseidon2 wide trace: close time.busy=787ms time.idle=9.35µs rows=92016
2025-10-28T18:14:56.926874Z DEBUG compress:generate records and traces:generate traces:generate traces for shard: generated trace for chip Poseidon2WideDeg3 in 787.32418ms
2025-10-28T18:14:56.927171Z DEBUG compress:generate records and traces:generate traces:generate traces for shard: close time.busy=788ms time.idle=5.69µs
2025-10-28T18:14:56.927223Z DEBUG compress:generate records and traces:generate traces: close time.busy=788ms time.idle=4.30µs
2025-10-28T18:15:12.488589Z DEBUG compress:prove:batch:Setup compress program:setup machine:commit to preprocessed traces: close time.busy=16.3s time.idle=8.61µs
2025-10-28T18:15:12.488756Z DEBUG compress:prove:batch:Setup compress program:setup machine:generate preprocessed traces: close time.busy=395ms time.idle=16.8s
2025-10-28T18:15:12.488774Z DEBUG compress:prove:batch:Setup compress program:setup machine: close time.busy=17.2s time.idle=3.88µs
2025-10-28T18:15:12.488789Z DEBUG compress:prove:batch:Setup compress program: close time.busy=17.2s time.idle=4.03µs
2025-10-28T18:15:12.488830Z DEBUG compress:prove:batch:observe proving key: close time.busy=11.7µs time.idle=3.98µs
2025-10-28T18:15:12.494380Z DEBUG compress:prove:batch:open:commit to quotient traces: close time.busy=16.7s time.idle=6.12µs
2025-10-28T18:15:12.494528Z DEBUG compress:prove:batch:open:compute preprocessed opening points: close time.busy=33.8µs time.idle=10.5µs
2025-10-28T18:15:12.494606Z DEBUG compress:prove:batch:open:compute main trace opening points: close time.busy=56.0µs time.idle=3.15µs
2025-10-28T18:15:12.494638Z DEBUG compress:prove:batch:open:compute permutation trace opening points: close time.busy=5.27µs time.idle=3.04µs
2025-10-28T18:15:33.087314Z DEBUG compress:prove:batch:commit: close time.busy=20.6s time.idle=4.34µs
2025-10-28T18:15:37.092797Z DEBUG compress:prove:batch:open:generate permutation traces: close time.busy=4.01s time.idle=5.63µs
2025-10-28T18:15:37.092860Z DEBUG compress:prove:batch:open: BatchFRI        | Main Cols = 13    | Pre Cols = 6      | Perm Cols = 12    | Rows = 2097152 | Cells = 65011712  
2025-10-28T18:15:37.092879Z DEBUG compress:prove:batch:open: MemoryVar       | Main Cols = 8     | Pre Cols = 4      | Perm Cols = 8     | Rows = 1048576 | Cells = 20971520  
2025-10-28T18:15:37.092893Z DEBUG compress:prove:batch:open: Select          | Main Cols = 5     | Pre Cols = 8      | Perm Cols = 16    | Rows = 1048576 | Cells = 30408704  
2025-10-28T18:15:37.092907Z DEBUG compress:prove:batch:open: ExtAlu          | Main Cols = 48    | Pre Cols = 32     | Perm Cols = 28    | Rows = 524288 | Cells = 56623104  
2025-10-28T18:15:37.092923Z DEBUG compress:prove:batch:open: ExpReverseBitsLen | Main Cols = 7     | Pre Cols = 10     | Perm Cols = 12    | Rows = 262144 | Cells = 7602176   
2025-10-28T18:15:37.092942Z DEBUG compress:prove:batch:open: MemoryConst     | Main Cols = 1     | Pre Cols = 12     | Perm Cols = 8     | Rows = 262144 | Cells = 5505024   
2025-10-28T18:15:37.092958Z DEBUG compress:prove:batch:open: Poseidon2WideDeg3 | Main Cols = 313   | Pre Cols = 49     | Perm Cols = 68    | Rows = 262144 | Cells = 112721920 
2025-10-28T18:15:37.092971Z DEBUG compress:prove:batch:open: BaseAlu         | Main Cols = 12    | Pre Cols = 32     | Perm Cols = 28    | Rows = 65536 | Cells = 4718592   
2025-10-28T18:15:37.092985Z DEBUG compress:prove:batch:open: PublicValues    | Main Cols = 1     | Pre Cols = 10     | Perm Cols = 8     | Rows = 16    | Cells = 304       
2025-10-28T18:15:38.815621Z DEBUG compress:prove:batch:open:flatten permutation traces and collect domains: close time.busy=1.72s time.idle=5.67µs
2025-10-28T18:15:52.388826Z DEBUG compress:prove:batch:open:commit to permutation traces: close time.busy=13.6s time.idle=6.89µs
2025-10-28T18:15:52.391206Z DEBUG compress:prove:batch:open:compute quotient values:compute quotient values for domain: close time.busy=291µs time.idle=24.7µs
2025-10-28T18:16:02.441405Z DEBUG compress:prove:batch:open:compute quotient values:compute quotient values for domain: close time.busy=10.1s time.idle=5.96µs
2025-10-28T18:16:02.456486Z DEBUG compress:prove:batch:open:compute quotient values:compute quotient values for domain: close time.busy=10.1s time.idle=6.75µs
2025-10-28T18:16:02.464954Z DEBUG compress:prove:batch:open:compute quotient values:compute quotient values for domain: close time.busy=10.1s time.idle=11.8µs
2025-10-28T18:16:02.614216Z DEBUG compress:prove:batch:open:compute quotient values:compute quotient values for domain: close time.busy=10.2s time.idle=6.15µs
2025-10-28T18:16:02.676149Z DEBUG compress:prove:batch:open:compute quotient values:compute quotient values for domain: close time.busy=10.3s time.idle=9.15µs
2025-10-28T18:16:02.685234Z DEBUG compress:prove:batch:open:compute quotient values:compute quotient values for domain: close time.busy=10.3s time.idle=18.5µs
2025-10-28T18:16:07.475057Z DEBUG compress:prove:batch:open:compute quotient values:compute quotient values for domain: close time.busy=15.1s time.idle=6.73µs
2025-10-28T18:16:13.041167Z DEBUG compress:prove:batch:open:compute quotient values:compute quotient values for domain: close time.busy=20.7s time.idle=16.9µs
2025-10-28T18:16:25.007038Z DEBUG compress:prove:batch:open:commit to quotient traces: close time.busy=10.9s time.idle=5.87µs
2025-10-28T18:16:25.007120Z DEBUG compress:prove:batch:open:compute preprocessed opening points: close time.busy=6.64µs time.idle=4.07µs
2025-10-28T18:16:25.007150Z DEBUG compress:prove:batch:open:compute main trace opening points: close time.busy=7.67µs time.idle=2.91µs
2025-10-28T18:16:25.007184Z DEBUG compress:prove:batch:open:compute permutation trace opening points: close time.busy=16.2µs time.idle=2.83µs
2025-10-28T18:16:25.212388Z DEBUG compress:prove:batch:open:open multi batches: close time.busy=72.7s time.idle=10.9µs
2025-10-28T18:16:25.274172Z DEBUG compress:prove:batch:open:compute quotient values: close time.busy=20.6s time.idle=90.2s
2025-10-28T18:16:25.805169Z DEBUG compress:prove:batch:open: close time.busy=131s time.idle=5.21µs
2025-10-28T18:16:25.949788Z DEBUG compress:prove:batch: close time.busy=177s time.idle=8.23µs
2025-10-28T18:16:25.965390Z DEBUG compress:prove:batch:Setup compress program:setup machine:generate preprocessed traces: generated preprocessed trace for chip PublicValues in 14.267009ms
2025-10-28T18:16:25.969806Z DEBUG compress:generate records and traces:get program and witness stream: close time.busy=19.0ms time.idle=19.0µs
2025-10-28T18:16:25.973980Z DEBUG compress:prove:batch:Setup compress program:setup machine:generate preprocessed traces: generated preprocessed trace for chip Poseidon2WideDeg3 in 23.023087ms
2025-10-28T18:16:25.974065Z DEBUG compress:prove:batch:Setup compress program:setup machine:generate preprocessed traces: generated preprocessed trace for chip ExtAlu in 22.929519ms
2025-10-28T18:16:25.982404Z DEBUG compress:prove:batch:Setup compress program:setup machine:generate preprocessed traces: generated preprocessed trace for chip BaseAlu in 31.381984ms
2025-10-28T18:16:25.985104Z DEBUG fixed log2 rows can be potentially reduced: got 248400, expected 524288
2025-10-28T18:16:25.992404Z DEBUG compress:prove:batch:Setup compress program:setup machine:generate preprocessed traces: generated preprocessed trace for chip MemoryConst in 41.584744ms
2025-10-28T18:16:26.001313Z DEBUG compress:prove:batch:Setup compress program:setup machine:generate preprocessed traces: generated preprocessed trace for chip MemoryVar in 50.402861ms
2025-10-28T18:16:26.008038Z DEBUG compress:prove:batch:Setup compress program:setup machine:generate preprocessed traces: generated preprocessed trace for chip Select in 56.992445ms
2025-10-28T18:16:26.013822Z DEBUG compress:prove:batch:Setup compress program:setup machine:generate preprocessed traces: generated preprocessed trace for chip BatchFRI in 62.707594ms
2025-10-28T18:16:26.069179Z DEBUG compress:prove:batch:Setup compress program:setup machine:generate preprocessed traces: generated preprocessed trace for chip ExpReverseBitsLen in 118.05783ms
2025-10-28T18:16:26.347233Z DEBUG compress:generate records and traces:execute runtime: close time.busy=377ms time.idle=6.63µs
2025-10-28T18:16:26.347330Z DEBUG compress:generate records and traces:generate dependencies:register nonces: close time.busy=1.15µs time.idle=3.46µs
2025-10-28T18:16:26.347346Z DEBUG compress:generate records and traces:generate dependencies: close time.busy=43.2µs time.idle=3.71µs
2025-10-28T18:16:26.347696Z DEBUG compress:generate records and traces:generate traces:generate traces for shard: generated trace for chip MemoryConst in 172.817µs
2025-10-28T18:16:26.347774Z DEBUG fixed log2 rows can be potentially reduced: got 253600, expected 524288
2025-10-28T18:16:26.347810Z DEBUG compress:generate records and traces:generate traces:generate traces for shard: generated trace for chip PublicValues in 11.76µs
2025-10-28T18:16:26.348721Z DEBUG compress:generate records and traces:generate traces:generate traces for shard: generated trace for chip BaseAlu in 990.047µs
2025-10-28T18:16:26.364131Z DEBUG compress:generate records and traces:generate traces:generate traces for shard: generated trace for chip Select in 16.361012ms
2025-10-28T18:16:26.364129Z DEBUG compress:generate records and traces:generate traces:generate traces for shard: generated trace for chip ExtAlu in 16.332317ms
2025-10-28T18:16:26.365152Z DEBUG fixed log2 rows can be potentially reduced: got 219146, expected 524288
2025-10-28T18:16:26.368933Z DEBUG generate batch fri trace: fixed log2 rows can be potentially reduced: got 248400, expected 524288 rows=248400
2025-10-28T18:16:26.380010Z DEBUG generate exp reverse bits len trace: close time.busy=32.2ms time.idle=5.62µs rows=7100
2025-10-28T18:16:26.380077Z DEBUG compress:generate records and traces:generate traces:generate traces for shard: generated trace for chip ExpReverseBitsLen in 32.28658ms
2025-10-28T18:16:26.380467Z DEBUG generate batch fri trace: close time.busy=32.6ms time.idle=5.06µs rows=248400
2025-10-28T18:16:26.380493Z DEBUG compress:generate records and traces:generate traces:generate traces for shard: generated trace for chip BatchFRI in 32.688504ms
2025-10-28T18:16:26.392890Z DEBUG compress:generate records and traces:generate traces:generate traces for shard: generated trace for chip MemoryVar in 45.243995ms
2025-10-28T18:16:26.825895Z DEBUG generate poseidon2 wide trace: close time.busy=478ms time.idle=5.52µs rows=55971
2025-10-28T18:16:26.825944Z DEBUG compress:generate records and traces:generate traces:generate traces for shard: generated trace for chip Poseidon2WideDeg3 in 478.246843ms
2025-10-28T18:16:26.826081Z DEBUG compress:generate records and traces:generate traces:generate traces for shard: close time.busy=479ms time.idle=3.84µs
2025-10-28T18:16:26.826110Z DEBUG compress:generate records and traces:generate traces: close time.busy=479ms time.idle=3.67µs
2025-10-28T18:16:30.127789Z DEBUG compress:prove:batch:Setup compress program:setup machine:commit to preprocessed traces: close time.busy=3.85s time.idle=11.6µs
2025-10-28T18:16:30.127868Z DEBUG compress:prove:batch:Setup compress program:setup machine:generate preprocessed traces: close time.busy=286ms time.idle=3.89s
2025-10-28T18:16:30.127885Z DEBUG compress:prove:batch:Setup compress program:setup machine: close time.busy=4.18s time.idle=2.66µs
2025-10-28T18:16:30.127898Z DEBUG compress:prove:batch:Setup compress program: close time.busy=4.18s time.idle=2.81µs
2025-10-28T18:16:30.127937Z DEBUG compress:prove:batch:observe proving key: close time.busy=11.6µs time.idle=3.57µs
2025-10-28T18:16:37.481496Z DEBUG compress:prove:batch:commit: close time.busy=7.35s time.idle=5.09µs
2025-10-28T18:16:38.855107Z DEBUG compress:prove:batch:open:generate permutation traces: close time.busy=1.37s time.idle=6.92µs
2025-10-28T18:16:38.855331Z DEBUG compress:prove:batch:open: BatchFRI        | Main Cols = 13    | Pre Cols = 6      | Perm Cols = 12    | Rows = 524288 | Cells = 16252928  
2025-10-28T18:16:38.855372Z DEBUG compress:prove:batch:open: MemoryVar       | Main Cols = 8     | Pre Cols = 4      | Perm Cols = 8     | Rows = 524288 | Cells = 10485760  
2025-10-28T18:16:38.855386Z DEBUG compress:prove:batch:open: Select          | Main Cols = 5     | Pre Cols = 8      | Perm Cols = 16    | Rows = 524288 | Cells = 15204352  
2025-10-28T18:16:38.855399Z DEBUG compress:prove:batch:open: ExpReverseBitsLen | Main Cols = 7     | Pre Cols = 10     | Perm Cols = 12    | Rows = 262144 | Cells = 7602176   
2025-10-28T18:16:38.855414Z DEBUG compress:prove:batch:open: MemoryConst     | Main Cols = 1     | Pre Cols = 12     | Perm Cols = 8     | Rows = 131072 | Cells = 2752512   
2025-10-28T18:16:38.855476Z DEBUG compress:prove:batch:open: Poseidon2WideDeg3 | Main Cols = 313   | Pre Cols = 49     | Perm Cols = 68    | Rows = 131072 | Cells = 56360960  
2025-10-28T18:16:38.855546Z DEBUG compress:prove:batch:open: BaseAlu         | Main Cols = 12    | Pre Cols = 32     | Perm Cols = 28    | Rows = 65536 | Cells = 4718592   
2025-10-28T18:16:38.855562Z DEBUG compress:prove:batch:open: ExtAlu          | Main Cols = 48    | Pre Cols = 32     | Perm Cols = 28    | Rows = 65536 | Cells = 7077888   
2025-10-28T18:16:38.855574Z DEBUG compress:prove:batch:open: PublicValues    | Main Cols = 1     | Pre Cols = 10     | Perm Cols = 8     | Rows = 16    | Cells = 304       
2025-10-28T18:16:39.691628Z DEBUG compress:prove:batch:open:flatten permutation traces and collect domains: close time.busy=836ms time.idle=6.56µs
2025-10-28T18:16:44.264490Z DEBUG compress:prove:batch:open:commit to permutation traces: close time.busy=4.57s time.idle=7.09µs
2025-10-28T18:16:44.265205Z DEBUG compress:prove:batch:open:compute quotient values:compute quotient values for domain: close time.busy=272µs time.idle=6.30µs
2025-10-28T18:16:46.630166Z DEBUG compress:prove:batch:open:compute quotient values:compute quotient values for domain: close time.busy=2.37s time.idle=12.2µs
2025-10-28T18:16:46.630580Z DEBUG compress:prove:batch:open:compute quotient values:compute quotient values for domain: close time.busy=2.37s time.idle=14.5µs
2025-10-28T18:16:46.650468Z DEBUG compress:prove:batch:open:compute quotient values:compute quotient values for domain: close time.busy=2.39s time.idle=5.76µs
2025-10-28T18:16:46.659681Z DEBUG compress:prove:batch:open:compute quotient values:compute quotient values for domain: close time.busy=2.39s time.idle=6.11µs
2025-10-28T18:16:51.606929Z DEBUG compress:prove:batch:open:compute quotient values:compute quotient values for domain: close time.busy=7.34s time.idle=7.00µs
2025-10-28T18:16:51.683811Z DEBUG compress:prove:batch:open:compute quotient values:compute quotient values for domain: close time.busy=7.42s time.idle=6.07µs
2025-10-28T18:16:51.708919Z DEBUG compress:prove:batch:open:compute quotient values:compute quotient values for domain: close time.busy=7.44s time.idle=8.36µs
2025-10-28T18:16:51.719787Z DEBUG compress:prove:batch:open:compute quotient values:compute quotient values for domain: close time.busy=7.45s time.idle=6.95µs
2025-10-28T18:16:55.298813Z DEBUG compress:prove:batch:open:commit to quotient traces: close time.busy=3.45s time.idle=11.2µs
2025-10-28T18:16:55.298911Z DEBUG compress:prove:batch:open:compute preprocessed opening points: close time.busy=8.05µs time.idle=5.35µs
2025-10-28T18:16:55.298946Z DEBUG compress:prove:batch:open:compute main trace opening points: close time.busy=8.47µs time.idle=3.83µs
2025-10-28T18:16:55.298976Z DEBUG compress:prove:batch:open:compute permutation trace opening points: close time.busy=7.46µs time.idle=3.40µs
2025-10-28T18:17:05.670711Z DEBUG compress:prove:batch:open:open multi batches: close time.busy=40.7s time.idle=5.11µs
2025-10-28T18:17:05.728326Z DEBUG compress:prove:batch:open:compute quotient values: close time.busy=20.7s time.idle=52.7s
2025-10-28T18:17:06.473036Z DEBUG compress:prove:batch:open: close time.busy=93.4s time.idle=5.56µs
2025-10-28T18:17:06.627250Z DEBUG compress:prove:batch: close time.busy=131s time.idle=7.92µs
2025-10-28T18:17:06.652508Z DEBUG compress:generate records and traces:get program and witness stream: close time.busy=23.3ms time.idle=10.5µs
2025-10-28T18:17:06.817398Z DEBUG fixed log2 rows can be potentially reduced: got 45700, expected 262144
2025-10-28T18:17:06.828072Z DEBUG compress:prove:batch:Setup compress program:setup machine:generate preprocessed traces: generated preprocessed trace for chip BaseAlu in 198.598832ms
2025-10-28T18:17:06.866822Z DEBUG compress:prove:batch:Setup compress program:setup machine:generate preprocessed traces: generated preprocessed trace for chip Select in 237.216204ms
2025-10-28T18:17:06.884220Z DEBUG compress:prove:batch:Setup compress program:setup machine:generate preprocessed traces: generated preprocessed trace for chip PublicValues in 254.573596ms
2025-10-28T18:17:06.889666Z DEBUG fixed log2 rows can be potentially reduced: got 78580, expected 262144
2025-10-28T18:17:06.900976Z DEBUG fixed log2 rows can be potentially reduced: got 902800, expected 2097152
2025-10-28T18:17:06.913760Z DEBUG compress:prove:batch:Setup compress program:setup machine:generate preprocessed traces: generated preprocessed trace for chip ExpReverseBitsLen in 284.121288ms
2025-10-28T18:17:06.914744Z DEBUG compress:prove:batch:Setup compress program:setup machine:generate preprocessed traces: generated preprocessed trace for chip MemoryVar in 285.169866ms
2025-10-28T18:17:06.919319Z DEBUG compress:prove:batch:Setup compress program:setup machine:generate preprocessed traces: generated preprocessed trace for chip MemoryConst in 290.322894ms
2025-10-28T18:17:06.973522Z DEBUG compress:prove:batch:Setup compress program:setup machine:generate preprocessed traces: generated preprocessed trace for chip Poseidon2WideDeg3 in 344.016559ms
2025-10-28T18:17:07.010300Z DEBUG compress:prove:batch:Setup compress program:setup machine:generate preprocessed traces: generated preprocessed trace for chip ExtAlu in 380.597688ms
2025-10-28T18:17:07.065836Z DEBUG compress:prove:batch:Setup compress program:setup machine:generate preprocessed traces: generated preprocessed trace for chip BatchFRI in 436.128929ms
2025-10-28T18:17:07.353371Z DEBUG compress:prove:batch:open:open multi batches: close time.busy=12.1s time.idle=5.57µs
2025-10-28T18:17:07.353635Z DEBUG compress:prove:batch:open:compute quotient values: close time.busy=7.46s time.idle=15.6s
2025-10-28T18:17:07.367636Z DEBUG compress:generate records and traces:execute runtime: close time.busy=715ms time.idle=6.06µs
2025-10-28T18:17:07.367743Z DEBUG compress:generate records and traces:generate dependencies:register nonces: close time.busy=1.58µs time.idle=4.18µs
2025-10-28T18:17:07.367765Z DEBUG compress:generate records and traces:generate dependencies: close time.busy=54.7µs time.idle=4.70µs
2025-10-28T18:17:07.368060Z DEBUG fixed log2 rows can be potentially reduced: got 78580, expected 262144
2025-10-28T18:17:07.368267Z DEBUG fixed log2 rows can be potentially reduced: got 216000, expected 1048576
2025-10-28T18:17:07.368299Z DEBUG compress:generate records and traces:generate traces:generate traces for shard: generated trace for chip PublicValues in 26.337µs
2025-10-28T18:17:07.368565Z DEBUG compress:generate records and traces:generate traces:generate traces for shard: generated trace for chip MemoryConst in 570.79µs
2025-10-28T18:17:07.369452Z DEBUG compress:generate records and traces:generate traces:generate traces for shard: generated trace for chip BaseAlu in 1.258961ms
2025-10-28T18:17:07.374105Z DEBUG generate exp reverse bits len trace: fixed log2 rows can be potentially reduced: got 45700, expected 262144 rows=2700
2025-10-28T18:17:07.382729Z DEBUG fixed log2 rows can be potentially reduced: got 367913, expected 1048576
2025-10-28T18:17:07.409259Z DEBUG compress:generate records and traces:generate traces:generate traces for shard: generated trace for chip MemoryVar in 40.991507ms
2025-10-28T18:17:07.417132Z DEBUG compress:generate records and traces:generate traces:generate traces for shard: generated trace for chip Select in 48.865453ms
2025-10-28T18:17:07.425239Z DEBUG generate exp reverse bits len trace: close time.busy=56.9ms time.idle=6.65µs rows=2700
2025-10-28T18:17:07.425316Z DEBUG compress:generate records and traces:generate traces:generate traces for shard: generated trace for chip ExpReverseBitsLen in 57.049262ms
2025-10-28T18:17:07.495514Z DEBUG generate batch fri trace: fixed log2 rows can be potentially reduced: got 902800, expected 2097152 rows=902800
2025-10-28T18:17:07.534369Z DEBUG compress:prove:batch:open: close time.busy=30.1s time.idle=26.1µs
2025-10-28T18:17:07.534747Z DEBUG compress:prove:batch: close time.busy=41.6s time.idle=15.8µs
2025-10-28T18:17:07.580098Z DEBUG compress:generate records and traces:generate traces:generate traces for shard: generated trace for chip ExtAlu in 211.891036ms
2025-10-28T18:17:07.622151Z DEBUG compress:prove:batch:Setup compress program:setup machine:generate preprocessed traces: generated preprocessed trace for chip PublicValues in 64.931382ms
2025-10-28T18:17:07.632086Z DEBUG compress:prove:batch:Setup compress program:setup machine:generate preprocessed traces: generated preprocessed trace for chip ExtAlu in 74.533568ms
2025-10-28T18:17:07.637480Z DEBUG compress:prove:batch:Setup compress program:setup machine:generate preprocessed traces: generated preprocessed trace for chip Select in 80.503037ms
2025-10-28T18:17:07.637564Z DEBUG compress:prove:batch:Setup compress program:setup machine:generate preprocessed traces: generated preprocessed trace for chip MemoryConst in 80.701818ms
2025-10-28T18:17:07.642809Z DEBUG compress:prove:batch:Setup compress program:setup machine:generate preprocessed traces: generated preprocessed trace for chip ExpReverseBitsLen in 85.590156ms
2025-10-28T18:17:07.646019Z DEBUG compress:prove:batch:Setup compress program:setup machine:generate preprocessed traces: generated preprocessed trace for chip MemoryVar in 87.449084ms
2025-10-28T18:17:07.650695Z DEBUG compress:prove:batch:Setup compress program:setup machine:generate preprocessed traces: generated preprocessed trace for chip BaseAlu in 93.150078ms
2025-10-28T18:17:07.661276Z DEBUG fixed log2 rows can be potentially reduced: got 248400, expected 524288
2025-10-28T18:17:07.722167Z DEBUG compress:prove:batch:Setup compress program:setup machine:generate preprocessed traces: generated preprocessed trace for chip BatchFRI in 165.138845ms
2025-10-28T18:17:07.723886Z DEBUG compress:prove:batch:Setup compress program:setup machine:generate preprocessed traces: generated preprocessed trace for chip Poseidon2WideDeg3 in 162.391468ms
2025-10-28T18:17:07.841519Z DEBUG generate batch fri trace: close time.busy=473ms time.idle=5.45µs rows=902800
2025-10-28T18:17:07.841576Z DEBUG compress:generate records and traces:generate traces:generate traces for shard: generated trace for chip BatchFRI in 473.322879ms
2025-10-28T18:17:08.130396Z DEBUG generate poseidon2 wide trace: close time.busy=762ms time.idle=8.70µs rows=92016
2025-10-28T18:17:08.130489Z DEBUG compress:generate records and traces:generate traces:generate traces for shard: generated trace for chip Poseidon2WideDeg3 in 762.404098ms
2025-10-28T18:17:08.131468Z DEBUG compress:generate records and traces:generate traces:generate traces for shard: close time.busy=764ms time.idle=5.13µs
2025-10-28T18:17:08.131767Z DEBUG compress:generate records and traces:generate traces: close time.busy=764ms time.idle=4.47µs
2025-10-28T18:17:08.143236Z DEBUG compress:generate records and traces:get program and witness stream: close time.busy=11.2ms time.idle=5.59µs
2025-10-28T18:17:08.280566Z DEBUG compress:generate records and traces:execute runtime: close time.busy=137ms time.idle=5.62µs
2025-10-28T18:17:08.280672Z DEBUG compress:generate records and traces:generate dependencies:register nonces: close time.busy=1.31µs time.idle=3.91µs
2025-10-28T18:17:08.280690Z DEBUG compress:generate records and traces:generate dependencies: close time.busy=45.5µs time.idle=4.31µs
2025-10-28T18:17:08.281076Z DEBUG compress:generate records and traces:generate traces:generate traces for shard: generated trace for chip MemoryConst in 205.208µs
2025-10-28T18:17:08.281130Z DEBUG fixed log2 rows can be potentially reduced: got 253600, expected 524288
2025-10-28T18:17:08.281164Z DEBUG compress:generate records and traces:generate traces:generate traces for shard: generated trace for chip PublicValues in 19.251µs
2025-10-28T18:17:08.286553Z DEBUG compress:generate records and traces:generate traces:generate traces for shard: generated trace for chip Select in 5.427034ms
2025-10-28T18:17:08.285420Z DEBUG fixed log2 rows can be potentially reduced: got 219146, expected 524288
2025-10-28T18:17:08.287128Z DEBUG compress:generate records and traces:generate traces:generate traces for shard: generated trace for chip BaseAlu in 6.079796ms
2025-10-28T18:17:08.288599Z DEBUG generate batch fri trace: fixed log2 rows can be potentially reduced: got 248400, expected 524288 rows=248400
2025-10-28T18:17:08.297777Z DEBUG generate batch fri trace: close time.busy=13.3ms time.idle=6.44µs rows=248400
2025-10-28T18:17:08.297836Z DEBUG compress:generate records and traces:generate traces:generate traces for shard: generated trace for chip BatchFRI in 13.362039ms
2025-10-28T18:17:08.301050Z DEBUG compress:generate records and traces:generate traces:generate traces for shard: generated trace for chip ExtAlu in 18.865088ms
2025-10-28T18:17:08.327624Z DEBUG generate exp reverse bits len trace: close time.busy=46.5ms time.idle=6.93µs rows=7100
2025-10-28T18:17:08.327699Z DEBUG compress:generate records and traces:generate traces:generate traces for shard: generated trace for chip ExpReverseBitsLen in 46.552861ms
2025-10-28T18:17:08.351906Z DEBUG compress:generate records and traces:generate traces:generate traces for shard: generated trace for chip MemoryVar in 70.877809ms
2025-10-28T18:17:08.786787Z DEBUG generate poseidon2 wide trace: close time.busy=506ms time.idle=12.6µs rows=55971
2025-10-28T18:17:08.786923Z DEBUG compress:generate records and traces:generate traces:generate traces for shard: generated trace for chip Poseidon2WideDeg3 in 505.908947ms
2025-10-28T18:17:08.789817Z DEBUG compress:generate records and traces:generate traces:generate traces for shard: close time.busy=509ms time.idle=4.77µs
2025-10-28T18:17:08.789869Z DEBUG compress:generate records and traces:generate traces: close time.busy=509ms time.idle=3.90µs
2025-10-28T18:17:11.949400Z DEBUG compress:prove:batch:Setup compress program:setup machine:commit to preprocessed traces: close time.busy=4.12s time.idle=11.4µs
2025-10-28T18:17:11.949680Z DEBUG compress:prove:batch:Setup compress program:setup machine:generate preprocessed traces: close time.busy=168ms time.idle=4.22s
2025-10-28T18:17:11.949713Z DEBUG compress:prove:batch:Setup compress program:setup machine: close time.busy=4.39s time.idle=3.85µs
2025-10-28T18:17:11.949733Z DEBUG compress:prove:batch:Setup compress program: close time.busy=4.39s time.idle=4.99µs
2025-10-28T18:17:11.949782Z DEBUG compress:prove:batch:observe proving key: close time.busy=15.8µs time.idle=4.61µs
2025-10-28T18:17:25.559512Z DEBUG compress:prove:batch:Setup compress program:setup machine:commit to preprocessed traces: close time.busy=18.0s time.idle=15.1µs
2025-10-28T18:17:25.559693Z DEBUG compress:prove:batch:Setup compress program:setup machine:generate preprocessed traces: close time.busy=507ms time.idle=18.4s
2025-10-28T18:17:25.559718Z DEBUG compress:prove:batch:Setup compress program:setup machine: close time.busy=18.9s time.idle=3.19µs
2025-10-28T18:17:25.559749Z DEBUG compress:prove:batch:Setup compress program: close time.busy=18.9s time.idle=9.83µs
2025-10-28T18:17:25.559775Z DEBUG compress:prove:batch:commit: close time.busy=13.6s time.idle=4.86µs
2025-10-28T18:17:25.559801Z DEBUG compress:prove:batch:observe proving key: close time.busy=18.8µs time.idle=4.77µs
2025-10-28T18:17:27.163755Z DEBUG compress:prove:batch:open:generate permutation traces: close time.busy=1.60s time.idle=4.93µs
2025-10-28T18:17:27.163814Z DEBUG compress:prove:batch:open: BatchFRI        | Main Cols = 13    | Pre Cols = 6      | Perm Cols = 12    | Rows = 524288 | Cells = 16252928  
2025-10-28T18:17:27.163828Z DEBUG compress:prove:batch:open: MemoryVar       | Main Cols = 8     | Pre Cols = 4      | Perm Cols = 8     | Rows = 524288 | Cells = 10485760  
2025-10-28T18:17:27.163838Z DEBUG compress:prove:batch:open: Select          | Main Cols = 5     | Pre Cols = 8      | Perm Cols = 16    | Rows = 524288 | Cells = 15204352  
2025-10-28T18:17:27.163847Z DEBUG compress:prove:batch:open: ExpReverseBitsLen | Main Cols = 7     | Pre Cols = 10     | Perm Cols = 12    | Rows = 262144 | Cells = 7602176   
2025-10-28T18:17:27.163857Z DEBUG compress:prove:batch:open: MemoryConst     | Main Cols = 1     | Pre Cols = 12     | Perm Cols = 8     | Rows = 131072 | Cells = 2752512   
2025-10-28T18:17:27.163867Z DEBUG compress:prove:batch:open: Poseidon2WideDeg3 | Main Cols = 313   | Pre Cols = 49     | Perm Cols = 68    | Rows = 131072 | Cells = 56360960  
2025-10-28T18:17:27.163876Z DEBUG compress:prove:batch:open: BaseAlu         | Main Cols = 12    | Pre Cols = 32     | Perm Cols = 28    | Rows = 65536 | Cells = 4718592   
2025-10-28T18:17:27.163885Z DEBUG compress:prove:batch:open: ExtAlu          | Main Cols = 48    | Pre Cols = 32     | Perm Cols = 28    | Rows = 65536 | Cells = 7077888   
2025-10-28T18:17:27.163894Z DEBUG compress:prove:batch:open: PublicValues    | Main Cols = 1     | Pre Cols = 10     | Perm Cols = 8     | Rows = 16    | Cells = 304       
2025-10-28T18:17:27.547768Z DEBUG compress:prove:batch:open:flatten permutation traces and collect domains: close time.busy=384ms time.idle=4.82µs
2025-10-28T18:17:32.760781Z DEBUG compress:prove:batch:open:commit to permutation traces: close time.busy=5.21s time.idle=5.66µs
2025-10-28T18:17:32.761738Z DEBUG compress:prove:batch:open:compute quotient values:compute quotient values for domain: close time.busy=577µs time.idle=5.23µs
2025-10-28T18:17:35.938305Z DEBUG compress:prove:batch:open:compute quotient values:compute quotient values for domain: close time.busy=3.18s time.idle=5.41µs
2025-10-28T18:17:35.939419Z DEBUG compress:prove:batch:open:compute quotient values:compute quotient values for domain: close time.busy=3.18s time.idle=4.72µs
2025-10-28T18:17:35.968912Z DEBUG compress:prove:batch:open:compute quotient values:compute quotient values for domain: close time.busy=3.21s time.idle=7.10µs
2025-10-28T18:17:35.997532Z DEBUG compress:prove:batch:open:compute quotient values:compute quotient values for domain: close time.busy=3.24s time.idle=8.45µs
2025-10-28T18:17:36.347319Z DEBUG compress:prove:batch:open:compute quotient values:compute quotient values for domain: close time.busy=3.59s time.idle=6.08µs
2025-10-28T18:17:37.296882Z DEBUG compress:prove:batch:open:compute quotient values:compute quotient values for domain: close time.busy=4.54s time.idle=5.69µs
2025-10-28T18:17:37.320279Z DEBUG compress:prove:batch:open:compute quotient values:compute quotient values for domain: close time.busy=4.56s time.idle=8.13µs
2025-10-28T18:17:39.792587Z DEBUG compress:prove:batch:open:compute quotient values:compute quotient values for domain: close time.busy=7.03s time.idle=6.40µs
2025-10-28T18:17:43.869649Z DEBUG compress:prove:batch:open:commit to quotient traces: close time.busy=3.74s time.idle=7.27µs
2025-10-28T18:17:43.869747Z DEBUG compress:prove:batch:open:compute preprocessed opening points: close time.busy=15.8µs time.idle=4.76µs
2025-10-28T18:17:43.869777Z DEBUG compress:prove:batch:open:compute main trace opening points: close time.busy=9.27µs time.idle=2.83µs
2025-10-28T18:17:43.869806Z DEBUG compress:prove:batch:open:compute permutation trace opening points: close time.busy=7.19µs time.idle=3.08µs
2025-10-28T18:17:57.583786Z DEBUG compress:prove:batch:commit: close time.busy=32.0s time.idle=5.37µs
2025-10-28T18:18:01.701194Z DEBUG compress:prove:batch:open:generate permutation traces: close time.busy=4.12s time.idle=21.7µs
2025-10-28T18:18:01.701274Z DEBUG compress:prove:batch:open: BatchFRI        | Main Cols = 13    | Pre Cols = 6      | Perm Cols = 12    | Rows = 2097152 | Cells = 65011712  
2025-10-28T18:18:01.701291Z DEBUG compress:prove:batch:open: MemoryVar       | Main Cols = 8     | Pre Cols = 4      | Perm Cols = 8     | Rows = 1048576 | Cells = 20971520  
2025-10-28T18:18:01.701302Z DEBUG compress:prove:batch:open: Select          | Main Cols = 5     | Pre Cols = 8      | Perm Cols = 16    | Rows = 1048576 | Cells = 30408704  
2025-10-28T18:18:01.701313Z DEBUG compress:prove:batch:open: ExtAlu          | Main Cols = 48    | Pre Cols = 32     | Perm Cols = 28    | Rows = 524288 | Cells = 56623104  
2025-10-28T18:18:01.701323Z DEBUG compress:prove:batch:open: ExpReverseBitsLen | Main Cols = 7     | Pre Cols = 10     | Perm Cols = 12    | Rows = 262144 | Cells = 7602176   
2025-10-28T18:18:01.701334Z DEBUG compress:prove:batch:open: MemoryConst     | Main Cols = 1     | Pre Cols = 12     | Perm Cols = 8     | Rows = 262144 | Cells = 5505024   
2025-10-28T18:18:01.701346Z DEBUG compress:prove:batch:open: Poseidon2WideDeg3 | Main Cols = 313   | Pre Cols = 49     | Perm Cols = 68    | Rows = 262144 | Cells = 112721920 
2025-10-28T18:18:01.701357Z DEBUG compress:prove:batch:open: BaseAlu         | Main Cols = 12    | Pre Cols = 32     | Perm Cols = 28    | Rows = 65536 | Cells = 4718592   
2025-10-28T18:18:01.701369Z DEBUG compress:prove:batch:open: PublicValues    | Main Cols = 1     | Pre Cols = 10     | Perm Cols = 8     | Rows = 16    | Cells = 304       
2025-10-28T18:18:03.940901Z DEBUG compress:prove:batch:open:flatten permutation traces and collect domains: close time.busy=2.24s time.idle=7.14µs
2025-10-28T18:18:17.789900Z DEBUG compress:prove:batch:open:commit to permutation traces: close time.busy=13.8s time.idle=7.49µs
2025-10-28T18:18:17.790668Z DEBUG compress:prove:batch:open:compute quotient values:compute quotient values for domain: close time.busy=344µs time.idle=14.2µs
2025-10-28T18:18:37.660042Z DEBUG compress:prove:batch:open:compute quotient values:compute quotient values for domain: close time.busy=19.9s time.idle=9.29µs
2025-10-28T18:18:37.690647Z DEBUG compress:prove:batch:open:compute quotient values:compute quotient values for domain: close time.busy=19.9s time.idle=6.67µs
2025-10-28T18:18:37.923635Z DEBUG compress:prove:batch:open:compute quotient values:compute quotient values for domain: close time.busy=20.1s time.idle=6.04µs
2025-10-28T18:18:38.043109Z DEBUG compress:prove:batch:open:open multi batches: close time.busy=54.2s time.idle=6.20µs
2025-10-28T18:18:38.043408Z DEBUG compress:prove:batch:open:compute quotient values: close time.busy=7.05s time.idle=58.2s
2025-10-28T18:18:38.173503Z DEBUG compress:prove:batch:open:compute quotient values:compute quotient values for domain: close time.busy=20.4s time.idle=6.27µs
2025-10-28T18:18:38.223824Z DEBUG compress:prove:batch:open:compute quotient values:compute quotient values for domain: close time.busy=20.4s time.idle=5.69µs
2025-10-28T18:18:38.252389Z DEBUG compress:prove:batch:open:compute quotient values:compute quotient values for domain: close time.busy=20.5s time.idle=7.79µs
2025-10-28T18:18:38.264344Z DEBUG compress:prove:batch:open:compute quotient values:compute quotient values for domain: close time.busy=20.5s time.idle=5.55µs
2025-10-28T18:18:38.374662Z DEBUG compress:prove:batch:open: close time.busy=72.8s time.idle=7.07µs
2025-10-28T18:18:38.477523Z DEBUG compress:prove:batch:open:compute quotient values:compute quotient values for domain: close time.busy=20.7s time.idle=7.00µs
2025-10-28T18:18:48.779609Z DEBUG compress:prove:batch:open:commit to quotient traces: close time.busy=9.48s time.idle=9.60µs
2025-10-28T18:18:48.779774Z DEBUG compress:prove:batch:open:compute preprocessed opening points: close time.busy=15.0µs time.idle=5.39µs
2025-10-28T18:18:48.779817Z DEBUG compress:prove:batch:open:compute main trace opening points: close time.busy=21.8µs time.idle=3.29µs
2025-10-28T18:18:48.779847Z DEBUG compress:prove:batch:open:compute permutation trace opening points: close time.busy=11.5µs time.idle=3.07µs
2025-10-28T18:19:12.525808Z DEBUG compress:prove:batch:open:open multi batches: close time.busy=23.7s time.idle=5.02µs
2025-10-28T18:19:12.600765Z DEBUG compress:prove:batch:open:compute quotient values: close time.busy=20.7s time.idle=34.1s
2025-10-28T18:19:13.200605Z DEBUG compress:prove:batch:open: close time.busy=75.6s time.idle=6.07µs
2025-10-28T18:19:13.201186Z DEBUG compress:prove:batch: close time.busy=126s time.idle=10.4µs
2025-10-28T18:19:13.237786Z DEBUG fixed log2 rows can be potentially reduced: got 45700, expected 262144
2025-10-28T18:19:13.237790Z DEBUG compress:prove:batch:Setup compress program:setup machine:generate preprocessed traces: generated preprocessed trace for chip PublicValues in 33.372276ms
2025-10-28T18:19:13.242364Z DEBUG fixed log2 rows can be potentially reduced: got 78580, expected 262144
2025-10-28T18:19:13.247650Z DEBUG compress:prove:batch:Setup compress program:setup machine:generate preprocessed traces: generated preprocessed trace for chip BaseAlu in 43.392958ms
2025-10-28T18:19:13.276880Z DEBUG compress:prove:batch:Setup compress program:setup machine:generate preprocessed traces: generated preprocessed trace for chip ExpReverseBitsLen in 72.459236ms
2025-10-28T18:19:13.347174Z DEBUG compress:prove:batch:Setup compress program:setup machine:generate preprocessed traces: generated preprocessed trace for chip Select in 142.748464ms
2025-10-28T18:19:13.399923Z DEBUG compress:prove:batch:Setup compress program:setup machine:generate preprocessed traces: generated preprocessed trace for chip Poseidon2WideDeg3 in 195.721769ms
2025-10-28T18:19:13.405634Z DEBUG fixed log2 rows can be potentially reduced: got 902800, expected 2097152
2025-10-28T18:19:13.456373Z DEBUG compress:prove:batch:Setup compress program:setup machine:generate preprocessed traces: generated preprocessed trace for chip MemoryVar in 252.033419ms
2025-10-28T18:19:13.462206Z DEBUG compress:generate records and traces:get program and witness stream: close time.busy=228ms time.idle=147µs
2025-10-28T18:19:13.470673Z DEBUG compress:prove:batch: close time.busy=127s time.idle=15.6µs
2025-10-28T18:19:13.488457Z DEBUG compress:prove:batch:Setup compress program:setup machine:generate preprocessed traces: generated preprocessed trace for chip ExtAlu in 284.159739ms
2025-10-28T18:19:13.497862Z DEBUG compress:prove:batch:Setup compress program:setup machine:generate preprocessed traces: generated preprocessed trace for chip MemoryConst in 293.701509ms
2025-10-28T18:19:13.552036Z DEBUG compress:prove:batch:Setup compress program:setup machine:generate preprocessed traces: generated preprocessed trace for chip PublicValues in 79.790383ms
2025-10-28T18:19:13.555011Z DEBUG compress:prove:batch:Setup compress program:setup machine:generate preprocessed traces: generated preprocessed trace for chip MemoryConst in 82.96279ms
2025-10-28T18:19:13.556877Z DEBUG compress:prove:batch:Setup compress program:setup machine:generate preprocessed traces: generated preprocessed trace for chip BaseAlu in 84.757926ms
2025-10-28T18:19:13.564891Z DEBUG compress:prove:batch:Setup compress program:setup machine:generate preprocessed traces: generated preprocessed trace for chip ExtAlu in 89.392452ms
2025-10-28T18:19:13.565579Z DEBUG compress:prove:batch:Setup compress program:setup machine:generate preprocessed traces: generated preprocessed trace for chip Poseidon2WideDeg3 in 93.47937ms
2025-10-28T18:19:13.579255Z DEBUG compress:prove:batch:Setup compress program:setup machine:generate preprocessed traces: generated preprocessed trace for chip Select in 107.023129ms
2025-10-28T18:19:13.582181Z DEBUG compress:prove:batch:Setup compress program:setup machine:generate preprocessed traces: generated preprocessed trace for chip MemoryVar in 109.990369ms
2025-10-28T18:19:13.585284Z DEBUG compress:prove:batch:Setup compress program:setup machine:generate preprocessed traces: generated preprocessed trace for chip ExpReverseBitsLen in 113.047537ms
2025-10-28T18:19:13.586680Z DEBUG fixed log2 rows can be potentially reduced: got 248400, expected 524288
2025-10-28T18:19:13.614172Z DEBUG compress:prove:batch:Setup compress program:setup machine:generate preprocessed traces: generated preprocessed trace for chip BatchFRI in 141.838577ms
2025-10-28T18:19:13.654646Z DEBUG compress:prove:batch:Setup compress program:setup machine:generate preprocessed traces: generated preprocessed trace for chip BatchFRI in 450.118362ms
2025-10-28T18:19:14.729824Z DEBUG compress:generate records and traces:execute runtime: close time.busy=1.27s time.idle=7.18µs
2025-10-28T18:19:14.729979Z DEBUG compress:generate records and traces:generate dependencies:register nonces: close time.busy=1.27µs time.idle=3.59µs
2025-10-28T18:19:14.729998Z DEBUG compress:generate records and traces:generate dependencies: close time.busy=99.0µs time.idle=4.63µs
2025-10-28T18:19:14.732293Z DEBUG fixed log2 rows can be potentially reduced: got 216000, expected 1048576
2025-10-28T18:19:14.732321Z DEBUG fixed log2 rows can be potentially reduced: got 78580, expected 262144
2025-10-28T18:19:14.732367Z DEBUG compress:generate records and traces:generate traces:generate traces for shard: generated trace for chip PublicValues in 11.019µs
2025-10-28T18:19:14.733212Z DEBUG compress:generate records and traces:generate traces:generate traces for shard: generated trace for chip BaseAlu in 961.251µs
2025-10-28T18:19:14.735017Z DEBUG compress:generate records and traces:generate traces:generate traces for shard: generated trace for chip MemoryConst in 2.776511ms
2025-10-28T18:19:14.738446Z DEBUG generate exp reverse bits len trace: fixed log2 rows can be potentially reduced: got 45700, expected 262144 rows=2700
2025-10-28T18:19:14.740785Z DEBUG compress:generate records and traces:generate traces:generate traces for shard: generated trace for chip Select in 8.496863ms
2025-10-28T18:19:14.754017Z DEBUG fixed log2 rows can be potentially reduced: got 367913, expected 1048576
2025-10-28T18:19:14.770796Z DEBUG generate exp reverse bits len trace: close time.busy=38.5ms time.idle=6.75µs rows=2700
2025-10-28T18:19:14.770879Z DEBUG compress:generate records and traces:generate traces:generate traces for shard: generated trace for chip ExpReverseBitsLen in 38.560129ms
2025-10-28T18:19:14.810912Z DEBUG generate batch fri trace: fixed log2 rows can be potentially reduced: got 902800, expected 2097152 rows=902800
2025-10-28T18:19:14.853097Z DEBUG compress:generate records and traces:generate traces:generate traces for shard: generated trace for chip MemoryVar in 120.801388ms
2025-10-28T18:19:14.903144Z DEBUG compress:generate records and traces:generate traces:generate traces for shard: generated trace for chip ExtAlu in 170.750524ms
2025-10-28T18:19:15.105154Z DEBUG generate batch fri trace: close time.busy=373ms time.idle=7.25µs rows=902800
2025-10-28T18:19:15.105244Z DEBUG compress:generate records and traces:generate traces:generate traces for shard: generated trace for chip BatchFRI in 372.924225ms
2025-10-28T18:19:15.482013Z DEBUG generate poseidon2 wide trace: close time.busy=750ms time.idle=8.59µs rows=92016
2025-10-28T18:19:15.482074Z DEBUG compress:generate records and traces:generate traces:generate traces for shard: generated trace for chip Poseidon2WideDeg3 in 749.828877ms
2025-10-28T18:19:15.482272Z DEBUG compress:generate records and traces:generate traces:generate traces for shard: close time.busy=752ms time.idle=4.29µs
2025-10-28T18:19:15.482317Z DEBUG compress:generate records and traces:generate traces: close time.busy=752ms time.idle=3.89µs
2025-10-28T18:19:15.511332Z DEBUG compress:generate records and traces:get program and witness stream: close time.busy=29.0ms time.idle=7.47µs
2025-10-28T18:19:17.352756Z DEBUG compress:generate records and traces:execute runtime: close time.busy=1.84s time.idle=8.12µs
2025-10-28T18:19:17.352887Z DEBUG compress:generate records and traces:generate dependencies:register nonces: close time.busy=1.47µs time.idle=4.22µs
2025-10-28T18:19:17.352907Z DEBUG compress:generate records and traces:generate dependencies: close time.busy=77.6µs time.idle=5.58µs
2025-10-28T18:19:17.934613Z DEBUG compress:generate records and traces:generate traces:generate traces for shard: generated trace for chip MemoryConst in 296.068µs
2025-10-28T18:19:17.939039Z DEBUG compress:generate records and traces:generate traces:generate traces for shard: generated trace for chip BaseAlu in 924.497µs
2025-10-28T18:19:17.941289Z DEBUG fixed log2 rows can be potentially reduced: got 253600, expected 524288
2025-10-28T18:19:17.947384Z DEBUG compress:generate records and traces:generate traces:generate traces for shard: generated trace for chip PublicValues in 18.111µs
2025-10-28T18:19:17.949344Z DEBUG compress:generate records and traces:generate traces:generate traces for shard: generated trace for chip ExtAlu in 10.249106ms
2025-10-28T18:19:17.949647Z DEBUG fixed log2 rows can be potentially reduced: got 219146, expected 524288
2025-10-28T18:19:17.955222Z DEBUG compress:generate records and traces:generate traces:generate traces for shard: generated trace for chip Select in 13.934996ms
2025-10-28T18:19:17.964111Z DEBUG generate batch fri trace: fixed log2 rows can be potentially reduced: got 248400, expected 524288 rows=248400
2025-10-28T18:19:17.982528Z DEBUG generate exp reverse bits len trace: close time.busy=39.5ms time.idle=7.02µs rows=7100
2025-10-28T18:19:17.982612Z DEBUG compress:generate records and traces:generate traces:generate traces for shard: generated trace for chip ExpReverseBitsLen in 39.575833ms
2025-10-28T18:19:17.998351Z DEBUG compress:generate records and traces:generate traces:generate traces for shard: generated trace for chip MemoryVar in 63.68004ms
2025-10-28T18:19:18.016001Z DEBUG generate batch fri trace: close time.busy=69.2ms time.idle=7.21µs rows=248400
2025-10-28T18:19:18.016064Z DEBUG compress:generate records and traces:generate traces:generate traces for shard: generated trace for chip BatchFRI in 69.326382ms
2025-10-28T18:19:18.204530Z DEBUG generate poseidon2 wide trace: close time.busy=267ms time.idle=5.89µs rows=56071
2025-10-28T18:19:18.204580Z DEBUG compress:generate records and traces:generate traces:generate traces for shard: generated trace for chip Poseidon2WideDeg3 in 267.053252ms
2025-10-28T18:19:18.204783Z DEBUG compress:generate records and traces:generate traces:generate traces for shard: close time.busy=852ms time.idle=4.79µs
2025-10-28T18:19:18.204872Z DEBUG compress:generate records and traces:generate traces: close time.busy=852ms time.idle=4.68µs
2025-10-28T18:19:18.577870Z DEBUG compress:prove:batch:Setup compress program:setup machine:commit to preprocessed traces: close time.busy=4.86s time.idle=7.16µs
2025-10-28T18:19:18.577945Z DEBUG compress:prove:batch:Setup compress program:setup machine:generate preprocessed traces: close time.busy=143ms time.idle=4.96s
2025-10-28T18:19:18.577965Z DEBUG compress:prove:batch:Setup compress program:setup machine: close time.busy=5.11s time.idle=4.21µs
2025-10-28T18:19:18.577985Z DEBUG compress:prove:batch:Setup compress program: close time.busy=5.11s time.idle=4.15µs
2025-10-28T18:19:18.578031Z DEBUG compress:prove:batch:observe proving key: close time.busy=16.5µs time.idle=4.18µs
2025-10-28T18:19:26.760193Z DEBUG compress:prove:batch:Setup compress program:setup machine:commit to preprocessed traces: close time.busy=12.5s time.idle=10.2µs
2025-10-28T18:19:26.760324Z DEBUG compress:prove:batch:Setup compress program:setup machine:generate preprocessed traces: close time.busy=468ms time.idle=13.1s
2025-10-28T18:19:26.760353Z DEBUG compress:prove:batch:Setup compress program:setup machine: close time.busy=13.6s time.idle=8.18µs
2025-10-28T18:19:26.760387Z DEBUG compress:prove:batch:Setup compress program: close time.busy=13.6s time.idle=18.1µs
2025-10-28T18:19:26.760471Z DEBUG compress:prove:batch:observe proving key: close time.busy=20.6µs time.idle=28.0µs
2025-10-28T18:19:31.922017Z DEBUG compress:prove:batch:commit: close time.busy=13.3s time.idle=4.31µs
2025-10-28T18:19:33.564902Z DEBUG compress:prove:batch:open:generate permutation traces: close time.busy=1.64s time.idle=4.18µs
2025-10-28T18:19:33.564961Z DEBUG compress:prove:batch:open: BatchFRI        | Main Cols = 13    | Pre Cols = 6      | Perm Cols = 12    | Rows = 524288 | Cells = 16252928  
2025-10-28T18:19:33.564980Z DEBUG compress:prove:batch:open: MemoryVar       | Main Cols = 8     | Pre Cols = 4      | Perm Cols = 8     | Rows = 524288 | Cells = 10485760  
2025-10-28T18:19:33.564994Z DEBUG compress:prove:batch:open: Select          | Main Cols = 5     | Pre Cols = 8      | Perm Cols = 16    | Rows = 524288 | Cells = 15204352  
2025-10-28T18:19:33.565008Z DEBUG compress:prove:batch:open: ExpReverseBitsLen | Main Cols = 7     | Pre Cols = 10     | Perm Cols = 12    | Rows = 262144 | Cells = 7602176   
2025-10-28T18:19:33.565021Z DEBUG compress:prove:batch:open: MemoryConst     | Main Cols = 1     | Pre Cols = 12     | Perm Cols = 8     | Rows = 131072 | Cells = 2752512   
2025-10-28T18:19:33.565036Z DEBUG compress:prove:batch:open: Poseidon2WideDeg3 | Main Cols = 313   | Pre Cols = 49     | Perm Cols = 68    | Rows = 131072 | Cells = 56360960  
2025-10-28T18:19:33.565046Z DEBUG compress:prove:batch:open: BaseAlu         | Main Cols = 12    | Pre Cols = 32     | Perm Cols = 28    | Rows = 65536 | Cells = 4718592   
2025-10-28T18:19:33.565055Z DEBUG compress:prove:batch:open: ExtAlu          | Main Cols = 48    | Pre Cols = 32     | Perm Cols = 28    | Rows = 65536 | Cells = 7077888   
2025-10-28T18:19:33.565064Z DEBUG compress:prove:batch:open: PublicValues    | Main Cols = 1     | Pre Cols = 10     | Perm Cols = 8     | Rows = 16    | Cells = 304       
2025-10-28T18:19:34.154388Z DEBUG compress:prove:batch:open:flatten permutation traces and collect domains: close time.busy=589ms time.idle=5.16µs
2025-10-28T18:19:38.934880Z DEBUG compress:prove:batch:open:commit to permutation traces: close time.busy=4.78s time.idle=10.9µs
2025-10-28T18:19:38.935891Z DEBUG compress:prove:batch:open:compute quotient values:compute quotient values for domain: close time.busy=477µs time.idle=5.28µs
2025-10-28T18:19:45.568364Z DEBUG compress:prove:batch:open:compute quotient values:compute quotient values for domain: close time.busy=6.63s time.idle=6.11µs
2025-10-28T18:19:45.571573Z DEBUG compress:prove:batch:open:compute quotient values:compute quotient values for domain: close time.busy=6.64s time.idle=5.99µs
2025-10-28T18:19:45.587925Z DEBUG compress:prove:batch:open:compute quotient values:compute quotient values for domain: close time.busy=6.65s time.idle=6.33µs
2025-10-28T18:19:45.621160Z DEBUG compress:prove:batch:open:compute quotient values:compute quotient values for domain: close time.busy=6.69s time.idle=9.97µs
2025-10-28T18:19:45.739211Z DEBUG compress:prove:batch:open:compute quotient values:compute quotient values for domain: close time.busy=6.80s time.idle=5.73µs
2025-10-28T18:19:45.757551Z DEBUG compress:prove:batch:open:compute quotient values:compute quotient values for domain: close time.busy=6.82s time.idle=11.5µs
2025-10-28T18:19:45.794025Z DEBUG compress:prove:batch:open:compute quotient values:compute quotient values for domain: close time.busy=6.86s time.idle=6.71µs
2025-10-28T18:19:45.811540Z DEBUG compress:prove:batch:open:compute quotient values:compute quotient values for domain: close time.busy=6.88s time.idle=7.42µs
2025-10-28T18:19:49.615314Z DEBUG compress:prove:batch:open:commit to quotient traces: close time.busy=3.64s time.idle=10.1µs
2025-10-28T18:19:49.615489Z DEBUG compress:prove:batch:open:compute preprocessed opening points: close time.busy=17.4µs time.idle=5.36µs
2025-10-28T18:19:49.615522Z DEBUG compress:prove:batch:open:compute main trace opening points: close time.busy=10.4µs time.idle=3.00µs
2025-10-28T18:19:49.615551Z DEBUG compress:prove:batch:open:compute permutation trace opening points: close time.busy=6.35µs time.idle=2.77µs
2025-10-28T18:20:02.897004Z DEBUG compress:prove:batch:commit: close time.busy=36.1s time.idle=5.59µs
2025-10-28T18:20:07.083387Z DEBUG compress:prove:batch:open:generate permutation traces: close time.busy=4.19s time.idle=5.06µs
2025-10-28T18:20:07.083475Z DEBUG compress:prove:batch:open: BatchFRI        | Main Cols = 13    | Pre Cols = 6      | Perm Cols = 12    | Rows = 2097152 | Cells = 65011712  
2025-10-28T18:20:07.083494Z DEBUG compress:prove:batch:open: MemoryVar       | Main Cols = 8     | Pre Cols = 4      | Perm Cols = 8     | Rows = 1048576 | Cells = 20971520  
2025-10-28T18:20:07.083505Z DEBUG compress:prove:batch:open: Select          | Main Cols = 5     | Pre Cols = 8      | Perm Cols = 16    | Rows = 1048576 | Cells = 30408704  
2025-10-28T18:20:07.083515Z DEBUG compress:prove:batch:open: ExtAlu          | Main Cols = 48    | Pre Cols = 32     | Perm Cols = 28    | Rows = 524288 | Cells = 56623104  
2025-10-28T18:20:07.083524Z DEBUG compress:prove:batch:open: ExpReverseBitsLen | Main Cols = 7     | Pre Cols = 10     | Perm Cols = 12    | Rows = 262144 | Cells = 7602176   
2025-10-28T18:20:07.083537Z DEBUG compress:prove:batch:open: MemoryConst     | Main Cols = 1     | Pre Cols = 12     | Perm Cols = 8     | Rows = 262144 | Cells = 5505024   
2025-10-28T18:20:07.083549Z DEBUG compress:prove:batch:open: Poseidon2WideDeg3 | Main Cols = 313   | Pre Cols = 49     | Perm Cols = 68    | Rows = 262144 | Cells = 112721920 
2025-10-28T18:20:07.083559Z DEBUG compress:prove:batch:open: BaseAlu         | Main Cols = 12    | Pre Cols = 32     | Perm Cols = 28    | Rows = 65536 | Cells = 4718592   
2025-10-28T18:20:07.083570Z DEBUG compress:prove:batch:open: PublicValues    | Main Cols = 1     | Pre Cols = 10     | Perm Cols = 8     | Rows = 16    | Cells = 304       
2025-10-28T18:20:08.614934Z DEBUG compress:prove:batch:open:flatten permutation traces and collect domains: close time.busy=1.53s time.idle=5.44µs
2025-10-28T18:20:22.317191Z DEBUG compress:prove:batch:open:commit to permutation traces: close time.busy=13.7s time.idle=28.2µs
2025-10-28T18:20:22.319718Z DEBUG compress:prove:batch:open:compute quotient values:compute quotient values for domain: close time.busy=739µs time.idle=6.21µs
2025-10-28T18:20:24.061171Z DEBUG compress:prove:batch:open:compute quotient values:compute quotient values for domain: close time.busy=1.74s time.idle=8.94µs
2025-10-28T18:20:24.063531Z DEBUG compress:prove:batch:open:compute quotient values:compute quotient values for domain: close time.busy=1.74s time.idle=48.4µs
2025-10-28T18:20:24.064940Z DEBUG compress:prove:batch:open:compute quotient values:compute quotient values for domain: close time.busy=1.75s time.idle=19.4µs
2025-10-28T18:20:42.927498Z DEBUG compress:prove:batch:open:compute quotient values:compute quotient values for domain: close time.busy=20.6s time.idle=6.07µs
2025-10-28T18:20:42.958186Z DEBUG compress:prove:batch:open:open multi batches: close time.busy=53.3s time.idle=8.60µs
2025-10-28T18:20:42.958509Z DEBUG compress:prove:batch:open:compute quotient values: close time.busy=6.92s time.idle=57.1s
2025-10-28T18:20:42.978955Z DEBUG compress:prove:batch:open:compute quotient values:compute quotient values for domain: close time.busy=20.7s time.idle=6.84µs
2025-10-28T18:20:43.001135Z DEBUG compress:prove:batch:open:compute quotient values:compute quotient values for domain: close time.busy=20.7s time.idle=6.64µs
2025-10-28T18:20:43.118254Z DEBUG compress:prove:batch:open:compute quotient values:compute quotient values for domain: close time.busy=20.8s time.idle=24.0µs
2025-10-28T18:20:43.207720Z DEBUG compress:prove:batch:open: close time.busy=71.3s time.idle=5.55µs
2025-10-28T18:20:43.396233Z DEBUG compress:prove:batch:open:compute quotient values:compute quotient values for domain: close time.busy=21.1s time.idle=7.79µs
2025-10-28T18:20:52.845608Z DEBUG compress:prove:batch:open:commit to quotient traces: close time.busy=8.68s time.idle=8.38µs
2025-10-28T18:20:52.845722Z DEBUG compress:prove:batch:open:compute preprocessed opening points: close time.busy=8.24µs time.idle=4.99µs
2025-10-28T18:20:52.845761Z DEBUG compress:prove:batch:open:compute main trace opening points: close time.busy=16.7µs time.idle=3.00µs
2025-10-28T18:20:52.845802Z DEBUG compress:prove:batch:open:compute permutation trace opening points: close time.busy=14.8µs time.idle=2.91µs
2025-10-28T18:21:16.178647Z DEBUG compress:prove:batch:open:open multi batches: close time.busy=23.3s time.idle=4.87µs
2025-10-28T18:21:16.243185Z DEBUG compress:prove:batch:open:compute quotient values: close time.busy=21.1s time.idle=32.8s
2025-10-28T18:21:16.842168Z DEBUG compress:prove:batch:open: close time.busy=73.9s time.idle=5.36µs
2025-10-28T18:21:16.842753Z DEBUG compress:prove:batch: close time.busy=123s time.idle=6.86µs
2025-10-28T18:21:16.930245Z DEBUG compress:prove:batch:Setup compress program:setup machine:generate preprocessed traces: generated preprocessed trace for chip PublicValues in 83.988082ms
2025-10-28T18:21:16.930579Z DEBUG fixed log2 rows can be potentially reduced: got 45700, expected 262144
2025-10-28T18:21:16.938142Z DEBUG compress:prove:batch:Setup compress program:setup machine:generate preprocessed traces: generated preprocessed trace for chip ExpReverseBitsLen in 91.879918ms
2025-10-28T18:21:16.943357Z DEBUG compress:prove:batch:Setup compress program:setup machine:generate preprocessed traces: generated preprocessed trace for chip BaseAlu in 97.294314ms
2025-10-28T18:21:16.953545Z DEBUG fixed log2 rows can be potentially reduced: got 78580, expected 262144
2025-10-28T18:21:16.957708Z DEBUG compress:prove:batch:Setup compress program:setup machine:generate preprocessed traces: generated preprocessed trace for chip MemoryVar in 111.523639ms
2025-10-28T18:21:16.976679Z DEBUG compress:prove:batch:Setup compress program:setup machine:generate preprocessed traces: generated preprocessed trace for chip Select in 130.42673ms
2025-10-28T18:21:16.999256Z DEBUG compress:generate records and traces:get program and witness stream: core cache miss, misses: 5
2025-10-28T18:21:17.033531Z DEBUG compress:prove:batch: close time.busy=124s time.idle=6.96µs
2025-10-28T18:21:17.059308Z DEBUG compress:prove:batch:Setup compress program:setup machine:generate preprocessed traces: generated preprocessed trace for chip Poseidon2WideDeg3 in 213.270688ms
2025-10-28T18:21:17.060839Z DEBUG compress:prove:batch:Setup compress program:setup machine:generate preprocessed traces: generated preprocessed trace for chip MemoryConst in 214.891214ms
2025-10-28T18:21:17.066042Z DEBUG compress:prove:batch:Setup compress program:setup machine:generate preprocessed traces: generated preprocessed trace for chip ExtAlu in 219.92567ms
2025-10-28T18:21:17.080145Z DEBUG fixed log2 rows can be potentially reduced: got 902800, expected 2097152
2025-10-28T18:21:17.103799Z DEBUG compress:prove:batch:Setup compress program:setup machine:generate preprocessed traces: generated preprocessed trace for chip PublicValues in 68.470536ms
2025-10-28T18:21:17.104756Z DEBUG compress:prove:batch:Setup compress program:setup machine:generate preprocessed traces: generated preprocessed trace for chip ExtAlu in 69.685105ms
2025-10-28T18:21:17.104925Z DEBUG compress:prove:batch:Setup compress program:setup machine:generate preprocessed traces: generated preprocessed trace for chip BaseAlu in 69.9339ms
2025-10-28T18:21:17.105560Z DEBUG compress:prove:batch:Setup compress program:setup machine:generate preprocessed traces: generated preprocessed trace for chip MemoryVar in 70.453525ms
2025-10-28T18:21:17.106828Z DEBUG compress:prove:batch:Setup compress program:setup machine:generate preprocessed traces: generated preprocessed trace for chip Select in 71.731821ms
2025-10-28T18:21:17.122883Z DEBUG fixed log2 rows can be potentially reduced: got 248400, expected 524288
2025-10-28T18:21:17.125467Z DEBUG compress:prove:batch:Setup compress program:setup machine:generate preprocessed traces: generated preprocessed trace for chip MemoryConst in 90.499564ms
2025-10-28T18:21:17.153464Z DEBUG compress:prove:batch:Setup compress program:setup machine:generate preprocessed traces: generated preprocessed trace for chip ExpReverseBitsLen in 118.32461ms
2025-10-28T18:21:17.155378Z DEBUG compress:prove:batch:Setup compress program:setup machine:generate preprocessed traces: generated preprocessed trace for chip Poseidon2WideDeg3 in 116.906203ms
2025-10-28T18:21:17.155799Z DEBUG compress:prove:batch:Setup compress program:setup machine:generate preprocessed traces: generated preprocessed trace for chip BatchFRI in 120.670328ms
2025-10-28T18:21:17.359751Z DEBUG compress:prove:batch:Setup compress program:setup machine:generate preprocessed traces: generated preprocessed trace for chip BatchFRI in 513.490356ms
2025-10-28T18:21:17.536246Z DEBUG compress:generate records and traces:get program and witness stream:build recursion program:read input: close time.busy=537ms time.idle=4.99µs
2025-10-28T18:21:17.539202Z DEBUG compress:generate records and traces:get program and witness stream:build recursion program:verify:verify shard:assert lookup multiplicities: close time.busy=147µs time.idle=4.57µs
2025-10-28T18:21:18.031949Z DEBUG compress:generate records and traces:get program and witness stream:build recursion program:verify:verify shard:2adic pcs:verify shape and challenges: close time.busy=310ms time.idle=8.71µs
2025-10-28T18:21:18.754271Z DEBUG compress:generate records and traces:get program and witness stream:build recursion program:verify:verify shard:2adic pcs:verify challenges: close time.busy=139ms time.idle=7.86µs
2025-10-28T18:21:18.754398Z DEBUG compress:generate records and traces:get program and witness stream:build recursion program:verify:verify shard:2adic pcs: close time.busy=1.21s time.idle=4.58µs
2025-10-28T18:21:18.774297Z DEBUG compress:generate records and traces:get program and witness stream:build recursion program:verify:verify shard:verify constraints: close time.busy=19.9ms time.idle=6.46µs
2025-10-28T18:21:18.774364Z DEBUG compress:generate records and traces:get program and witness stream:build recursion program:verify:verify shard: close time.busy=1.24s time.idle=5.86µs
2025-10-28T18:21:18.801554Z DEBUG compress:generate records and traces:get program and witness stream:build recursion program:verify: close time.busy=1.27s time.idle=6.19µs
2025-10-28T18:21:18.801630Z DEBUG compress:generate records and traces:get program and witness stream:build recursion program:build block: close time.busy=12.8µs time.idle=4.14µs
2025-10-28T18:21:18.801649Z DEBUG compress:generate records and traces:get program and witness stream:build recursion program: close time.busy=1.80s time.idle=5.61µs
2025-10-28T18:21:20.074478Z DEBUG compress:generate records and traces:get program and witness stream:compile recursion program:compile raw program: close time.busy=1.27s time.idle=6.47µs
2025-10-28T18:21:20.374722Z DEBUG compress:generate records and traces:get program and witness stream:compile recursion program:backfill mult: close time.busy=300ms time.idle=7.30µs
2025-10-28T18:21:20.374861Z DEBUG compress:generate records and traces:get program and witness stream:compile recursion program:prepend constants: close time.busy=63.2µs time.idle=5.15µs
2025-10-28T18:21:20.405726Z DEBUG compress:generate records and traces:get program and witness stream:compile recursion program: close time.busy=1.60s time.idle=4.71µs
2025-10-28T18:21:21.176017Z DEBUG compress:generate records and traces:get program and witness stream: close time.busy=4.32s time.idle=27.5µs
2025-10-28T18:21:21.179320Z DEBUG compress:prove:batch:Setup compress program:setup machine:commit to preprocessed traces: close time.busy=3.89s time.idle=7.91µs
2025-10-28T18:21:21.179407Z DEBUG compress:prove:batch:Setup compress program:setup machine:generate preprocessed traces: close time.busy=122ms time.idle=4.02s
2025-10-28T18:21:21.179438Z DEBUG compress:prove:batch:Setup compress program:setup machine: close time.busy=4.14s time.idle=2.42µs
2025-10-28T18:21:21.179453Z DEBUG compress:prove:batch:Setup compress program: close time.busy=4.14s time.idle=3.37µs
2025-10-28T18:21:21.179492Z DEBUG compress:prove:batch:observe proving key: close time.busy=10.9µs time.idle=2.96µs
2025-10-28T18:21:21.830063Z DEBUG compress:generate records and traces:execute runtime: close time.busy=654ms time.idle=6.95µs
2025-10-28T18:21:21.830180Z DEBUG compress:generate records and traces:generate dependencies:register nonces: close time.busy=1.20µs time.idle=3.66µs
2025-10-28T18:21:21.830198Z DEBUG compress:generate records and traces:generate dependencies: close time.busy=53.5µs time.idle=4.27µs
2025-10-28T18:21:21.830589Z DEBUG fixed log2 rows can be potentially reduced: got 75584, expected 262144
2025-10-28T18:21:21.831264Z DEBUG fixed log2 rows can be potentially reduced: got 216000, expected 1048576
2025-10-28T18:21:21.831805Z DEBUG compress:generate records and traces:generate traces:generate traces for shard: generated trace for chip MemoryConst in 1.26493ms
2025-10-28T18:21:21.831314Z DEBUG compress:generate records and traces:generate traces:generate traces for shard: generated trace for chip PublicValues in 11.728µs
2025-10-28T18:21:21.835348Z DEBUG compress:generate records and traces:generate traces:generate traces for shard: generated trace for chip BaseAlu in 4.777161ms
2025-10-28T18:21:21.835870Z DEBUG generate exp reverse bits len trace: fixed log2 rows can be potentially reduced: got 40100, expected 262144 rows=2700
2025-10-28T18:21:21.837870Z DEBUG fixed log2 rows can be potentially reduced: got 393883, expected 1048576
2025-10-28T18:21:21.859480Z DEBUG compress:generate records and traces:generate traces:generate traces for shard: generated trace for chip Select in 28.221011ms
2025-10-28T18:21:21.883398Z DEBUG generate exp reverse bits len trace: close time.busy=52.1ms time.idle=11.6µs rows=2700
2025-10-28T18:21:21.883586Z DEBUG compress:generate records and traces:generate traces:generate traces for shard: generated trace for chip ExpReverseBitsLen in 52.303144ms
2025-10-28T18:21:21.899467Z DEBUG generate batch fri trace: fixed log2 rows can be potentially reduced: got 783500, expected 2097152 rows=783500
2025-10-28T18:21:21.963826Z DEBUG compress:generate records and traces:generate traces:generate traces for shard: generated trace for chip MemoryVar in 133.135632ms
2025-10-28T18:21:21.994681Z DEBUG compress:generate records and traces:generate traces:generate traces for shard: generated trace for chip ExtAlu in 163.904891ms
2025-10-28T18:21:22.157492Z DEBUG generate batch fri trace: close time.busy=327ms time.idle=7.66µs rows=783500
2025-10-28T18:21:22.157539Z DEBUG compress:generate records and traces:generate traces:generate traces for shard: generated trace for chip BatchFRI in 326.805015ms
2025-10-28T18:21:22.381691Z DEBUG generate poseidon2 wide trace: close time.busy=551ms time.idle=5.83µs rows=98320
2025-10-28T18:21:22.381762Z DEBUG compress:generate records and traces:generate traces:generate traces for shard: generated trace for chip Poseidon2WideDeg3 in 551.118667ms
2025-10-28T18:21:22.382010Z DEBUG compress:generate records and traces:generate traces:generate traces for shard: close time.busy=552ms time.idle=4.29µs
2025-10-28T18:21:22.382041Z DEBUG compress:generate records and traces:generate traces: close time.busy=552ms time.idle=4.46µs
2025-10-28T18:21:22.404099Z DEBUG compress:generate records and traces:get program and witness stream: core cache miss, misses: 6
2025-10-28T18:21:22.714379Z DEBUG compress:generate records and traces:get program and witness stream:build recursion program:read input: close time.busy=310ms time.idle=4.93µs
2025-10-28T18:21:22.715509Z DEBUG compress:generate records and traces:get program and witness stream:build recursion program:verify:verify shard:assert lookup multiplicities: close time.busy=275µs time.idle=5.51µs
2025-10-28T18:21:23.151484Z DEBUG compress:generate records and traces:get program and witness stream:build recursion program:verify:verify shard:2adic pcs:verify shape and challenges: close time.busy=100ms time.idle=9.43µs
2025-10-28T18:21:23.770099Z DEBUG compress:generate records and traces:get program and witness stream:build recursion program:verify:verify shard:2adic pcs:verify challenges: close time.busy=360ms time.idle=8.51µs
2025-10-28T18:21:23.770259Z DEBUG compress:generate records and traces:get program and witness stream:build recursion program:verify:verify shard:2adic pcs: close time.busy=1.05s time.idle=4.83µs
2025-10-28T18:21:23.795898Z DEBUG compress:generate records and traces:get program and witness stream:build recursion program:verify:verify shard:verify constraints: close time.busy=25.6ms time.idle=7.30µs
2025-10-28T18:21:23.795998Z DEBUG compress:generate records and traces:get program and witness stream:build recursion program:verify:verify shard: close time.busy=1.08s time.idle=6.56µs
2025-10-28T18:21:23.826271Z DEBUG compress:generate records and traces:get program and witness stream:build recursion program:verify: close time.busy=1.11s time.idle=6.48µs
2025-10-28T18:21:23.826353Z DEBUG compress:generate records and traces:get program and witness stream:build recursion program:build block: close time.busy=5.08µs time.idle=3.91µs
2025-10-28T18:21:23.826369Z DEBUG compress:generate records and traces:get program and witness stream:build recursion program: close time.busy=1.42s time.idle=6.12µs
2025-10-28T18:21:24.640484Z DEBUG compress:generate records and traces:get program and witness stream:compile recursion program:compile raw program: close time.busy=814ms time.idle=5.79µs
2025-10-28T18:21:24.696671Z DEBUG compress:generate records and traces:get program and witness stream:compile recursion program:backfill mult: close time.busy=56.1ms time.idle=7.29µs
2025-10-28T18:21:24.696820Z DEBUG compress:generate records and traces:get program and witness stream:compile recursion program:prepend constants: close time.busy=64.2µs time.idle=5.99µs
2025-10-28T18:21:24.712318Z DEBUG compress:generate records and traces:get program and witness stream:compile recursion program: close time.busy=886ms time.idle=5.09µs
2025-10-28T18:21:25.238725Z DEBUG compress:generate records and traces:get program and witness stream: close time.busy=2.86s time.idle=6.89µs
2025-10-28T18:21:27.479384Z DEBUG compress:generate records and traces:execute runtime: close time.busy=2.24s time.idle=7.01µs
2025-10-28T18:21:27.479543Z DEBUG compress:generate records and traces:generate dependencies:register nonces: close time.busy=1.56µs time.idle=4.08µs
2025-10-28T18:21:27.479566Z DEBUG compress:generate records and traces:generate dependencies: close time.busy=63.2µs time.idle=5.01µs
2025-10-28T18:21:27.481501Z DEBUG fixed log2 rows can be potentially reduced: got 73440, expected 262144
2025-10-28T18:21:27.482703Z DEBUG compress:generate records and traces:generate traces:generate traces for shard: generated trace for chip MemoryConst in 1.309547ms
2025-10-28T18:21:27.483170Z DEBUG fixed log2 rows can be potentially reduced: got 216000, expected 1048576
2025-10-28T18:21:27.486279Z DEBUG compress:generate records and traces:generate traces:generate traces for shard: generated trace for chip PublicValues in 42.522µs
2025-10-28T18:21:27.492050Z DEBUG generate exp reverse bits len trace: fixed log2 rows can be potentially reduced: got 41300, expected 262144 rows=2700
2025-10-28T18:21:27.495198Z DEBUG compress:generate records and traces:generate traces:generate traces for shard: generated trace for chip Select in 12.031004ms
2025-10-28T18:21:27.506831Z DEBUG fixed log2 rows can be potentially reduced: got 399462, expected 1048576
2025-10-28T18:21:27.608486Z DEBUG generate exp reverse bits len trace: close time.busy=122ms time.idle=7.82µs rows=2700
2025-10-28T18:21:27.608553Z DEBUG compress:generate records and traces:generate traces:generate traces for shard: generated trace for chip ExpReverseBitsLen in 122.321418ms
2025-10-28T18:21:27.610869Z DEBUG generate batch fri trace: fixed log2 rows can be potentially reduced: got 799800, expected 2097152 rows=799800
2025-10-28T18:21:27.669572Z DEBUG compress:generate records and traces:generate traces:generate traces for shard: generated trace for chip MemoryVar in 188.093668ms
2025-10-28T18:21:27.916755Z DEBUG compress:generate records and traces:generate traces:generate traces for shard: generated trace for chip ExtAlu in 435.010924ms
2025-10-28T18:21:28.119509Z DEBUG generate batch fri trace: close time.busy=638ms time.idle=6.28µs rows=799800
2025-10-28T18:21:28.119561Z DEBUG compress:generate records and traces:generate traces:generate traces for shard: generated trace for chip BatchFRI in 637.946988ms
2025-10-28T18:21:29.154226Z DEBUG generate poseidon2 wide trace: close time.busy=1.67s time.idle=7.28µs rows=99301
2025-10-28T18:21:29.154278Z DEBUG compress:generate records and traces:generate traces:generate traces for shard: generated trace for chip Poseidon2WideDeg3 in 1.672721401s
2025-10-28T18:21:29.154912Z DEBUG compress:generate records and traces:generate traces:generate traces for shard: generated trace for chip BaseAlu in 1.673234357s
2025-10-28T18:21:29.155244Z DEBUG compress:generate records and traces:generate traces:generate traces for shard: close time.busy=1.68s time.idle=5.05µs
2025-10-28T18:21:29.155287Z DEBUG compress:generate records and traces:generate traces: close time.busy=1.68s time.idle=4.31µs
2025-10-28T18:21:31.784129Z DEBUG compress:prove:batch:Setup compress program:setup machine:commit to preprocessed traces: close time.busy=14.1s time.idle=8.94µs
2025-10-28T18:21:31.784241Z DEBUG compress:prove:batch:Setup compress program:setup machine:generate preprocessed traces: close time.busy=516ms time.idle=14.4s
2025-10-28T18:21:31.784260Z DEBUG compress:prove:batch:Setup compress program:setup machine: close time.busy=14.9s time.idle=3.90µs
2025-10-28T18:21:31.784283Z DEBUG compress:prove:batch:Setup compress program: close time.busy=14.9s time.idle=9.53µs
2025-10-28T18:21:31.784353Z DEBUG compress:prove:batch:observe proving key: close time.busy=27.3µs time.idle=11.6µs
2025-10-28T18:21:36.149568Z DEBUG compress:prove:batch:commit: close time.busy=15.0s time.idle=5.01µs
2025-10-28T18:21:37.928617Z DEBUG compress:prove:batch:open:generate permutation traces: close time.busy=1.78s time.idle=5.34µs
2025-10-28T18:21:37.928709Z DEBUG compress:prove:batch:open: BatchFRI        | Main Cols = 13    | Pre Cols = 6      | Perm Cols = 12    | Rows = 524288 | Cells = 16252928  
2025-10-28T18:21:37.928731Z DEBUG compress:prove:batch:open: MemoryVar       | Main Cols = 8     | Pre Cols = 4      | Perm Cols = 8     | Rows = 524288 | Cells = 10485760  
2025-10-28T18:21:37.928745Z DEBUG compress:prove:batch:open: Select          | Main Cols = 5     | Pre Cols = 8      | Perm Cols = 16    | Rows = 524288 | Cells = 15204352  
2025-10-28T18:21:37.928758Z DEBUG compress:prove:batch:open: ExpReverseBitsLen | Main Cols = 7     | Pre Cols = 10     | Perm Cols = 12    | Rows = 262144 | Cells = 7602176   
2025-10-28T18:21:37.928771Z DEBUG compress:prove:batch:open: MemoryConst     | Main Cols = 1     | Pre Cols = 12     | Perm Cols = 8     | Rows = 131072 | Cells = 2752512   
2025-10-28T18:21:37.928786Z DEBUG compress:prove:batch:open: Poseidon2WideDeg3 | Main Cols = 313   | Pre Cols = 49     | Perm Cols = 68    | Rows = 131072 | Cells = 56360960  
2025-10-28T18:21:37.928798Z DEBUG compress:prove:batch:open: BaseAlu         | Main Cols = 12    | Pre Cols = 32     | Perm Cols = 28    | Rows = 65536 | Cells = 4718592   
2025-10-28T18:21:37.928811Z DEBUG compress:prove:batch:open: ExtAlu          | Main Cols = 48    | Pre Cols = 32     | Perm Cols = 28    | Rows = 65536 | Cells = 7077888   
2025-10-28T18:21:37.928824Z DEBUG compress:prove:batch:open: PublicValues    | Main Cols = 1     | Pre Cols = 10     | Perm Cols = 8     | Rows = 16    | Cells = 304       
2025-10-28T18:21:38.200025Z DEBUG compress:prove:batch:open:flatten permutation traces and collect domains: close time.busy=271ms time.idle=5.79µs
2025-10-28T18:21:43.500812Z DEBUG compress:prove:batch:open:commit to permutation traces: close time.busy=5.30s time.idle=6.45µs
2025-10-28T18:21:43.501674Z DEBUG compress:prove:batch:open:compute quotient values:compute quotient values for domain: close time.busy=457µs time.idle=6.56µs
2025-10-28T18:21:47.531989Z DEBUG compress:prove:batch:open:compute quotient values:compute quotient values for domain: close time.busy=4.03s time.idle=5.79µs
2025-10-28T18:21:47.546262Z DEBUG compress:prove:batch:open:compute quotient values:compute quotient values for domain: close time.busy=4.04s time.idle=5.80µs
2025-10-28T18:21:47.667807Z DEBUG compress:prove:batch:open:compute quotient values:compute quotient values for domain: close time.busy=4.17s time.idle=5.93µs
2025-10-28T18:21:47.906469Z DEBUG compress:prove:batch:open:compute quotient values:compute quotient values for domain: close time.busy=4.41s time.idle=7.60µs
2025-10-28T18:21:49.367298Z DEBUG compress:prove:batch:open:compute quotient values:compute quotient values for domain: close time.busy=5.87s time.idle=6.26µs
2025-10-28T18:21:49.371185Z DEBUG compress:prove:batch:open:compute quotient values:compute quotient values for domain: close time.busy=5.87s time.idle=4.94µs
2025-10-28T18:21:49.560280Z DEBUG compress:prove:batch:open:compute quotient values:compute quotient values for domain: close time.busy=6.06s time.idle=6.58µs
2025-10-28T18:21:50.472670Z DEBUG compress:prove:batch:open:compute quotient values:compute quotient values for domain: close time.busy=6.97s time.idle=5.93µs
2025-10-28T18:21:54.000421Z DEBUG compress:prove:batch:open:commit to quotient traces: close time.busy=3.43s time.idle=8.98µs
2025-10-28T18:21:54.000567Z DEBUG compress:prove:batch:open:compute preprocessed opening points: close time.busy=33.3µs time.idle=5.26µs
2025-10-28T18:21:54.000609Z DEBUG compress:prove:batch:open:compute main trace opening points: close time.busy=16.2µs time.idle=3.53µs
2025-10-28T18:21:54.000677Z DEBUG compress:prove:batch:open:compute permutation trace opening points: close time.busy=46.6µs time.idle=3.63µs
2025-10-28T18:22:07.531461Z DEBUG compress:prove:batch:commit: close time.busy=35.7s time.idle=5.26µs
2025-10-28T18:22:11.803006Z DEBUG compress:prove:batch:open:generate permutation traces: close time.busy=4.27s time.idle=5.58µs
2025-10-28T18:22:11.803093Z DEBUG compress:prove:batch:open: BatchFRI        | Main Cols = 13    | Pre Cols = 6      | Perm Cols = 12    | Rows = 2097152 | Cells = 65011712  
2025-10-28T18:22:11.803110Z DEBUG compress:prove:batch:open: MemoryVar       | Main Cols = 8     | Pre Cols = 4      | Perm Cols = 8     | Rows = 1048576 | Cells = 20971520  
2025-10-28T18:22:11.803122Z DEBUG compress:prove:batch:open: Select          | Main Cols = 5     | Pre Cols = 8      | Perm Cols = 16    | Rows = 1048576 | Cells = 30408704  
2025-10-28T18:22:11.803134Z DEBUG compress:prove:batch:open: ExtAlu          | Main Cols = 48    | Pre Cols = 32     | Perm Cols = 28    | Rows = 524288 | Cells = 56623104  
2025-10-28T18:22:11.803146Z DEBUG compress:prove:batch:open: ExpReverseBitsLen | Main Cols = 7     | Pre Cols = 10     | Perm Cols = 12    | Rows = 262144 | Cells = 7602176   
2025-10-28T18:22:11.803158Z DEBUG compress:prove:batch:open: MemoryConst     | Main Cols = 1     | Pre Cols = 12     | Perm Cols = 8     | Rows = 262144 | Cells = 5505024   
2025-10-28T18:22:11.803172Z DEBUG compress:prove:batch:open: Poseidon2WideDeg3 | Main Cols = 313   | Pre Cols = 49     | Perm Cols = 68    | Rows = 262144 | Cells = 112721920 
2025-10-28T18:22:11.803184Z DEBUG compress:prove:batch:open: BaseAlu         | Main Cols = 12    | Pre Cols = 32     | Perm Cols = 28    | Rows = 65536 | Cells = 4718592   
2025-10-28T18:22:11.803196Z DEBUG compress:prove:batch:open: PublicValues    | Main Cols = 1     | Pre Cols = 10     | Perm Cols = 8     | Rows = 16    | Cells = 304       
2025-10-28T18:22:13.586190Z DEBUG compress:prove:batch:open:flatten permutation traces and collect domains: close time.busy=1.78s time.idle=7.53µs
2025-10-28T18:22:27.576071Z DEBUG compress:prove:batch:open:commit to permutation traces: close time.busy=14.0s time.idle=7.83µs
2025-10-28T18:22:27.577763Z DEBUG compress:prove:batch:open:compute quotient values:compute quotient values for domain: close time.busy=1.17ms time.idle=40.1µs
2025-10-28T18:22:30.333351Z DEBUG compress:prove:batch:open:compute quotient values:compute quotient values for domain: close time.busy=2.76s time.idle=14.0µs
2025-10-28T18:22:30.334546Z DEBUG compress:prove:batch:open:compute quotient values:compute quotient values for domain: close time.busy=2.76s time.idle=4.56µs
2025-10-28T18:22:30.336538Z DEBUG compress:prove:batch:open:compute quotient values:compute quotient values for domain: close time.busy=2.76s time.idle=5.32µs
2025-10-28T18:22:30.415723Z DEBUG compress:prove:batch:open:compute quotient values:compute quotient values for domain: close time.busy=2.84s time.idle=15.8µs
2025-10-28T18:22:31.255131Z DEBUG compress:prove:batch:open:open multi batches: close time.busy=37.3s time.idle=6.30µs
2025-10-28T18:22:31.255346Z DEBUG compress:prove:batch:open:compute quotient values: close time.busy=6.97s time.idle=40.8s
2025-10-28T18:22:31.483232Z DEBUG compress:prove:batch:open: close time.busy=55.3s time.idle=7.42µs
2025-10-28T18:22:42.817961Z DEBUG compress:prove:batch:open:compute quotient values:compute quotient values for domain: close time.busy=15.2s time.idle=18.6µs
2025-10-28T18:22:42.880544Z DEBUG compress:prove:batch:open:compute quotient values:compute quotient values for domain: close time.busy=15.3s time.idle=7.17µs
2025-10-28T18:22:43.204386Z DEBUG compress:prove:batch:open:compute quotient values:compute quotient values for domain: close time.busy=15.6s time.idle=21.4µs
2025-10-28T18:22:47.408698Z DEBUG compress:prove:batch:open:compute quotient values:compute quotient values for domain: close time.busy=19.8s time.idle=18.5µs
2025-10-28T18:22:57.957338Z DEBUG compress:prove:batch:open:commit to quotient traces: close time.busy=9.39s time.idle=7.35µs
2025-10-28T18:22:57.957453Z DEBUG compress:prove:batch:open:compute preprocessed opening points: close time.busy=29.1µs time.idle=4.34µs
2025-10-28T18:22:57.957479Z DEBUG compress:prove:batch:open:compute main trace opening points: close time.busy=8.21µs time.idle=2.30µs
2025-10-28T18:22:57.957502Z DEBUG compress:prove:batch:open:compute permutation trace opening points: close time.busy=6.17µs time.idle=3.29µs
2025-10-28T18:23:19.736769Z DEBUG compress:prove:batch:open:open multi batches: close time.busy=21.8s time.idle=5.39µs
2025-10-28T18:23:19.801613Z DEBUG compress:prove:batch:open:compute quotient values: close time.busy=19.8s time.idle=32.4s
2025-10-28T18:23:20.363417Z DEBUG compress:prove:batch:open: close time.busy=72.8s time.idle=6.50µs
2025-10-28T18:23:20.364635Z DEBUG compress:prove:batch: close time.busy=123s time.idle=26.2µs
2025-10-28T18:23:20.573274Z DEBUG compress:prove:batch:Setup compress program:setup machine:generate preprocessed traces: generated preprocessed trace for chip PublicValues in 201.50033ms
2025-10-28T18:23:20.573483Z DEBUG fixed log2 rows can be potentially reduced: got 40100, expected 262144
2025-10-28T18:23:20.574221Z DEBUG fixed log2 rows can be potentially reduced: got 75584, expected 262144
2025-10-28T18:23:20.577118Z DEBUG compress:prove:batch:Setup compress program:setup machine:generate preprocessed traces: generated preprocessed trace for chip BaseAlu in 208.298104ms
2025-10-28T18:23:20.579868Z DEBUG compress:prove:batch:Setup compress program:setup machine:generate preprocessed traces: generated preprocessed trace for chip ExpReverseBitsLen in 208.638797ms
2025-10-28T18:23:20.588053Z DEBUG compress:prove:batch:Setup compress program:setup machine:generate preprocessed traces: generated preprocessed trace for chip Select in 217.478176ms
2025-10-28T18:23:20.589782Z DEBUG compress:prove:batch:Setup compress program:setup machine:generate preprocessed traces: generated preprocessed trace for chip MemoryConst in 221.09047ms
2025-10-28T18:23:20.665261Z DEBUG compress:prove:batch:Setup compress program:setup machine:generate preprocessed traces: generated preprocessed trace for chip Poseidon2WideDeg3 in 296.481652ms
2025-10-28T18:23:20.672717Z DEBUG compress:generate records and traces:get program and witness stream: core cache miss, misses: 7
2025-10-28T18:23:20.706075Z DEBUG compress:prove:batch:Setup compress program:setup machine:generate preprocessed traces: generated preprocessed trace for chip MemoryVar in 335.426482ms
2025-10-28T18:23:20.709980Z DEBUG compress:prove:batch: close time.busy=124s time.idle=13.0µs
2025-10-28T18:23:20.710808Z DEBUG fixed log2 rows can be potentially reduced: got 783500, expected 2097152
2025-10-28T18:23:20.724152Z DEBUG compress:prove:batch:Setup compress program:setup machine:generate preprocessed traces: generated preprocessed trace for chip ExtAlu in 353.099273ms
2025-10-28T18:23:20.734130Z DEBUG fixed log2 rows can be potentially reduced: got 73440, expected 262144
2025-10-28T18:23:20.737985Z DEBUG compress:prove:batch:Setup compress program:setup machine:generate preprocessed traces: generated preprocessed trace for chip BaseAlu in 23.010245ms
2025-10-28T18:23:20.740964Z DEBUG compress:prove:batch:Setup compress program:setup machine:generate preprocessed traces: generated preprocessed trace for chip MemoryConst in 26.169039ms
2025-10-28T18:23:20.764231Z DEBUG compress:prove:batch:Setup compress program:setup machine:generate preprocessed traces: generated preprocessed trace for chip PublicValues in 49.184609ms
2025-10-28T18:23:20.773820Z DEBUG fixed log2 rows can be potentially reduced: got 799800, expected 2097152
2025-10-28T18:23:20.780877Z DEBUG compress:prove:batch:Setup compress program:setup machine:generate preprocessed traces: generated preprocessed trace for chip MemoryVar in 65.965831ms
2025-10-28T18:23:20.784314Z DEBUG fixed log2 rows can be potentially reduced: got 41300, expected 262144
2025-10-28T18:23:20.792316Z DEBUG compress:prove:batch:Setup compress program:setup machine:generate preprocessed traces: generated preprocessed trace for chip ExpReverseBitsLen in 77.300612ms
2025-10-28T18:23:20.801269Z DEBUG compress:prove:batch:Setup compress program:setup machine:generate preprocessed traces: generated preprocessed trace for chip Select in 86.318493ms
2025-10-28T18:23:20.829649Z DEBUG compress:prove:batch:Setup compress program:setup machine:generate preprocessed traces: generated preprocessed trace for chip Poseidon2WideDeg3 in 114.758019ms
2025-10-28T18:23:20.875102Z DEBUG compress:prove:batch:Setup compress program:setup machine:generate preprocessed traces: generated preprocessed trace for chip ExtAlu in 160.096628ms
2025-10-28T18:23:20.881135Z DEBUG compress:prove:batch:Setup compress program:setup machine:generate preprocessed traces: generated preprocessed trace for chip BatchFRI in 166.162915ms
2025-10-28T18:23:20.900919Z DEBUG compress:prove:batch:Setup compress program:setup machine:generate preprocessed traces: generated preprocessed trace for chip BatchFRI in 530.094955ms
2025-10-28T18:23:21.025332Z DEBUG compress:generate records and traces:get program and witness stream:build recursion program:read input: close time.busy=352ms time.idle=4.82µs
2025-10-28T18:23:21.026089Z DEBUG compress:generate records and traces:get program and witness stream:build recursion program:verify:verify shard:assert lookup multiplicities: close time.busy=74.6µs time.idle=3.57µs
2025-10-28T18:23:21.435037Z DEBUG compress:generate records and traces:get program and witness stream:build recursion program:verify:verify shard:2adic pcs:verify shape and challenges: close time.busy=70.9ms time.idle=13.0µs
2025-10-28T18:23:22.133205Z DEBUG compress:generate records and traces:get program and witness stream:build recursion program:verify:verify shard:2adic pcs:verify challenges: close time.busy=169ms time.idle=7.91µs
2025-10-28T18:23:22.133403Z DEBUG compress:generate records and traces:get program and witness stream:build recursion program:verify:verify shard:2adic pcs: close time.busy=1.11s time.idle=3.79µs
2025-10-28T18:23:22.151807Z DEBUG compress:generate records and traces:get program and witness stream:build recursion program:verify:verify shard:verify constraints: close time.busy=18.4ms time.idle=7.61µs
2025-10-28T18:23:22.151896Z DEBUG compress:generate records and traces:get program and witness stream:build recursion program:verify:verify shard: close time.busy=1.13s time.idle=5.33µs
2025-10-28T18:23:22.191071Z DEBUG compress:generate records and traces:get program and witness stream:build recursion program:verify: close time.busy=1.17s time.idle=6.22µs
2025-10-28T18:23:22.191163Z DEBUG compress:generate records and traces:get program and witness stream:build recursion program:build block: close time.busy=19.3µs time.idle=4.07µs
2025-10-28T18:23:22.191178Z DEBUG compress:generate records and traces:get program and witness stream:build recursion program: close time.busy=1.52s time.idle=14.7µs
2025-10-28T18:23:22.819027Z DEBUG compress:generate records and traces:get program and witness stream:compile recursion program:compile raw program: close time.busy=628ms time.idle=5.06µs
2025-10-28T18:23:22.852400Z DEBUG compress:generate records and traces:get program and witness stream:compile recursion program:backfill mult: close time.busy=33.3ms time.idle=6.87µs
2025-10-28T18:23:22.852534Z DEBUG compress:generate records and traces:get program and witness stream:compile recursion program:prepend constants: close time.busy=45.4µs time.idle=4.59µs
2025-10-28T18:23:22.867560Z DEBUG compress:generate records and traces:get program and witness stream:compile recursion program: close time.busy=676ms time.idle=5.20µs
2025-10-28T18:23:23.439210Z DEBUG compress:generate records and traces:get program and witness stream: close time.busy=2.95s time.idle=20.6µs
2025-10-28T18:23:24.254531Z DEBUG compress:generate records and traces:execute runtime: close time.busy=815ms time.idle=7.31µs
2025-10-28T18:23:24.254650Z DEBUG compress:generate records and traces:generate dependencies:register nonces: close time.busy=1.44µs time.idle=4.16µs
2025-10-28T18:23:24.254675Z DEBUG compress:generate records and traces:generate dependencies: close time.busy=42.1µs time.idle=5.86µs
2025-10-28T18:23:24.254927Z DEBUG fixed log2 rows can be potentially reduced: got 81132, expected 262144
2025-10-28T18:23:24.255097Z DEBUG fixed log2 rows can be potentially reduced: got 216000, expected 1048576
2025-10-28T18:23:24.255138Z DEBUG compress:generate records and traces:generate traces:generate traces for shard: generated trace for chip PublicValues in 17.971µs
2025-10-28T18:23:24.255275Z DEBUG compress:generate records and traces:generate traces:generate traces for shard: generated trace for chip MemoryConst in 400.439µs
2025-10-28T18:23:24.257272Z DEBUG compress:generate records and traces:generate traces:generate traces for shard: generated trace for chip BaseAlu in 2.110513ms
2025-10-28T18:23:24.260522Z DEBUG fixed log2 rows can be potentially reduced: got 367913, expected 1048576
2025-10-28T18:23:24.260534Z DEBUG generate exp reverse bits len trace: fixed log2 rows can be potentially reduced: got 44900, expected 262144 rows=2700
2025-10-28T18:23:24.283751Z DEBUG compress:generate records and traces:generate traces:generate traces for shard: generated trace for chip Select in 28.712411ms
2025-10-28T18:23:24.506270Z DEBUG generate exp reverse bits len trace: close time.busy=251ms time.idle=7.44µs rows=2700
2025-10-28T18:23:24.506330Z DEBUG compress:generate records and traces:generate traces:generate traces for shard: generated trace for chip ExpReverseBitsLen in 251.279645ms
2025-10-28T18:23:24.513923Z DEBUG generate batch fri trace: fixed log2 rows can be potentially reduced: got 902800, expected 2097152 rows=902800
2025-10-28T18:23:24.552302Z DEBUG compress:generate records and traces:generate traces:generate traces for shard: generated trace for chip MemoryVar in 296.905101ms
2025-10-28T18:23:24.597744Z DEBUG compress:generate records and traces:generate traces:generate traces for shard: generated trace for chip ExtAlu in 342.572877ms
2025-10-28T18:23:24.806615Z DEBUG generate batch fri trace: close time.busy=551ms time.idle=6.62µs rows=902800
2025-10-28T18:23:24.806674Z DEBUG compress:generate records and traces:generate traces:generate traces for shard: generated trace for chip BatchFRI in 551.5701ms
2025-10-28T18:23:24.918797Z DEBUG generate poseidon2 wide trace: close time.busy=664ms time.idle=6.82µs rows=92316
2025-10-28T18:23:24.918866Z DEBUG compress:generate records and traces:generate traces:generate traces for shard: generated trace for chip Poseidon2WideDeg3 in 663.907882ms
2025-10-28T18:23:24.918992Z DEBUG compress:generate records and traces:generate traces:generate traces for shard: close time.busy=664ms time.idle=3.64µs
2025-10-28T18:23:24.919014Z DEBUG compress:generate records and traces:generate traces: close time.busy=664ms time.idle=4.11µs
2025-10-28T18:23:24.939967Z DEBUG compress:generate records and traces:get program and witness stream: close time.busy=20.9ms time.idle=7.42µs
2025-10-28T18:23:25.825470Z DEBUG compress:generate records and traces:execute runtime: close time.busy=885ms time.idle=7.31µs
2025-10-28T18:23:25.825551Z DEBUG compress:generate records and traces:generate dependencies:register nonces: close time.busy=1.01µs time.idle=2.84µs
2025-10-28T18:23:25.825566Z DEBUG compress:generate records and traces:generate dependencies: close time.busy=27.4µs time.idle=4.04µs
2025-10-28T18:23:25.825841Z DEBUG fixed log2 rows can be potentially reduced: got 78580, expected 262144
2025-10-28T18:23:25.826315Z DEBUG compress:generate records and traces:generate traces:generate traces for shard: generated trace for chip MemoryConst in 595.054µs
2025-10-28T18:23:25.826421Z DEBUG fixed log2 rows can be potentially reduced: got 216000, expected 1048576
2025-10-28T18:23:25.826493Z DEBUG compress:generate records and traces:generate traces:generate traces for shard: generated trace for chip PublicValues in 39.9µs
2025-10-28T18:23:25.829132Z DEBUG compress:generate records and traces:generate traces:generate traces for shard: generated trace for chip BaseAlu in 3.22582ms
2025-10-28T18:23:25.832390Z DEBUG fixed log2 rows can be potentially reduced: got 367913, expected 1048576
2025-10-28T18:23:25.834255Z DEBUG compress:generate records and traces:generate traces:generate traces for shard: generated trace for chip Select in 7.841507ms
2025-10-28T18:23:25.834319Z DEBUG generate exp reverse bits len trace: fixed log2 rows can be potentially reduced: got 45700, expected 262144 rows=2700
2025-10-28T18:23:25.917019Z DEBUG generate batch fri trace: fixed log2 rows can be potentially reduced: got 902800, expected 2097152 rows=902800
2025-10-28T18:23:25.954184Z DEBUG compress:generate records and traces:generate traces:generate traces for shard: generated trace for chip MemoryVar in 128.247792ms
2025-10-28T18:23:25.968500Z DEBUG generate exp reverse bits len trace: close time.busy=142ms time.idle=6.05µs rows=2700
2025-10-28T18:23:25.968562Z DEBUG compress:generate records and traces:generate traces:generate traces for shard: generated trace for chip ExpReverseBitsLen in 142.087943ms
2025-10-28T18:23:26.001275Z DEBUG compress:generate records and traces:generate traces:generate traces for shard: generated trace for chip ExtAlu in 174.866321ms
2025-10-28T18:23:26.410253Z DEBUG generate batch fri trace: close time.busy=584ms time.idle=7.25µs rows=902800
2025-10-28T18:23:26.410324Z DEBUG compress:generate records and traces:generate traces:generate traces for shard: generated trace for chip BatchFRI in 583.998382ms
2025-10-28T18:23:27.941839Z DEBUG generate poseidon2 wide trace: close time.busy=2.12s time.idle=6.66µs rows=92016
2025-10-28T18:23:27.941906Z DEBUG compress:generate records and traces:generate traces:generate traces for shard: generated trace for chip Poseidon2WideDeg3 in 2.116059575s
2025-10-28T18:23:27.942602Z DEBUG compress:generate records and traces:generate traces:generate traces for shard: close time.busy=2.12s time.idle=3.79µs
2025-10-28T18:23:27.942649Z DEBUG compress:generate records and traces:generate traces: close time.busy=2.12s time.idle=4.24µs
2025-10-28T18:23:38.471616Z DEBUG compress:prove:batch:Setup compress program:setup machine:commit to preprocessed traces: close time.busy=17.1s time.idle=9.49µs
2025-10-28T18:23:38.471737Z DEBUG compress:prove:batch:Setup compress program:setup machine:generate preprocessed traces: close time.busy=534ms time.idle=17.6s
2025-10-28T18:23:38.471759Z DEBUG compress:prove:batch:Setup compress program:setup machine: close time.busy=18.1s time.idle=5.12µs
2025-10-28T18:23:38.471785Z DEBUG compress:prove:batch:Setup compress program: close time.busy=18.1s time.idle=18.6µs
2025-10-28T18:23:38.471833Z DEBUG compress:prove:batch:observe proving key: close time.busy=15.1µs time.idle=5.55µs
2025-10-28T18:23:38.476546Z DEBUG compress:prove:batch:Setup compress program:setup machine:commit to preprocessed traces: close time.busy=17.2s time.idle=15.8µs
2025-10-28T18:23:38.476711Z DEBUG compress:prove:batch:Setup compress program:setup machine:generate preprocessed traces: close time.busy=167ms time.idle=17.6s
2025-10-28T18:23:38.476748Z DEBUG compress:prove:batch:Setup compress program:setup machine: close time.busy=17.8s time.idle=3.59µs
2025-10-28T18:23:38.476782Z DEBUG compress:prove:batch:Setup compress program: close time.busy=17.8s time.idle=12.2µs
2025-10-28T18:23:38.476852Z DEBUG compress:prove:batch:observe proving key: close time.busy=29.3µs time.idle=5.30µs
2025-10-28T18:24:13.343456Z DEBUG compress:prove:batch:commit: close time.busy=34.9s time.idle=5.75µs
2025-10-28T18:24:17.476495Z DEBUG compress:prove:batch:open:generate permutation traces: close time.busy=4.13s time.idle=6.20µs
2025-10-28T18:24:17.476608Z DEBUG compress:prove:batch:open: BatchFRI        | Main Cols = 13    | Pre Cols = 6      | Perm Cols = 12    | Rows = 2097152 | Cells = 65011712  
2025-10-28T18:24:17.476631Z DEBUG compress:prove:batch:open: MemoryVar       | Main Cols = 8     | Pre Cols = 4      | Perm Cols = 8     | Rows = 1048576 | Cells = 20971520  
2025-10-28T18:24:17.476648Z DEBUG compress:prove:batch:open: Select          | Main Cols = 5     | Pre Cols = 8      | Perm Cols = 16    | Rows = 1048576 | Cells = 30408704  
2025-10-28T18:24:17.476664Z DEBUG compress:prove:batch:open: ExtAlu          | Main Cols = 48    | Pre Cols = 32     | Perm Cols = 28    | Rows = 524288 | Cells = 56623104  
2025-10-28T18:24:17.476681Z DEBUG compress:prove:batch:open: ExpReverseBitsLen | Main Cols = 7     | Pre Cols = 10     | Perm Cols = 12    | Rows = 262144 | Cells = 7602176   
2025-10-28T18:24:17.476697Z DEBUG compress:prove:batch:open: MemoryConst     | Main Cols = 1     | Pre Cols = 12     | Perm Cols = 8     | Rows = 262144 | Cells = 5505024   
2025-10-28T18:24:17.476716Z DEBUG compress:prove:batch:open: Poseidon2WideDeg3 | Main Cols = 313   | Pre Cols = 49     | Perm Cols = 68    | Rows = 262144 | Cells = 112721920 
2025-10-28T18:24:17.476733Z DEBUG compress:prove:batch:open: BaseAlu         | Main Cols = 12    | Pre Cols = 32     | Perm Cols = 28    | Rows = 65536 | Cells = 4718592   
2025-10-28T18:24:17.476749Z DEBUG compress:prove:batch:open: PublicValues    | Main Cols = 1     | Pre Cols = 10     | Perm Cols = 8     | Rows = 16    | Cells = 304       
2025-10-28T18:24:17.481268Z DEBUG compress:prove:batch:commit: close time.busy=39.0s time.idle=25.8µs
2025-10-28T18:24:19.954291Z DEBUG compress:prove:batch:open:flatten permutation traces and collect domains: close time.busy=2.48s time.idle=6.89µs
2025-10-28T18:24:21.648385Z DEBUG compress:prove:batch:open:generate permutation traces: close time.busy=4.17s time.idle=5.82µs
2025-10-28T18:24:21.648494Z DEBUG compress:prove:batch:open: BatchFRI        | Main Cols = 13    | Pre Cols = 6      | Perm Cols = 12    | Rows = 2097152 | Cells = 65011712  
2025-10-28T18:24:21.648513Z DEBUG compress:prove:batch:open: MemoryVar       | Main Cols = 8     | Pre Cols = 4      | Perm Cols = 8     | Rows = 1048576 | Cells = 20971520  
2025-10-28T18:24:21.648525Z DEBUG compress:prove:batch:open: Select          | Main Cols = 5     | Pre Cols = 8      | Perm Cols = 16    | Rows = 1048576 | Cells = 30408704  
2025-10-28T18:24:21.648537Z DEBUG compress:prove:batch:open: ExtAlu          | Main Cols = 48    | Pre Cols = 32     | Perm Cols = 28    | Rows = 524288 | Cells = 56623104  
2025-10-28T18:24:21.648549Z DEBUG compress:prove:batch:open: ExpReverseBitsLen | Main Cols = 7     | Pre Cols = 10     | Perm Cols = 12    | Rows = 262144 | Cells = 7602176   
2025-10-28T18:24:21.648560Z DEBUG compress:prove:batch:open: MemoryConst     | Main Cols = 1     | Pre Cols = 12     | Perm Cols = 8     | Rows = 262144 | Cells = 5505024   
2025-10-28T18:24:21.649179Z DEBUG compress:prove:batch:open: Poseidon2WideDeg3 | Main Cols = 313   | Pre Cols = 49     | Perm Cols = 68    | Rows = 262144 | Cells = 112721920 
2025-10-28T18:24:21.649220Z DEBUG compress:prove:batch:open: BaseAlu         | Main Cols = 12    | Pre Cols = 32     | Perm Cols = 28    | Rows = 65536 | Cells = 4718592   
2025-10-28T18:24:21.649233Z DEBUG compress:prove:batch:open: PublicValues    | Main Cols = 1     | Pre Cols = 10     | Perm Cols = 8     | Rows = 16    | Cells = 304       
2025-10-28T18:24:23.265986Z DEBUG compress:prove:batch:open:flatten permutation traces and collect domains: close time.busy=1.62s time.idle=6.91µs
2025-10-28T18:24:35.162641Z DEBUG compress:prove:batch:open:commit to permutation traces: close time.busy=15.2s time.idle=7.16µs
2025-10-28T18:24:35.163239Z DEBUG compress:prove:batch:open:compute quotient values:compute quotient values for domain: close time.busy=286µs time.idle=5.77µs
2025-10-28T18:24:37.737822Z DEBUG compress:prove:batch:open:compute quotient values:compute quotient values for domain: close time.busy=2.57s time.idle=6.57µs
2025-10-28T18:24:37.740826Z DEBUG compress:prove:batch:open:compute quotient values:compute quotient values for domain: close time.busy=2.58s time.idle=6.38µs
2025-10-28T18:24:37.740905Z DEBUG compress:prove:batch:open:compute quotient values:compute quotient values for domain: close time.busy=2.58s time.idle=8.44µs
2025-10-28T18:24:38.056238Z DEBUG compress:prove:batch:open:compute quotient values:compute quotient values for domain: close time.busy=2.89s time.idle=7.58µs
2025-10-28T18:24:52.170590Z DEBUG compress:prove:batch:open:compute quotient values:compute quotient values for domain: close time.busy=17.0s time.idle=8.84µs
2025-10-28T18:24:52.237003Z DEBUG compress:prove:batch:open:compute quotient values:compute quotient values for domain: close time.busy=17.1s time.idle=6.04µs
2025-10-28T18:24:52.351959Z DEBUG compress:prove:batch:open:compute quotient values:compute quotient values for domain: close time.busy=17.2s time.idle=6.14µs
2025-10-28T18:24:58.486850Z DEBUG compress:prove:batch:open:compute quotient values:compute quotient values for domain: close time.busy=23.3s time.idle=5.47µs
2025-10-28T18:25:02.367227Z DEBUG compress:prove:batch:open:commit to permutation traces: close time.busy=39.1s time.idle=6.19µs
2025-10-28T18:25:02.367979Z DEBUG compress:prove:batch:open:compute quotient values:compute quotient values for domain: close time.busy=280µs time.idle=6.91µs
2025-10-28T18:25:03.499842Z DEBUG compress:prove:batch:open:compute quotient values:compute quotient values for domain: close time.busy=1.13s time.idle=22.3µs
2025-10-28T18:25:03.514666Z DEBUG compress:prove:batch:open:compute quotient values:compute quotient values for domain: close time.busy=1.15s time.idle=6.54µs
2025-10-28T18:25:12.777516Z DEBUG compress:prove:batch:open:compute quotient values:compute quotient values for domain: close time.busy=10.4s time.idle=432µs
2025-10-28T18:25:12.800407Z DEBUG compress:prove:batch:open:compute quotient values:compute quotient values for domain: close time.busy=10.4s time.idle=33.7µs
2025-10-28T18:25:13.073643Z DEBUG compress:prove:batch:open:compute quotient values:compute quotient values for domain: close time.busy=10.7s time.idle=6.25µs
2025-10-28T18:25:13.090406Z DEBUG compress:prove:batch:open:compute quotient values:compute quotient values for domain: close time.busy=10.7s time.idle=44.6µs
2025-10-28T18:25:21.312872Z DEBUG compress:prove:batch:open:compute quotient values:compute quotient values for domain: close time.busy=18.9s time.idle=24.7µs
2025-10-28T18:25:21.752081Z DEBUG compress:prove:batch:open:compute quotient values:compute quotient values for domain: close time.busy=19.4s time.idle=8.80µs
2025-10-28T18:25:30.041719Z DEBUG compress:prove:batch:open:commit to quotient traces: close time.busy=28.4s time.idle=8.25µs
2025-10-28T18:25:30.041805Z DEBUG compress:prove:batch:open:compute preprocessed opening points: close time.busy=6.92µs time.idle=4.28µs
2025-10-28T18:25:30.041833Z DEBUG compress:prove:batch:open:compute main trace opening points: close time.busy=8.55µs time.idle=3.18µs
2025-10-28T18:25:30.041857Z DEBUG compress:prove:batch:open:compute permutation trace opening points: close time.busy=7.32µs time.idle=3.13µs
2025-10-28T18:25:38.013860Z DEBUG compress:prove:batch:open:commit to quotient traces: close time.busy=15.5s time.idle=8.45µs
2025-10-28T18:25:38.014034Z DEBUG compress:prove:batch:open:compute preprocessed opening points: close time.busy=18.5µs time.idle=4.80µs
2025-10-28T18:25:38.014094Z DEBUG compress:prove:batch:open:compute main trace opening points: close time.busy=38.9µs time.idle=2.63µs
2025-10-28T18:25:38.014116Z DEBUG compress:prove:batch:open:compute permutation trace opening points: close time.busy=5.29µs time.idle=2.16µs
2025-10-28T18:26:01.939197Z DEBUG compress:prove:batch:open:open multi batches: close time.busy=31.9s time.idle=6.25µs
2025-10-28T18:26:02.009914Z DEBUG compress:prove:batch:open:compute quotient values: close time.busy=25.0s time.idle=61.9s
2025-10-28T18:26:03.074821Z DEBUG compress:prove:batch:open: close time.busy=110s time.idle=7.13µs
2025-10-28T18:26:03.247219Z DEBUG compress:prove:batch: close time.busy=163s time.idle=11.3µs
2025-10-28T18:26:03.435182Z DEBUG compress:generate records and traces:get program and witness stream: core cache miss, misses: 8
2025-10-28T18:26:03.450856Z DEBUG fixed log2 rows can be potentially reduced: got 44900, expected 262144
2025-10-28T18:26:03.450855Z DEBUG fixed log2 rows can be potentially reduced: got 81132, expected 262144
2025-10-28T18:26:03.450862Z DEBUG compress:prove:batch:Setup compress program:setup machine:generate preprocessed traces: generated preprocessed trace for chip PublicValues in 198.090866ms
2025-10-28T18:26:03.457216Z DEBUG compress:prove:batch:Setup compress program:setup machine:generate preprocessed traces: generated preprocessed trace for chip BaseAlu in 204.445605ms
2025-10-28T18:26:03.458252Z DEBUG compress:prove:batch:Setup compress program:setup machine:generate preprocessed traces: generated preprocessed trace for chip MemoryConst in 205.484207ms
2025-10-28T18:26:03.462391Z DEBUG compress:prove:batch:Setup compress program:setup machine:generate preprocessed traces: generated preprocessed trace for chip Select in 209.622564ms
2025-10-28T18:26:03.463577Z DEBUG compress:prove:batch:Setup compress program:setup machine:generate preprocessed traces: generated preprocessed trace for chip ExpReverseBitsLen in 210.807934ms
2025-10-28T18:26:03.489776Z DEBUG compress:prove:batch:Setup compress program:setup machine:generate preprocessed traces: generated preprocessed trace for chip MemoryVar in 237.007147ms
2025-10-28T18:26:03.516885Z DEBUG fixed log2 rows can be potentially reduced: got 902800, expected 2097152
2025-10-28T18:26:03.540947Z DEBUG compress:prove:batch:Setup compress program:setup machine:generate preprocessed traces: generated preprocessed trace for chip Poseidon2WideDeg3 in 288.176269ms
2025-10-28T18:26:03.564964Z DEBUG compress:prove:batch:Setup compress program:setup machine:generate preprocessed traces: generated preprocessed trace for chip ExtAlu in 312.19155ms
2025-10-28T18:26:03.621778Z DEBUG compress:generate records and traces:get program and witness stream:build recursion program:read input: close time.busy=186ms time.idle=53.6µs
2025-10-28T18:26:03.622936Z DEBUG compress:generate records and traces:get program and witness stream:build recursion program:verify:verify shard:assert lookup multiplicities: close time.busy=19.5µs time.idle=4.70µs
2025-10-28T18:26:03.685212Z DEBUG compress:prove:batch:Setup compress program:setup machine:generate preprocessed traces: generated preprocessed trace for chip BatchFRI in 432.443377ms
2025-10-28T18:26:03.788768Z DEBUG compress:generate records and traces:get program and witness stream:build recursion program:verify:verify shard:2adic pcs:verify shape and challenges: close time.busy=129ms time.idle=9.45µs
2025-10-28T18:26:04.225738Z DEBUG compress:generate records and traces:get program and witness stream:build recursion program:verify:verify shard:2adic pcs:verify challenges: close time.busy=301ms time.idle=9.68µs
2025-10-28T18:26:04.225928Z DEBUG compress:generate records and traces:get program and witness stream:build recursion program:verify:verify shard:2adic pcs: close time.busy=602ms time.idle=4.52µs
2025-10-28T18:26:04.229380Z DEBUG compress:generate records and traces:get program and witness stream:build recursion program:verify:verify shard:verify constraints: close time.busy=3.41ms time.idle=7.54µs
2025-10-28T18:26:04.229490Z DEBUG compress:generate records and traces:get program and witness stream:build recursion program:verify:verify shard: close time.busy=607ms time.idle=6.34µs
2025-10-28T18:26:04.254594Z DEBUG compress:generate records and traces:get program and witness stream:build recursion program:verify: close time.busy=633ms time.idle=7.13µs
2025-10-28T18:26:04.254691Z DEBUG compress:generate records and traces:get program and witness stream:build recursion program:build block: close time.busy=3.65µs time.idle=5.20µs
2025-10-28T18:26:04.254710Z DEBUG compress:generate records and traces:get program and witness stream:build recursion program: close time.busy=819ms time.idle=13.9µs
2025-10-28T18:26:04.525864Z DEBUG compress:generate records and traces:get program and witness stream:compile recursion program:compile raw program: close time.busy=271ms time.idle=5.05µs
2025-10-28T18:26:04.553505Z DEBUG compress:generate records and traces:get program and witness stream:compile recursion program:backfill mult: close time.busy=27.5ms time.idle=6.10µs
2025-10-28T18:26:04.553644Z DEBUG compress:generate records and traces:get program and witness stream:compile recursion program:prepend constants: close time.busy=46.8µs time.idle=4.24µs
2025-10-28T18:26:04.563079Z DEBUG compress:generate records and traces:get program and witness stream:compile recursion program: close time.busy=308ms time.idle=4.48µs
2025-10-28T18:26:04.823588Z DEBUG compress:generate records and traces:get program and witness stream: close time.busy=1.57s time.idle=18.1µs
2025-10-28T18:26:05.116850Z DEBUG compress:generate records and traces:execute runtime: close time.busy=293ms time.idle=7.16µs
2025-10-28T18:26:05.116948Z DEBUG compress:generate records and traces:generate dependencies:register nonces: close time.busy=1.27µs time.idle=4.67µs
2025-10-28T18:26:05.116971Z DEBUG compress:generate records and traces:generate dependencies: close time.busy=40.9µs time.idle=5.05µs
2025-10-28T18:26:05.159900Z DEBUG fixed log2 rows can be potentially reduced: got 216000, expected 524288
2025-10-28T18:26:05.159946Z DEBUG fixed log2 rows can be potentially reduced: got 54377, expected 131072
2025-10-28T18:26:05.160170Z DEBUG compress:generate records and traces:generate traces:generate traces for shard: generated trace for chip MemoryConst in 281.328µs
2025-10-28T18:26:05.161753Z DEBUG compress:generate records and traces:generate traces:generate traces for shard: generated trace for chip BaseAlu in 1.866162ms
2025-10-28T18:26:05.162796Z DEBUG compress:generate records and traces:generate traces:generate traces for shard: generated trace for chip Select in 2.906011ms
2025-10-28T18:26:05.162928Z DEBUG fixed log2 rows can be potentially reduced: got 160079, expected 524288
2025-10-28T18:26:05.164647Z DEBUG compress:generate records and traces:generate traces:generate traces for shard: generated trace for chip ExtAlu in 4.760189ms
2025-10-28T18:26:05.166776Z DEBUG generate exp reverse bits len trace: fixed log2 rows can be potentially reduced: got 43700, expected 262144 rows=2300
2025-10-28T18:26:05.171835Z DEBUG generate batch fri trace: fixed log2 rows can be potentially reduced: got 147800, expected 524288 rows=147800
2025-10-28T18:26:05.178330Z DEBUG compress:generate records and traces:generate traces:generate traces for shard: generated trace for chip MemoryVar in 18.121582ms
2025-10-28T18:26:05.199292Z DEBUG compress:generate records and traces:generate traces:generate traces for shard: generated trace for chip PublicValues in 14.728µs
2025-10-28T18:26:05.204792Z DEBUG generate exp reverse bits len trace: close time.busy=44.9ms time.idle=7.06µs rows=2300
2025-10-28T18:26:05.204850Z DEBUG compress:generate records and traces:generate traces:generate traces for shard: generated trace for chip ExpReverseBitsLen in 44.959964ms
2025-10-28T18:26:05.358843Z DEBUG generate batch fri trace: close time.busy=199ms time.idle=7.99µs rows=147800
2025-10-28T18:26:05.358905Z DEBUG compress:generate records and traces:generate traces:generate traces for shard: generated trace for chip BatchFRI in 199.014494ms
2025-10-28T18:26:05.620838Z DEBUG generate poseidon2 wide trace: close time.busy=461ms time.idle=15.7µs rows=40139
2025-10-28T18:26:05.620909Z DEBUG compress:generate records and traces:generate traces:generate traces for shard: generated trace for chip Poseidon2WideDeg3 in 461.021734ms
2025-10-28T18:26:05.631661Z DEBUG compress:generate records and traces:generate traces:generate traces for shard: close time.busy=515ms time.idle=5.69µs
2025-10-28T18:26:05.631740Z DEBUG compress:generate records and traces:generate traces: close time.busy=515ms time.idle=4.81µs
2025-10-28T18:26:07.835472Z DEBUG compress:prove:batch:open:open multi batches: close time.busy=29.8s time.idle=4.37µs
2025-10-28T18:26:07.897038Z DEBUG compress:prove:batch:open:compute quotient values: close time.busy=19.4s time.idle=46.1s
2025-10-28T18:26:08.589214Z DEBUG compress:prove:batch:open: close time.busy=111s time.idle=6.99µs
2025-10-28T18:26:08.947386Z DEBUG compress:prove:batch: close time.busy=168s time.idle=10.7µs
2025-10-28T18:26:09.055161Z DEBUG compress:generate records and traces:get program and witness stream: close time.busy=94.1ms time.idle=6.82µs
2025-10-28T18:26:09.884975Z DEBUG fixed log2 rows can be potentially reduced: got 45700, expected 262144
2025-10-28T18:26:09.884983Z DEBUG compress:prove:batch:Setup compress program:setup machine:generate preprocessed traces: generated preprocessed trace for chip PublicValues in 41.93607ms
2025-10-28T18:26:09.885006Z DEBUG fixed log2 rows can be potentially reduced: got 78580, expected 262144
2025-10-28T18:26:09.887813Z DEBUG compress:prove:batch:Setup compress program:setup machine:generate preprocessed traces: generated preprocessed trace for chip BaseAlu in 63.169308ms
2025-10-28T18:26:09.892795Z DEBUG compress:prove:batch:Setup compress program:setup machine:generate preprocessed traces: generated preprocessed trace for chip MemoryConst in 68.158525ms
2025-10-28T18:26:09.900078Z DEBUG compress:prove:batch:Setup compress program:setup machine:generate preprocessed traces: generated preprocessed trace for chip MemoryVar in 55.393172ms
2025-10-28T18:26:09.903731Z DEBUG compress:prove:batch:Setup compress program:setup machine:generate preprocessed traces: generated preprocessed trace for chip ExpReverseBitsLen in 79.093119ms
2025-10-28T18:26:09.942212Z DEBUG compress:prove:batch:Setup compress program:setup machine:generate preprocessed traces: generated preprocessed trace for chip Select in 117.572539ms
2025-10-28T18:26:09.965326Z DEBUG compress:prove:batch:Setup compress program:setup machine:generate preprocessed traces: generated preprocessed trace for chip Poseidon2WideDeg3 in 140.689732ms
2025-10-28T18:26:09.988521Z DEBUG compress:prove:batch:Setup compress program:setup machine:generate preprocessed traces: generated preprocessed trace for chip ExtAlu in 152.59944ms
2025-10-28T18:26:09.997975Z DEBUG fixed log2 rows can be potentially reduced: got 902800, expected 2097152
2025-10-28T18:26:10.075929Z DEBUG compress:generate records and traces:execute runtime: close time.busy=1.02s time.idle=6.62µs
2025-10-28T18:26:10.076028Z DEBUG compress:generate records and traces:generate dependencies:register nonces: close time.busy=1.50µs time.idle=4.11µs
2025-10-28T18:26:10.076048Z DEBUG compress:generate records and traces:generate dependencies: close time.busy=38.1µs time.idle=5.08µs
2025-10-28T18:26:10.076481Z DEBUG compress:generate records and traces:generate traces:generate traces for shard: generated trace for chip MemoryConst in 243.186µs
2025-10-28T18:26:10.076516Z DEBUG compress:generate records and traces:generate traces:generate traces for shard: generated trace for chip PublicValues in 11.442µs
2025-10-28T18:26:10.085792Z DEBUG compress:generate records and traces:generate traces:generate traces for shard: generated trace for chip ExtAlu in 9.28325ms
2025-10-28T18:26:10.284916Z DEBUG compress:generate records and traces:generate traces:generate traces for shard: generated trace for chip BaseAlu in 208.55384ms
2025-10-28T18:26:10.285084Z DEBUG compress:generate records and traces:generate traces:generate traces for shard: generated trace for chip Select in 208.590426ms
2025-10-28T18:26:10.288103Z DEBUG compress:generate records and traces:generate traces:generate traces for shard: generated trace for chip MemoryVar in 211.690666ms
2025-10-28T18:26:10.300498Z DEBUG generate batch fri trace: fixed log2 rows can be potentially reduced: got 213200, expected 524288 rows=213200
2025-10-28T18:26:10.326882Z DEBUG generate exp reverse bits len trace: close time.busy=250ms time.idle=7.76µs rows=9200
2025-10-28T18:26:10.326945Z DEBUG compress:generate records and traces:generate traces:generate traces for shard: generated trace for chip ExpReverseBitsLen in 250.453457ms
2025-10-28T18:26:10.369114Z DEBUG compress:prove:batch:Setup compress program:setup machine:generate preprocessed traces: generated preprocessed trace for chip BatchFRI in 544.476106ms
2025-10-28T18:26:10.429008Z DEBUG generate batch fri trace: close time.busy=352ms time.idle=5.90µs rows=213200
2025-10-28T18:26:10.429065Z DEBUG compress:generate records and traces:generate traces:generate traces for shard: generated trace for chip BatchFRI in 352.554762ms
2025-10-28T18:26:10.587865Z DEBUG generate poseidon2 wide trace: close time.busy=512ms time.idle=6.25µs rows=84598
2025-10-28T18:26:10.587927Z DEBUG compress:generate records and traces:generate traces:generate traces for shard: generated trace for chip Poseidon2WideDeg3 in 511.591547ms
2025-10-28T18:26:10.588040Z DEBUG compress:generate records and traces:generate traces:generate traces for shard: close time.busy=512ms time.idle=4.36µs
2025-10-28T18:26:10.588076Z DEBUG compress:generate records and traces:generate traces: close time.busy=512ms time.idle=4.68µs
2025-10-28T18:26:15.878655Z DEBUG compress:prove:batch:Setup compress program:setup machine:commit to preprocessed traces: close time.busy=12.0s time.idle=13.9µs
2025-10-28T18:26:15.878766Z DEBUG compress:prove:batch:Setup compress program:setup machine:generate preprocessed traces: close time.busy=437ms time.idle=12.2s
2025-10-28T18:26:15.878787Z DEBUG compress:prove:batch:Setup compress program:setup machine: close time.busy=12.6s time.idle=4.37µs
2025-10-28T18:26:15.878801Z DEBUG compress:prove:batch:Setup compress program: close time.busy=12.6s time.idle=3.36µs
2025-10-28T18:26:15.878867Z DEBUG compress:prove:batch:observe proving key: close time.busy=11.1µs time.idle=3.64µs
2025-10-28T18:26:25.082088Z DEBUG compress:prove:batch:Setup compress program:setup machine:commit to preprocessed traces: close time.busy=14.5s time.idle=11.8µs
2025-10-28T18:26:25.082207Z DEBUG compress:prove:batch:Setup compress program:setup machine:generate preprocessed traces: close time.busy=1.47s time.idle=14.7s
2025-10-28T18:26:25.082228Z DEBUG compress:prove:batch:Setup compress program:setup machine: close time.busy=16.1s time.idle=2.89µs
2025-10-28T18:26:25.082253Z DEBUG compress:prove:batch:Setup compress program: close time.busy=16.1s time.idle=10.2µs
2025-10-28T18:26:25.082315Z DEBUG compress:prove:batch:observe proving key: close time.busy=16.2µs time.idle=4.63µs
2025-10-28T18:26:42.673128Z DEBUG compress:prove:batch:commit: close time.busy=26.8s time.idle=4.26µs
2025-10-28T18:26:46.768450Z DEBUG compress:prove:batch:open:generate permutation traces: close time.busy=4.10s time.idle=6.36µs
2025-10-28T18:26:46.768524Z DEBUG compress:prove:batch:open: BatchFRI        | Main Cols = 13    | Pre Cols = 6      | Perm Cols = 12    | Rows = 2097152 | Cells = 65011712  
2025-10-28T18:26:46.768538Z DEBUG compress:prove:batch:open: MemoryVar       | Main Cols = 8     | Pre Cols = 4      | Perm Cols = 8     | Rows = 1048576 | Cells = 20971520  
2025-10-28T18:26:46.768547Z DEBUG compress:prove:batch:open: Select          | Main Cols = 5     | Pre Cols = 8      | Perm Cols = 16    | Rows = 1048576 | Cells = 30408704  
2025-10-28T18:26:46.768557Z DEBUG compress:prove:batch:open: ExtAlu          | Main Cols = 48    | Pre Cols = 32     | Perm Cols = 28    | Rows = 524288 | Cells = 56623104  
2025-10-28T18:26:46.768566Z DEBUG compress:prove:batch:open: ExpReverseBitsLen | Main Cols = 7     | Pre Cols = 10     | Perm Cols = 12    | Rows = 262144 | Cells = 7602176   
2025-10-28T18:26:46.768575Z DEBUG compress:prove:batch:open: MemoryConst     | Main Cols = 1     | Pre Cols = 12     | Perm Cols = 8     | Rows = 262144 | Cells = 5505024   
2025-10-28T18:26:46.768586Z DEBUG compress:prove:batch:open: Poseidon2WideDeg3 | Main Cols = 313   | Pre Cols = 49     | Perm Cols = 68    | Rows = 262144 | Cells = 112721920 
2025-10-28T18:26:46.768595Z DEBUG compress:prove:batch:open: BaseAlu         | Main Cols = 12    | Pre Cols = 32     | Perm Cols = 28    | Rows = 65536 | Cells = 4718592   
2025-10-28T18:26:46.768604Z DEBUG compress:prove:batch:open: PublicValues    | Main Cols = 1     | Pre Cols = 10     | Perm Cols = 8     | Rows = 16    | Cells = 304       
2025-10-28T18:26:48.712818Z DEBUG compress:prove:batch:open:flatten permutation traces and collect domains: close time.busy=1.94s time.idle=6.41µs
2025-10-28T18:27:02.882417Z DEBUG compress:prove:batch:commit: close time.busy=37.8s time.idle=4.82µs
2025-10-28T18:27:07.235060Z DEBUG compress:prove:batch:open:generate permutation traces: close time.busy=4.35s time.idle=11.5µs
2025-10-28T18:27:07.235122Z DEBUG compress:prove:batch:open: BatchFRI        | Main Cols = 13    | Pre Cols = 6      | Perm Cols = 12    | Rows = 2097152 | Cells = 65011712  
2025-10-28T18:27:07.235136Z DEBUG compress:prove:batch:open: MemoryVar       | Main Cols = 8     | Pre Cols = 4      | Perm Cols = 8     | Rows = 1048576 | Cells = 20971520  
2025-10-28T18:27:07.235146Z DEBUG compress:prove:batch:open: Select          | Main Cols = 5     | Pre Cols = 8      | Perm Cols = 16    | Rows = 1048576 | Cells = 30408704  
2025-10-28T18:27:07.235156Z DEBUG compress:prove:batch:open: ExtAlu          | Main Cols = 48    | Pre Cols = 32     | Perm Cols = 28    | Rows = 524288 | Cells = 56623104  
2025-10-28T18:27:07.235165Z DEBUG compress:prove:batch:open: ExpReverseBitsLen | Main Cols = 7     | Pre Cols = 10     | Perm Cols = 12    | Rows = 262144 | Cells = 7602176   
2025-10-28T18:27:07.235174Z DEBUG compress:prove:batch:open: MemoryConst     | Main Cols = 1     | Pre Cols = 12     | Perm Cols = 8     | Rows = 262144 | Cells = 5505024   
2025-10-28T18:27:07.235188Z DEBUG compress:prove:batch:open: Poseidon2WideDeg3 | Main Cols = 313   | Pre Cols = 49     | Perm Cols = 68    | Rows = 262144 | Cells = 112721920 
2025-10-28T18:27:07.235202Z DEBUG compress:prove:batch:open: BaseAlu         | Main Cols = 12    | Pre Cols = 32     | Perm Cols = 28    | Rows = 65536 | Cells = 4718592   
2025-10-28T18:27:07.235214Z DEBUG compress:prove:batch:open: PublicValues    | Main Cols = 1     | Pre Cols = 10     | Perm Cols = 8     | Rows = 16    | Cells = 304       
2025-10-28T18:27:09.215249Z DEBUG compress:prove:batch:open:flatten permutation traces and collect domains: close time.busy=1.98s time.idle=6.84µs
2025-10-28T18:27:18.899475Z DEBUG compress:prove:batch:open:commit to permutation traces: close time.busy=30.2s time.idle=8.01µs
2025-10-28T18:27:18.900318Z DEBUG compress:prove:batch:open:compute quotient values:compute quotient values for domain: close time.busy=370µs time.idle=4.18µs
2025-10-28T18:27:25.675087Z DEBUG compress:prove:batch:open:compute quotient values:compute quotient values for domain: close time.busy=6.78s time.idle=5.94µs
2025-10-28T18:27:25.676030Z DEBUG compress:prove:batch:open:compute quotient values:compute quotient values for domain: close time.busy=6.78s time.idle=6.32µs
2025-10-28T18:27:25.688501Z DEBUG compress:prove:batch:open:compute quotient values:compute quotient values for domain: close time.busy=6.79s time.idle=12.6µs
2025-10-28T18:27:25.801932Z DEBUG compress:prove:batch:open:compute quotient values:compute quotient values for domain: close time.busy=6.90s time.idle=8.88µs
2025-10-28T18:27:25.855832Z DEBUG compress:prove:batch:open:compute quotient values:compute quotient values for domain: close time.busy=6.96s time.idle=6.84µs
2025-10-28T18:27:33.247469Z DEBUG compress:prove:batch:open:compute quotient values:compute quotient values for domain: close time.busy=14.3s time.idle=6.82µs
2025-10-28T18:27:33.302502Z DEBUG compress:prove:batch:open:compute quotient values:compute quotient values for domain: close time.busy=14.4s time.idle=6.14µs
2025-10-28T18:27:38.986282Z DEBUG compress:prove:batch:open:compute quotient values:compute quotient values for domain: close time.busy=20.1s time.idle=6.75µs
2025-10-28T18:27:48.226720Z DEBUG compress:prove:batch:open:commit to permutation traces: close time.busy=39.0s time.idle=6.56µs
2025-10-28T18:27:59.120225Z DEBUG compress:prove:batch:open:compute quotient values:compute quotient values for domain: close time.busy=10.9s time.idle=12.9µs
2025-10-28T18:27:59.126608Z DEBUG compress:prove:batch:open:compute quotient values:compute quotient values for domain: close time.busy=10.9s time.idle=8.63µs
2025-10-28T18:27:59.133383Z DEBUG compress:prove:batch:open:compute quotient values:compute quotient values for domain: close time.busy=10.9s time.idle=4.42µs
2025-10-28T18:27:59.618834Z DEBUG compress:prove:batch:open:compute quotient values:compute quotient values for domain: close time.busy=11.3s time.idle=9.20µs
2025-10-28T18:27:59.618957Z DEBUG compress:prove:batch:open:compute quotient values:compute quotient values for domain: close time.busy=11.4s time.idle=6.40µs
2025-10-28T18:27:59.641544Z DEBUG compress:prove:batch:open:compute quotient values:compute quotient values for domain: close time.busy=11.4s time.idle=29.1µs
2025-10-28T18:27:59.653391Z DEBUG compress:prove:batch:open:compute quotient values:compute quotient values for domain: close time.busy=11.4s time.idle=10.5µs
2025-10-28T18:28:02.094273Z DEBUG compress:prove:batch:open:compute quotient values:compute quotient values for domain: close time.busy=13.9s time.idle=8.69µs
2025-10-28T18:28:07.585229Z DEBUG compress:prove:batch:open:compute quotient values:compute quotient values for domain: close time.busy=19.4s time.idle=6.10µs
2025-10-28T18:28:13.558047Z DEBUG compress:prove:batch:open:commit to quotient traces: close time.busy=32.9s time.idle=8.08µs
2025-10-28T18:28:13.558160Z DEBUG compress:prove:batch:open:compute preprocessed opening points: close time.busy=14.6µs time.idle=5.25µs
2025-10-28T18:28:13.558242Z DEBUG compress:prove:batch:open:compute main trace opening points: close time.busy=54.1µs time.idle=5.13µs
2025-10-28T18:28:13.558300Z DEBUG compress:prove:batch:open:compute permutation trace opening points: close time.busy=34.8µs time.idle=3.31µs
2025-10-28T18:28:21.955523Z DEBUG compress:prove:batch:open:commit to quotient traces: close time.busy=13.6s time.idle=8.72µs
2025-10-28T18:28:21.955662Z DEBUG compress:prove:batch:open:compute preprocessed opening points: close time.busy=9.71µs time.idle=4.62µs
2025-10-28T18:28:21.955769Z DEBUG compress:prove:batch:open:compute main trace opening points: close time.busy=86.2µs time.idle=3.13µs
2025-10-28T18:28:21.955865Z DEBUG compress:prove:batch:open:compute permutation trace opening points: close time.busy=76.1µs time.idle=3.06µs
2025-10-28T18:28:44.040273Z DEBUG compress:prove:batch:open:open multi batches: close time.busy=30.5s time.idle=5.65µs
2025-10-28T18:28:44.112599Z DEBUG compress:prove:batch:open:compute quotient values: close time.busy=20.1s time.idle=65.1s
2025-10-28T18:28:44.872313Z DEBUG compress:prove:batch:open: close time.busy=122s time.idle=6.42µs
2025-10-28T18:28:45.076074Z DEBUG compress:prove:batch: close time.busy=162s time.idle=7.73µs
2025-10-28T18:28:45.120495Z DEBUG fixed log2 rows can be potentially reduced: got 43700, expected 262144
2025-10-28T18:28:45.120503Z DEBUG fixed log2 rows can be potentially reduced: got 54377, expected 131072
2025-10-28T18:28:45.120506Z DEBUG compress:prove:batch:Setup compress program:setup machine:generate preprocessed traces: generated preprocessed trace for chip PublicValues in 42.285278ms
2025-10-28T18:28:45.129736Z DEBUG compress:prove:batch:Setup compress program:setup machine:generate preprocessed traces: generated preprocessed trace for chip BaseAlu in 51.605785ms
2025-10-28T18:28:45.129782Z DEBUG compress:prove:batch:Setup compress program:setup machine:generate preprocessed traces: generated preprocessed trace for chip Select in 51.565447ms
2025-10-28T18:28:45.134405Z DEBUG compress:prove:batch:Setup compress program:setup machine:generate preprocessed traces: generated preprocessed trace for chip MemoryConst in 56.46256ms
2025-10-28T18:28:45.149163Z DEBUG compress:generate records and traces:get program and witness stream: close time.busy=71.1ms time.idle=80.8µs
2025-10-28T18:28:45.151542Z DEBUG compress:prove:batch:Setup compress program:setup machine:generate preprocessed traces: generated preprocessed trace for chip MemoryVar in 70.536025ms
2025-10-28T18:28:45.154348Z DEBUG fixed log2 rows can be potentially reduced: got 147800, expected 524288
2025-10-28T18:28:45.155731Z DEBUG compress:prove:batch:Setup compress program:setup machine:generate preprocessed traces: generated preprocessed trace for chip Poseidon2WideDeg3 in 77.725911ms
2025-10-28T18:28:45.159055Z DEBUG compress:prove:batch:Setup compress program:setup machine:generate preprocessed traces: generated preprocessed trace for chip ExpReverseBitsLen in 80.836745ms
2025-10-28T18:28:45.160803Z DEBUG compress:prove:batch:Setup compress program:setup machine:generate preprocessed traces: generated preprocessed trace for chip ExtAlu in 82.630144ms
2025-10-28T18:28:45.193638Z DEBUG compress:prove:batch:Setup compress program:setup machine:generate preprocessed traces: generated preprocessed trace for chip BatchFRI in 115.547883ms
2025-10-28T18:28:46.528705Z DEBUG compress:generate records and traces:execute runtime: close time.busy=1.38s time.idle=10.4µs
2025-10-28T18:28:46.529041Z DEBUG compress:generate records and traces:generate dependencies:register nonces: close time.busy=3.70µs time.idle=8.56µs
2025-10-28T18:28:46.529069Z DEBUG compress:generate records and traces:generate dependencies: close time.busy=87.5µs time.idle=6.80µs
2025-10-28T18:28:46.529570Z DEBUG compress:generate records and traces:generate traces:generate traces for shard: generated trace for chip PublicValues in 20.978µs
2025-10-28T18:28:46.529813Z DEBUG compress:generate records and traces:generate traces:generate traces for shard: generated trace for chip MemoryConst in 266.032µs
2025-10-28T18:28:46.535893Z DEBUG compress:generate records and traces:generate traces:generate traces for shard: generated trace for chip BaseAlu in 6.344206ms
2025-10-28T18:28:46.535894Z DEBUG compress:generate records and traces:generate traces:generate traces for shard: generated trace for chip Select in 6.346424ms
2025-10-28T18:28:46.536827Z DEBUG generate batch fri trace: fixed log2 rows can be potentially reduced: got 213200, expected 524288 rows=213200
2025-10-28T18:28:46.538610Z DEBUG compress:generate records and traces:generate traces:generate traces for shard: generated trace for chip ExtAlu in 9.065004ms
2025-10-28T18:28:46.558858Z DEBUG compress:generate records and traces:generate traces:generate traces for shard: generated trace for chip MemoryVar in 29.309461ms
2025-10-28T18:28:46.686405Z DEBUG generate exp reverse bits len trace: close time.busy=157ms time.idle=8.20µs rows=9200
2025-10-28T18:28:46.686497Z DEBUG compress:generate records and traces:generate traces:generate traces for shard: generated trace for chip ExpReverseBitsLen in 156.951116ms
2025-10-28T18:28:46.792083Z DEBUG generate batch fri trace: close time.busy=263ms time.idle=7.38µs rows=213200
2025-10-28T18:28:46.792139Z DEBUG compress:generate records and traces:generate traces:generate traces for shard: generated trace for chip BatchFRI in 262.593305ms
2025-10-28T18:28:46.880721Z DEBUG generate poseidon2 wide trace: close time.busy=351ms time.idle=5.99µs rows=84598
2025-10-28T18:28:46.880778Z DEBUG compress:generate records and traces:generate traces:generate traces for shard: generated trace for chip Poseidon2WideDeg3 in 351.234575ms
2025-10-28T18:28:46.880860Z DEBUG compress:generate records and traces:generate traces:generate traces for shard: close time.busy=352ms time.idle=7.15µs
2025-10-28T18:28:46.880889Z DEBUG compress:generate records and traces:generate traces: close time.busy=352ms time.idle=5.19µs
2025-10-28T18:28:50.417769Z DEBUG compress:prove:batch:Setup compress program:setup machine:commit to preprocessed traces: close time.busy=5.19s time.idle=10.8µs
2025-10-28T18:28:50.417885Z DEBUG compress:prove:batch:Setup compress program:setup machine:generate preprocessed traces: close time.busy=116ms time.idle=5.22s
2025-10-28T18:28:50.417903Z DEBUG compress:prove:batch:Setup compress program:setup machine: close time.busy=5.34s time.idle=3.10µs
2025-10-28T18:28:50.417916Z DEBUG compress:prove:batch:Setup compress program: close time.busy=5.34s time.idle=3.94µs
2025-10-28T18:28:50.417961Z DEBUG compress:prove:batch:observe proving key: close time.busy=12.0µs time.idle=3.91µs
2025-10-28T18:28:52.377328Z DEBUG compress:prove:batch:open:open multi batches: close time.busy=30.4s time.idle=4.76µs
2025-10-28T18:28:52.451891Z DEBUG compress:prove:batch:open:compute quotient values: close time.busy=19.4s time.idle=44.9s
2025-10-28T18:28:53.014344Z DEBUG compress:prove:batch:open: close time.busy=110s time.idle=6.03µs
2025-10-28T18:28:53.166635Z DEBUG compress:prove:batch: close time.busy=164s time.idle=12.4µs
2025-10-28T18:28:53.211387Z DEBUG compress:prove:batch:Setup compress program:setup machine:generate preprocessed traces: generated preprocessed trace for chip BaseAlu in 42.358394ms
2025-10-28T18:28:53.214134Z DEBUG compress:prove:batch:Setup compress program:setup machine:generate preprocessed traces: generated preprocessed trace for chip PublicValues in 44.96003ms
2025-10-28T18:28:53.224721Z DEBUG compress:prove:batch:Setup compress program:setup machine:generate preprocessed traces: generated preprocessed trace for chip Select in 55.579112ms
2025-10-28T18:28:53.227453Z DEBUG compress:generate records and traces:get program and witness stream: close time.busy=58.9ms time.idle=8.40µs
2025-10-28T18:28:53.230245Z DEBUG fixed log2 rows can be potentially reduced: got 213200, expected 524288
2025-10-28T18:28:53.242711Z DEBUG compress:prove:batch:Setup compress program:setup machine:generate preprocessed traces: generated preprocessed trace for chip BatchFRI in 73.513498ms
2025-10-28T18:28:53.435031Z DEBUG compress:prove:batch:Setup compress program:setup machine:generate preprocessed traces: generated preprocessed trace for chip MemoryConst in 266.124663ms
2025-10-28T18:28:53.459863Z DEBUG compress:prove:batch:Setup compress program:setup machine:generate preprocessed traces: generated preprocessed trace for chip ExtAlu in 290.78264ms
2025-10-28T18:28:53.460025Z DEBUG compress:prove:batch:Setup compress program:setup machine:generate preprocessed traces: generated preprocessed trace for chip MemoryVar in 290.91231ms
2025-10-28T18:28:53.477558Z DEBUG compress:prove:batch:Setup compress program:setup machine:generate preprocessed traces: generated preprocessed trace for chip ExpReverseBitsLen in 308.385319ms
2025-10-28T18:28:53.517611Z DEBUG compress:prove:batch:Setup compress program:setup machine:generate preprocessed traces: generated preprocessed trace for chip Poseidon2WideDeg3 in 348.356123ms
2025-10-28T18:28:55.110989Z DEBUG compress:generate records and traces:execute runtime: close time.busy=1.88s time.idle=7.41µs
2025-10-28T18:28:55.111108Z DEBUG compress:generate records and traces:generate dependencies:register nonces: close time.busy=1.50µs time.idle=4.20µs
2025-10-28T18:28:55.111127Z DEBUG compress:generate records and traces:generate dependencies: close time.busy=59.0µs time.idle=5.58µs
2025-10-28T18:28:55.335979Z DEBUG compress:generate records and traces:generate traces:generate traces for shard: generated trace for chip PublicValues in 16.196µs
2025-10-28T18:28:55.336696Z DEBUG compress:generate records and traces:generate traces:generate traces for shard: generated trace for chip MemoryConst in 738.873µs
2025-10-28T18:28:55.335969Z DEBUG fixed log2 rows can be potentially reduced: got 471504, expected 1048576
2025-10-28T18:28:55.345112Z DEBUG compress:generate records and traces:generate traces:generate traces for shard: generated trace for chip Select in 9.147686ms
2025-10-28T18:28:55.352835Z DEBUG compress:generate records and traces:generate traces:generate traces for shard: generated trace for chip BaseAlu in 16.871353ms
2025-10-28T18:28:55.361176Z DEBUG fixed log2 rows can be potentially reduced: got 346512, expected 1048576
2025-10-28T18:28:55.377046Z DEBUG generate exp reverse bits len trace: close time.busy=41.1ms time.idle=7.77µs rows=9200
2025-10-28T18:28:55.377116Z DEBUG compress:generate records and traces:generate traces:generate traces for shard: generated trace for chip ExpReverseBitsLen in 41.154489ms
2025-10-28T18:28:55.391307Z DEBUG generate batch fri trace: fixed log2 rows can be potentially reduced: got 213200, expected 2097152 rows=213200
2025-10-28T18:28:55.487662Z DEBUG compress:generate records and traces:generate traces:generate traces for shard: generated trace for chip MemoryVar in 151.697096ms
2025-10-28T18:28:55.531267Z DEBUG compress:generate records and traces:generate traces:generate traces for shard: generated trace for chip ExtAlu in 195.304686ms
2025-10-28T18:28:55.753015Z DEBUG generate batch fri trace: close time.busy=415ms time.idle=5.96µs rows=213200
2025-10-28T18:28:55.753087Z DEBUG compress:generate records and traces:generate traces:generate traces for shard: generated trace for chip BatchFRI in 417.128465ms
2025-10-28T18:28:55.892548Z DEBUG generate poseidon2 wide trace: close time.busy=554ms time.idle=7.65µs rows=90000
2025-10-28T18:28:55.892606Z DEBUG compress:generate records and traces:generate traces:generate traces for shard: generated trace for chip Poseidon2WideDeg3 in 556.646538ms
2025-10-28T18:28:55.893842Z DEBUG compress:generate records and traces:generate traces:generate traces for shard: close time.busy=783ms time.idle=3.96µs
2025-10-28T18:28:55.893877Z DEBUG compress:generate records and traces:generate traces: close time.busy=783ms time.idle=4.77µs
2025-10-28T18:28:58.938172Z DEBUG compress:prove:batch:commit: close time.busy=8.52s time.idle=4.79µs
2025-10-28T18:29:00.369026Z DEBUG compress:prove:batch:open:generate permutation traces: close time.busy=1.43s time.idle=5.84µs
2025-10-28T18:29:00.369101Z DEBUG compress:prove:batch:open: BatchFRI        | Main Cols = 13    | Pre Cols = 6      | Perm Cols = 12    | Rows = 524288 | Cells = 16252928  
2025-10-28T18:29:00.369118Z DEBUG compress:prove:batch:open: MemoryVar       | Main Cols = 8     | Pre Cols = 4      | Perm Cols = 8     | Rows = 524288 | Cells = 10485760  
2025-10-28T18:29:00.369129Z DEBUG compress:prove:batch:open: Select          | Main Cols = 5     | Pre Cols = 8      | Perm Cols = 16    | Rows = 524288 | Cells = 15204352  
2025-10-28T18:29:00.369141Z DEBUG compress:prove:batch:open: ExpReverseBitsLen | Main Cols = 7     | Pre Cols = 10     | Perm Cols = 12    | Rows = 262144 | Cells = 7602176   
2025-10-28T18:29:00.369152Z DEBUG compress:prove:batch:open: MemoryConst     | Main Cols = 1     | Pre Cols = 12     | Perm Cols = 8     | Rows = 131072 | Cells = 2752512   
2025-10-28T18:29:00.369165Z DEBUG compress:prove:batch:open: Poseidon2WideDeg3 | Main Cols = 313   | Pre Cols = 49     | Perm Cols = 68    | Rows = 131072 | Cells = 56360960  
2025-10-28T18:29:00.369176Z DEBUG compress:prove:batch:open: BaseAlu         | Main Cols = 12    | Pre Cols = 32     | Perm Cols = 28    | Rows = 65536 | Cells = 4718592   
2025-10-28T18:29:00.369187Z DEBUG compress:prove:batch:open: ExtAlu          | Main Cols = 48    | Pre Cols = 32     | Perm Cols = 28    | Rows = 65536 | Cells = 7077888   
2025-10-28T18:29:00.369198Z DEBUG compress:prove:batch:open: PublicValues    | Main Cols = 1     | Pre Cols = 10     | Perm Cols = 8     | Rows = 16    | Cells = 304       
2025-10-28T18:29:00.676902Z DEBUG compress:prove:batch:open:flatten permutation traces and collect domains: close time.busy=308ms time.idle=6.09µs
2025-10-28T18:29:03.377712Z DEBUG compress:prove:batch:Setup compress program:setup machine:commit to preprocessed traces: close time.busy=9.66s time.idle=8.17µs
2025-10-28T18:29:03.377799Z DEBUG compress:prove:batch:Setup compress program:setup machine:generate preprocessed traces: close time.busy=350ms time.idle=9.86s
2025-10-28T18:29:03.377815Z DEBUG compress:prove:batch:Setup compress program:setup machine: close time.busy=10.2s time.idle=2.49µs
2025-10-28T18:29:03.377836Z DEBUG compress:prove:batch:Setup compress program: close time.busy=10.2s time.idle=8.21µs
2025-10-28T18:29:03.377891Z DEBUG compress:prove:batch:observe proving key: close time.busy=12.1µs time.idle=3.42µs
2025-10-28T18:29:07.609014Z DEBUG compress:prove:batch:open:commit to permutation traces: close time.busy=6.93s time.idle=6.87µs
2025-10-28T18:29:07.609590Z DEBUG compress:prove:batch:open:compute quotient values:compute quotient values for domain: close time.busy=235µs time.idle=4.55µs
2025-10-28T18:29:12.778095Z DEBUG compress:prove:batch:open:compute quotient values:compute quotient values for domain: close time.busy=5.17s time.idle=5.54µs
2025-10-28T18:29:12.778538Z DEBUG compress:prove:batch:open:compute quotient values:compute quotient values for domain: close time.busy=5.17s time.idle=6.80µs
2025-10-28T18:29:12.778925Z DEBUG compress:prove:batch:open:compute quotient values:compute quotient values for domain: close time.busy=5.17s time.idle=5.74µs
2025-10-28T18:29:12.825071Z DEBUG compress:prove:batch:open:compute quotient values:compute quotient values for domain: close time.busy=5.22s time.idle=6.11µs
2025-10-28T18:29:12.842703Z DEBUG compress:prove:batch:open:compute quotient values:compute quotient values for domain: close time.busy=5.23s time.idle=5.12µs
2025-10-28T18:29:13.184977Z DEBUG compress:prove:batch:open:compute quotient values:compute quotient values for domain: close time.busy=5.58s time.idle=8.19µs
2025-10-28T18:29:14.311737Z DEBUG compress:prove:batch:open:compute quotient values:compute quotient values for domain: close time.busy=6.70s time.idle=4.86µs
2025-10-28T18:29:14.325170Z DEBUG compress:prove:batch:open:compute quotient values:compute quotient values for domain: close time.busy=6.72s time.idle=8.41µs
2025-10-28T18:29:22.617698Z DEBUG compress:prove:batch:commit: close time.busy=19.2s time.idle=4.36µs
2025-10-28T18:29:24.141949Z DEBUG compress:prove:batch:open:generate permutation traces: close time.busy=1.52s time.idle=5.59µs
2025-10-28T18:29:24.142049Z DEBUG compress:prove:batch:open: BatchFRI        | Main Cols = 13    | Pre Cols = 6      | Perm Cols = 12    | Rows = 524288 | Cells = 16252928  
2025-10-28T18:29:24.142070Z DEBUG compress:prove:batch:open: MemoryVar       | Main Cols = 8     | Pre Cols = 4      | Perm Cols = 8     | Rows = 524288 | Cells = 10485760  
2025-10-28T18:29:24.142085Z DEBUG compress:prove:batch:open: Select          | Main Cols = 5     | Pre Cols = 8      | Perm Cols = 16    | Rows = 524288 | Cells = 15204352  
2025-10-28T18:29:24.142098Z DEBUG compress:prove:batch:open: ExpReverseBitsLen | Main Cols = 7     | Pre Cols = 10     | Perm Cols = 12    | Rows = 262144 | Cells = 7602176   
2025-10-28T18:29:24.142112Z DEBUG compress:prove:batch:open: MemoryConst     | Main Cols = 1     | Pre Cols = 12     | Perm Cols = 8     | Rows = 131072 | Cells = 2752512   
2025-10-28T18:29:24.142127Z DEBUG compress:prove:batch:open: Poseidon2WideDeg3 | Main Cols = 313   | Pre Cols = 49     | Perm Cols = 68    | Rows = 131072 | Cells = 56360960  
2025-10-28T18:29:24.142141Z DEBUG compress:prove:batch:open: BaseAlu         | Main Cols = 12    | Pre Cols = 32     | Perm Cols = 28    | Rows = 65536 | Cells = 4718592   
2025-10-28T18:29:24.142154Z DEBUG compress:prove:batch:open: ExtAlu          | Main Cols = 48    | Pre Cols = 32     | Perm Cols = 28    | Rows = 65536 | Cells = 7077888   
2025-10-28T18:29:24.142168Z DEBUG compress:prove:batch:open: PublicValues    | Main Cols = 1     | Pre Cols = 10     | Perm Cols = 8     | Rows = 16    | Cells = 304       
2025-10-28T18:29:24.153263Z DEBUG compress:prove:batch:open:commit to quotient traces: close time.busy=9.37s time.idle=7.67µs
2025-10-28T18:29:24.153390Z DEBUG compress:prove:batch:open:compute preprocessed opening points: close time.busy=15.7µs time.idle=4.91µs
2025-10-28T18:29:24.153535Z DEBUG compress:prove:batch:open:compute main trace opening points: close time.busy=123µs time.idle=3.66µs
2025-10-28T18:29:24.153601Z DEBUG compress:prove:batch:open:compute permutation trace opening points: close time.busy=42.6µs time.idle=3.36µs
2025-10-28T18:29:24.642296Z DEBUG compress:prove:batch:open:flatten permutation traces and collect domains: close time.busy=500ms time.idle=6.27µs
2025-10-28T18:29:29.348301Z DEBUG compress:prove:batch:open:commit to permutation traces: close time.busy=4.71s time.idle=6.06µs
2025-10-28T18:29:29.348978Z DEBUG compress:prove:batch:open:compute quotient values:compute quotient values for domain: close time.busy=283µs time.idle=14.2µs
2025-10-28T18:29:35.871199Z DEBUG compress:prove:batch:open:compute quotient values:compute quotient values for domain: close time.busy=6.52s time.idle=7.08µs
2025-10-28T18:29:35.872528Z DEBUG compress:prove:batch:open:compute quotient values:compute quotient values for domain: close time.busy=6.52s time.idle=5.85µs
2025-10-28T18:29:35.874088Z DEBUG compress:prove:batch:open:compute quotient values:compute quotient values for domain: close time.busy=6.53s time.idle=11.3µs
2025-10-28T18:29:35.877861Z DEBUG compress:prove:batch:open:compute quotient values:compute quotient values for domain: close time.busy=6.53s time.idle=12.8µs
2025-10-28T18:29:35.994822Z DEBUG compress:prove:batch:open:compute quotient values:compute quotient values for domain: close time.busy=6.65s time.idle=8.89µs
2025-10-28T18:29:36.118788Z DEBUG compress:prove:batch:open:compute quotient values:compute quotient values for domain: close time.busy=6.77s time.idle=9.30µs
2025-10-28T18:29:36.133122Z DEBUG compress:prove:batch:open:compute quotient values:compute quotient values for domain: close time.busy=6.78s time.idle=8.46µs
2025-10-28T18:29:36.139472Z DEBUG compress:prove:batch:open:compute quotient values:compute quotient values for domain: close time.busy=6.79s time.idle=5.62µs
2025-10-28T18:29:39.707100Z DEBUG compress:prove:batch:open:commit to quotient traces: close time.busy=3.47s time.idle=9.14µs
2025-10-28T18:29:39.707188Z DEBUG compress:prove:batch:open:compute preprocessed opening points: close time.busy=6.18µs time.idle=4.07µs
2025-10-28T18:29:39.707280Z DEBUG compress:prove:batch:open:compute main trace opening points: close time.busy=77.3µs time.idle=2.49µs
2025-10-28T18:29:39.707325Z DEBUG compress:prove:batch:open:compute permutation trace opening points: close time.busy=27.3µs time.idle=2.49µs
2025-10-28T18:29:44.113230Z DEBUG compress:prove:batch:open:open multi batches: close time.busy=20.0s time.idle=5.88µs
2025-10-28T18:29:44.113398Z DEBUG compress:prove:batch:open:compute quotient values: close time.busy=6.85s time.idle=29.7s
2025-10-28T18:29:44.263805Z DEBUG compress:prove:batch:open: close time.busy=45.3s time.idle=6.71µs
2025-10-28T18:29:44.264051Z DEBUG compress:prove:batch: close time.busy=59.2s time.idle=8.04µs
2025-10-28T18:29:44.284790Z DEBUG compress:prove:batch:Setup compress program:setup machine:generate preprocessed traces: generated preprocessed trace for chip PublicValues in 19.405533ms
2025-10-28T18:29:44.291840Z DEBUG compress:prove:batch:Setup compress program:setup machine:generate preprocessed traces: generated preprocessed trace for chip ExtAlu in 26.424428ms
2025-10-28T18:29:44.295634Z DEBUG compress:prove:batch:Setup compress program:setup machine:generate preprocessed traces: generated preprocessed trace for chip BaseAlu in 30.219279ms
2025-10-28T18:29:44.298363Z DEBUG compress:generate records and traces:get program and witness stream: close time.busy=33.4ms time.idle=13.5µs
2025-10-28T18:29:44.299246Z DEBUG compress:prove:batch:Setup compress program:setup machine:generate preprocessed traces: generated preprocessed trace for chip ExpReverseBitsLen in 33.879553ms
2025-10-28T18:29:44.300649Z DEBUG compress:prove:batch:Setup compress program:setup machine:generate preprocessed traces: generated preprocessed trace for chip Select in 35.316098ms
2025-10-28T18:29:44.302249Z DEBUG fixed log2 rows can be potentially reduced: got 213200, expected 524288
2025-10-28T18:29:44.308911Z DEBUG compress:prove:batch:Setup compress program:setup machine:generate preprocessed traces: generated preprocessed trace for chip BatchFRI in 43.616771ms
2025-10-28T18:29:44.308984Z DEBUG compress:prove:batch:Setup compress program:setup machine:generate preprocessed traces: generated preprocessed trace for chip MemoryConst in 43.850397ms
2025-10-28T18:29:44.309305Z DEBUG compress:prove:batch:Setup compress program:setup machine:generate preprocessed traces: generated preprocessed trace for chip Poseidon2WideDeg3 in 43.552022ms
2025-10-28T18:29:44.319264Z DEBUG compress:prove:batch:Setup compress program:setup machine:generate preprocessed traces: generated preprocessed trace for chip MemoryVar in 53.999097ms
2025-10-28T18:29:45.292662Z DEBUG compress:generate records and traces:execute runtime: close time.busy=994ms time.idle=7.87µs
2025-10-28T18:29:45.292775Z DEBUG compress:generate records and traces:generate dependencies:register nonces: close time.busy=1.46µs time.idle=4.28µs
2025-10-28T18:29:45.292798Z DEBUG compress:generate records and traces:generate dependencies: close time.busy=59.9µs time.idle=4.95µs
2025-10-28T18:29:45.301817Z DEBUG fixed log2 rows can be potentially reduced: got 471504, expected 1048576
2025-10-28T18:29:45.301877Z DEBUG compress:generate records and traces:generate traces:generate traces for shard: generated trace for chip PublicValues in 20.925µs
2025-10-28T18:29:45.302760Z DEBUG compress:generate records and traces:generate traces:generate traces for shard: generated trace for chip MemoryConst in 960.353µs
2025-10-28T18:29:45.306286Z DEBUG generate batch fri trace: fixed log2 rows can be potentially reduced: got 213200, expected 2097152 rows=213200
2025-10-28T18:29:45.312381Z DEBUG fixed log2 rows can be potentially reduced: got 346512, expected 1048576
2025-10-28T18:29:45.318503Z DEBUG compress:generate records and traces:generate traces:generate traces for shard: generated trace for chip Select in 16.688308ms
2025-10-28T18:29:45.329564Z DEBUG compress:generate records and traces:generate traces:generate traces for shard: generated trace for chip BaseAlu in 27.751362ms
2025-10-28T18:29:45.344139Z DEBUG generate exp reverse bits len trace: close time.busy=42.3ms time.idle=5.74µs rows=9200
2025-10-28T18:29:45.344219Z DEBUG compress:generate records and traces:generate traces:generate traces for shard: generated trace for chip ExpReverseBitsLen in 42.403157ms
2025-10-28T18:29:45.393018Z DEBUG compress:generate records and traces:generate traces:generate traces for shard: generated trace for chip MemoryVar in 91.204473ms
2025-10-28T18:29:45.470952Z DEBUG compress:generate records and traces:generate traces:generate traces for shard: generated trace for chip ExtAlu in 169.100117ms
2025-10-28T18:29:45.825458Z DEBUG generate batch fri trace: close time.busy=524ms time.idle=7.05µs rows=213200
2025-10-28T18:29:45.825519Z DEBUG compress:generate records and traces:generate traces:generate traces for shard: generated trace for chip BatchFRI in 523.679746ms
2025-10-28T18:29:45.964527Z DEBUG generate poseidon2 wide trace: close time.busy=663ms time.idle=7.46µs rows=90000
2025-10-28T18:29:45.964594Z DEBUG compress:generate records and traces:generate traces:generate traces for shard: generated trace for chip Poseidon2WideDeg3 in 662.792633ms
2025-10-28T18:29:45.965415Z DEBUG compress:generate records and traces:generate traces:generate traces for shard: close time.busy=673ms time.idle=5.54µs
2025-10-28T18:29:45.965816Z DEBUG compress:generate records and traces:generate traces: close time.busy=673ms time.idle=4.45µs
2025-10-28T18:29:48.885361Z DEBUG compress:prove:batch:Setup compress program:setup machine:commit to preprocessed traces: close time.busy=4.30s time.idle=8.90µs
2025-10-28T18:29:48.885495Z DEBUG compress:prove:batch:Setup compress program:setup machine:generate preprocessed traces: close time.busy=58.5ms time.idle=4.56s
2025-10-28T18:29:48.885517Z DEBUG compress:prove:batch:Setup compress program:setup machine: close time.busy=4.62s time.idle=3.65µs
2025-10-28T18:29:48.885541Z DEBUG compress:prove:batch:Setup compress program: close time.busy=4.62s time.idle=3.80µs
2025-10-28T18:29:48.885600Z DEBUG compress:prove:batch:observe proving key: close time.busy=16.3µs time.idle=5.18µs
2025-10-28T18:29:51.520541Z DEBUG compress:prove:batch:open:open multi batches: close time.busy=11.8s time.idle=5.07µs
2025-10-28T18:29:51.520698Z DEBUG compress:prove:batch:open:compute quotient values: close time.busy=6.79s time.idle=15.4s
2025-10-28T18:29:51.650189Z DEBUG compress:prove:batch:open: close time.busy=29.0s time.idle=6.08µs
2025-10-28T18:29:51.650530Z DEBUG compress:prove:batch: close time.busy=58.5s time.idle=7.32µs
2025-10-28T18:29:51.676413Z DEBUG compress:prove:batch:Setup compress program:setup machine:generate preprocessed traces: generated preprocessed trace for chip PublicValues in 21.803215ms
2025-10-28T18:29:51.680151Z DEBUG compress:prove:batch:Setup compress program:setup machine:generate preprocessed traces: generated preprocessed trace for chip ExpReverseBitsLen in 25.580145ms
2025-10-28T18:29:51.685356Z DEBUG compress:generate records and traces:get program and witness stream: close time.busy=31.5ms time.idle=6.18µs
2025-10-28T18:29:51.696487Z DEBUG compress:prove:batch:Setup compress program:setup machine:generate preprocessed traces: generated preprocessed trace for chip Select in 41.93702ms
2025-10-28T18:29:51.697338Z DEBUG compress:prove:batch:Setup compress program:setup machine:generate preprocessed traces: generated preprocessed trace for chip MemoryConst in 43.451471ms
2025-10-28T18:29:51.705279Z DEBUG compress:prove:batch:Setup compress program:setup machine:generate preprocessed traces: generated preprocessed trace for chip BaseAlu in 51.29452ms
2025-10-28T18:29:51.721652Z DEBUG compress:prove:batch:Setup compress program:setup machine:generate preprocessed traces: generated preprocessed trace for chip MemoryVar in 67.536557ms
2025-10-28T18:29:51.725092Z DEBUG fixed log2 rows can be potentially reduced: got 213200, expected 2097152
2025-10-28T18:29:51.766846Z DEBUG compress:prove:batch:Setup compress program:setup machine:generate preprocessed traces: generated preprocessed trace for chip Poseidon2WideDeg3 in 112.830882ms
2025-10-28T18:29:52.075883Z DEBUG compress:prove:batch:Setup compress program:setup machine:generate preprocessed traces: generated preprocessed trace for chip BatchFRI in 421.833984ms
2025-10-28T18:29:52.097654Z DEBUG compress:prove:batch:Setup compress program:setup machine:generate preprocessed traces: generated preprocessed trace for chip ExtAlu in 443.590079ms
2025-10-28T18:29:52.358633Z DEBUG compress:generate records and traces:execute runtime: close time.busy=673ms time.idle=279µs
2025-10-28T18:29:52.358902Z DEBUG compress:generate records and traces:generate dependencies:register nonces: close time.busy=1.56µs time.idle=4.94µs
2025-10-28T18:29:52.359023Z DEBUG compress:generate records and traces:generate dependencies: close time.busy=153µs time.idle=4.79µs
2025-10-28T18:29:53.339264Z DEBUG fixed log2 rows can be potentially reduced: got 471504, expected 1048576
2025-10-28T18:29:53.339284Z DEBUG compress:generate records and traces:generate traces:generate traces for shard: generated trace for chip PublicValues in 38.088µs
2025-10-28T18:29:53.339808Z DEBUG compress:generate records and traces:generate traces:generate traces for shard: generated trace for chip MemoryConst in 562.596µs
2025-10-28T18:29:53.344892Z DEBUG compress:generate records and traces:generate traces:generate traces for shard: generated trace for chip BaseAlu in 5.647423ms
2025-10-28T18:29:53.347245Z DEBUG fixed log2 rows can be potentially reduced: got 346512, expected 1048576
2025-10-28T18:29:53.349761Z DEBUG generate batch fri trace: fixed log2 rows can be potentially reduced: got 213200, expected 2097152 rows=213200
2025-10-28T18:29:53.367543Z DEBUG compress:generate records and traces:generate traces:generate traces for shard: generated trace for chip Select in 28.293335ms
2025-10-28T18:29:53.386812Z DEBUG generate exp reverse bits len trace: close time.busy=47.5ms time.idle=7.27µs rows=9200
2025-10-28T18:29:53.386876Z DEBUG compress:generate records and traces:generate traces:generate traces for shard: generated trace for chip ExpReverseBitsLen in 47.63321ms
2025-10-28T18:29:53.480187Z DEBUG compress:generate records and traces:generate traces:generate traces for shard: generated trace for chip MemoryVar in 140.938434ms
2025-10-28T18:29:53.534732Z DEBUG compress:generate records and traces:generate traces:generate traces for shard: generated trace for chip ExtAlu in 195.484958ms
2025-10-28T18:29:53.939394Z DEBUG generate batch fri trace: close time.busy=600ms time.idle=7.87µs rows=213200
2025-10-28T18:29:53.939490Z DEBUG compress:generate records and traces:generate traces:generate traces for shard: generated trace for chip BatchFRI in 600.245968ms
2025-10-28T18:29:54.074683Z DEBUG generate poseidon2 wide trace: close time.busy=735ms time.idle=14.4µs rows=90000
2025-10-28T18:29:54.074737Z DEBUG compress:generate records and traces:generate traces:generate traces for shard: generated trace for chip Poseidon2WideDeg3 in 735.480567ms
2025-10-28T18:29:54.074835Z DEBUG compress:generate records and traces:generate traces:generate traces for shard: close time.busy=1.72s time.idle=4.19µs
2025-10-28T18:29:54.074866Z DEBUG compress:generate records and traces:generate traces: close time.busy=1.72s time.idle=4.84µs
2025-10-28T18:29:57.718120Z DEBUG compress:prove:batch:commit: close time.busy=8.83s time.idle=5.01µs
2025-10-28T18:29:59.127081Z DEBUG compress:prove:batch:open:generate permutation traces: close time.busy=1.41s time.idle=5.21µs
2025-10-28T18:29:59.127151Z DEBUG compress:prove:batch:open: BatchFRI        | Main Cols = 13    | Pre Cols = 6      | Perm Cols = 12    | Rows = 524288 | Cells = 16252928  
2025-10-28T18:29:59.127165Z DEBUG compress:prove:batch:open: MemoryVar       | Main Cols = 8     | Pre Cols = 4      | Perm Cols = 8     | Rows = 524288 | Cells = 10485760  
2025-10-28T18:29:59.127175Z DEBUG compress:prove:batch:open: Select          | Main Cols = 5     | Pre Cols = 8      | Perm Cols = 16    | Rows = 524288 | Cells = 15204352  
2025-10-28T18:29:59.127184Z DEBUG compress:prove:batch:open: ExpReverseBitsLen | Main Cols = 7     | Pre Cols = 10     | Perm Cols = 12    | Rows = 262144 | Cells = 7602176   
2025-10-28T18:29:59.127193Z DEBUG compress:prove:batch:open: MemoryConst     | Main Cols = 1     | Pre Cols = 12     | Perm Cols = 8     | Rows = 131072 | Cells = 2752512   
2025-10-28T18:29:59.127204Z DEBUG compress:prove:batch:open: Poseidon2WideDeg3 | Main Cols = 313   | Pre Cols = 49     | Perm Cols = 68    | Rows = 131072 | Cells = 56360960  
2025-10-28T18:29:59.127213Z DEBUG compress:prove:batch:open: BaseAlu         | Main Cols = 12    | Pre Cols = 32     | Perm Cols = 28    | Rows = 65536 | Cells = 4718592   
2025-10-28T18:29:59.127222Z DEBUG compress:prove:batch:open: ExtAlu          | Main Cols = 48    | Pre Cols = 32     | Perm Cols = 28    | Rows = 65536 | Cells = 7077888   
2025-10-28T18:29:59.127231Z DEBUG compress:prove:batch:open: PublicValues    | Main Cols = 1     | Pre Cols = 10     | Perm Cols = 8     | Rows = 16    | Cells = 304       
2025-10-28T18:29:59.661749Z DEBUG compress:prove:batch:open:flatten permutation traces and collect domains: close time.busy=534ms time.idle=5.72µs
2025-10-28T18:30:04.556394Z DEBUG compress:prove:batch:open:commit to permutation traces: close time.busy=4.89s time.idle=9.11µs
2025-10-28T18:30:04.557261Z DEBUG compress:prove:batch:open:compute quotient values:compute quotient values for domain: close time.busy=437µs time.idle=4.90µs
2025-10-28T18:30:07.344874Z DEBUG compress:prove:batch:open:compute quotient values:compute quotient values for domain: close time.busy=2.79s time.idle=7.07µs
2025-10-28T18:30:07.408623Z DEBUG compress:prove:batch:open:compute quotient values:compute quotient values for domain: close time.busy=2.85s time.idle=7.88µs
2025-10-28T18:30:14.160349Z DEBUG compress:prove:batch:open:compute quotient values:compute quotient values for domain: close time.busy=9.60s time.idle=6.97µs
2025-10-28T18:30:14.166129Z DEBUG compress:prove:batch:open:compute quotient values:compute quotient values for domain: close time.busy=9.61s time.idle=7.15µs
2025-10-28T18:30:14.254796Z DEBUG compress:prove:batch:open:compute quotient values:compute quotient values for domain: close time.busy=9.70s time.idle=6.08µs
2025-10-28T18:30:14.276953Z DEBUG compress:prove:batch:open:compute quotient values:compute quotient values for domain: close time.busy=9.72s time.idle=24.5µs
2025-10-28T18:30:14.287383Z DEBUG compress:prove:batch:open:compute quotient values:compute quotient values for domain: close time.busy=9.73s time.idle=5.58µs
2025-10-28T18:30:16.412345Z DEBUG compress:prove:batch:open:compute quotient values:compute quotient values for domain: close time.busy=11.9s time.idle=5.40µs
2025-10-28T18:30:18.199499Z DEBUG compress:prove:batch:Setup compress program:setup machine:commit to preprocessed traces: close time.busy=25.6s time.idle=14.9µs
2025-10-28T18:30:18.199642Z DEBUG compress:prove:batch:Setup compress program:setup machine:generate preprocessed traces: close time.busy=444ms time.idle=26.1s
2025-10-28T18:30:18.199664Z DEBUG compress:prove:batch:Setup compress program:setup machine: close time.busy=26.5s time.idle=4.18µs
2025-10-28T18:30:18.199700Z DEBUG compress:prove:batch:Setup compress program: close time.busy=26.5s time.idle=23.5µs
2025-10-28T18:30:18.199768Z DEBUG compress:prove:batch:observe proving key: close time.busy=15.9µs time.idle=4.93µs
2025-10-28T18:30:21.747327Z DEBUG compress:prove:batch:open:commit to quotient traces: close time.busy=3.63s time.idle=8.71µs
2025-10-28T18:30:21.747457Z DEBUG compress:prove:batch:open:compute preprocessed opening points: close time.busy=5.94µs time.idle=5.33µs
2025-10-28T18:30:21.747499Z DEBUG compress:prove:batch:open:compute main trace opening points: close time.busy=18.5µs time.idle=3.86µs
2025-10-28T18:30:21.747523Z DEBUG compress:prove:batch:open:compute permutation trace opening points: close time.busy=4.59µs time.idle=2.30µs
2025-10-28T18:30:40.444059Z DEBUG compress:prove:batch:commit: close time.busy=22.2s time.idle=4.92µs
2025-10-28T18:30:44.489470Z DEBUG compress:prove:batch:open:generate permutation traces: close time.busy=4.05s time.idle=5.55µs
2025-10-28T18:30:44.489547Z DEBUG compress:prove:batch:open: BatchFRI        | Main Cols = 13    | Pre Cols = 6      | Perm Cols = 12    | Rows = 2097152 | Cells = 65011712  
2025-10-28T18:30:44.489577Z DEBUG compress:prove:batch:open: MemoryVar       | Main Cols = 8     | Pre Cols = 4      | Perm Cols = 8     | Rows = 1048576 | Cells = 20971520  
2025-10-28T18:30:44.489590Z DEBUG compress:prove:batch:open: Select          | Main Cols = 5     | Pre Cols = 8      | Perm Cols = 16    | Rows = 1048576 | Cells = 30408704  
2025-10-28T18:30:44.489602Z DEBUG compress:prove:batch:open: ExtAlu          | Main Cols = 48    | Pre Cols = 32     | Perm Cols = 28    | Rows = 524288 | Cells = 56623104  
2025-10-28T18:30:44.489614Z DEBUG compress:prove:batch:open: ExpReverseBitsLen | Main Cols = 7     | Pre Cols = 10     | Perm Cols = 12    | Rows = 262144 | Cells = 7602176   
2025-10-28T18:30:44.489626Z DEBUG compress:prove:batch:open: MemoryConst     | Main Cols = 1     | Pre Cols = 12     | Perm Cols = 8     | Rows = 262144 | Cells = 5505024   
2025-10-28T18:30:44.489643Z DEBUG compress:prove:batch:open: Poseidon2WideDeg3 | Main Cols = 313   | Pre Cols = 49     | Perm Cols = 68    | Rows = 262144 | Cells = 112721920 
2025-10-28T18:30:44.489655Z DEBUG compress:prove:batch:open: BaseAlu         | Main Cols = 12    | Pre Cols = 32     | Perm Cols = 28    | Rows = 65536 | Cells = 4718592   
2025-10-28T18:30:44.489668Z DEBUG compress:prove:batch:open: PublicValues    | Main Cols = 1     | Pre Cols = 10     | Perm Cols = 8     | Rows = 16    | Cells = 304       
2025-10-28T18:30:46.539375Z DEBUG compress:prove:batch:open:flatten permutation traces and collect domains: close time.busy=2.05s time.idle=6.74µs
2025-10-28T18:30:47.207112Z DEBUG compress:prove:batch:open:open multi batches: close time.busy=25.5s time.idle=4.89µs
2025-10-28T18:30:47.207289Z DEBUG compress:prove:batch:open:compute quotient values: close time.busy=13.2s time.idle=29.5s
2025-10-28T18:30:47.478473Z DEBUG compress:prove:batch:open: close time.busy=49.8s time.idle=8.46µs
2025-10-28T18:30:47.478709Z DEBUG compress:prove:batch: close time.busy=63.2s time.idle=6.84µs
2025-10-28T18:30:47.524288Z DEBUG compress:generate records and traces:get program and witness stream: close time.busy=43.8ms time.idle=12.1µs
2025-10-28T18:30:47.596816Z DEBUG compress:prove:batch:Setup compress program:setup machine:generate preprocessed traces: generated preprocessed trace for chip PublicValues in 116.055371ms
2025-10-28T18:30:47.605186Z DEBUG compress:prove:batch:Setup compress program:setup machine:generate preprocessed traces: generated preprocessed trace for chip MemoryConst in 124.667389ms
2025-10-28T18:30:47.606025Z DEBUG compress:prove:batch:Setup compress program:setup machine:generate preprocessed traces: generated preprocessed trace for chip ExpReverseBitsLen in 125.272998ms
2025-10-28T18:30:47.611014Z DEBUG compress:prove:batch:Setup compress program:setup machine:generate preprocessed traces: generated preprocessed trace for chip Select in 130.263243ms
2025-10-28T18:30:47.611609Z DEBUG compress:prove:batch:Setup compress program:setup machine:generate preprocessed traces: generated preprocessed trace for chip MemoryVar in 130.915778ms
2025-10-28T18:30:47.611603Z DEBUG compress:prove:batch:Setup compress program:setup machine:generate preprocessed traces: generated preprocessed trace for chip BaseAlu in 130.951823ms
2025-10-28T18:30:47.642246Z DEBUG fixed log2 rows can be potentially reduced: got 213200, expected 2097152
2025-10-28T18:30:47.718775Z DEBUG compress:prove:batch:Setup compress program:setup machine:generate preprocessed traces: generated preprocessed trace for chip Poseidon2WideDeg3 in 238.17093ms
2025-10-28T18:30:47.844522Z DEBUG compress:prove:batch:Setup compress program:setup machine:generate preprocessed traces: generated preprocessed trace for chip BatchFRI in 363.79939ms
2025-10-28T18:30:48.063159Z DEBUG compress:prove:batch:Setup compress program:setup machine:generate preprocessed traces: generated preprocessed trace for chip ExtAlu in 582.131745ms
2025-10-28T18:30:48.260779Z DEBUG compress:generate records and traces:execute runtime: close time.busy=736ms time.idle=8.19µs
2025-10-28T18:30:48.261314Z DEBUG compress:generate records and traces:generate dependencies:register nonces: close time.busy=1.51µs time.idle=4.63µs
2025-10-28T18:30:48.261622Z DEBUG compress:generate records and traces:generate dependencies: close time.busy=346µs time.idle=5.95µs
2025-10-28T18:30:48.262193Z DEBUG fixed log2 rows can be potentially reduced: got 471504, expected 1048576
2025-10-28T18:30:48.262324Z DEBUG compress:generate records and traces:generate traces:generate traces for shard: generated trace for chip PublicValues in 32.52µs
2025-10-28T18:30:48.262684Z DEBUG compress:generate records and traces:generate traces:generate traces for shard: generated trace for chip MemoryConst in 604.41µs
2025-10-28T18:30:48.264100Z DEBUG compress:generate records and traces:generate traces:generate traces for shard: generated trace for chip BaseAlu in 1.810933ms
2025-10-28T18:30:48.269705Z DEBUG compress:generate records and traces:generate traces:generate traces for shard: generated trace for chip Select in 7.510868ms
2025-10-28T18:30:48.271649Z DEBUG generate batch fri trace: fixed log2 rows can be potentially reduced: got 213200, expected 2097152 rows=213200
2025-10-28T18:30:48.273256Z DEBUG fixed log2 rows can be potentially reduced: got 346512, expected 1048576
2025-10-28T18:30:48.302652Z DEBUG generate exp reverse bits len trace: close time.busy=40.4ms time.idle=5.98µs rows=9200
2025-10-28T18:30:48.302735Z DEBUG compress:generate records and traces:generate traces:generate traces for shard: generated trace for chip ExpReverseBitsLen in 40.483262ms
2025-10-28T18:30:48.386791Z DEBUG compress:generate records and traces:generate traces:generate traces for shard: generated trace for chip MemoryVar in 120.186529ms
2025-10-28T18:30:48.414813Z DEBUG compress:generate records and traces:generate traces:generate traces for shard: generated trace for chip ExtAlu in 152.51906ms
2025-10-28T18:30:48.642071Z DEBUG generate batch fri trace: close time.busy=380ms time.idle=7.52µs rows=213200
2025-10-28T18:30:48.642135Z DEBUG compress:generate records and traces:generate traces:generate traces for shard: generated trace for chip BatchFRI in 379.914215ms
2025-10-28T18:30:49.201024Z DEBUG generate poseidon2 wide trace: close time.busy=939ms time.idle=7.18µs rows=90000
2025-10-28T18:30:49.201078Z DEBUG compress:generate records and traces:generate traces:generate traces for shard: generated trace for chip Poseidon2WideDeg3 in 938.764061ms
2025-10-28T18:30:49.201661Z DEBUG compress:generate records and traces:generate traces:generate traces for shard: close time.busy=940ms time.idle=4.45µs
2025-10-28T18:30:49.201708Z DEBUG compress:generate records and traces:generate traces: close time.busy=940ms time.idle=4.38µs
2025-10-28T18:31:07.298364Z DEBUG compress:prove:batch:open:commit to permutation traces: close time.busy=20.8s time.idle=8.52µs
2025-10-28T18:31:07.298364Z DEBUG compress:prove:batch:Setup compress program:setup machine:commit to preprocessed traces: close time.busy=19.0s time.idle=10.4µs
2025-10-28T18:31:07.298719Z DEBUG compress:prove:batch:Setup compress program:setup machine:generate preprocessed traces: close time.busy=589ms time.idle=19.2s
2025-10-28T18:31:07.298746Z DEBUG compress:prove:batch:Setup compress program:setup machine: close time.busy=19.8s time.idle=9.16µs
2025-10-28T18:31:07.298765Z DEBUG compress:prove:batch:Setup compress program: close time.busy=19.8s time.idle=3.79µs
2025-10-28T18:31:07.298842Z DEBUG compress:prove:batch:observe proving key: close time.busy=16.4µs time.idle=3.97µs
2025-10-28T18:31:07.299289Z DEBUG compress:prove:batch:open:compute quotient values:compute quotient values for domain: close time.busy=365µs time.idle=4.81µs
2025-10-28T18:31:09.014020Z DEBUG compress:prove:batch:open:compute quotient values:compute quotient values for domain: close time.busy=1.72s time.idle=5.97µs
2025-10-28T18:31:09.014826Z DEBUG compress:prove:batch:open:compute quotient values:compute quotient values for domain: close time.busy=1.72s time.idle=5.63µs
2025-10-28T18:31:09.017271Z DEBUG compress:prove:batch:open:compute quotient values:compute quotient values for domain: close time.busy=1.72s time.idle=4.53µs
2025-10-28T18:31:26.312507Z DEBUG compress:prove:batch:open:compute quotient values:compute quotient values for domain: close time.busy=19.0s time.idle=6.19µs
2025-10-28T18:31:26.337265Z DEBUG compress:prove:batch:open:compute quotient values:compute quotient values for domain: close time.busy=19.0s time.idle=6.13µs
2025-10-28T18:31:26.344472Z DEBUG compress:prove:batch:open:compute quotient values:compute quotient values for domain: close time.busy=19.0s time.idle=5.38µs
2025-10-28T18:31:26.370258Z DEBUG compress:prove:batch:open:compute quotient values:compute quotient values for domain: close time.busy=19.1s time.idle=6.35µs
2025-10-28T18:31:26.386301Z DEBUG compress:prove:batch:open:compute quotient values:compute quotient values for domain: close time.busy=19.1s time.idle=7.35µs
2025-10-28T18:31:50.736486Z DEBUG compress:prove:batch:open:commit to quotient traces: close time.busy=23.4s time.idle=9.00µs
2025-10-28T18:31:50.736581Z DEBUG compress:prove:batch:commit: close time.busy=43.4s time.idle=4.05µs
2025-10-28T18:31:50.736641Z DEBUG compress:prove:batch:open:compute preprocessed opening points: close time.busy=8.77µs time.idle=5.18µs
2025-10-28T18:31:50.736675Z DEBUG compress:prove:batch:open:compute main trace opening points: close time.busy=7.71µs time.idle=2.93µs
2025-10-28T18:31:50.736720Z DEBUG compress:prove:batch:open:compute permutation trace opening points: close time.busy=22.8µs time.idle=3.08µs
2025-10-28T18:31:55.091640Z DEBUG compress:prove:batch:open:generate permutation traces: close time.busy=4.35s time.idle=10.2µs
2025-10-28T18:31:55.091710Z DEBUG compress:prove:batch:open: BatchFRI        | Main Cols = 13    | Pre Cols = 6      | Perm Cols = 12    | Rows = 2097152 | Cells = 65011712  
2025-10-28T18:31:55.091725Z DEBUG compress:prove:batch:open: MemoryVar       | Main Cols = 8     | Pre Cols = 4      | Perm Cols = 8     | Rows = 1048576 | Cells = 20971520  
2025-10-28T18:31:55.091734Z DEBUG compress:prove:batch:open: Select          | Main Cols = 5     | Pre Cols = 8      | Perm Cols = 16    | Rows = 1048576 | Cells = 30408704  
2025-10-28T18:31:55.091744Z DEBUG compress:prove:batch:open: ExtAlu          | Main Cols = 48    | Pre Cols = 32     | Perm Cols = 28    | Rows = 524288 | Cells = 56623104  
2025-10-28T18:31:55.091753Z DEBUG compress:prove:batch:open: ExpReverseBitsLen | Main Cols = 7     | Pre Cols = 10     | Perm Cols = 12    | Rows = 262144 | Cells = 7602176   
2025-10-28T18:31:55.091763Z DEBUG compress:prove:batch:open: MemoryConst     | Main Cols = 1     | Pre Cols = 12     | Perm Cols = 8     | Rows = 262144 | Cells = 5505024   
2025-10-28T18:31:55.091774Z DEBUG compress:prove:batch:open: Poseidon2WideDeg3 | Main Cols = 313   | Pre Cols = 49     | Perm Cols = 68    | Rows = 262144 | Cells = 112721920 
2025-10-28T18:31:55.091783Z DEBUG compress:prove:batch:open: BaseAlu         | Main Cols = 12    | Pre Cols = 32     | Perm Cols = 28    | Rows = 65536 | Cells = 4718592   
2025-10-28T18:31:55.091792Z DEBUG compress:prove:batch:open: PublicValues    | Main Cols = 1     | Pre Cols = 10     | Perm Cols = 8     | Rows = 16    | Cells = 304       
2025-10-28T18:31:56.492979Z DEBUG compress:prove:batch:open:flatten permutation traces and collect domains: close time.busy=1.40s time.idle=6.16µs
2025-10-28T18:32:10.035196Z DEBUG compress:prove:batch:open:commit to permutation traces: close time.busy=13.5s time.idle=14.5µs
2025-10-28T18:32:10.036198Z DEBUG compress:prove:batch:open:compute quotient values:compute quotient values for domain: close time.busy=287µs time.idle=4.96µs
2025-10-28T18:32:23.437994Z DEBUG compress:prove:batch:open:compute quotient values:compute quotient values for domain: close time.busy=13.4s time.idle=8.45µs
2025-10-28T18:32:23.443638Z DEBUG compress:prove:batch:open:compute quotient values:compute quotient values for domain: close time.busy=13.4s time.idle=4.73µs
2025-10-28T18:32:23.449568Z DEBUG compress:prove:batch:open:compute quotient values:compute quotient values for domain: close time.busy=13.4s time.idle=6.21µs
2025-10-28T18:32:23.788498Z DEBUG compress:prove:batch:open:compute quotient values:compute quotient values for domain: close time.busy=13.8s time.idle=6.24µs
2025-10-28T18:32:23.823134Z DEBUG compress:prove:batch:open:compute quotient values:compute quotient values for domain: close time.busy=13.8s time.idle=7.42µs
2025-10-28T18:32:23.830007Z DEBUG compress:prove:batch:open:compute quotient values:compute quotient values for domain: close time.busy=13.8s time.idle=7.09µs
2025-10-28T18:32:23.876821Z DEBUG compress:prove:batch:open:compute quotient values:compute quotient values for domain: close time.busy=13.8s time.idle=6.49µs
2025-10-28T18:32:29.605716Z DEBUG compress:prove:batch:open:compute quotient values:compute quotient values for domain: close time.busy=19.6s time.idle=7.87µs
2025-10-28T18:32:40.215574Z DEBUG compress:prove:batch:open:commit to quotient traces: close time.busy=9.69s time.idle=9.03µs
2025-10-28T18:32:40.215664Z DEBUG compress:prove:batch:open:compute preprocessed opening points: close time.busy=12.9µs time.idle=4.04µs
2025-10-28T18:32:40.215693Z DEBUG compress:prove:batch:open:compute main trace opening points: close time.busy=8.32µs time.idle=2.21µs
2025-10-28T18:32:40.215712Z DEBUG compress:prove:batch:open:compute permutation trace opening points: close time.busy=4.40µs time.idle=2.21µs
2025-10-28T18:32:48.651261Z DEBUG compress:prove:batch:open:open multi batches: close time.busy=57.9s time.idle=5.11µs
2025-10-28T18:32:48.706958Z DEBUG compress:prove:batch:open:compute quotient values: close time.busy=19.1s time.idle=82.3s
2025-10-28T18:32:49.448188Z DEBUG compress:prove:batch:open: close time.busy=129s time.idle=6.16µs
2025-10-28T18:32:49.592976Z DEBUG compress:prove:batch: close time.busy=178s time.idle=8.60µs
2025-10-28T18:32:49.635467Z DEBUG compress:generate records and traces:get program and witness stream: close time.busy=40.5ms time.idle=10.3µs
2025-10-28T18:32:49.831727Z DEBUG compress:prove:batch:Setup compress program:setup machine:generate preprocessed traces: generated preprocessed trace for chip PublicValues in 233.03403ms
2025-10-28T18:32:49.843162Z DEBUG compress:prove:batch:Setup compress program:setup machine:generate preprocessed traces: generated preprocessed trace for chip ExpReverseBitsLen in 244.544402ms
2025-10-28T18:32:49.847286Z DEBUG compress:prove:batch:Setup compress program:setup machine:generate preprocessed traces: generated preprocessed trace for chip BaseAlu in 252.011353ms
2025-10-28T18:32:49.854758Z DEBUG compress:prove:batch:Setup compress program:setup machine:generate preprocessed traces: generated preprocessed trace for chip MemoryVar in 259.33217ms
2025-10-28T18:32:49.892984Z DEBUG compress:prove:batch:Setup compress program:setup machine:generate preprocessed traces: generated preprocessed trace for chip MemoryConst in 297.875903ms
2025-10-28T18:32:49.902235Z DEBUG fixed log2 rows can be potentially reduced: got 213200, expected 2097152
2025-10-28T18:32:49.927232Z DEBUG compress:prove:batch:Setup compress program:setup machine:generate preprocessed traces: generated preprocessed trace for chip Select in 328.658872ms
2025-10-28T18:32:49.942932Z DEBUG compress:prove:batch:Setup compress program:setup machine:generate preprocessed traces: generated preprocessed trace for chip Poseidon2WideDeg3 in 347.715116ms
2025-10-28T18:32:49.972264Z DEBUG compress:prove:batch:Setup compress program:setup machine:generate preprocessed traces: generated preprocessed trace for chip ExtAlu in 376.944629ms
2025-10-28T18:32:50.102260Z DEBUG compress:prove:batch:Setup compress program:setup machine:generate preprocessed traces: generated preprocessed trace for chip BatchFRI in 506.865042ms
2025-10-28T18:32:50.229055Z DEBUG compress:generate records and traces:execute runtime: close time.busy=594ms time.idle=6.82µs
2025-10-28T18:32:50.229186Z DEBUG compress:generate records and traces:generate dependencies:register nonces: close time.busy=1.20µs time.idle=3.76µs
2025-10-28T18:32:50.229203Z DEBUG compress:generate records and traces:generate dependencies: close time.busy=45.2µs time.idle=5.35µs
2025-10-28T18:32:50.229647Z DEBUG fixed log2 rows can be potentially reduced: got 471504, expected 1048576
2025-10-28T18:32:50.229715Z DEBUG compress:generate records and traces:generate traces:generate traces for shard: generated trace for chip PublicValues in 12.183µs
2025-10-28T18:32:50.230571Z DEBUG compress:generate records and traces:generate traces:generate traces for shard: generated trace for chip MemoryConst in 1.166632ms
2025-10-28T18:32:50.236901Z DEBUG compress:generate records and traces:generate traces:generate traces for shard: generated trace for chip BaseAlu in 6.805979ms
2025-10-28T18:32:50.237921Z DEBUG generate batch fri trace: fixed log2 rows can be potentially reduced: got 213200, expected 2097152 rows=213200
2025-10-28T18:32:50.255358Z DEBUG compress:generate records and traces:generate traces:generate traces for shard: generated trace for chip Select in 25.7383ms
2025-10-28T18:32:50.271993Z DEBUG fixed log2 rows can be potentially reduced: got 346512, expected 1048576
2025-10-28T18:32:50.286903Z DEBUG generate exp reverse bits len trace: close time.busy=57.2ms time.idle=8.31µs rows=9200
2025-10-28T18:32:50.286978Z DEBUG compress:generate records and traces:generate traces:generate traces for shard: generated trace for chip ExpReverseBitsLen in 57.329961ms
2025-10-28T18:32:50.569145Z DEBUG compress:generate records and traces:generate traces:generate traces for shard: generated trace for chip ExtAlu in 338.991189ms
2025-10-28T18:32:50.577388Z DEBUG compress:generate records and traces:generate traces:generate traces for shard: generated trace for chip MemoryVar in 347.606482ms
2025-10-28T18:32:50.800805Z DEBUG generate batch fri trace: close time.busy=571ms time.idle=7.08µs rows=213200
2025-10-28T18:32:50.800899Z DEBUG compress:generate records and traces:generate traces:generate traces for shard: generated trace for chip BatchFRI in 571.142089ms
2025-10-28T18:32:51.069418Z DEBUG generate poseidon2 wide trace: close time.busy=840ms time.idle=5.88µs rows=90000
2025-10-28T18:32:51.069516Z DEBUG compress:generate records and traces:generate traces:generate traces for shard: generated trace for chip Poseidon2WideDeg3 in 840.023742ms
2025-10-28T18:32:51.076382Z DEBUG compress:generate records and traces:generate traces:generate traces for shard: close time.busy=847ms time.idle=4.21µs
2025-10-28T18:32:51.076465Z DEBUG compress:generate records and traces:generate traces: close time.busy=847ms time.idle=5.35µs
2025-10-28T18:33:00.984946Z DEBUG compress:prove:batch:Setup compress program:setup machine:commit to preprocessed traces: close time.busy=10.4s time.idle=8.23µs
2025-10-28T18:33:00.985119Z DEBUG compress:prove:batch:Setup compress program:setup machine:generate preprocessed traces: close time.busy=573ms time.idle=10.8s
2025-10-28T18:33:00.985144Z DEBUG compress:prove:batch:Setup compress program:setup machine: close time.busy=11.4s time.idle=3.33µs
2025-10-28T18:33:00.985167Z DEBUG compress:prove:batch:Setup compress program: close time.busy=11.4s time.idle=3.39µs
2025-10-28T18:33:00.985216Z DEBUG compress:prove:batch:observe proving key: close time.busy=15.9µs time.idle=4.24µs
2025-10-28T18:33:24.660926Z DEBUG compress:prove:batch:commit: close time.busy=23.7s time.idle=5.24µs
2025-10-28T18:33:28.893509Z DEBUG compress:prove:batch:open:generate permutation traces: close time.busy=4.23s time.idle=13.3µs
2025-10-28T18:33:28.893596Z DEBUG compress:prove:batch:open: BatchFRI        | Main Cols = 13    | Pre Cols = 6      | Perm Cols = 12    | Rows = 2097152 | Cells = 65011712  
2025-10-28T18:33:28.893621Z DEBUG compress:prove:batch:open: MemoryVar       | Main Cols = 8     | Pre Cols = 4      | Perm Cols = 8     | Rows = 1048576 | Cells = 20971520  
2025-10-28T18:33:28.893638Z DEBUG compress:prove:batch:open: Select          | Main Cols = 5     | Pre Cols = 8      | Perm Cols = 16    | Rows = 1048576 | Cells = 30408704  
2025-10-28T18:33:28.893652Z DEBUG compress:prove:batch:open: ExtAlu          | Main Cols = 48    | Pre Cols = 32     | Perm Cols = 28    | Rows = 524288 | Cells = 56623104  
2025-10-28T18:33:28.893669Z DEBUG compress:prove:batch:open: ExpReverseBitsLen | Main Cols = 7     | Pre Cols = 10     | Perm Cols = 12    | Rows = 262144 | Cells = 7602176   
2025-10-28T18:33:28.893683Z DEBUG compress:prove:batch:open: MemoryConst     | Main Cols = 1     | Pre Cols = 12     | Perm Cols = 8     | Rows = 262144 | Cells = 5505024   
2025-10-28T18:33:28.893700Z DEBUG compress:prove:batch:open: Poseidon2WideDeg3 | Main Cols = 313   | Pre Cols = 49     | Perm Cols = 68    | Rows = 262144 | Cells = 112721920 
2025-10-28T18:33:28.893713Z DEBUG compress:prove:batch:open: BaseAlu         | Main Cols = 12    | Pre Cols = 32     | Perm Cols = 28    | Rows = 65536 | Cells = 4718592   
2025-10-28T18:33:28.893725Z DEBUG compress:prove:batch:open: PublicValues    | Main Cols = 1     | Pre Cols = 10     | Perm Cols = 8     | Rows = 16    | Cells = 304       
2025-10-28T18:33:30.148545Z DEBUG compress:prove:batch:open:open multi batches: close time.busy=49.9s time.idle=4.34µs
2025-10-28T18:33:30.205362Z DEBUG compress:prove:batch:open:compute quotient values: close time.busy=19.6s time.idle=60.6s
2025-10-28T18:33:30.919214Z DEBUG compress:prove:batch:open: close time.busy=100s time.idle=5.09µs
2025-10-28T18:33:31.106993Z DEBUG compress:prove:batch:open:flatten permutation traces and collect domains: close time.busy=2.21s time.idle=6.32µs
2025-10-28T18:33:31.116585Z DEBUG compress:prove:batch: close time.busy=164s time.idle=9.15µs
2025-10-28T18:33:31.155529Z DEBUG compress:generate records and traces:get program and witness stream: close time.busy=31.9ms time.idle=20.8µs
2025-10-28T18:33:31.402301Z DEBUG compress:prove:batch:Setup compress program:setup machine:generate preprocessed traces: generated preprocessed trace for chip PublicValues in 267.014526ms
2025-10-28T18:33:31.414326Z DEBUG compress:prove:batch:Setup compress program:setup machine:generate preprocessed traces: generated preprocessed trace for chip MemoryConst in 279.046782ms
2025-10-28T18:33:31.419733Z DEBUG compress:prove:batch:Setup compress program:setup machine:generate preprocessed traces: generated preprocessed trace for chip BaseAlu in 284.451355ms
2025-10-28T18:33:31.456413Z DEBUG fixed log2 rows can be potentially reduced: got 213200, expected 2097152
2025-10-28T18:33:31.457272Z DEBUG compress:prove:batch:Setup compress program:setup machine:generate preprocessed traces: generated preprocessed trace for chip ExpReverseBitsLen in 321.992825ms
2025-10-28T18:33:31.473851Z DEBUG compress:prove:batch:Setup compress program:setup machine:generate preprocessed traces: generated preprocessed trace for chip Select in 338.567783ms
2025-10-28T18:33:31.477173Z DEBUG compress:prove:batch:Setup compress program:setup machine:generate preprocessed traces: generated preprocessed trace for chip MemoryVar in 341.893424ms
2025-10-28T18:33:31.502275Z DEBUG compress:prove:batch:Setup compress program:setup machine:generate preprocessed traces: generated preprocessed trace for chip Poseidon2WideDeg3 in 366.992311ms
2025-10-28T18:33:31.516067Z DEBUG compress:prove:batch:Setup compress program:setup machine:generate preprocessed traces: generated preprocessed trace for chip ExtAlu in 380.784861ms
2025-10-28T18:33:31.643255Z DEBUG compress:prove:batch:Setup compress program:setup machine:generate preprocessed traces: generated preprocessed trace for chip BatchFRI in 507.972993ms
2025-10-28T18:33:32.034331Z DEBUG compress:generate records and traces:execute runtime: close time.busy=879ms time.idle=9.04µs
2025-10-28T18:33:32.034551Z DEBUG compress:generate records and traces:generate dependencies:register nonces: close time.busy=1.60µs time.idle=4.95µs
2025-10-28T18:33:32.034574Z DEBUG compress:generate records and traces:generate dependencies: close time.busy=106µs time.idle=47.9µs
2025-10-28T18:33:32.035128Z DEBUG fixed log2 rows can be potentially reduced: got 510704, expected 1048576
2025-10-28T18:33:32.035149Z DEBUG compress:generate records and traces:generate traces:generate traces for shard: generated trace for chip PublicValues in 25.305µs
2025-10-28T18:33:32.035177Z DEBUG compress:generate records and traces:generate traces:generate traces for shard: generated trace for chip MemoryConst in 387.029µs
2025-10-28T18:33:32.037225Z DEBUG compress:generate records and traces:generate traces:generate traces for shard: generated trace for chip BaseAlu in 2.287395ms
2025-10-28T18:33:32.041265Z DEBUG generate batch fri trace: fixed log2 rows can be potentially reduced: got 213200, expected 2097152 rows=213200
2025-10-28T18:33:32.041705Z DEBUG fixed log2 rows can be potentially reduced: got 367020, expected 1048576
2025-10-28T18:33:32.046443Z DEBUG compress:generate records and traces:generate traces:generate traces for shard: generated trace for chip Select in 11.302806ms
2025-10-28T18:33:32.093766Z DEBUG generate exp reverse bits len trace: close time.busy=58.6ms time.idle=7.63µs rows=9200
2025-10-28T18:33:32.093861Z DEBUG compress:generate records and traces:generate traces:generate traces for shard: generated trace for chip ExpReverseBitsLen in 58.739009ms
2025-10-28T18:33:32.152742Z DEBUG compress:generate records and traces:generate traces:generate traces for shard: generated trace for chip MemoryVar in 117.758821ms
2025-10-28T18:33:32.203523Z DEBUG compress:generate records and traces:generate traces:generate traces for shard: generated trace for chip ExtAlu in 168.554558ms
2025-10-28T18:33:32.512627Z DEBUG generate batch fri trace: close time.busy=478ms time.idle=6.89µs rows=213200
2025-10-28T18:33:32.512700Z DEBUG compress:generate records and traces:generate traces:generate traces for shard: generated trace for chip BatchFRI in 477.759133ms
2025-10-28T18:33:32.685672Z DEBUG generate poseidon2 wide trace: close time.busy=651ms time.idle=5.66µs rows=95402
2025-10-28T18:33:32.685729Z DEBUG compress:generate records and traces:generate traces:generate traces for shard: generated trace for chip Poseidon2WideDeg3 in 650.684171ms
2025-10-28T18:33:32.685804Z DEBUG compress:generate records and traces:generate traces:generate traces for shard: close time.busy=651ms time.idle=4.29µs
2025-10-28T18:33:32.685833Z DEBUG compress:generate records and traces:generate traces: close time.busy=651ms time.idle=4.36µs
2025-10-28T18:33:51.997270Z DEBUG compress:prove:batch:open:commit to permutation traces: close time.busy=20.9s time.idle=8.46µs
2025-10-28T18:33:51.997364Z DEBUG compress:prove:batch:Setup compress program:setup machine:commit to preprocessed traces: close time.busy=19.9s time.idle=12.1µs
2025-10-28T18:33:51.997507Z DEBUG compress:prove:batch:Setup compress program:setup machine:generate preprocessed traces: close time.busy=525ms time.idle=20.4s
2025-10-28T18:33:51.997537Z DEBUG compress:prove:batch:Setup compress program:setup machine: close time.busy=20.9s time.idle=4.16µs
2025-10-28T18:33:51.997555Z DEBUG compress:prove:batch:Setup compress program: close time.busy=20.9s time.idle=4.26µs
2025-10-28T18:33:51.997619Z DEBUG compress:prove:batch:observe proving key: close time.busy=17.2µs time.idle=4.00µs
2025-10-28T18:33:51.999925Z DEBUG compress:prove:batch:open:compute quotient values:compute quotient values for domain: close time.busy=2.32ms time.idle=4.63µs
2025-10-28T18:34:02.362520Z DEBUG compress:prove:batch:open:compute quotient values:compute quotient values for domain: close time.busy=10.4s time.idle=6.94µs
2025-10-28T18:34:02.377494Z DEBUG compress:prove:batch:open:compute quotient values:compute quotient values for domain: close time.busy=10.4s time.idle=7.55µs
2025-10-28T18:34:02.444503Z DEBUG compress:prove:batch:open:compute quotient values:compute quotient values for domain: close time.busy=10.4s time.idle=10.4µs
2025-10-28T18:34:02.580963Z DEBUG compress:prove:batch:open:compute quotient values:compute quotient values for domain: close time.busy=10.6s time.idle=6.49µs
2025-10-28T18:34:02.664464Z DEBUG compress:prove:batch:open:compute quotient values:compute quotient values for domain: close time.busy=10.7s time.idle=8.04µs
2025-10-28T18:34:02.673561Z DEBUG compress:prove:batch:open:compute quotient values:compute quotient values for domain: close time.busy=10.7s time.idle=8.35µs
2025-10-28T18:34:11.438236Z DEBUG compress:prove:batch:open:compute quotient values:compute quotient values for domain: close time.busy=19.4s time.idle=6.44µs
2025-10-28T18:34:11.632697Z DEBUG compress:prove:batch:open:compute quotient values:compute quotient values for domain: close time.busy=19.6s time.idle=7.04µs
2025-10-28T18:34:34.849111Z DEBUG compress:prove:batch:commit: close time.busy=42.9s time.idle=6.96µs
2025-10-28T18:34:39.255531Z DEBUG compress:prove:batch:open:commit to quotient traces: close time.busy=26.5s time.idle=8.37µs
2025-10-28T18:34:39.255698Z DEBUG compress:prove:batch:open:compute preprocessed opening points: close time.busy=62.7µs time.idle=6.02µs
2025-10-28T18:34:39.255750Z DEBUG compress:prove:batch:open:compute main trace opening points: close time.busy=26.8µs time.idle=3.52µs
2025-10-28T18:34:39.255783Z DEBUG compress:prove:batch:open:compute permutation trace opening points: close time.busy=6.83µs time.idle=3.16µs
2025-10-28T18:34:39.366305Z DEBUG compress:prove:batch:open:generate permutation traces: close time.busy=4.52s time.idle=7.33µs
2025-10-28T18:34:39.366379Z DEBUG compress:prove:batch:open: BatchFRI        | Main Cols = 13    | Pre Cols = 6      | Perm Cols = 12    | Rows = 2097152 | Cells = 65011712  
2025-10-28T18:34:39.366397Z DEBUG compress:prove:batch:open: MemoryVar       | Main Cols = 8     | Pre Cols = 4      | Perm Cols = 8     | Rows = 1048576 | Cells = 20971520  
2025-10-28T18:34:39.366409Z DEBUG compress:prove:batch:open: Select          | Main Cols = 5     | Pre Cols = 8      | Perm Cols = 16    | Rows = 1048576 | Cells = 30408704  
2025-10-28T18:34:39.366421Z DEBUG compress:prove:batch:open: ExtAlu          | Main Cols = 48    | Pre Cols = 32     | Perm Cols = 28    | Rows = 524288 | Cells = 56623104  
2025-10-28T18:34:39.366480Z DEBUG compress:prove:batch:open: ExpReverseBitsLen | Main Cols = 7     | Pre Cols = 10     | Perm Cols = 12    | Rows = 262144 | Cells = 7602176   
2025-10-28T18:34:39.366505Z DEBUG compress:prove:batch:open: MemoryConst     | Main Cols = 1     | Pre Cols = 12     | Perm Cols = 8     | Rows = 262144 | Cells = 5505024   
2025-10-28T18:34:39.366532Z DEBUG compress:prove:batch:open: Poseidon2WideDeg3 | Main Cols = 313   | Pre Cols = 49     | Perm Cols = 68    | Rows = 262144 | Cells = 112721920 
2025-10-28T18:34:39.366558Z DEBUG compress:prove:batch:open: BaseAlu         | Main Cols = 12    | Pre Cols = 32     | Perm Cols = 28    | Rows = 65536 | Cells = 4718592   
2025-10-28T18:34:39.366582Z DEBUG compress:prove:batch:open: PublicValues    | Main Cols = 1     | Pre Cols = 10     | Perm Cols = 8     | Rows = 16    | Cells = 304       
2025-10-28T18:34:40.767087Z DEBUG compress:prove:batch:open:flatten permutation traces and collect domains: close time.busy=1.40s time.idle=7.48µs
2025-10-28T18:34:54.340824Z DEBUG compress:prove:batch:open:commit to permutation traces: close time.busy=13.6s time.idle=7.63µs
2025-10-28T18:34:54.341721Z DEBUG compress:prove:batch:open:compute quotient values:compute quotient values for domain: close time.busy=263µs time.idle=4.58µs
2025-10-28T18:34:56.661149Z DEBUG compress:prove:batch:open:compute quotient values:compute quotient values for domain: close time.busy=2.32s time.idle=6.84µs
2025-10-28T18:34:56.668902Z DEBUG compress:prove:batch:open:compute quotient values:compute quotient values for domain: close time.busy=2.33s time.idle=5.77µs
2025-10-28T18:34:56.777588Z DEBUG compress:prove:batch:open:compute quotient values:compute quotient values for domain: close time.busy=2.44s time.idle=6.05µs
2025-10-28T18:35:11.916902Z DEBUG compress:prove:batch:open:compute quotient values:compute quotient values for domain: close time.busy=17.6s time.idle=7.16µs
2025-10-28T18:35:12.472952Z DEBUG compress:prove:batch:open:compute quotient values:compute quotient values for domain: close time.busy=18.1s time.idle=8.36µs
2025-10-28T18:35:12.497552Z DEBUG compress:prove:batch:open:compute quotient values:compute quotient values for domain: close time.busy=18.2s time.idle=6.13µs
2025-10-28T18:35:12.508732Z DEBUG compress:prove:batch:open:compute quotient values:compute quotient values for domain: close time.busy=18.2s time.idle=6.19µs
2025-10-28T18:35:12.527631Z DEBUG compress:prove:batch:open:compute quotient values:compute quotient values for domain: close time.busy=18.2s time.idle=7.11µs
2025-10-28T18:35:23.136461Z DEBUG compress:prove:batch:open:commit to quotient traces: close time.busy=9.65s time.idle=8.08µs
2025-10-28T18:35:23.136572Z DEBUG compress:prove:batch:open:compute preprocessed opening points: close time.busy=24.0µs time.idle=4.35µs
2025-10-28T18:35:23.136642Z DEBUG compress:prove:batch:open:compute main trace opening points: close time.busy=52.7µs time.idle=2.32µs
2025-10-28T18:35:23.136667Z DEBUG compress:prove:batch:open:compute permutation trace opening points: close time.busy=9.42µs time.idle=2.40µs
2025-10-28T18:35:35.699691Z DEBUG compress:prove:batch:open:open multi batches: close time.busy=56.4s time.idle=5.70µs
2025-10-28T18:35:35.763542Z DEBUG compress:prove:batch:open:compute quotient values: close time.busy=19.6s time.idle=84.1s
2025-10-28T18:35:36.438031Z DEBUG compress:prove:batch:open: close time.busy=132s time.idle=7.42µs
2025-10-28T18:35:36.763152Z DEBUG compress:prove:batch: close time.busy=167s time.idle=7.16µs
2025-10-28T18:35:36.798222Z DEBUG compress:generate records and traces:get program and witness stream: close time.busy=32.8ms time.idle=40.4µs
2025-10-28T18:35:36.860416Z DEBUG compress:prove:batch:Setup compress program:setup machine:generate preprocessed traces: generated preprocessed trace for chip PublicValues in 94.513106ms
2025-10-28T18:35:36.863671Z DEBUG compress:prove:batch:Setup compress program:setup machine:generate preprocessed traces: generated preprocessed trace for chip ExpReverseBitsLen in 97.808173ms
2025-10-28T18:35:36.874132Z DEBUG compress:prove:batch:Setup compress program:setup machine:generate preprocessed traces: generated preprocessed trace for chip BaseAlu in 108.049774ms
2025-10-28T18:35:36.881901Z DEBUG compress:prove:batch:Setup compress program:setup machine:generate preprocessed traces: generated preprocessed trace for chip MemoryConst in 116.405718ms
2025-10-28T18:35:36.893038Z DEBUG fixed log2 rows can be potentially reduced: got 213200, expected 2097152
2025-10-28T18:35:36.899987Z DEBUG compress:prove:batch:Setup compress program:setup machine:generate preprocessed traces: generated preprocessed trace for chip MemoryVar in 134.020632ms
2025-10-28T18:35:36.909750Z DEBUG compress:prove:batch:Setup compress program:setup machine:generate preprocessed traces: generated preprocessed trace for chip Select in 143.950247ms
2025-10-28T18:35:36.952178Z DEBUG compress:prove:batch:Setup compress program:setup machine:generate preprocessed traces: generated preprocessed trace for chip Poseidon2WideDeg3 in 186.516324ms
2025-10-28T18:35:36.958466Z DEBUG compress:prove:batch:Setup compress program:setup machine:generate preprocessed traces: generated preprocessed trace for chip ExtAlu in 192.376719ms
2025-10-28T18:35:37.038272Z DEBUG compress:prove:batch:Setup compress program:setup machine:generate preprocessed traces: generated preprocessed trace for chip BatchFRI in 272.104278ms
2025-10-28T18:35:37.430630Z DEBUG compress:generate records and traces:execute runtime: close time.busy=632ms time.idle=7.46µs
2025-10-28T18:35:37.430765Z DEBUG compress:generate records and traces:generate dependencies:register nonces: close time.busy=1.35µs time.idle=4.58µs
2025-10-28T18:35:37.430784Z DEBUG compress:generate records and traces:generate dependencies: close time.busy=62.8µs time.idle=4.39µs
2025-10-28T18:35:37.455808Z DEBUG fixed log2 rows can be potentially reduced: got 510704, expected 1048576
2025-10-28T18:35:37.455943Z DEBUG compress:generate records and traces:generate traces:generate traces for shard: generated trace for chip PublicValues in 18.504µs
2025-10-28T18:35:37.456193Z DEBUG compress:generate records and traces:generate traces:generate traces for shard: generated trace for chip MemoryConst in 478.508µs
2025-10-28T18:35:37.456726Z DEBUG compress:generate records and traces:generate traces:generate traces for shard: generated trace for chip BaseAlu in 920.694µs
2025-10-28T18:35:37.462976Z DEBUG fixed log2 rows can be potentially reduced: got 367020, expected 1048576
2025-10-28T18:35:37.487383Z DEBUG generate batch fri trace: fixed log2 rows can be potentially reduced: got 213200, expected 2097152 rows=213200
2025-10-28T18:35:37.502729Z DEBUG compress:generate records and traces:generate traces:generate traces for shard: generated trace for chip Select in 46.926814ms
2025-10-28T18:35:37.507559Z DEBUG generate exp reverse bits len trace: close time.busy=51.6ms time.idle=6.86µs rows=9200
2025-10-28T18:35:37.507627Z DEBUG compress:generate records and traces:generate traces:generate traces for shard: generated trace for chip ExpReverseBitsLen in 51.709538ms
2025-10-28T18:35:37.575666Z DEBUG compress:generate records and traces:generate traces:generate traces for shard: generated trace for chip MemoryVar in 119.67949ms
2025-10-28T18:35:37.633629Z DEBUG compress:generate records and traces:generate traces:generate traces for shard: generated trace for chip ExtAlu in 177.650475ms
2025-10-28T18:35:37.809666Z DEBUG generate batch fri trace: close time.busy=354ms time.idle=5.83µs rows=213200
2025-10-28T18:35:37.809731Z DEBUG compress:generate records and traces:generate traces:generate traces for shard: generated trace for chip BatchFRI in 353.800275ms
2025-10-28T18:35:38.102315Z DEBUG generate poseidon2 wide trace: close time.busy=647ms time.idle=7.13µs rows=95402
2025-10-28T18:35:38.102367Z DEBUG compress:generate records and traces:generate traces:generate traces for shard: generated trace for chip Poseidon2WideDeg3 in 646.613117ms
2025-10-28T18:35:38.102475Z DEBUG compress:generate records and traces:generate traces:generate traces for shard: close time.busy=672ms time.idle=4.70µs
2025-10-28T18:35:38.102529Z DEBUG compress:generate records and traces:generate traces: close time.busy=672ms time.idle=4.07µs
2025-10-28T18:35:47.992943Z DEBUG compress:prove:batch:Setup compress program:setup machine:commit to preprocessed traces: close time.busy=10.7s time.idle=9.70µs
2025-10-28T18:35:47.993082Z DEBUG compress:prove:batch:Setup compress program:setup machine:generate preprocessed traces: close time.busy=307ms time.idle=10.9s
2025-10-28T18:35:47.993103Z DEBUG compress:prove:batch:Setup compress program:setup machine: close time.busy=11.2s time.idle=2.88µs
2025-10-28T18:35:47.993120Z DEBUG compress:prove:batch:Setup compress program: close time.busy=11.2s time.idle=4.20µs
2025-10-28T18:35:47.993182Z DEBUG compress:prove:batch:observe proving key: close time.busy=16.6µs time.idle=4.99µs
2025-10-28T18:35:57.200541Z DEBUG compress:prove:batch:open:open multi batches: close time.busy=34.1s time.idle=4.74µs
2025-10-28T18:35:57.261516Z DEBUG compress:prove:batch:open:compute quotient values: close time.busy=18.2s time.idle=44.7s
2025-10-28T18:35:58.241925Z DEBUG compress:prove:batch:open: close time.busy=83.4s time.idle=20.2µs
2025-10-28T18:35:58.435015Z DEBUG compress:prove:batch: close time.busy=147s time.idle=10.8µs
2025-10-28T18:35:58.554582Z DEBUG compress:prove:batch:Setup compress program:setup machine:generate preprocessed traces: generated preprocessed trace for chip PublicValues in 113.649208ms
2025-10-28T18:35:58.558388Z DEBUG compress:prove:batch:Setup compress program:setup machine:generate preprocessed traces: generated preprocessed trace for chip ExpReverseBitsLen in 117.456124ms
2025-10-28T18:35:58.570478Z DEBUG compress:prove:batch:Setup compress program:setup machine:generate preprocessed traces: generated preprocessed trace for chip BaseAlu in 129.532879ms
2025-10-28T18:35:58.575504Z DEBUG compress:prove:batch:Setup compress program:setup machine:generate preprocessed traces: generated preprocessed trace for chip MemoryVar in 134.703707ms
2025-10-28T18:35:58.579105Z DEBUG compress:prove:batch:Setup compress program:setup machine:generate preprocessed traces: generated preprocessed trace for chip MemoryConst in 138.444974ms
2025-10-28T18:35:58.601485Z DEBUG fixed log2 rows can be potentially reduced: got 213200, expected 2097152
2025-10-28T18:35:58.671916Z DEBUG compress:prove:batch:Setup compress program:setup machine:generate preprocessed traces: generated preprocessed trace for chip ExtAlu in 230.96981ms
2025-10-28T18:35:58.729704Z DEBUG compress:prove:batch:Setup compress program:setup machine:generate preprocessed traces: generated preprocessed trace for chip Poseidon2WideDeg3 in 288.953931ms
2025-10-28T18:35:58.976693Z DEBUG compress:prove:batch:Setup compress program:setup machine:generate preprocessed traces: generated preprocessed trace for chip BatchFRI in 535.864363ms
2025-10-28T18:36:00.676386Z DEBUG compress:prove:batch:Setup compress program:setup machine:generate preprocessed traces: generated preprocessed trace for chip Select in 2.235497347s
2025-10-28T18:36:11.977184Z DEBUG compress:prove:batch:commit: close time.busy=24.0s time.idle=4.86µs
2025-10-28T18:36:15.984794Z DEBUG compress:prove:batch:open:generate permutation traces: close time.busy=4.01s time.idle=5.30µs
2025-10-28T18:36:15.984881Z DEBUG compress:prove:batch:open: BatchFRI        | Main Cols = 13    | Pre Cols = 6      | Perm Cols = 12    | Rows = 2097152 | Cells = 65011712  
2025-10-28T18:36:15.984904Z DEBUG compress:prove:batch:open: MemoryVar       | Main Cols = 8     | Pre Cols = 4      | Perm Cols = 8     | Rows = 1048576 | Cells = 20971520  
2025-10-28T18:36:15.984916Z DEBUG compress:prove:batch:open: Select          | Main Cols = 5     | Pre Cols = 8      | Perm Cols = 16    | Rows = 1048576 | Cells = 30408704  
2025-10-28T18:36:15.984927Z DEBUG compress:prove:batch:open: ExtAlu          | Main Cols = 48    | Pre Cols = 32     | Perm Cols = 28    | Rows = 524288 | Cells = 56623104  
2025-10-28T18:36:15.984938Z DEBUG compress:prove:batch:open: ExpReverseBitsLen | Main Cols = 7     | Pre Cols = 10     | Perm Cols = 12    | Rows = 262144 | Cells = 7602176   
2025-10-28T18:36:15.984949Z DEBUG compress:prove:batch:open: MemoryConst     | Main Cols = 1     | Pre Cols = 12     | Perm Cols = 8     | Rows = 262144 | Cells = 5505024   
2025-10-28T18:36:15.984962Z DEBUG compress:prove:batch:open: Poseidon2WideDeg3 | Main Cols = 313   | Pre Cols = 49     | Perm Cols = 68    | Rows = 262144 | Cells = 112721920 
2025-10-28T18:36:15.984973Z DEBUG compress:prove:batch:open: BaseAlu         | Main Cols = 12    | Pre Cols = 32     | Perm Cols = 28    | Rows = 65536 | Cells = 4718592   
2025-10-28T18:36:15.984983Z DEBUG compress:prove:batch:open: PublicValues    | Main Cols = 1     | Pre Cols = 10     | Perm Cols = 8     | Rows = 16    | Cells = 304       
2025-10-28T18:36:17.523664Z DEBUG compress:prove:batch:open:flatten permutation traces and collect domains: close time.busy=1.54s time.idle=6.39µs
2025-10-28T18:36:25.345410Z DEBUG compress:prove:batch:Setup compress program:setup machine:commit to preprocessed traces: close time.busy=24.3s time.idle=14.3µs
2025-10-28T18:36:25.345581Z DEBUG compress:prove:batch:Setup compress program:setup machine:generate preprocessed traces: close time.busy=2.24s time.idle=24.7s
2025-10-28T18:36:25.345602Z DEBUG compress:prove:batch:Setup compress program:setup machine: close time.busy=26.9s time.idle=3.65µs
2025-10-28T18:36:25.345629Z DEBUG compress:prove:batch:Setup compress program: close time.busy=26.9s time.idle=10.5µs
2025-10-28T18:36:25.345692Z DEBUG compress:prove:batch:observe proving key: close time.busy=17.8µs time.idle=4.24µs
2025-10-28T18:36:36.883176Z DEBUG compress:prove:batch:open:commit to permutation traces: close time.busy=19.4s time.idle=8.07µs
2025-10-28T18:36:36.892752Z DEBUG compress:prove:batch:open:compute quotient values:compute quotient values for domain: close time.busy=1.67ms time.idle=13.2µs
2025-10-28T18:36:38.316090Z DEBUG compress:prove:batch:open:compute quotient values:compute quotient values for domain: close time.busy=1.42s time.idle=10.3µs
2025-10-28T18:36:38.319996Z DEBUG compress:prove:batch:open:compute quotient values:compute quotient values for domain: close time.busy=1.43s time.idle=26.6µs
2025-10-28T18:36:38.334184Z DEBUG compress:prove:batch:open:compute quotient values:compute quotient values for domain: close time.busy=1.44s time.idle=15.4µs
2025-10-28T18:36:56.220925Z DEBUG compress:prove:batch:open:compute quotient values:compute quotient values for domain: close time.busy=19.3s time.idle=7.21µs
2025-10-28T18:36:56.363270Z DEBUG compress:prove:batch:open:compute quotient values:compute quotient values for domain: close time.busy=19.5s time.idle=38.6µs
2025-10-28T18:36:56.369459Z DEBUG compress:prove:batch:open:compute quotient values:compute quotient values for domain: close time.busy=19.5s time.idle=5.62µs
2025-10-28T18:36:56.827224Z DEBUG compress:prove:batch:open:compute quotient values:compute quotient values for domain: close time.busy=19.9s time.idle=7.01µs
2025-10-28T18:36:56.852173Z DEBUG compress:prove:batch:open:compute quotient values:compute quotient values for domain: close time.busy=20.0s time.idle=9.88µs
2025-10-28T18:37:12.472130Z DEBUG compress:prove:batch:commit: close time.busy=47.1s time.idle=5.13µs
2025-10-28T18:37:16.503493Z DEBUG compress:prove:batch:open:generate permutation traces: close time.busy=4.03s time.idle=5.78µs
2025-10-28T18:37:16.503572Z DEBUG compress:prove:batch:open: BatchFRI        | Main Cols = 13    | Pre Cols = 6      | Perm Cols = 12    | Rows = 2097152 | Cells = 65011712  
2025-10-28T18:37:16.503589Z DEBUG compress:prove:batch:open: MemoryVar       | Main Cols = 8     | Pre Cols = 4      | Perm Cols = 8     | Rows = 1048576 | Cells = 20971520  
2025-10-28T18:37:16.503601Z DEBUG compress:prove:batch:open: Select          | Main Cols = 5     | Pre Cols = 8      | Perm Cols = 16    | Rows = 1048576 | Cells = 30408704  
2025-10-28T18:37:16.503613Z DEBUG compress:prove:batch:open: ExtAlu          | Main Cols = 48    | Pre Cols = 32     | Perm Cols = 28    | Rows = 524288 | Cells = 56623104  
2025-10-28T18:37:16.503625Z DEBUG compress:prove:batch:open: ExpReverseBitsLen | Main Cols = 7     | Pre Cols = 10     | Perm Cols = 12    | Rows = 262144 | Cells = 7602176   
2025-10-28T18:37:16.503647Z DEBUG compress:prove:batch:open: MemoryConst     | Main Cols = 1     | Pre Cols = 12     | Perm Cols = 8     | Rows = 262144 | Cells = 5505024   
2025-10-28T18:37:16.503661Z DEBUG compress:prove:batch:open: Poseidon2WideDeg3 | Main Cols = 313   | Pre Cols = 49     | Perm Cols = 68    | Rows = 262144 | Cells = 112721920 
2025-10-28T18:37:16.503672Z DEBUG compress:prove:batch:open: BaseAlu         | Main Cols = 12    | Pre Cols = 32     | Perm Cols = 28    | Rows = 65536 | Cells = 4718592   
2025-10-28T18:37:16.503684Z DEBUG compress:prove:batch:open: PublicValues    | Main Cols = 1     | Pre Cols = 10     | Perm Cols = 8     | Rows = 16    | Cells = 304       
2025-10-28T18:37:18.517828Z DEBUG compress:prove:batch:open:flatten permutation traces and collect domains: close time.busy=2.01s time.idle=5.27µs
2025-10-28T18:37:23.896753Z DEBUG compress:prove:batch:open:commit to quotient traces: close time.busy=26.1s time.idle=8.55µs
2025-10-28T18:37:23.896879Z DEBUG compress:prove:batch:open:compute preprocessed opening points: close time.busy=19.5µs time.idle=4.05µs
2025-10-28T18:37:23.896965Z DEBUG compress:prove:batch:open:compute main trace opening points: close time.busy=67.7µs time.idle=2.49µs
2025-10-28T18:37:23.896987Z DEBUG compress:prove:batch:open:compute permutation trace opening points: close time.busy=4.98µs time.idle=2.27µs
2025-10-28T18:37:35.367105Z DEBUG compress:prove:batch:open:commit to permutation traces: close time.busy=16.8s time.idle=6.97µs
2025-10-28T18:37:35.369230Z DEBUG compress:prove:batch:open:compute quotient values:compute quotient values for domain: close time.busy=877µs time.idle=5.28µs
2025-10-28T18:37:36.566068Z DEBUG compress:prove:batch:open:compute quotient values:compute quotient values for domain: close time.busy=1.20s time.idle=9.22µs
2025-10-28T18:37:36.576999Z DEBUG compress:prove:batch:open:compute quotient values:compute quotient values for domain: close time.busy=1.21s time.idle=6.90µs
2025-10-28T18:37:48.637809Z DEBUG compress:prove:batch:open:compute quotient values:compute quotient values for domain: close time.busy=13.3s time.idle=5.99µs
2025-10-28T18:37:48.916464Z DEBUG compress:prove:batch:open:compute quotient values:compute quotient values for domain: close time.busy=13.5s time.idle=6.13µs
2025-10-28T18:37:48.989408Z DEBUG compress:prove:batch:open:compute quotient values:compute quotient values for domain: close time.busy=13.6s time.idle=5.71µs
2025-10-28T18:37:49.002932Z DEBUG compress:prove:batch:open:compute quotient values:compute quotient values for domain: close time.busy=13.6s time.idle=5.85µs
2025-10-28T18:37:49.441292Z DEBUG compress:prove:batch:open:compute quotient values:compute quotient values for domain: close time.busy=14.1s time.idle=6.12µs
2025-10-28T18:37:55.206157Z DEBUG compress:prove:batch:open:compute quotient values:compute quotient values for domain: close time.busy=19.8s time.idle=6.87µs
2025-10-28T18:38:05.813801Z DEBUG compress:prove:batch:open:commit to quotient traces: close time.busy=9.57s time.idle=8.23µs
2025-10-28T18:38:05.813893Z DEBUG compress:prove:batch:open:compute preprocessed opening points: close time.busy=12.3µs time.idle=4.32µs
2025-10-28T18:38:05.813938Z DEBUG compress:prove:batch:open:compute main trace opening points: close time.busy=27.3µs time.idle=2.41µs
2025-10-28T18:38:05.813974Z DEBUG compress:prove:batch:open:compute permutation trace opening points: close time.busy=21.2µs time.idle=2.30µs
2025-10-28T18:38:18.906079Z DEBUG compress:prove:batch:open:open multi batches: close time.busy=55.0s time.idle=5.59µs
2025-10-28T18:38:19.119952Z DEBUG compress:prove:batch:open:compute quotient values: close time.busy=20.0s time.idle=82.3s
2025-10-28T18:38:19.715349Z DEBUG compress:prove:batch:open: close time.busy=128s time.idle=6.07µs
2025-10-28T18:38:19.901145Z DEBUG compress:prove:batch: close time.busy=163s time.idle=7.64µs
2025-10-28T18:38:19.919551Z DEBUG compress:generate records and traces:get program and witness stream: close time.busy=16.4ms time.idle=13.0µs
2025-10-28T18:38:20.023497Z DEBUG compress:prove:batch:Setup compress program:setup machine:generate preprocessed traces: generated preprocessed trace for chip PublicValues in 119.824364ms
2025-10-28T18:38:20.025573Z DEBUG compress:prove:batch:Setup compress program:setup machine:generate preprocessed traces: generated preprocessed trace for chip MemoryConst in 122.414022ms
2025-10-28T18:38:20.026714Z DEBUG compress:prove:batch:Setup compress program:setup machine:generate preprocessed traces: generated preprocessed trace for chip ExpReverseBitsLen in 123.098263ms
2025-10-28T18:38:20.043874Z DEBUG compress:prove:batch:Setup compress program:setup machine:generate preprocessed traces: generated preprocessed trace for chip BaseAlu in 140.588611ms
2025-10-28T18:38:20.043905Z DEBUG compress:prove:batch:Setup compress program:setup machine:generate preprocessed traces: generated preprocessed trace for chip MemoryVar in 140.240684ms
2025-10-28T18:38:20.065567Z DEBUG fixed log2 rows can be potentially reduced: got 213200, expected 2097152
2025-10-28T18:38:20.077995Z DEBUG compress:prove:batch:Setup compress program:setup machine:generate preprocessed traces: generated preprocessed trace for chip Select in 174.397421ms
2025-10-28T18:38:20.096699Z DEBUG compress:prove:batch:Setup compress program:setup machine:generate preprocessed traces: generated preprocessed trace for chip Poseidon2WideDeg3 in 193.446079ms
2025-10-28T18:38:20.127269Z DEBUG compress:prove:batch:Setup compress program:setup machine:generate preprocessed traces: generated preprocessed trace for chip ExtAlu in 223.857066ms
2025-10-28T18:38:20.230303Z DEBUG compress:prove:batch:Setup compress program:setup machine:generate preprocessed traces: generated preprocessed trace for chip BatchFRI in 326.66351ms
2025-10-28T18:38:20.544474Z DEBUG compress:generate records and traces:execute runtime: close time.busy=625ms time.idle=7.08µs
2025-10-28T18:38:20.544598Z DEBUG compress:generate records and traces:generate dependencies:register nonces: close time.busy=1.13µs time.idle=3.61µs
2025-10-28T18:38:20.544614Z DEBUG compress:generate records and traces:generate dependencies: close time.busy=47.9µs time.idle=4.30µs
2025-10-28T18:38:20.545075Z DEBUG compress:generate records and traces:generate traces:generate traces for shard: generated trace for chip MemoryConst in 290.29µs
2025-10-28T18:38:20.545093Z DEBUG compress:generate records and traces:generate traces:generate traces for shard: generated trace for chip PublicValues in 9.717µs
2025-10-28T18:38:20.553720Z DEBUG compress:generate records and traces:generate traces:generate traces for shard: generated trace for chip BaseAlu in 8.641913ms
2025-10-28T18:38:20.559680Z DEBUG generate batch fri trace: fixed log2 rows can be potentially reduced: got 213200, expected 524288 rows=213200
2025-10-28T18:38:20.561309Z DEBUG compress:generate records and traces:generate traces:generate traces for shard: generated trace for chip Select in 16.3484ms
2025-10-28T18:38:20.575035Z DEBUG generate batch fri trace: close time.busy=29.9ms time.idle=7.18µs rows=213200
2025-10-28T18:38:20.575112Z DEBUG compress:generate records and traces:generate traces:generate traces for shard: generated trace for chip BatchFRI in 29.981169ms
2025-10-28T18:38:20.578348Z DEBUG compress:generate records and traces:generate traces:generate traces for shard: generated trace for chip MemoryVar in 33.305295ms
2025-10-28T18:38:20.583091Z DEBUG generate exp reverse bits len trace: close time.busy=38.1ms time.idle=4.99µs rows=9200
2025-10-28T18:38:20.583155Z DEBUG compress:generate records and traces:generate traces:generate traces for shard: generated trace for chip ExpReverseBitsLen in 38.141751ms
2025-10-28T18:38:20.593184Z DEBUG compress:generate records and traces:generate traces:generate traces for shard: generated trace for chip ExtAlu in 48.10402ms
2025-10-28T18:38:21.010348Z DEBUG generate poseidon2 wide trace: close time.busy=465ms time.idle=7.74µs rows=84598
2025-10-28T18:38:21.010455Z DEBUG compress:generate records and traces:generate traces:generate traces for shard: generated trace for chip Poseidon2WideDeg3 in 465.559425ms
2025-10-28T18:38:21.010684Z DEBUG compress:generate records and traces:generate traces:generate traces for shard: close time.busy=466ms time.idle=4.39µs
2025-10-28T18:38:21.010738Z DEBUG compress:generate records and traces:generate traces: close time.busy=466ms time.idle=4.32µs
2025-10-28T18:38:30.579281Z DEBUG compress:prove:batch:Setup compress program:setup machine:commit to preprocessed traces: close time.busy=9.99s time.idle=8.94µs
2025-10-28T18:38:30.579455Z DEBUG compress:prove:batch:Setup compress program:setup machine:generate preprocessed traces: close time.busy=350ms time.idle=10.3s
2025-10-28T18:38:30.579481Z DEBUG compress:prove:batch:Setup compress program:setup machine: close time.busy=10.7s time.idle=2.89µs
2025-10-28T18:38:30.579506Z DEBUG compress:prove:batch:Setup compress program: close time.busy=10.7s time.idle=10.2µs
2025-10-28T18:38:30.579552Z DEBUG compress:prove:batch:observe proving key: close time.busy=17.4µs time.idle=4.17µs
2025-10-28T18:38:39.511266Z DEBUG compress:prove:batch:open:open multi batches: close time.busy=33.7s time.idle=4.31µs
2025-10-28T18:38:39.573403Z DEBUG compress:prove:batch:open:compute quotient values: close time.busy=19.8s time.idle=44.4s
2025-10-28T18:38:40.215924Z DEBUG compress:prove:batch:open: close time.busy=87.7s time.idle=5.37µs
2025-10-28T18:38:40.362420Z DEBUG compress:prove:batch: close time.busy=162s time.idle=14.0µs
2025-10-28T18:38:40.373326Z DEBUG compress:generate records and traces:get program and witness stream: close time.busy=9.18ms time.idle=16.0µs
2025-10-28T18:38:41.261521Z DEBUG compress:generate records and traces:execute runtime: close time.busy=888ms time.idle=8.21µs
2025-10-28T18:38:41.261662Z DEBUG compress:generate records and traces:generate dependencies:register nonces: close time.busy=1.51µs time.idle=4.58µs
2025-10-28T18:38:41.261687Z DEBUG compress:generate records and traces:generate dependencies: close time.busy=69.9µs time.idle=5.41µs
2025-10-28T18:38:41.262037Z DEBUG fixed log2 rows can be potentially reduced: got 510704, expected 1048576
2025-10-28T18:38:41.262118Z DEBUG compress:generate records and traces:generate traces:generate traces for shard: generated trace for chip PublicValues in 13.945µs
2025-10-28T18:38:41.262289Z DEBUG compress:generate records and traces:generate traces:generate traces for shard: generated trace for chip MemoryConst in 421.812µs
2025-10-28T18:38:41.263555Z DEBUG compress:generate records and traces:generate traces:generate traces for shard: generated trace for chip BaseAlu in 1.28374ms
2025-10-28T18:38:41.266621Z DEBUG generate batch fri trace: fixed log2 rows can be potentially reduced: got 213200, expected 2097152 rows=213200
2025-10-28T18:38:41.275647Z DEBUG compress:generate records and traces:generate traces:generate traces for shard: generated trace for chip Select in 13.610388ms
2025-10-28T18:38:41.279536Z DEBUG fixed log2 rows can be potentially reduced: got 367020, expected 1048576
2025-10-28T18:38:41.295252Z DEBUG generate exp reverse bits len trace: close time.busy=33.2ms time.idle=5.45µs rows=9200
2025-10-28T18:38:41.295312Z DEBUG compress:generate records and traces:generate traces:generate traces for shard: generated trace for chip ExpReverseBitsLen in 33.256552ms
2025-10-28T18:38:41.404945Z DEBUG compress:generate records and traces:generate traces:generate traces for shard: generated trace for chip MemoryVar in 142.707617ms
2025-10-28T18:38:41.429699Z DEBUG compress:generate records and traces:generate traces:generate traces for shard: generated trace for chip ExtAlu in 167.413255ms
2025-10-28T18:38:41.820748Z DEBUG generate batch fri trace: close time.busy=559ms time.idle=6.64µs rows=213200
2025-10-28T18:38:41.820822Z DEBUG compress:generate records and traces:generate traces:generate traces for shard: generated trace for chip BatchFRI in 558.711059ms
2025-10-28T18:38:42.739343Z DEBUG generate poseidon2 wide trace: close time.busy=1.48s time.idle=6.52µs rows=95402
2025-10-28T18:38:42.739388Z DEBUG compress:generate records and traces:generate traces:generate traces for shard: generated trace for chip Poseidon2WideDeg3 in 1.477452437s
2025-10-28T18:38:43.405168Z DEBUG compress:generate records and traces:generate traces:generate traces for shard: close time.busy=2.14s time.idle=5.65µs
2025-10-28T18:38:43.405265Z DEBUG compress:generate records and traces:generate traces: close time.busy=2.14s time.idle=4.58µs
2025-10-28T18:38:54.162838Z DEBUG compress:prove:batch:commit: close time.busy=23.6s time.idle=5.14µs
2025-10-28T18:38:58.351873Z DEBUG compress:prove:batch:open:generate permutation traces: close time.busy=4.19s time.idle=6.82µs
2025-10-28T18:38:58.351974Z DEBUG compress:prove:batch:open: BatchFRI        | Main Cols = 13    | Pre Cols = 6      | Perm Cols = 12    | Rows = 2097152 | Cells = 65011712  
2025-10-28T18:38:58.352005Z DEBUG compress:prove:batch:open: MemoryVar       | Main Cols = 8     | Pre Cols = 4      | Perm Cols = 8     | Rows = 1048576 | Cells = 20971520  
2025-10-28T18:38:58.352029Z DEBUG compress:prove:batch:open: Select          | Main Cols = 5     | Pre Cols = 8      | Perm Cols = 16    | Rows = 1048576 | Cells = 30408704  
2025-10-28T18:38:58.352054Z DEBUG compress:prove:batch:open: ExtAlu          | Main Cols = 48    | Pre Cols = 32     | Perm Cols = 28    | Rows = 524288 | Cells = 56623104  
2025-10-28T18:38:58.352079Z DEBUG compress:prove:batch:open: ExpReverseBitsLen | Main Cols = 7     | Pre Cols = 10     | Perm Cols = 12    | Rows = 262144 | Cells = 7602176   
2025-10-28T18:38:58.352102Z DEBUG compress:prove:batch:open: MemoryConst     | Main Cols = 1     | Pre Cols = 12     | Perm Cols = 8     | Rows = 262144 | Cells = 5505024   
2025-10-28T18:38:58.352129Z DEBUG compress:prove:batch:open: Poseidon2WideDeg3 | Main Cols = 313   | Pre Cols = 49     | Perm Cols = 68    | Rows = 262144 | Cells = 112721920 
2025-10-28T18:38:58.352153Z DEBUG compress:prove:batch:open: BaseAlu         | Main Cols = 12    | Pre Cols = 32     | Perm Cols = 28    | Rows = 65536 | Cells = 4718592   
2025-10-28T18:38:58.352177Z DEBUG compress:prove:batch:open: PublicValues    | Main Cols = 1     | Pre Cols = 10     | Perm Cols = 8     | Rows = 16    | Cells = 304       
2025-10-28T18:38:59.894632Z DEBUG compress:prove:batch:open:flatten permutation traces and collect domains: close time.busy=1.54s time.idle=7.49µs
2025-10-28T18:39:13.193798Z DEBUG compress:prove:batch:open:commit to permutation traces: close time.busy=13.3s time.idle=6.20µs
2025-10-28T18:39:13.197572Z DEBUG compress:prove:batch:open:compute quotient values:compute quotient values for domain: close time.busy=3.39ms time.idle=6.28µs
2025-10-28T18:39:14.132675Z DEBUG compress:prove:batch:open:compute quotient values:compute quotient values for domain: close time.busy=939ms time.idle=6.12µs
2025-10-28T18:39:14.135827Z DEBUG compress:prove:batch:open:compute quotient values:compute quotient values for domain: close time.busy=942ms time.idle=7.79µs
2025-10-28T18:39:18.448780Z DEBUG compress:prove:batch:open:compute quotient values:compute quotient values for domain: close time.busy=5.25s time.idle=8.61µs
2025-10-28T18:39:18.478550Z DEBUG compress:prove:batch:open:compute quotient values:compute quotient values for domain: close time.busy=5.28s time.idle=5.50µs
2025-10-28T18:39:31.009716Z DEBUG compress:prove:batch:open:compute quotient values:compute quotient values for domain: close time.busy=17.8s time.idle=4.92µs
2025-10-28T18:39:31.034193Z DEBUG compress:prove:batch:open:compute quotient values:compute quotient values for domain: close time.busy=17.8s time.idle=9.41µs
2025-10-28T18:39:31.341927Z DEBUG compress:prove:batch:open:compute quotient values:compute quotient values for domain: close time.busy=18.1s time.idle=9.66µs
2025-10-28T18:39:31.995615Z DEBUG compress:prove:batch:open:compute quotient values:compute quotient values for domain: close time.busy=18.8s time.idle=7.29µs
2025-10-28T18:39:42.191895Z DEBUG compress:prove:batch:open:commit to quotient traces: close time.busy=9.40s time.idle=7.78µs
2025-10-28T18:39:42.192031Z DEBUG compress:prove:batch:open:compute preprocessed opening points: close time.busy=41.2µs time.idle=5.07µs
2025-10-28T18:39:42.192158Z DEBUG compress:prove:batch:open:compute main trace opening points: close time.busy=102µs time.idle=4.03µs
2025-10-28T18:39:42.192230Z DEBUG compress:prove:batch:open:compute permutation trace opening points: close time.busy=43.0µs time.idle=3.54µs
2025-10-28T18:40:04.154035Z DEBUG compress:prove:batch:open:open multi batches: close time.busy=22.0s time.idle=6.24µs
2025-10-28T18:40:04.232868Z DEBUG compress:prove:batch:open:compute quotient values: close time.busy=18.8s time.idle=32.2s
2025-10-28T18:40:04.935412Z DEBUG compress:prove:batch:open: close time.busy=70.8s time.idle=7.50µs
2025-10-28T18:40:04.988547Z DEBUG compress:generate records and traces:get program and witness stream: close time.busy=45.0ms time.idle=39.9µs
2025-10-28T18:40:05.273040Z DEBUG compress:prove:batch:Setup compress program:setup machine:generate preprocessed traces: generated preprocessed trace for chip PublicValues in 328.84756ms
2025-10-28T18:40:05.282686Z DEBUG compress:prove:batch:Setup compress program:setup machine:generate preprocessed traces: generated preprocessed trace for chip BaseAlu in 338.869103ms
2025-10-28T18:40:05.289572Z DEBUG compress:prove:batch:Setup compress program:setup machine:generate preprocessed traces: generated preprocessed trace for chip Select in 345.682526ms
2025-10-28T18:40:05.294102Z DEBUG compress:prove:batch:Setup compress program:setup machine:generate preprocessed traces: generated preprocessed trace for chip MemoryVar in 350.135927ms
2025-10-28T18:40:05.307934Z DEBUG compress:prove:batch:Setup compress program:setup machine:generate preprocessed traces: generated preprocessed trace for chip ExtAlu in 363.91007ms
2025-10-28T18:40:05.309700Z DEBUG compress:prove:batch:Setup compress program:setup machine:generate preprocessed traces: generated preprocessed trace for chip MemoryConst in 366.004892ms
2025-10-28T18:40:05.328417Z DEBUG compress:prove:batch:Setup compress program:setup machine:generate preprocessed traces: generated preprocessed trace for chip Poseidon2WideDeg3 in 384.675439ms
2025-10-28T18:40:05.342505Z DEBUG compress:prove:batch: close time.busy=105s time.idle=9.83µs
2025-10-28T18:40:05.344844Z DEBUG fixed log2 rows can be potentially reduced: got 213200, expected 524288
2025-10-28T18:40:05.372720Z DEBUG compress:prove:batch:Setup compress program:setup machine:generate preprocessed traces: generated preprocessed trace for chip ExpReverseBitsLen in 428.696326ms
2025-10-28T18:40:05.373378Z DEBUG compress:prove:batch:Setup compress program:setup machine:generate preprocessed traces: generated preprocessed trace for chip BatchFRI in 429.340873ms
2025-10-28T18:40:05.482293Z DEBUG compress:prove:batch:Setup compress program:setup machine:generate preprocessed traces: generated preprocessed trace for chip PublicValues in 136.547964ms
2025-10-28T18:40:05.493342Z DEBUG compress:prove:batch:Setup compress program:setup machine:generate preprocessed traces: generated preprocessed trace for chip MemoryVar in 147.664328ms
2025-10-28T18:40:05.496243Z DEBUG compress:prove:batch:Setup compress program:setup machine:generate preprocessed traces: generated preprocessed trace for chip ExpReverseBitsLen in 150.500302ms
2025-10-28T18:40:05.503464Z DEBUG compress:prove:batch:Setup compress program:setup machine:generate preprocessed traces: generated preprocessed trace for chip Poseidon2WideDeg3 in 157.951461ms
2025-10-28T18:40:05.503465Z DEBUG compress:prove:batch:Setup compress program:setup machine:generate preprocessed traces: generated preprocessed trace for chip BaseAlu in 157.894611ms
2025-10-28T18:40:05.514192Z DEBUG compress:prove:batch:Setup compress program:setup machine:generate preprocessed traces: generated preprocessed trace for chip MemoryConst in 168.767137ms
2025-10-28T18:40:05.535484Z DEBUG fixed log2 rows can be potentially reduced: got 213200, expected 2097152
2025-10-28T18:40:05.544502Z DEBUG compress:prove:batch:Setup compress program:setup machine:generate preprocessed traces: generated preprocessed trace for chip Select in 198.771993ms
2025-10-28T18:40:05.610871Z DEBUG compress:prove:batch:Setup compress program:setup machine:generate preprocessed traces: generated preprocessed trace for chip ExtAlu in 265.256865ms
2025-10-28T18:40:05.862084Z DEBUG compress:prove:batch:Setup compress program:setup machine:generate preprocessed traces: generated preprocessed trace for chip BatchFRI in 516.370249ms
2025-10-28T18:40:05.907848Z DEBUG compress:generate records and traces:execute runtime: close time.busy=919ms time.idle=7.65µs
2025-10-28T18:40:05.907967Z DEBUG compress:generate records and traces:generate dependencies:register nonces: close time.busy=1.47µs time.idle=4.49µs
2025-10-28T18:40:05.907988Z DEBUG compress:generate records and traces:generate dependencies: close time.busy=54.7µs time.idle=4.83µs
2025-10-28T18:40:05.908415Z DEBUG fixed log2 rows can be potentially reduced: got 510704, expected 1048576
2025-10-28T18:40:05.908456Z DEBUG compress:generate records and traces:generate traces:generate traces for shard: generated trace for chip PublicValues in 41.47µs
2025-10-28T18:40:05.908623Z DEBUG compress:generate records and traces:generate traces:generate traces for shard: generated trace for chip MemoryConst in 439.016µs
2025-10-28T18:40:05.909705Z DEBUG compress:generate records and traces:generate traces:generate traces for shard: generated trace for chip BaseAlu in 1.460305ms
2025-10-28T18:40:05.914293Z DEBUG fixed log2 rows can be potentially reduced: got 367020, expected 1048576
2025-10-28T18:40:05.916826Z DEBUG generate batch fri trace: fixed log2 rows can be potentially reduced: got 213200, expected 2097152 rows=213200
2025-10-28T18:40:05.918000Z DEBUG compress:generate records and traces:generate traces:generate traces for shard: generated trace for chip Select in 9.588849ms
2025-10-28T18:40:05.957820Z DEBUG generate exp reverse bits len trace: close time.busy=49.4ms time.idle=37.7µs rows=9200
2025-10-28T18:40:05.957897Z DEBUG compress:generate records and traces:generate traces:generate traces for shard: generated trace for chip ExpReverseBitsLen in 49.485087ms
2025-10-28T18:40:06.023810Z DEBUG compress:generate records and traces:generate traces:generate traces for shard: generated trace for chip MemoryVar in 115.35392ms
2025-10-28T18:40:06.067677Z DEBUG compress:generate records and traces:generate traces:generate traces for shard: generated trace for chip ExtAlu in 159.351153ms
2025-10-28T18:40:06.469542Z DEBUG generate batch fri trace: close time.busy=561ms time.idle=8.58µs rows=213200
2025-10-28T18:40:06.469625Z DEBUG compress:generate records and traces:generate traces:generate traces for shard: generated trace for chip BatchFRI in 561.34282ms
2025-10-28T18:40:06.619669Z DEBUG generate poseidon2 wide trace: close time.busy=711ms time.idle=6.07µs rows=95402
2025-10-28T18:40:06.619737Z DEBUG compress:generate records and traces:generate traces:generate traces for shard: generated trace for chip Poseidon2WideDeg3 in 711.498602ms
2025-10-28T18:40:06.619835Z DEBUG compress:generate records and traces:generate traces:generate traces for shard: close time.busy=712ms time.idle=4.09µs
2025-10-28T18:40:06.619865Z DEBUG compress:generate records and traces:generate traces: close time.busy=712ms time.idle=4.23µs
2025-10-28T18:40:06.630962Z DEBUG compress:generate records and traces:get program and witness stream: close time.busy=11.0ms time.idle=7.34µs
2025-10-28T18:40:07.199618Z DEBUG compress:generate records and traces:execute runtime: close time.busy=569ms time.idle=8.10µs
2025-10-28T18:40:07.199745Z DEBUG compress:generate records and traces:generate dependencies:register nonces: close time.busy=1.47µs time.idle=4.31µs
2025-10-28T18:40:07.199772Z DEBUG compress:generate records and traces:generate dependencies: close time.busy=69.8µs time.idle=5.04µs
2025-10-28T18:40:07.199922Z DEBUG fixed log2 rows can be potentially reduced: got 510704, expected 1048576
2025-10-28T18:40:07.199953Z DEBUG compress:generate records and traces:generate traces:generate traces for shard: generated trace for chip PublicValues in 9.66µs
2025-10-28T18:40:07.200586Z DEBUG compress:generate records and traces:generate traces:generate traces for shard: generated trace for chip MemoryConst in 671.71µs
2025-10-28T18:40:07.201755Z DEBUG compress:generate records and traces:generate traces:generate traces for shard: generated trace for chip BaseAlu in 1.836505ms
2025-10-28T18:40:07.210254Z DEBUG generate batch fri trace: fixed log2 rows can be potentially reduced: got 213200, expected 2097152 rows=213200
2025-10-28T18:40:07.218395Z DEBUG fixed log2 rows can be potentially reduced: got 367020, expected 1048576
2025-10-28T18:40:07.223174Z DEBUG compress:generate records and traces:generate traces:generate traces for shard: generated trace for chip Select in 23.256493ms
2025-10-28T18:40:07.252107Z DEBUG generate exp reverse bits len trace: close time.busy=52.1ms time.idle=7.09µs rows=9200
2025-10-28T18:40:07.252190Z DEBUG compress:generate records and traces:generate traces:generate traces for shard: generated trace for chip ExpReverseBitsLen in 52.248648ms
2025-10-28T18:40:07.322741Z DEBUG compress:generate records and traces:generate traces:generate traces for shard: generated trace for chip MemoryVar in 122.810373ms
2025-10-28T18:40:07.370017Z DEBUG compress:generate records and traces:generate traces:generate traces for shard: generated trace for chip ExtAlu in 170.073304ms
2025-10-28T18:40:07.650404Z DEBUG generate batch fri trace: close time.busy=450ms time.idle=6.69µs rows=213200
2025-10-28T18:40:07.650504Z DEBUG compress:generate records and traces:generate traces:generate traces for shard: generated trace for chip BatchFRI in 450.589634ms
2025-10-28T18:40:07.861708Z DEBUG generate poseidon2 wide trace: close time.busy=662ms time.idle=6.92µs rows=95402
2025-10-28T18:40:07.861761Z DEBUG compress:generate records and traces:generate traces:generate traces for shard: generated trace for chip Poseidon2WideDeg3 in 661.847447ms
2025-10-28T18:40:07.861859Z DEBUG compress:generate records and traces:generate traces:generate traces for shard: close time.busy=662ms time.idle=4.64µs
2025-10-28T18:40:07.861915Z DEBUG compress:generate records and traces:generate traces: close time.busy=662ms time.idle=4.49µs
2025-10-28T18:40:10.802734Z DEBUG compress:prove:batch:Setup compress program:setup machine:commit to preprocessed traces: close time.busy=4.80s time.idle=9.81µs
2025-10-28T18:40:10.802851Z DEBUG compress:prove:batch:Setup compress program:setup machine:generate preprocessed traces: close time.busy=938ms time.idle=4.92s
2025-10-28T18:40:10.802872Z DEBUG compress:prove:batch:Setup compress program:setup machine: close time.busy=5.86s time.idle=11.1µs
2025-10-28T18:40:10.802890Z DEBUG compress:prove:batch:Setup compress program: close time.busy=5.86s time.idle=3.70µs
2025-10-28T18:40:10.802944Z DEBUG compress:prove:batch:observe proving key: close time.busy=16.3µs time.idle=4.42µs
2025-10-28T18:40:18.110155Z DEBUG compress:prove:batch:Setup compress program:setup machine:commit to preprocessed traces: close time.busy=12.1s time.idle=13.4µs
2025-10-28T18:40:18.110258Z DEBUG compress:prove:batch:Setup compress program:setup machine:generate preprocessed traces: close time.busy=536ms time.idle=12.2s
2025-10-28T18:40:18.110275Z DEBUG compress:prove:batch:Setup compress program:setup machine: close time.busy=12.8s time.idle=3.72µs
2025-10-28T18:40:18.110289Z DEBUG compress:prove:batch:Setup compress program: close time.busy=12.8s time.idle=4.30µs
2025-10-28T18:40:18.110345Z DEBUG compress:prove:batch:observe proving key: close time.busy=12.2µs time.idle=4.33µs
2025-10-28T18:40:24.461671Z DEBUG compress:prove:batch:commit: close time.busy=13.7s time.idle=4.34µs
2025-10-28T18:40:25.889679Z DEBUG compress:prove:batch:open:generate permutation traces: close time.busy=1.43s time.idle=5.94µs
2025-10-28T18:40:25.889749Z DEBUG compress:prove:batch:open: BatchFRI        | Main Cols = 13    | Pre Cols = 6      | Perm Cols = 12    | Rows = 524288 | Cells = 16252928  
2025-10-28T18:40:25.889770Z DEBUG compress:prove:batch:open: MemoryVar       | Main Cols = 8     | Pre Cols = 4      | Perm Cols = 8     | Rows = 524288 | Cells = 10485760  
2025-10-28T18:40:25.889781Z DEBUG compress:prove:batch:open: Select          | Main Cols = 5     | Pre Cols = 8      | Perm Cols = 16    | Rows = 524288 | Cells = 15204352  
2025-10-28T18:40:25.889790Z DEBUG compress:prove:batch:open: ExpReverseBitsLen | Main Cols = 7     | Pre Cols = 10     | Perm Cols = 12    | Rows = 262144 | Cells = 7602176   
2025-10-28T18:40:25.889799Z DEBUG compress:prove:batch:open: MemoryConst     | Main Cols = 1     | Pre Cols = 12     | Perm Cols = 8     | Rows = 131072 | Cells = 2752512   
2025-10-28T18:40:25.889809Z DEBUG compress:prove:batch:open: Poseidon2WideDeg3 | Main Cols = 313   | Pre Cols = 49     | Perm Cols = 68    | Rows = 131072 | Cells = 56360960  
2025-10-28T18:40:25.889818Z DEBUG compress:prove:batch:open: BaseAlu         | Main Cols = 12    | Pre Cols = 32     | Perm Cols = 28    | Rows = 65536 | Cells = 4718592   
2025-10-28T18:40:25.889826Z DEBUG compress:prove:batch:open: ExtAlu          | Main Cols = 48    | Pre Cols = 32     | Perm Cols = 28    | Rows = 65536 | Cells = 7077888   
2025-10-28T18:40:25.889835Z DEBUG compress:prove:batch:open: PublicValues    | Main Cols = 1     | Pre Cols = 10     | Perm Cols = 8     | Rows = 16    | Cells = 304       
2025-10-28T18:40:26.576464Z DEBUG compress:prove:batch:open:flatten permutation traces and collect domains: close time.busy=687ms time.idle=5.09µs
2025-10-28T18:40:31.809403Z DEBUG compress:prove:batch:open:commit to permutation traces: close time.busy=5.23s time.idle=6.68µs
2025-10-28T18:40:31.810102Z DEBUG compress:prove:batch:open:compute quotient values:compute quotient values for domain: close time.busy=254µs time.idle=5.59µs
2025-10-28T18:40:36.573412Z DEBUG compress:prove:batch:open:compute quotient values:compute quotient values for domain: close time.busy=4.76s time.idle=6.37µs
2025-10-28T18:40:36.586178Z DEBUG compress:prove:batch:open:compute quotient values:compute quotient values for domain: close time.busy=4.78s time.idle=6.74µs
2025-10-28T18:40:36.646279Z DEBUG compress:prove:batch:open:compute quotient values:compute quotient values for domain: close time.busy=4.84s time.idle=6.77µs
2025-10-28T18:40:36.648305Z DEBUG compress:prove:batch:open:compute quotient values:compute quotient values for domain: close time.busy=4.84s time.idle=5.37µs
2025-10-28T18:40:36.948910Z DEBUG compress:prove:batch:open:compute quotient values:compute quotient values for domain: close time.busy=5.14s time.idle=6.92µs
2025-10-28T18:40:36.978149Z DEBUG compress:prove:batch:open:compute quotient values:compute quotient values for domain: close time.busy=5.17s time.idle=8.55µs
2025-10-28T18:40:38.703914Z DEBUG compress:prove:batch:open:compute quotient values:compute quotient values for domain: close time.busy=6.89s time.idle=7.19µs
2025-10-28T18:40:38.889968Z DEBUG compress:prove:batch:open:compute quotient values:compute quotient values for domain: close time.busy=7.08s time.idle=6.51µs
2025-10-28T18:40:52.437763Z DEBUG compress:prove:batch:commit: close time.busy=34.3s time.idle=25.8µs
2025-10-28T18:40:56.195523Z DEBUG compress:prove:batch:open:generate permutation traces: close time.busy=3.76s time.idle=13.2µs
2025-10-28T18:40:56.195672Z DEBUG compress:prove:batch:open: BatchFRI        | Main Cols = 13    | Pre Cols = 6      | Perm Cols = 12    | Rows = 2097152 | Cells = 65011712  
2025-10-28T18:40:56.195693Z DEBUG compress:prove:batch:open: MemoryVar       | Main Cols = 8     | Pre Cols = 4      | Perm Cols = 8     | Rows = 1048576 | Cells = 20971520  
2025-10-28T18:40:56.195705Z DEBUG compress:prove:batch:open: Select          | Main Cols = 5     | Pre Cols = 8      | Perm Cols = 16    | Rows = 1048576 | Cells = 30408704  
2025-10-28T18:40:56.195716Z DEBUG compress:prove:batch:open: ExtAlu          | Main Cols = 48    | Pre Cols = 32     | Perm Cols = 28    | Rows = 524288 | Cells = 56623104  
2025-10-28T18:40:56.195728Z DEBUG compress:prove:batch:open: ExpReverseBitsLen | Main Cols = 7     | Pre Cols = 10     | Perm Cols = 12    | Rows = 262144 | Cells = 7602176   
2025-10-28T18:40:56.195739Z DEBUG compress:prove:batch:open: MemoryConst     | Main Cols = 1     | Pre Cols = 12     | Perm Cols = 8     | Rows = 262144 | Cells = 5505024   
2025-10-28T18:40:56.195753Z DEBUG compress:prove:batch:open: Poseidon2WideDeg3 | Main Cols = 313   | Pre Cols = 49     | Perm Cols = 68    | Rows = 262144 | Cells = 112721920 
2025-10-28T18:40:56.195764Z DEBUG compress:prove:batch:open: BaseAlu         | Main Cols = 12    | Pre Cols = 32     | Perm Cols = 28    | Rows = 65536 | Cells = 4718592   
2025-10-28T18:40:56.195776Z DEBUG compress:prove:batch:open: PublicValues    | Main Cols = 1     | Pre Cols = 10     | Perm Cols = 8     | Rows = 16    | Cells = 304       
2025-10-28T18:40:57.940038Z DEBUG compress:prove:batch:open:flatten permutation traces and collect domains: close time.busy=1.74s time.idle=7.18µs
2025-10-28T18:40:59.260884Z DEBUG compress:prove:batch:open:commit to quotient traces: close time.busy=20.0s time.idle=8.43µs
2025-10-28T18:40:59.261006Z DEBUG compress:prove:batch:open:compute preprocessed opening points: close time.busy=7.03µs time.idle=4.84µs
2025-10-28T18:40:59.261049Z DEBUG compress:prove:batch:open:compute main trace opening points: close time.busy=18.2µs time.idle=3.19µs
2025-10-28T18:40:59.261074Z DEBUG compress:prove:batch:open:compute permutation trace opening points: close time.busy=5.71µs time.idle=2.73µs
2025-10-28T18:41:12.748695Z DEBUG compress:prove:batch:open:commit to permutation traces: close time.busy=14.8s time.idle=6.47µs
2025-10-28T18:41:12.749498Z DEBUG compress:prove:batch:open:compute quotient values:compute quotient values for domain: close time.busy=307µs time.idle=6.04µs
2025-10-28T18:41:24.910007Z DEBUG compress:prove:batch:open:compute quotient values:compute quotient values for domain: close time.busy=12.2s time.idle=5.11µs
2025-10-28T18:41:24.915234Z DEBUG compress:prove:batch:open:compute quotient values:compute quotient values for domain: close time.busy=12.2s time.idle=6.27µs
2025-10-28T18:41:24.929452Z DEBUG compress:prove:batch:open:compute quotient values:compute quotient values for domain: close time.busy=12.2s time.idle=16.5µs
2025-10-28T18:41:25.202461Z DEBUG compress:prove:batch:open:compute quotient values:compute quotient values for domain: close time.busy=12.5s time.idle=7.15µs
2025-10-28T18:41:25.285249Z DEBUG compress:prove:batch:open:compute quotient values:compute quotient values for domain: close time.busy=12.5s time.idle=10.9µs
2025-10-28T18:41:25.309009Z DEBUG compress:prove:batch:open:compute quotient values:compute quotient values for domain: close time.busy=12.6s time.idle=9.29µs
2025-10-28T18:41:32.476714Z DEBUG compress:prove:batch:open:compute quotient values:compute quotient values for domain: close time.busy=19.7s time.idle=11.2µs
2025-10-28T18:41:32.612083Z DEBUG compress:prove:batch:open:compute quotient values:compute quotient values for domain: close time.busy=19.9s time.idle=25.9µs
2025-10-28T18:41:36.062405Z DEBUG compress:prove:batch:open:open multi batches: close time.busy=36.8s time.idle=4.32µs
2025-10-28T18:41:36.062575Z DEBUG compress:prove:batch:open:compute quotient values: close time.busy=7.24s time.idle=57.0s
2025-10-28T18:41:36.376390Z DEBUG compress:prove:batch:open: close time.busy=71.9s time.idle=6.60µs
2025-10-28T18:41:36.376685Z DEBUG compress:prove:batch: close time.busy=91.4s time.idle=8.79µs
2025-10-28T18:41:36.416494Z DEBUG compress:generate records and traces:get program and witness stream: close time.busy=24.0ms time.idle=13.0µs
2025-10-28T18:41:36.555330Z DEBUG compress:prove:batch:Setup compress program:setup machine:generate preprocessed traces: generated preprocessed trace for chip BaseAlu in 162.475304ms
2025-10-28T18:41:36.555476Z DEBUG compress:prove:batch:Setup compress program:setup machine:generate preprocessed traces: generated preprocessed trace for chip PublicValues in 162.631804ms
2025-10-28T18:41:36.557177Z DEBUG compress:prove:batch:Setup compress program:setup machine:generate preprocessed traces: generated preprocessed trace for chip ExpReverseBitsLen in 164.383536ms
2025-10-28T18:41:36.578743Z DEBUG compress:prove:batch:Setup compress program:setup machine:generate preprocessed traces: generated preprocessed trace for chip MemoryVar in 185.085269ms
2025-10-28T18:41:36.590020Z DEBUG compress:prove:batch:Setup compress program:setup machine:generate preprocessed traces: generated preprocessed trace for chip Select in 197.256075ms
2025-10-28T18:41:36.596922Z DEBUG compress:prove:batch:Setup compress program:setup machine:generate preprocessed traces: generated preprocessed trace for chip MemoryConst in 204.332991ms
2025-10-28T18:41:36.597783Z DEBUG fixed log2 rows can be potentially reduced: got 213200, expected 2097152
2025-10-28T18:41:36.649066Z DEBUG compress:prove:batch:Setup compress program:setup machine:generate preprocessed traces: generated preprocessed trace for chip Poseidon2WideDeg3 in 256.403654ms
2025-10-28T18:41:36.656892Z DEBUG compress:prove:batch:Setup compress program:setup machine:generate preprocessed traces: generated preprocessed trace for chip ExtAlu in 264.035494ms
2025-10-28T18:41:36.790742Z DEBUG compress:prove:batch:Setup compress program:setup machine:generate preprocessed traces: generated preprocessed trace for chip BatchFRI in 397.913912ms
2025-10-28T18:41:37.097216Z DEBUG compress:generate records and traces:execute runtime: close time.busy=681ms time.idle=6.93µs
2025-10-28T18:41:37.097334Z DEBUG compress:generate records and traces:generate dependencies:register nonces: close time.busy=1.53µs time.idle=4.31µs
2025-10-28T18:41:37.097357Z DEBUG compress:generate records and traces:generate dependencies: close time.busy=56.7µs time.idle=5.61µs
2025-10-28T18:41:37.097711Z DEBUG fixed log2 rows can be potentially reduced: got 471504, expected 1048576
2025-10-28T18:41:37.097720Z DEBUG compress:generate records and traces:generate traces:generate traces for shard: generated trace for chip PublicValues in 10.746µs
2025-10-28T18:41:37.098020Z DEBUG compress:generate records and traces:generate traces:generate traces for shard: generated trace for chip MemoryConst in 495.138µs
2025-10-28T18:41:37.101661Z DEBUG compress:generate records and traces:generate traces:generate traces for shard: generated trace for chip BaseAlu in 4.004667ms
2025-10-28T18:41:37.102312Z DEBUG fixed log2 rows can be potentially reduced: got 346512, expected 1048576
2025-10-28T18:41:37.114404Z DEBUG generate batch fri trace: fixed log2 rows can be potentially reduced: got 213200, expected 2097152 rows=213200
2025-10-28T18:41:37.129340Z DEBUG compress:generate records and traces:generate traces:generate traces for shard: generated trace for chip Select in 31.626567ms
2025-10-28T18:41:37.140669Z DEBUG generate exp reverse bits len trace: close time.busy=42.9ms time.idle=7.17µs rows=9200
2025-10-28T18:41:37.140733Z DEBUG compress:generate records and traces:generate traces:generate traces for shard: generated trace for chip ExpReverseBitsLen in 43.024964ms
2025-10-28T18:41:37.162348Z DEBUG compress:generate records and traces:generate traces:generate traces for shard: generated trace for chip MemoryVar in 64.773492ms
2025-10-28T18:41:37.249554Z DEBUG compress:generate records and traces:generate traces:generate traces for shard: generated trace for chip ExtAlu in 151.877435ms
2025-10-28T18:41:37.536220Z DEBUG generate batch fri trace: close time.busy=438ms time.idle=7.11µs rows=213200
2025-10-28T18:41:37.536305Z DEBUG compress:generate records and traces:generate traces:generate traces for shard: generated trace for chip BatchFRI in 438.596923ms
2025-10-28T18:41:37.734951Z DEBUG generate poseidon2 wide trace: close time.busy=637ms time.idle=5.50µs rows=90000
2025-10-28T18:41:37.735029Z DEBUG compress:generate records and traces:generate traces:generate traces for shard: generated trace for chip Poseidon2WideDeg3 in 637.321328ms
2025-10-28T18:41:37.735121Z DEBUG compress:generate records and traces:generate traces:generate traces for shard: close time.busy=638ms time.idle=4.35µs
2025-10-28T18:41:37.735150Z DEBUG compress:generate records and traces:generate traces: close time.busy=638ms time.idle=4.65µs
2025-10-28T18:41:44.307562Z DEBUG compress:prove:batch:open:commit to quotient traces: close time.busy=10.7s time.idle=14.3µs
2025-10-28T18:41:44.307689Z DEBUG compress:prove:batch:open:compute preprocessed opening points: close time.busy=15.2µs time.idle=12.6µs
2025-10-28T18:41:44.307739Z DEBUG compress:prove:batch:open:compute main trace opening points: close time.busy=26.0µs time.idle=2.75µs
2025-10-28T18:41:44.307763Z DEBUG compress:prove:batch:open:compute permutation trace opening points: close time.busy=7.10µs time.idle=2.30µs
2025-10-28T18:41:52.337084Z DEBUG compress:prove:batch:Setup compress program:setup machine:commit to preprocessed traces: close time.busy=15.1s time.idle=20.0µs
2025-10-28T18:41:52.337238Z DEBUG compress:prove:batch:Setup compress program:setup machine:generate preprocessed traces: close time.busy=399ms time.idle=15.5s
2025-10-28T18:41:52.337260Z DEBUG compress:prove:batch:Setup compress program:setup machine: close time.busy=15.9s time.idle=4.07µs
2025-10-28T18:41:52.337297Z DEBUG compress:prove:batch:Setup compress program: close time.busy=15.9s time.idle=22.8µs
2025-10-28T18:41:52.337350Z DEBUG compress:prove:batch:observe proving key: close time.busy=16.6µs time.idle=5.04µs
2025-10-28T18:42:13.202261Z DEBUG compress:prove:batch:commit: close time.busy=20.9s time.idle=4.74µs
2025-10-28T18:42:17.110662Z DEBUG compress:prove:batch:open:generate permutation traces: close time.busy=3.91s time.idle=43.3µs
2025-10-28T18:42:17.110745Z DEBUG compress:prove:batch:open: BatchFRI        | Main Cols = 13    | Pre Cols = 6      | Perm Cols = 12    | Rows = 2097152 | Cells = 65011712  
2025-10-28T18:42:17.110761Z DEBUG compress:prove:batch:open: MemoryVar       | Main Cols = 8     | Pre Cols = 4      | Perm Cols = 8     | Rows = 1048576 | Cells = 20971520  
2025-10-28T18:42:17.110772Z DEBUG compress:prove:batch:open: Select          | Main Cols = 5     | Pre Cols = 8      | Perm Cols = 16    | Rows = 1048576 | Cells = 30408704  
2025-10-28T18:42:17.110786Z DEBUG compress:prove:batch:open: ExtAlu          | Main Cols = 48    | Pre Cols = 32     | Perm Cols = 28    | Rows = 524288 | Cells = 56623104  
2025-10-28T18:42:17.110799Z DEBUG compress:prove:batch:open: ExpReverseBitsLen | Main Cols = 7     | Pre Cols = 10     | Perm Cols = 12    | Rows = 262144 | Cells = 7602176   
2025-10-28T18:42:17.110809Z DEBUG compress:prove:batch:open: MemoryConst     | Main Cols = 1     | Pre Cols = 12     | Perm Cols = 8     | Rows = 262144 | Cells = 5505024   
2025-10-28T18:42:17.110820Z DEBUG compress:prove:batch:open: Poseidon2WideDeg3 | Main Cols = 313   | Pre Cols = 49     | Perm Cols = 68    | Rows = 262144 | Cells = 112721920 
2025-10-28T18:42:17.110831Z DEBUG compress:prove:batch:open: BaseAlu         | Main Cols = 12    | Pre Cols = 32     | Perm Cols = 28    | Rows = 65536 | Cells = 4718592   
2025-10-28T18:42:17.110844Z DEBUG compress:prove:batch:open: PublicValues    | Main Cols = 1     | Pre Cols = 10     | Perm Cols = 8     | Rows = 16    | Cells = 304       
2025-10-28T18:42:18.967269Z DEBUG compress:prove:batch:open:flatten permutation traces and collect domains: close time.busy=1.86s time.idle=7.58µs
2025-10-28T18:42:34.129739Z DEBUG compress:prove:batch:open:commit to permutation traces: close time.busy=15.2s time.idle=7.63µs
2025-10-28T18:42:34.130414Z DEBUG compress:prove:batch:open:compute quotient values:compute quotient values for domain: close time.busy=217µs time.idle=10.3µs
2025-10-28T18:42:50.667739Z DEBUG compress:prove:batch:open:compute quotient values:compute quotient values for domain: close time.busy=16.5s time.idle=6.32µs
2025-10-28T18:42:50.821260Z DEBUG compress:prove:batch:open:compute quotient values:compute quotient values for domain: close time.busy=16.7s time.idle=8.84µs
2025-10-28T18:42:50.829317Z DEBUG compress:prove:batch:open:compute quotient values:compute quotient values for domain: close time.busy=16.7s time.idle=9.87µs
2025-10-28T18:42:50.840457Z DEBUG compress:prove:batch:open:compute quotient values:compute quotient values for domain: close time.busy=16.7s time.idle=8.02µs
2025-10-28T18:42:51.131613Z DEBUG compress:prove:batch:open:compute quotient values:compute quotient values for domain: close time.busy=17.0s time.idle=6.50µs
2025-10-28T18:42:51.248731Z DEBUG compress:prove:batch:open:compute quotient values:compute quotient values for domain: close time.busy=17.1s time.idle=6.90µs
2025-10-28T18:42:51.279215Z DEBUG compress:prove:batch:open:compute quotient values:compute quotient values for domain: close time.busy=17.1s time.idle=6.03µs
2025-10-28T18:42:53.437417Z DEBUG compress:prove:batch:open:compute quotient values:compute quotient values for domain: close time.busy=19.3s time.idle=7.39µs
2025-10-28T18:42:57.339077Z DEBUG compress:prove:batch:open:open multi batches: close time.busy=73.0s time.idle=4.91µs
2025-10-28T18:42:57.431465Z DEBUG compress:prove:batch:open:compute quotient values: close time.busy=19.9s time.idle=84.8s
2025-10-28T18:42:58.318793Z DEBUG compress:prove:batch:open: close time.busy=126s time.idle=6.67µs
2025-10-28T18:42:58.492617Z DEBUG compress:prove:batch: close time.busy=173s time.idle=9.82µs
2025-10-28T18:42:58.507555Z DEBUG compress:generate records and traces:get program and witness stream: close time.busy=12.4ms time.idle=12.0µs
2025-10-28T18:42:58.608712Z DEBUG compress:prove:batch:Setup compress program:setup machine:generate preprocessed traces: generated preprocessed trace for chip PublicValues in 113.307414ms
2025-10-28T18:42:58.616603Z DEBUG compress:prove:batch:Setup compress program:setup machine:generate preprocessed traces: generated preprocessed trace for chip ExpReverseBitsLen in 121.201652ms
2025-10-28T18:42:58.620734Z DEBUG compress:prove:batch:Setup compress program:setup machine:generate preprocessed traces: generated preprocessed trace for chip BaseAlu in 125.419503ms
2025-10-28T18:42:58.625737Z DEBUG compress:prove:batch:Setup compress program:setup machine:generate preprocessed traces: generated preprocessed trace for chip MemoryVar in 130.45428ms
2025-10-28T18:42:58.631646Z DEBUG compress:prove:batch:Setup compress program:setup machine:generate preprocessed traces: generated preprocessed trace for chip MemoryConst in 136.422962ms
2025-10-28T18:42:58.637950Z DEBUG compress:prove:batch:Setup compress program:setup machine:generate preprocessed traces: generated preprocessed trace for chip Select in 142.566248ms
2025-10-28T18:42:58.669297Z DEBUG fixed log2 rows can be potentially reduced: got 213200, expected 2097152
2025-10-28T18:42:58.704064Z DEBUG compress:prove:batch:Setup compress program:setup machine:generate preprocessed traces: generated preprocessed trace for chip ExtAlu in 208.730429ms
2025-10-28T18:42:58.704083Z DEBUG compress:prove:batch:Setup compress program:setup machine:generate preprocessed traces: generated preprocessed trace for chip Poseidon2WideDeg3 in 208.675363ms
2025-10-28T18:42:58.854615Z DEBUG compress:prove:batch:Setup compress program:setup machine:generate preprocessed traces: generated preprocessed trace for chip BatchFRI in 359.142075ms
2025-10-28T18:43:00.041078Z DEBUG compress:generate records and traces:execute runtime: close time.busy=1.53s time.idle=7.08µs
2025-10-28T18:43:00.041213Z DEBUG compress:generate records and traces:generate dependencies:register nonces: close time.busy=1.64µs time.idle=4.19µs
2025-10-28T18:43:00.042036Z DEBUG compress:generate records and traces:generate dependencies: close time.busy=883µs time.idle=4.65µs
2025-10-28T18:43:00.042808Z DEBUG fixed log2 rows can be potentially reduced: got 471504, expected 1048576
2025-10-28T18:43:00.042956Z DEBUG compress:generate records and traces:generate traces:generate traces for shard: generated trace for chip PublicValues in 21.379µs
2025-10-28T18:43:00.043160Z DEBUG compress:generate records and traces:generate traces:generate traces for shard: generated trace for chip MemoryConst in 464.704µs
2025-10-28T18:43:00.046358Z DEBUG compress:generate records and traces:generate traces:generate traces for shard: generated trace for chip BaseAlu in 2.339737ms
2025-10-28T18:43:00.050699Z DEBUG generate batch fri trace: fixed log2 rows can be potentially reduced: got 213200, expected 2097152 rows=213200
2025-10-28T18:43:00.051379Z DEBUG compress:generate records and traces:generate traces:generate traces for shard: generated trace for chip Select in 8.576885ms
2025-10-28T18:43:00.051668Z DEBUG fixed log2 rows can be potentially reduced: got 346512, expected 1048576
2025-10-28T18:43:00.070485Z DEBUG generate exp reverse bits len trace: close time.busy=27.6ms time.idle=5.12µs rows=9200
2025-10-28T18:43:00.070540Z DEBUG compress:generate records and traces:generate traces:generate traces for shard: generated trace for chip ExpReverseBitsLen in 27.631338ms
2025-10-28T18:43:00.119184Z DEBUG compress:generate records and traces:generate traces:generate traces for shard: generated trace for chip MemoryVar in 76.323686ms
2025-10-28T18:43:00.375915Z DEBUG compress:generate records and traces:generate traces:generate traces for shard: generated trace for chip ExtAlu in 331.813247ms
2025-10-28T18:43:00.659382Z DEBUG generate batch fri trace: close time.busy=616ms time.idle=8.03µs rows=213200
2025-10-28T18:43:00.659469Z DEBUG compress:generate records and traces:generate traces:generate traces for shard: generated trace for chip BatchFRI in 615.791941ms
2025-10-28T18:43:01.324983Z DEBUG generate poseidon2 wide trace: close time.busy=1.28s time.idle=5.09µs rows=90000
2025-10-28T18:43:01.325033Z DEBUG compress:generate records and traces:generate traces:generate traces for shard: generated trace for chip Poseidon2WideDeg3 in 1.282266212s
2025-10-28T18:43:02.547995Z DEBUG compress:generate records and traces:generate traces:generate traces for shard: close time.busy=2.51s time.idle=27.4µs
2025-10-28T18:43:02.548077Z DEBUG compress:generate records and traces:generate traces: close time.busy=2.51s time.idle=5.50µs
2025-10-28T18:43:04.275706Z DEBUG compress:prove:batch:open:commit to quotient traces: close time.busy=9.96s time.idle=8.26µs
2025-10-28T18:43:04.275844Z DEBUG compress:prove:batch:open:compute preprocessed opening points: close time.busy=53.9µs time.idle=5.25µs
2025-10-28T18:43:04.275937Z DEBUG compress:prove:batch:open:compute main trace opening points: close time.busy=64.4µs time.idle=3.50µs
2025-10-28T18:43:04.275965Z DEBUG compress:prove:batch:open:compute permutation trace opening points: close time.busy=4.79µs time.idle=3.27µs
2025-10-28T18:43:14.097979Z DEBUG compress:prove:batch:Setup compress program:setup machine:commit to preprocessed traces: close time.busy=13.7s time.idle=8.91µs
2025-10-28T18:43:14.098109Z DEBUG compress:prove:batch:Setup compress program:setup machine:generate preprocessed traces: close time.busy=1.45s time.idle=14.1s
2025-10-28T18:43:14.098134Z DEBUG compress:prove:batch:Setup compress program:setup machine: close time.busy=15.6s time.idle=3.49µs
2025-10-28T18:43:14.098151Z DEBUG compress:prove:batch:Setup compress program: close time.busy=15.6s time.idle=4.07µs
2025-10-28T18:43:14.098253Z DEBUG compress:prove:batch:observe proving key: close time.busy=17.5µs time.idle=4.54µs
2025-10-28T18:43:34.303806Z DEBUG compress:prove:batch:commit: close time.busy=20.2s time.idle=4.68µs
2025-10-28T18:43:38.183257Z DEBUG compress:prove:batch:open:generate permutation traces: close time.busy=3.88s time.idle=5.84µs
2025-10-28T18:43:38.183335Z DEBUG compress:prove:batch:open: BatchFRI        | Main Cols = 13    | Pre Cols = 6      | Perm Cols = 12    | Rows = 2097152 | Cells = 65011712  
2025-10-28T18:43:38.183353Z DEBUG compress:prove:batch:open: MemoryVar       | Main Cols = 8     | Pre Cols = 4      | Perm Cols = 8     | Rows = 1048576 | Cells = 20971520  
2025-10-28T18:43:38.183363Z DEBUG compress:prove:batch:open: Select          | Main Cols = 5     | Pre Cols = 8      | Perm Cols = 16    | Rows = 1048576 | Cells = 30408704  
2025-10-28T18:43:38.183373Z DEBUG compress:prove:batch:open: ExtAlu          | Main Cols = 48    | Pre Cols = 32     | Perm Cols = 28    | Rows = 524288 | Cells = 56623104  
2025-10-28T18:43:38.183383Z DEBUG compress:prove:batch:open: ExpReverseBitsLen | Main Cols = 7     | Pre Cols = 10     | Perm Cols = 12    | Rows = 262144 | Cells = 7602176   
2025-10-28T18:43:38.183396Z DEBUG compress:prove:batch:open: MemoryConst     | Main Cols = 1     | Pre Cols = 12     | Perm Cols = 8     | Rows = 262144 | Cells = 5505024   
2025-10-28T18:43:38.183408Z DEBUG compress:prove:batch:open: Poseidon2WideDeg3 | Main Cols = 313   | Pre Cols = 49     | Perm Cols = 68    | Rows = 262144 | Cells = 112721920 
2025-10-28T18:43:38.183417Z DEBUG compress:prove:batch:open: BaseAlu         | Main Cols = 12    | Pre Cols = 32     | Perm Cols = 28    | Rows = 65536 | Cells = 4718592   
2025-10-28T18:43:38.183450Z DEBUG compress:prove:batch:open: PublicValues    | Main Cols = 1     | Pre Cols = 10     | Perm Cols = 8     | Rows = 16    | Cells = 304       
2025-10-28T18:43:39.859477Z DEBUG compress:prove:batch:open:flatten permutation traces and collect domains: close time.busy=1.68s time.idle=5.69µs
2025-10-28T18:43:54.499948Z DEBUG compress:prove:batch:open:commit to permutation traces: close time.busy=14.6s time.idle=6.85µs
2025-10-28T18:43:54.500950Z DEBUG compress:prove:batch:open:compute quotient values:compute quotient values for domain: close time.busy=605µs time.idle=13.2µs
2025-10-28T18:44:08.104607Z DEBUG compress:prove:batch:open:compute quotient values:compute quotient values for domain: close time.busy=13.6s time.idle=7.15µs
2025-10-28T18:44:08.107195Z DEBUG compress:prove:batch:open:compute quotient values:compute quotient values for domain: close time.busy=13.6s time.idle=6.39µs
2025-10-28T18:44:08.425196Z DEBUG compress:prove:batch:open:compute quotient values:compute quotient values for domain: close time.busy=13.9s time.idle=41.3µs
2025-10-28T18:44:08.615580Z DEBUG compress:prove:batch:open:compute quotient values:compute quotient values for domain: close time.busy=14.1s time.idle=14.5µs
2025-10-28T18:44:08.645161Z DEBUG compress:prove:batch:open:compute quotient values:compute quotient values for domain: close time.busy=14.1s time.idle=6.59µs
2025-10-28T18:44:08.661879Z DEBUG compress:prove:batch:open:compute quotient values:compute quotient values for domain: close time.busy=14.2s time.idle=6.35µs
2025-10-28T18:44:15.131162Z DEBUG compress:prove:batch:open:compute quotient values:compute quotient values for domain: close time.busy=20.6s time.idle=8.14µs
2025-10-28T18:44:15.236373Z DEBUG compress:prove:batch:open:compute quotient values:compute quotient values for domain: close time.busy=20.7s time.idle=21.0µs
2025-10-28T18:44:17.929029Z DEBUG compress:prove:batch:open:open multi batches: close time.busy=73.7s time.idle=5.26µs
2025-10-28T18:44:17.990200Z DEBUG compress:prove:batch:open:compute quotient values: close time.busy=19.3s time.idle=84.6s
2025-10-28T18:44:18.696839Z DEBUG compress:prove:batch:open: close time.busy=125s time.idle=5.81µs
2025-10-28T18:44:19.052594Z DEBUG compress:prove:batch: close time.busy=163s time.idle=16.2µs
2025-10-28T18:44:19.178835Z DEBUG compress:prove:batch:Setup compress program:setup machine:generate preprocessed traces: generated preprocessed trace for chip PublicValues in 122.911129ms
2025-10-28T18:44:19.184258Z DEBUG compress:prove:batch:Setup compress program:setup machine:generate preprocessed traces: generated preprocessed trace for chip MemoryConst in 128.556217ms
2025-10-28T18:44:19.189487Z DEBUG compress:prove:batch:Setup compress program:setup machine:generate preprocessed traces: generated preprocessed trace for chip BaseAlu in 133.563807ms
2025-10-28T18:44:19.195908Z DEBUG compress:prove:batch:Setup compress program:setup machine:generate preprocessed traces: generated preprocessed trace for chip MemoryVar in 136.417825ms
2025-10-28T18:44:19.203702Z DEBUG compress:prove:batch:Setup compress program:setup machine:generate preprocessed traces: generated preprocessed trace for chip ExpReverseBitsLen in 147.862576ms
2025-10-28T18:44:19.224797Z DEBUG fixed log2 rows can be potentially reduced: got 213200, expected 2097152
2025-10-28T18:44:19.232845Z DEBUG compress:prove:batch:Setup compress program:setup machine:generate preprocessed traces: generated preprocessed trace for chip Select in 177.018967ms
2025-10-28T18:44:19.268725Z DEBUG compress:prove:batch:Setup compress program:setup machine:generate preprocessed traces: generated preprocessed trace for chip Poseidon2WideDeg3 in 212.932506ms
2025-10-28T18:44:19.282112Z DEBUG compress:prove:batch:Setup compress program:setup machine:generate preprocessed traces: generated preprocessed trace for chip ExtAlu in 226.18471ms
2025-10-28T18:44:19.326652Z DEBUG compress:prove:batch:Setup compress program:setup machine:generate preprocessed traces: generated preprocessed trace for chip BatchFRI in 270.760946ms
2025-10-28T18:44:25.586557Z DEBUG compress:prove:batch:open:commit to quotient traces: close time.busy=9.62s time.idle=11.7µs
2025-10-28T18:44:25.586712Z DEBUG compress:prove:batch:open:compute preprocessed opening points: close time.busy=16.0µs time.idle=5.51µs
2025-10-28T18:44:25.586760Z DEBUG compress:prove:batch:open:compute main trace opening points: close time.busy=24.9µs time.idle=3.47µs
2025-10-28T18:44:25.586788Z DEBUG compress:prove:batch:open:compute permutation trace opening points: close time.busy=6.76µs time.idle=3.06µs
2025-10-28T18:44:34.441259Z DEBUG compress:prove:batch:Setup compress program:setup machine:commit to preprocessed traces: close time.busy=14.7s time.idle=8.64µs
2025-10-28T18:44:34.441419Z DEBUG compress:prove:batch:Setup compress program:setup machine:generate preprocessed traces: close time.busy=272ms time.idle=15.1s
2025-10-28T18:44:34.441474Z DEBUG compress:prove:batch:Setup compress program:setup machine: close time.busy=15.4s time.idle=4.30µs
2025-10-28T18:44:34.441500Z DEBUG compress:prove:batch:Setup compress program: close time.busy=15.4s time.idle=11.3µs
2025-10-28T18:44:34.441554Z DEBUG compress:prove:batch:observe proving key: close time.busy=16.4µs time.idle=4.50µs
2025-10-28T18:44:54.401397Z DEBUG compress:prove:batch:commit: close time.busy=20.0s time.idle=5.21µs
2025-10-28T18:44:58.138486Z DEBUG compress:prove:batch:open:generate permutation traces: close time.busy=3.74s time.idle=6.16µs
2025-10-28T18:44:58.138568Z DEBUG compress:prove:batch:open: BatchFRI        | Main Cols = 13    | Pre Cols = 6      | Perm Cols = 12    | Rows = 2097152 | Cells = 65011712  
2025-10-28T18:44:58.138594Z DEBUG compress:prove:batch:open: MemoryVar       | Main Cols = 8     | Pre Cols = 4      | Perm Cols = 8     | Rows = 1048576 | Cells = 20971520  
2025-10-28T18:44:58.138614Z DEBUG compress:prove:batch:open: Select          | Main Cols = 5     | Pre Cols = 8      | Perm Cols = 16    | Rows = 1048576 | Cells = 30408704  
2025-10-28T18:44:58.138631Z DEBUG compress:prove:batch:open: ExtAlu          | Main Cols = 48    | Pre Cols = 32     | Perm Cols = 28    | Rows = 524288 | Cells = 56623104  
2025-10-28T18:44:58.138643Z DEBUG compress:prove:batch:open: ExpReverseBitsLen | Main Cols = 7     | Pre Cols = 10     | Perm Cols = 12    | Rows = 262144 | Cells = 7602176   
2025-10-28T18:44:58.138652Z DEBUG compress:prove:batch:open: MemoryConst     | Main Cols = 1     | Pre Cols = 12     | Perm Cols = 8     | Rows = 262144 | Cells = 5505024   
2025-10-28T18:44:58.138663Z DEBUG compress:prove:batch:open: Poseidon2WideDeg3 | Main Cols = 313   | Pre Cols = 49     | Perm Cols = 68    | Rows = 262144 | Cells = 112721920 
2025-10-28T18:44:58.138673Z DEBUG compress:prove:batch:open: BaseAlu         | Main Cols = 12    | Pre Cols = 32     | Perm Cols = 28    | Rows = 65536 | Cells = 4718592   
2025-10-28T18:44:58.138682Z DEBUG compress:prove:batch:open: PublicValues    | Main Cols = 1     | Pre Cols = 10     | Perm Cols = 8     | Rows = 16    | Cells = 304       
2025-10-28T18:44:59.813788Z DEBUG compress:prove:batch:open:flatten permutation traces and collect domains: close time.busy=1.68s time.idle=5.84µs
2025-10-28T18:45:14.221880Z DEBUG compress:prove:batch:open:commit to permutation traces: close time.busy=14.4s time.idle=7.79µs
2025-10-28T18:45:14.222795Z DEBUG compress:prove:batch:open:compute quotient values:compute quotient values for domain: close time.busy=464µs time.idle=6.37µs
2025-10-28T18:45:27.731703Z DEBUG compress:prove:batch:open:compute quotient values:compute quotient values for domain: close time.busy=13.5s time.idle=5.86µs
2025-10-28T18:45:27.746285Z DEBUG compress:prove:batch:open:compute quotient values:compute quotient values for domain: close time.busy=13.5s time.idle=7.43µs
2025-10-28T18:45:27.749763Z DEBUG compress:prove:batch:open:compute quotient values:compute quotient values for domain: close time.busy=13.5s time.idle=5.19µs
2025-10-28T18:45:27.932650Z DEBUG compress:prove:batch:open:compute quotient values:compute quotient values for domain: close time.busy=13.7s time.idle=6.81µs
2025-10-28T18:45:28.284899Z DEBUG compress:prove:batch:open:compute quotient values:compute quotient values for domain: close time.busy=14.1s time.idle=6.26µs
2025-10-28T18:45:28.308283Z DEBUG compress:prove:batch:open:compute quotient values:compute quotient values for domain: close time.busy=14.1s time.idle=6.29µs
2025-10-28T18:45:33.714602Z DEBUG compress:prove:batch:open:compute quotient values:compute quotient values for domain: close time.busy=19.5s time.idle=8.84µs
2025-10-28T18:45:33.744240Z DEBUG compress:prove:batch:open:compute quotient values:compute quotient values for domain: close time.busy=19.5s time.idle=7.04µs
2025-10-28T18:45:37.262754Z DEBUG compress:prove:batch:open:open multi batches: close time.busy=71.7s time.idle=5.46µs
2025-10-28T18:45:37.345699Z DEBUG compress:prove:batch:open:compute quotient values: close time.busy=20.7s time.idle=82.1s
2025-10-28T18:45:37.995133Z DEBUG compress:prove:batch:open: close time.busy=124s time.idle=5.93µs
2025-10-28T18:45:38.037665Z DEBUG compress:generate records and traces:get program and witness stream: close time.busy=32.6ms time.idle=30.1µs
2025-10-28T18:45:38.368786Z DEBUG compress:prove:batch: close time.busy=160s time.idle=7.59µs
2025-10-28T18:45:38.499457Z DEBUG compress:prove:batch:Setup compress program:setup machine:generate preprocessed traces: generated preprocessed trace for chip PublicValues in 127.927472ms
2025-10-28T18:45:38.504367Z DEBUG compress:prove:batch:Setup compress program:setup machine:generate preprocessed traces: generated preprocessed trace for chip BaseAlu in 133.014642ms
2025-10-28T18:45:38.522576Z DEBUG compress:prove:batch:Setup compress program:setup machine:generate preprocessed traces: generated preprocessed trace for chip MemoryConst in 151.374844ms
2025-10-28T18:45:38.524257Z DEBUG compress:prove:batch:Setup compress program:setup machine:generate preprocessed traces: generated preprocessed trace for chip ExpReverseBitsLen in 152.736323ms
2025-10-28T18:45:38.525269Z DEBUG compress:prove:batch:Setup compress program:setup machine:generate preprocessed traces: generated preprocessed trace for chip MemoryVar in 153.992992ms
2025-10-28T18:45:38.539411Z DEBUG fixed log2 rows can be potentially reduced: got 213200, expected 2097152
2025-10-28T18:45:38.566505Z DEBUG compress:prove:batch:Setup compress program:setup machine:generate preprocessed traces: generated preprocessed trace for chip Select in 195.197226ms
2025-10-28T18:45:38.575063Z DEBUG compress:prove:batch:Setup compress program:setup machine:generate preprocessed traces: generated preprocessed trace for chip Poseidon2WideDeg3 in 203.81239ms
2025-10-28T18:45:38.616847Z DEBUG compress:prove:batch:Setup compress program:setup machine:generate preprocessed traces: generated preprocessed trace for chip ExtAlu in 245.37426ms
2025-10-28T18:45:38.639837Z DEBUG compress:prove:batch:Setup compress program:setup machine:generate preprocessed traces: generated preprocessed trace for chip BatchFRI in 268.276661ms
2025-10-28T18:45:39.288681Z DEBUG compress:generate records and traces:execute runtime: close time.busy=1.25s time.idle=5.93µs
2025-10-28T18:45:39.288801Z DEBUG compress:generate records and traces:generate dependencies:register nonces: close time.busy=1.17µs time.idle=3.67µs
2025-10-28T18:45:39.288818Z DEBUG compress:generate records and traces:generate dependencies: close time.busy=78.9µs time.idle=3.63µs
2025-10-28T18:45:39.289162Z DEBUG fixed log2 rows can be potentially reduced: got 510704, expected 1048576
2025-10-28T18:45:39.289252Z DEBUG compress:generate records and traces:generate traces:generate traces for shard: generated trace for chip PublicValues in 20.531µs
2025-10-28T18:45:39.289609Z DEBUG compress:generate records and traces:generate traces:generate traces for shard: generated trace for chip MemoryConst in 529.974µs
2025-10-28T18:45:39.290650Z DEBUG compress:generate records and traces:generate traces:generate traces for shard: generated trace for chip BaseAlu in 1.378247ms
2025-10-28T18:45:39.294484Z DEBUG compress:generate records and traces:generate traces:generate traces for shard: generated trace for chip Select in 5.323215ms
2025-10-28T18:45:39.299676Z DEBUG fixed log2 rows can be potentially reduced: got 367020, expected 1048576
2025-10-28T18:45:39.331256Z DEBUG generate exp reverse bits len trace: close time.busy=42.0ms time.idle=7.18µs rows=9200
2025-10-28T18:45:39.331321Z DEBUG compress:generate records and traces:generate traces:generate traces for shard: generated trace for chip ExpReverseBitsLen in 42.116231ms
2025-10-28T18:45:39.336965Z DEBUG generate batch fri trace: fixed log2 rows can be potentially reduced: got 213200, expected 2097152 rows=213200
2025-10-28T18:45:39.588370Z DEBUG compress:generate records and traces:generate traces:generate traces for shard: generated trace for chip MemoryVar in 298.531166ms
2025-10-28T18:45:39.614791Z DEBUG compress:generate records and traces:generate traces:generate traces for shard: generated trace for chip ExtAlu in 325.514772ms
2025-10-28T18:45:39.874034Z DEBUG generate batch fri trace: close time.busy=585ms time.idle=5.67µs rows=213200
2025-10-28T18:45:39.874097Z DEBUG compress:generate records and traces:generate traces:generate traces for shard: generated trace for chip BatchFRI in 584.807919ms
2025-10-28T18:45:40.632025Z DEBUG generate poseidon2 wide trace: close time.busy=1.34s time.idle=5.00µs rows=95402
2025-10-28T18:45:40.632076Z DEBUG compress:generate records and traces:generate traces:generate traces for shard: generated trace for chip Poseidon2WideDeg3 in 1.342980732s
2025-10-28T18:45:40.714638Z DEBUG compress:generate records and traces:generate traces:generate traces for shard: close time.busy=1.43s time.idle=4.63µs
2025-10-28T18:45:40.714695Z DEBUG compress:generate records and traces:generate traces: close time.busy=1.43s time.idle=3.87µs
2025-10-28T18:45:44.810911Z DEBUG compress:prove:batch:open:commit to quotient traces: close time.busy=10.4s time.idle=11.9µs
2025-10-28T18:45:44.811035Z DEBUG compress:prove:batch:open:compute preprocessed opening points: close time.busy=6.52µs time.idle=4.85µs
2025-10-28T18:45:44.811062Z DEBUG compress:prove:batch:open:compute main trace opening points: close time.busy=8.35µs time.idle=2.83µs
2025-10-28T18:45:44.811084Z DEBUG compress:prove:batch:open:compute permutation trace opening points: close time.busy=5.45µs time.idle=2.70µs
2025-10-28T18:45:54.308904Z DEBUG compress:prove:batch:Setup compress program:setup machine:commit to preprocessed traces: close time.busy=15.2s time.idle=8.90µs
2025-10-28T18:45:54.309011Z DEBUG compress:prove:batch:Setup compress program:setup machine:generate preprocessed traces: close time.busy=269ms time.idle=15.7s
2025-10-28T18:45:54.309027Z DEBUG compress:prove:batch:Setup compress program:setup machine: close time.busy=15.9s time.idle=3.15µs
2025-10-28T18:45:54.309040Z DEBUG compress:prove:batch:Setup compress program: close time.busy=15.9s time.idle=3.15µs
2025-10-28T18:45:54.309093Z DEBUG compress:prove:batch:observe proving key: close time.busy=15.4µs time.idle=3.49µs
2025-10-28T18:46:14.994653Z DEBUG compress:prove:batch:commit: close time.busy=20.7s time.idle=4.39µs
2025-10-28T18:46:19.207607Z DEBUG compress:prove:batch:open:generate permutation traces: close time.busy=4.21s time.idle=5.52µs
2025-10-28T18:46:19.207683Z DEBUG compress:prove:batch:open: BatchFRI        | Main Cols = 13    | Pre Cols = 6      | Perm Cols = 12    | Rows = 2097152 | Cells = 65011712  
2025-10-28T18:46:19.207703Z DEBUG compress:prove:batch:open: MemoryVar       | Main Cols = 8     | Pre Cols = 4      | Perm Cols = 8     | Rows = 1048576 | Cells = 20971520  
2025-10-28T18:46:19.207716Z DEBUG compress:prove:batch:open: Select          | Main Cols = 5     | Pre Cols = 8      | Perm Cols = 16    | Rows = 1048576 | Cells = 30408704  
2025-10-28T18:46:19.207728Z DEBUG compress:prove:batch:open: ExtAlu          | Main Cols = 48    | Pre Cols = 32     | Perm Cols = 28    | Rows = 524288 | Cells = 56623104  
2025-10-28T18:46:19.207741Z DEBUG compress:prove:batch:open: ExpReverseBitsLen | Main Cols = 7     | Pre Cols = 10     | Perm Cols = 12    | Rows = 262144 | Cells = 7602176   
2025-10-28T18:46:19.207754Z DEBUG compress:prove:batch:open: MemoryConst     | Main Cols = 1     | Pre Cols = 12     | Perm Cols = 8     | Rows = 262144 | Cells = 5505024   
2025-10-28T18:46:19.207768Z DEBUG compress:prove:batch:open: Poseidon2WideDeg3 | Main Cols = 313   | Pre Cols = 49     | Perm Cols = 68    | Rows = 262144 | Cells = 112721920 
2025-10-28T18:46:19.207780Z DEBUG compress:prove:batch:open: BaseAlu         | Main Cols = 12    | Pre Cols = 32     | Perm Cols = 28    | Rows = 65536 | Cells = 4718592   
2025-10-28T18:46:19.207792Z DEBUG compress:prove:batch:open: PublicValues    | Main Cols = 1     | Pre Cols = 10     | Perm Cols = 8     | Rows = 16    | Cells = 304       
2025-10-28T18:46:20.937731Z DEBUG compress:prove:batch:open:flatten permutation traces and collect domains: close time.busy=1.73s time.idle=6.63µs
2025-10-28T18:46:37.018257Z DEBUG compress:prove:batch:open:commit to permutation traces: close time.busy=16.1s time.idle=17.4µs
2025-10-28T18:46:37.019736Z DEBUG compress:prove:batch:open:compute quotient values:compute quotient values for domain: close time.busy=1.05ms time.idle=18.2µs
2025-10-28T18:46:51.975670Z DEBUG compress:prove:batch:open:compute quotient values:compute quotient values for domain: close time.busy=15.0s time.idle=22.2µs
2025-10-28T18:46:51.976523Z DEBUG compress:prove:batch:open:compute quotient values:compute quotient values for domain: close time.busy=15.0s time.idle=6.70µs
2025-10-28T18:46:51.988582Z DEBUG compress:prove:batch:open:compute quotient values:compute quotient values for domain: close time.busy=15.0s time.idle=16.7µs
2025-10-28T18:46:52.054095Z DEBUG compress:prove:batch:open:compute quotient values:compute quotient values for domain: close time.busy=15.0s time.idle=11.7µs
2025-10-28T18:46:52.109853Z DEBUG compress:prove:batch:open:compute quotient values:compute quotient values for domain: close time.busy=15.1s time.idle=13.0µs
2025-10-28T18:46:52.235097Z DEBUG compress:prove:batch:open:compute quotient values:compute quotient values for domain: close time.busy=15.2s time.idle=7.40µs
2025-10-28T18:46:53.020398Z DEBUG compress:prove:batch:open:compute quotient values:compute quotient values for domain: close time.busy=16.0s time.idle=22.5µs
2025-10-28T18:46:57.757001Z DEBUG compress:prove:batch:open:compute quotient values:compute quotient values for domain: close time.busy=20.7s time.idle=21.4µs
2025-10-28T18:46:58.631323Z DEBUG compress:prove:batch:open:open multi batches: close time.busy=73.8s time.idle=5.16µs
2025-10-28T18:46:58.744070Z DEBUG compress:prove:batch:open:compute quotient values: close time.busy=19.5s time.idle=85.0s
2025-10-28T18:46:59.455993Z DEBUG compress:prove:batch:open: close time.busy=125s time.idle=5.78µs
2025-10-28T18:46:59.659692Z DEBUG compress:prove:batch: close time.busy=161s time.idle=7.38µs
2025-10-28T18:46:59.779398Z DEBUG compress:prove:batch:Setup compress program:setup machine:generate preprocessed traces: generated preprocessed trace for chip PublicValues in 107.134869ms
2025-10-28T18:46:59.784293Z DEBUG compress:prove:batch:Setup compress program:setup machine:generate preprocessed traces: generated preprocessed trace for chip MemoryConst in 112.029308ms
2025-10-28T18:46:59.784644Z DEBUG compress:prove:batch:Setup compress program:setup machine:generate preprocessed traces: generated preprocessed trace for chip ExpReverseBitsLen in 112.38099ms
2025-10-28T18:46:59.790105Z DEBUG compress:prove:batch:Setup compress program:setup machine:generate preprocessed traces: generated preprocessed trace for chip BaseAlu in 117.841001ms
2025-10-28T18:46:59.801542Z DEBUG compress:prove:batch:Setup compress program:setup machine:generate preprocessed traces: generated preprocessed trace for chip MemoryVar in 129.279009ms
2025-10-28T18:46:59.825284Z DEBUG fixed log2 rows can be potentially reduced: got 213200, expected 2097152
2025-10-28T18:47:00.026060Z DEBUG compress:prove:batch:Setup compress program:setup machine:generate preprocessed traces: generated preprocessed trace for chip Select in 353.796461ms
2025-10-28T18:47:00.035725Z DEBUG compress:prove:batch:Setup compress program:setup machine:generate preprocessed traces: generated preprocessed trace for chip Poseidon2WideDeg3 in 363.462567ms
2025-10-28T18:47:00.047190Z DEBUG compress:prove:batch:Setup compress program:setup machine:generate preprocessed traces: generated preprocessed trace for chip ExtAlu in 374.925468ms
2025-10-28T18:47:00.076452Z DEBUG compress:prove:batch:Setup compress program:setup machine:generate preprocessed traces: generated preprocessed trace for chip BatchFRI in 404.189191ms
2025-10-28T18:47:08.823203Z DEBUG compress:prove:batch:open:commit to quotient traces: close time.busy=10.2s time.idle=8.09µs
2025-10-28T18:47:08.823369Z DEBUG compress:prove:batch:open:compute preprocessed opening points: close time.busy=8.14µs time.idle=5.54µs
2025-10-28T18:47:08.823410Z DEBUG compress:prove:batch:open:compute main trace opening points: close time.busy=20.2µs time.idle=3.18µs
2025-10-28T18:47:08.823463Z DEBUG compress:prove:batch:open:compute permutation trace opening points: close time.busy=5.94µs time.idle=3.21µs
2025-10-28T18:47:16.177467Z DEBUG compress:prove:batch:Setup compress program:setup machine:commit to preprocessed traces: close time.busy=15.9s time.idle=7.95µs
2025-10-28T18:47:16.177575Z DEBUG compress:prove:batch:Setup compress program:setup machine:generate preprocessed traces: close time.busy=414ms time.idle=16.1s
2025-10-28T18:47:16.177591Z DEBUG compress:prove:batch:Setup compress program:setup machine: close time.busy=16.5s time.idle=2.92µs
2025-10-28T18:47:16.177605Z DEBUG compress:prove:batch:Setup compress program: close time.busy=16.5s time.idle=4.50µs
2025-10-28T18:47:16.177652Z DEBUG compress:prove:batch:observe proving key: close time.busy=12.2µs time.idle=3.82µs
2025-10-28T18:47:36.852943Z DEBUG compress:prove:batch:commit: close time.busy=20.7s time.idle=4.32µs
2025-10-28T18:47:40.882329Z DEBUG compress:prove:batch:open:generate permutation traces: close time.busy=4.03s time.idle=6.25µs
2025-10-28T18:47:40.882410Z DEBUG compress:prove:batch:open: BatchFRI        | Main Cols = 13    | Pre Cols = 6      | Perm Cols = 12    | Rows = 2097152 | Cells = 65011712  
2025-10-28T18:47:40.882473Z DEBUG compress:prove:batch:open: MemoryVar       | Main Cols = 8     | Pre Cols = 4      | Perm Cols = 8     | Rows = 1048576 | Cells = 20971520  
2025-10-28T18:47:40.882489Z DEBUG compress:prove:batch:open: Select          | Main Cols = 5     | Pre Cols = 8      | Perm Cols = 16    | Rows = 1048576 | Cells = 30408704  
2025-10-28T18:47:40.882498Z DEBUG compress:prove:batch:open: ExtAlu          | Main Cols = 48    | Pre Cols = 32     | Perm Cols = 28    | Rows = 524288 | Cells = 56623104  
2025-10-28T18:47:40.882508Z DEBUG compress:prove:batch:open: ExpReverseBitsLen | Main Cols = 7     | Pre Cols = 10     | Perm Cols = 12    | Rows = 262144 | Cells = 7602176   
2025-10-28T18:47:40.882517Z DEBUG compress:prove:batch:open: MemoryConst     | Main Cols = 1     | Pre Cols = 12     | Perm Cols = 8     | Rows = 262144 | Cells = 5505024   
2025-10-28T18:47:40.882527Z DEBUG compress:prove:batch:open: Poseidon2WideDeg3 | Main Cols = 313   | Pre Cols = 49     | Perm Cols = 68    | Rows = 262144 | Cells = 112721920 
2025-10-28T18:47:40.882536Z DEBUG compress:prove:batch:open: BaseAlu         | Main Cols = 12    | Pre Cols = 32     | Perm Cols = 28    | Rows = 65536 | Cells = 4718592   
2025-10-28T18:47:40.882546Z DEBUG compress:prove:batch:open: PublicValues    | Main Cols = 1     | Pre Cols = 10     | Perm Cols = 8     | Rows = 16    | Cells = 304       
2025-10-28T18:47:42.584490Z DEBUG compress:prove:batch:open:flatten permutation traces and collect domains: close time.busy=1.70s time.idle=5.30µs
2025-10-28T18:47:57.504979Z DEBUG compress:prove:batch:open:commit to permutation traces: close time.busy=14.9s time.idle=6.72µs
2025-10-28T18:47:57.506529Z DEBUG compress:prove:batch:open:compute quotient values:compute quotient values for domain: close time.busy=1.03ms time.idle=8.32µs
2025-10-28T18:48:18.092929Z DEBUG compress:prove:batch:open:compute quotient values:compute quotient values for domain: close time.busy=20.6s time.idle=8.94µs
2025-10-28T18:48:18.329198Z DEBUG compress:prove:batch:open:compute quotient values:compute quotient values for domain: close time.busy=20.8s time.idle=16.9µs
2025-10-28T18:48:18.331182Z DEBUG compress:prove:batch:open:compute quotient values:compute quotient values for domain: close time.busy=20.8s time.idle=5.86µs
2025-10-28T18:48:18.331202Z DEBUG compress:prove:batch:open:compute quotient values:compute quotient values for domain: close time.busy=20.8s time.idle=4.62µs
2025-10-28T18:48:18.448022Z DEBUG compress:prove:batch:open:compute quotient values:compute quotient values for domain: close time.busy=20.9s time.idle=7.46µs
2025-10-28T18:48:18.471142Z DEBUG compress:prove:batch:open:compute quotient values:compute quotient values for domain: close time.busy=21.0s time.idle=5.56µs
2025-10-28T18:48:18.553060Z DEBUG compress:prove:batch:open:compute quotient values:compute quotient values for domain: close time.busy=21.0s time.idle=4.94µs
2025-10-28T18:48:18.600340Z DEBUG compress:prove:batch:open:compute quotient values:compute quotient values for domain: close time.busy=21.1s time.idle=14.1µs
2025-10-28T18:48:22.426494Z DEBUG compress:prove:batch:open:open multi batches: close time.busy=73.6s time.idle=5.25µs
2025-10-28T18:48:22.486138Z DEBUG compress:prove:batch:open:compute quotient values: close time.busy=20.7s time.idle=84.7s
2025-10-28T18:48:23.079100Z DEBUG compress:prove:batch:open: close time.busy=128s time.idle=5.93µs
2025-10-28T18:48:23.442988Z DEBUG compress:prove:batch: close time.busy=165s time.idle=14.9µs
2025-10-28T18:48:29.278993Z DEBUG compress:prove:batch:open:commit to quotient traces: close time.busy=9.71s time.idle=6.83µs
2025-10-28T18:48:29.279204Z DEBUG compress:prove:batch:open:compute preprocessed opening points: close time.busy=8.96µs time.idle=5.17µs
2025-10-28T18:48:29.279237Z DEBUG compress:prove:batch:open:compute main trace opening points: close time.busy=8.71µs time.idle=3.28µs
2025-10-28T18:48:29.279260Z DEBUG compress:prove:batch:open:compute permutation trace opening points: close time.busy=5.75µs time.idle=2.96µs
2025-10-28T18:48:52.624219Z DEBUG compress:prove:batch:open:open multi batches: close time.busy=23.3s time.idle=4.51µs
2025-10-28T18:48:52.683160Z DEBUG compress:prove:batch:open:compute quotient values: close time.busy=21.1s time.idle=34.1s
2025-10-28T18:48:53.246258Z DEBUG compress:prove:batch:open: close time.busy=76.4s time.idle=5.81µs
2025-10-28T18:48:53.401295Z DEBUG compress:prove:batch: close time.busy=114s time.idle=6.28µs
2025-10-28T18:48:53.402506Z DEBUG compress:generate records and traces:get program and witness stream: close time.busy=138ms time.idle=11.6µs
2025-10-28T18:48:54.069810Z DEBUG compress:generate records and traces:execute runtime: close time.busy=667ms time.idle=6.81µs
2025-10-28T18:48:54.069934Z DEBUG compress:generate records and traces:generate dependencies:register nonces: close time.busy=1.59µs time.idle=4.06µs
2025-10-28T18:48:54.069957Z DEBUG compress:generate records and traces:generate dependencies: close time.busy=77.7µs time.idle=4.52µs
2025-10-28T18:48:54.070335Z DEBUG fixed log2 rows can be potentially reduced: got 510704, expected 1048576
2025-10-28T18:48:54.070360Z DEBUG compress:generate records and traces:generate traces:generate traces for shard: generated trace for chip PublicValues in 18.764µs
2025-10-28T18:48:54.070808Z DEBUG compress:generate records and traces:generate traces:generate traces for shard: generated trace for chip MemoryConst in 683.174µs
2025-10-28T18:48:54.074908Z DEBUG generate batch fri trace: fixed log2 rows can be potentially reduced: got 213200, expected 2097152 rows=213200
2025-10-28T18:48:54.081177Z DEBUG compress:generate records and traces:generate traces:generate traces for shard: generated trace for chip BaseAlu in 10.920867ms
2025-10-28T18:48:54.088669Z DEBUG fixed log2 rows can be potentially reduced: got 367020, expected 1048576
2025-10-28T18:48:54.097786Z DEBUG compress:generate records and traces:generate traces:generate traces for shard: generated trace for chip Select in 27.45312ms
2025-10-28T18:48:54.127601Z DEBUG generate exp reverse bits len trace: close time.busy=57.2ms time.idle=6.14µs rows=9200
2025-10-28T18:48:54.127700Z DEBUG compress:generate records and traces:generate traces:generate traces for shard: generated trace for chip ExpReverseBitsLen in 57.363394ms
2025-10-28T18:48:54.185503Z DEBUG compress:generate records and traces:generate traces:generate traces for shard: generated trace for chip MemoryVar in 115.289846ms
2025-10-28T18:48:54.277791Z DEBUG compress:generate records and traces:generate traces:generate traces for shard: generated trace for chip ExtAlu in 207.396228ms
2025-10-28T18:48:54.502915Z DEBUG generate batch fri trace: close time.busy=433ms time.idle=8.37µs rows=213200
2025-10-28T18:48:54.502983Z DEBUG compress:generate records and traces:generate traces:generate traces for shard: generated trace for chip BatchFRI in 432.669981ms
2025-10-28T18:48:54.580521Z DEBUG generate poseidon2 wide trace: close time.busy=510ms time.idle=4.85µs rows=95402
2025-10-28T18:48:54.580563Z DEBUG compress:generate records and traces:generate traces:generate traces for shard: generated trace for chip Poseidon2WideDeg3 in 510.382521ms
2025-10-28T18:48:54.580649Z DEBUG compress:generate records and traces:generate traces:generate traces for shard: close time.busy=511ms time.idle=3.94µs
2025-10-28T18:48:54.580680Z DEBUG compress:generate records and traces:generate traces: close time.busy=511ms time.idle=4.04µs
2025-10-28T18:48:54.597650Z DEBUG compress:prove:batch:Setup compress program:setup machine:generate preprocessed traces: generated preprocessed trace for chip PublicValues in 16.587569ms
2025-10-28T18:48:54.606314Z DEBUG compress:prove:batch:Setup compress program:setup machine:generate preprocessed traces: generated preprocessed trace for chip BaseAlu in 25.348019ms
2025-10-28T18:48:54.609989Z DEBUG fixed log2 rows can be potentially reduced: got 213200, expected 2097152
2025-10-28T18:48:54.643663Z DEBUG compress:prove:batch:Setup compress program:setup machine:generate preprocessed traces: generated preprocessed trace for chip MemoryConst in 62.78769ms
2025-10-28T18:48:54.647065Z DEBUG compress:prove:batch:Setup compress program:setup machine:generate preprocessed traces: generated preprocessed trace for chip ExpReverseBitsLen in 66.004398ms
2025-10-28T18:48:54.670463Z DEBUG compress:prove:batch:Setup compress program:setup machine:generate preprocessed traces: generated preprocessed trace for chip Select in 89.408314ms
2025-10-28T18:48:54.670469Z DEBUG compress:prove:batch:Setup compress program:setup machine:generate preprocessed traces: generated preprocessed trace for chip MemoryVar in 89.538422ms
2025-10-28T18:48:54.674865Z DEBUG compress:prove:batch:Setup compress program:setup machine:generate preprocessed traces: generated preprocessed trace for chip Poseidon2WideDeg3 in 93.856911ms
2025-10-28T18:48:54.699905Z DEBUG compress:prove:batch:Setup compress program:setup machine:generate preprocessed traces: generated preprocessed trace for chip ExtAlu in 118.916464ms
2025-10-28T18:48:54.708782Z DEBUG compress:prove:batch:Setup compress program:setup machine:generate preprocessed traces: generated preprocessed trace for chip BatchFRI in 127.701742ms
2025-10-28T18:49:04.193266Z DEBUG compress:prove:batch:Setup compress program:setup machine:commit to preprocessed traces: close time.busy=8.98s time.idle=8.95µs
2025-10-28T18:49:04.193390Z DEBUG compress:prove:batch:Setup compress program:setup machine:generate preprocessed traces: close time.busy=128ms time.idle=9.48s
2025-10-28T18:49:04.193417Z DEBUG compress:prove:batch:Setup compress program:setup machine: close time.busy=9.61s time.idle=14.4µs
2025-10-28T18:49:04.193474Z DEBUG compress:prove:batch:Setup compress program: close time.busy=9.61s time.idle=4.63µs
2025-10-28T18:49:04.193515Z DEBUG compress:prove:batch:observe proving key: close time.busy=12.2µs time.idle=3.49µs
2025-10-28T18:49:22.964194Z DEBUG compress:prove:batch:commit: close time.busy=18.8s time.idle=8.93µs
2025-10-28T18:49:26.871206Z DEBUG compress:prove:batch:open:generate permutation traces: close time.busy=3.91s time.idle=5.72µs
2025-10-28T18:49:26.871282Z DEBUG compress:prove:batch:open: BatchFRI        | Main Cols = 13    | Pre Cols = 6      | Perm Cols = 12    | Rows = 2097152 | Cells = 65011712  
2025-10-28T18:49:26.871300Z DEBUG compress:prove:batch:open: MemoryVar       | Main Cols = 8     | Pre Cols = 4      | Perm Cols = 8     | Rows = 1048576 | Cells = 20971520  
2025-10-28T18:49:26.871315Z DEBUG compress:prove:batch:open: Select          | Main Cols = 5     | Pre Cols = 8      | Perm Cols = 16    | Rows = 1048576 | Cells = 30408704  
2025-10-28T18:49:26.871329Z DEBUG compress:prove:batch:open: ExtAlu          | Main Cols = 48    | Pre Cols = 32     | Perm Cols = 28    | Rows = 524288 | Cells = 56623104  
2025-10-28T18:49:26.871344Z DEBUG compress:prove:batch:open: ExpReverseBitsLen | Main Cols = 7     | Pre Cols = 10     | Perm Cols = 12    | Rows = 262144 | Cells = 7602176   
2025-10-28T18:49:26.871357Z DEBUG compress:prove:batch:open: MemoryConst     | Main Cols = 1     | Pre Cols = 12     | Perm Cols = 8     | Rows = 262144 | Cells = 5505024   
2025-10-28T18:49:26.871368Z DEBUG compress:prove:batch:open: Poseidon2WideDeg3 | Main Cols = 313   | Pre Cols = 49     | Perm Cols = 68    | Rows = 262144 | Cells = 112721920 
2025-10-28T18:49:26.871377Z DEBUG compress:prove:batch:open: BaseAlu         | Main Cols = 12    | Pre Cols = 32     | Perm Cols = 28    | Rows = 65536 | Cells = 4718592   
2025-10-28T18:49:26.871390Z DEBUG compress:prove:batch:open: PublicValues    | Main Cols = 1     | Pre Cols = 10     | Perm Cols = 8     | Rows = 16    | Cells = 304       
2025-10-28T18:49:28.730784Z DEBUG compress:prove:batch:open:flatten permutation traces and collect domains: close time.busy=1.86s time.idle=6.25µs
2025-10-28T18:49:40.937834Z DEBUG compress:prove:batch:open:commit to permutation traces: close time.busy=12.2s time.idle=6.95µs
2025-10-28T18:49:40.938730Z DEBUG compress:prove:batch:open:compute quotient values:compute quotient values for domain: close time.busy=381µs time.idle=4.62µs
2025-10-28T18:49:55.070853Z DEBUG compress:prove:batch:open:compute quotient values:compute quotient values for domain: close time.busy=14.1s time.idle=9.66µs
2025-10-28T18:49:55.071154Z DEBUG compress:prove:batch:open:compute quotient values:compute quotient values for domain: close time.busy=14.1s time.idle=5.78µs
2025-10-28T18:49:55.083039Z DEBUG compress:prove:batch:open:compute quotient values:compute quotient values for domain: close time.busy=14.1s time.idle=6.43µs
2025-10-28T18:49:55.197390Z DEBUG compress:prove:batch:open:compute quotient values:compute quotient values for domain: close time.busy=14.3s time.idle=6.90µs
2025-10-28T18:49:55.257521Z DEBUG compress:prove:batch:open:compute quotient values:compute quotient values for domain: close time.busy=14.3s time.idle=7.43µs
2025-10-28T18:49:55.377370Z DEBUG compress:prove:batch:open:compute quotient values:compute quotient values for domain: close time.busy=14.4s time.idle=7.96µs
2025-10-28T18:49:55.402281Z DEBUG compress:prove:batch:open:compute quotient values:compute quotient values for domain: close time.busy=14.5s time.idle=7.56µs
2025-10-28T18:49:59.658089Z DEBUG compress:prove:batch:open:compute quotient values:compute quotient values for domain: close time.busy=18.7s time.idle=7.46µs
2025-10-28T18:50:09.600605Z DEBUG compress:prove:batch:open:commit to quotient traces: close time.busy=8.96s time.idle=8.57µs
2025-10-28T18:50:09.600832Z DEBUG compress:prove:batch:open:compute preprocessed opening points: close time.busy=8.25µs time.idle=5.37µs
2025-10-28T18:50:09.600865Z DEBUG compress:prove:batch:open:compute main trace opening points: close time.busy=11.2µs time.idle=3.21µs
2025-10-28T18:50:09.600888Z DEBUG compress:prove:batch:open:compute permutation trace opening points: close time.busy=5.13µs time.idle=2.84µs
2025-10-28T18:50:31.712144Z DEBUG compress:prove:batch:open:open multi batches: close time.busy=22.1s time.idle=5.29µs
2025-10-28T18:50:31.815468Z DEBUG compress:prove:batch:open:compute quotient values: close time.busy=18.7s time.idle=32.2s
2025-10-28T18:50:32.549329Z DEBUG compress:prove:batch:open: close time.busy=69.6s time.idle=5.59µs
2025-10-28T18:50:32.563984Z DEBUG compress:generate next layer inputs: close time.busy=2348s time.idle=281µs
2025-10-28T18:50:32.592874Z DEBUG compress:generate records and traces:get program and witness stream: close time.busy=29.8ms time.idle=12.2µs
2025-10-28T18:50:32.698215Z DEBUG compress:prove:batch: close time.busy=98.1s time.idle=6.32µs
2025-10-28T18:50:33.171687Z DEBUG compress:generate records and traces:execute runtime: close time.busy=579ms time.idle=5.54µs
2025-10-28T18:50:33.171818Z DEBUG compress:generate records and traces:generate dependencies:register nonces: close time.busy=1.20µs time.idle=3.49µs
2025-10-28T18:50:33.171835Z DEBUG compress:generate records and traces:generate dependencies: close time.busy=79.4µs time.idle=3.64µs
2025-10-28T18:50:33.172220Z DEBUG fixed log2 rows can be potentially reduced: got 510704, expected 1048576
2025-10-28T18:50:33.172262Z DEBUG compress:generate records and traces:generate traces:generate traces for shard: generated trace for chip PublicValues in 14.904µs
2025-10-28T18:50:33.172457Z DEBUG compress:generate records and traces:generate traces:generate traces for shard: generated trace for chip MemoryConst in 413.981µs
2025-10-28T18:50:33.173368Z DEBUG compress:generate records and traces:generate traces:generate traces for shard: generated trace for chip BaseAlu in 1.215553ms
2025-10-28T18:50:33.180486Z DEBUG compress:generate records and traces:generate traces:generate traces for shard: generated trace for chip Select in 8.269241ms
2025-10-28T18:50:33.189380Z DEBUG generate batch fri trace: fixed log2 rows can be potentially reduced: got 213200, expected 2097152 rows=213200
2025-10-28T18:50:33.201864Z DEBUG fixed log2 rows can be potentially reduced: got 367020, expected 1048576
2025-10-28T18:50:33.212649Z DEBUG generate exp reverse bits len trace: close time.busy=40.4ms time.idle=7.72µs rows=9200
2025-10-28T18:50:33.212712Z DEBUG compress:generate records and traces:generate traces:generate traces for shard: generated trace for chip ExpReverseBitsLen in 40.470101ms
2025-10-28T18:50:33.296520Z DEBUG compress:generate records and traces:generate traces:generate traces for shard: generated trace for chip MemoryVar in 122.584257ms
2025-10-28T18:50:33.345848Z DEBUG compress:generate records and traces:generate traces:generate traces for shard: generated trace for chip ExtAlu in 173.669192ms
2025-10-28T18:50:33.538292Z DEBUG generate batch fri trace: close time.busy=366ms time.idle=5.96µs rows=213200
2025-10-28T18:50:33.538351Z DEBUG compress:generate records and traces:generate traces:generate traces for shard: generated trace for chip BatchFRI in 366.109986ms
2025-10-28T18:50:33.790734Z DEBUG generate poseidon2 wide trace: close time.busy=618ms time.idle=92.1µs rows=95402
2025-10-28T18:50:33.790779Z DEBUG compress:generate records and traces:generate traces:generate traces for shard: generated trace for chip Poseidon2WideDeg3 in 618.618141ms
2025-10-28T18:50:33.790860Z DEBUG compress:generate records and traces:generate traces:generate traces for shard: close time.busy=619ms time.idle=3.96µs
2025-10-28T18:50:33.790888Z DEBUG compress:generate records and traces:generate traces: close time.busy=619ms time.idle=3.45µs
2025-10-28T18:50:33.792671Z DEBUG compress:generate records and traces: close time.busy=2350s time.idle=1.84ms
2025-10-28T18:50:33.793727Z DEBUG compress:prove: close time.busy=2350s time.idle=264µs
2025-10-28T18:50:33.811759Z DEBUG compress:prove:batch:Setup compress program:setup machine:generate preprocessed traces: generated preprocessed trace for chip BaseAlu in 20.615478ms
2025-10-28T18:50:33.811954Z DEBUG compress:prove:batch:Setup compress program:setup machine:generate preprocessed traces: generated preprocessed trace for chip PublicValues in 20.798994ms
2025-10-28T18:50:33.820362Z DEBUG fixed log2 rows can be potentially reduced: got 213200, expected 2097152
2025-10-28T18:50:33.829262Z DEBUG compress:prove:batch:Setup compress program:setup machine:generate preprocessed traces: generated preprocessed trace for chip MemoryConst in 38.181618ms
2025-10-28T18:50:33.842806Z DEBUG compress:prove:batch:Setup compress program:setup machine:generate preprocessed traces: generated preprocessed trace for chip ExpReverseBitsLen in 51.651781ms
2025-10-28T18:50:33.866001Z DEBUG compress:prove:batch:Setup compress program:setup machine:generate preprocessed traces: generated preprocessed trace for chip MemoryVar in 74.889109ms
2025-10-28T18:50:33.875127Z DEBUG compress:prove:batch:Setup compress program:setup machine:generate preprocessed traces: generated preprocessed trace for chip Select in 83.975616ms
2025-10-28T18:50:33.902371Z DEBUG compress:prove:batch:Setup compress program:setup machine:generate preprocessed traces: generated preprocessed trace for chip ExtAlu in 111.219683ms
2025-10-28T18:50:33.914128Z DEBUG compress:prove:batch:Setup compress program:setup machine:generate preprocessed traces: generated preprocessed trace for chip Poseidon2WideDeg3 in 123.028847ms
2025-10-28T18:50:33.979872Z DEBUG compress:prove:batch:Setup compress program:setup machine:generate preprocessed traces: generated preprocessed trace for chip BatchFRI in 188.680765ms
2025-10-28T18:50:42.972303Z DEBUG compress:prove:batch:Setup compress program:setup machine:commit to preprocessed traces: close time.busy=8.52s time.idle=10.0µs
2025-10-28T18:50:42.972408Z DEBUG compress:prove:batch:Setup compress program:setup machine:generate preprocessed traces: close time.busy=189ms time.idle=8.99s
2025-10-28T18:50:42.972450Z DEBUG compress:prove:batch:Setup compress program:setup machine: close time.busy=9.18s time.idle=19.3µs
2025-10-28T18:50:42.972475Z DEBUG compress:prove:batch:Setup compress program: close time.busy=9.18s time.idle=10.6µs
2025-10-28T18:50:42.972520Z DEBUG compress:prove:batch:observe proving key: close time.busy=17.3µs time.idle=4.34µs
2025-10-28T18:51:01.490738Z DEBUG compress:prove:batch:commit: close time.busy=18.5s time.idle=5.04µs
2025-10-28T18:51:05.506811Z DEBUG compress:prove:batch:open:generate permutation traces: close time.busy=4.02s time.idle=5.76µs
2025-10-28T18:51:05.506906Z DEBUG compress:prove:batch:open: BatchFRI        | Main Cols = 13    | Pre Cols = 6      | Perm Cols = 12    | Rows = 2097152 | Cells = 65011712  
2025-10-28T18:51:05.506924Z DEBUG compress:prove:batch:open: MemoryVar       | Main Cols = 8     | Pre Cols = 4      | Perm Cols = 8     | Rows = 1048576 | Cells = 20971520  
2025-10-28T18:51:05.506936Z DEBUG compress:prove:batch:open: Select          | Main Cols = 5     | Pre Cols = 8      | Perm Cols = 16    | Rows = 1048576 | Cells = 30408704  
2025-10-28T18:51:05.506948Z DEBUG compress:prove:batch:open: ExtAlu          | Main Cols = 48    | Pre Cols = 32     | Perm Cols = 28    | Rows = 524288 | Cells = 56623104  
2025-10-28T18:51:05.506959Z DEBUG compress:prove:batch:open: ExpReverseBitsLen | Main Cols = 7     | Pre Cols = 10     | Perm Cols = 12    | Rows = 262144 | Cells = 7602176   
2025-10-28T18:51:05.506971Z DEBUG compress:prove:batch:open: MemoryConst     | Main Cols = 1     | Pre Cols = 12     | Perm Cols = 8     | Rows = 262144 | Cells = 5505024   
2025-10-28T18:51:05.506985Z DEBUG compress:prove:batch:open: Poseidon2WideDeg3 | Main Cols = 313   | Pre Cols = 49     | Perm Cols = 68    | Rows = 262144 | Cells = 112721920 
2025-10-28T18:51:05.506996Z DEBUG compress:prove:batch:open: BaseAlu         | Main Cols = 12    | Pre Cols = 32     | Perm Cols = 28    | Rows = 65536 | Cells = 4718592   
2025-10-28T18:51:05.507007Z DEBUG compress:prove:batch:open: PublicValues    | Main Cols = 1     | Pre Cols = 10     | Perm Cols = 8     | Rows = 16    | Cells = 304       
2025-10-28T18:51:07.331360Z DEBUG compress:prove:batch:open:flatten permutation traces and collect domains: close time.busy=1.82s time.idle=6.55µs
2025-10-28T18:51:19.787606Z DEBUG compress:prove:batch:open:commit to permutation traces: close time.busy=12.5s time.idle=6.40µs
2025-10-28T18:51:19.788953Z DEBUG compress:prove:batch:open:compute quotient values:compute quotient values for domain: close time.busy=954µs time.idle=5.06µs
2025-10-28T18:51:32.584190Z DEBUG compress:prove:batch:open:compute quotient values:compute quotient values for domain: close time.busy=12.8s time.idle=6.21µs
2025-10-28T18:51:32.586506Z DEBUG compress:prove:batch:open:compute quotient values:compute quotient values for domain: close time.busy=12.8s time.idle=4.43µs
2025-10-28T18:51:32.603185Z DEBUG compress:prove:batch:open:compute quotient values:compute quotient values for domain: close time.busy=12.8s time.idle=5.89µs
2025-10-28T18:51:32.985545Z DEBUG compress:prove:batch:open:compute quotient values:compute quotient values for domain: close time.busy=13.2s time.idle=7.06µs
2025-10-28T18:51:33.027607Z DEBUG compress:prove:batch:open:compute quotient values:compute quotient values for domain: close time.busy=13.2s time.idle=5.06µs
2025-10-28T18:51:33.054312Z DEBUG compress:prove:batch:open:compute quotient values:compute quotient values for domain: close time.busy=13.3s time.idle=5.14µs
2025-10-28T18:51:33.063613Z DEBUG compress:prove:batch:open:compute quotient values:compute quotient values for domain: close time.busy=13.3s time.idle=7.93µs
2025-10-28T18:51:39.542618Z DEBUG compress:prove:batch:open:compute quotient values:compute quotient values for domain: close time.busy=19.8s time.idle=5.74µs
2025-10-28T18:51:49.064676Z DEBUG compress:prove:batch:open:commit to quotient traces: close time.busy=8.71s time.idle=7.19µs
2025-10-28T18:51:49.064750Z DEBUG compress:prove:batch:open:compute preprocessed opening points: close time.busy=11.6µs time.idle=3.50µs
2025-10-28T18:51:49.064770Z DEBUG compress:prove:batch:open:compute main trace opening points: close time.busy=5.13µs time.idle=2.17µs
2025-10-28T18:51:49.064797Z DEBUG compress:prove:batch:open:compute permutation trace opening points: close time.busy=13.3µs time.idle=2.15µs
2025-10-28T18:52:11.156510Z DEBUG compress:prove:batch:open:open multi batches: close time.busy=22.1s time.idle=9.30µs
2025-10-28T18:52:11.216777Z DEBUG compress:prove:batch:open:compute quotient values: close time.busy=19.8s time.idle=31.7s
2025-10-28T18:52:11.908227Z DEBUG compress:prove:batch:open: close time.busy=70.4s time.idle=7.60µs
2025-10-28T18:52:12.258846Z DEBUG compress:prove:batch: close time.busy=98.5s time.idle=7.00µs
2025-10-28T18:52:12.431422Z DEBUG compress:prove: close time.busy=2448s time.idle=213µs
2025-10-28T18:52:12.432369Z DEBUG compress: joined handles
2025-10-28T18:52:12.433168Z  INFO compress: close time.busy=2448s time.idle=165ms
2025-10-28T18:52:12.648046Z DEBUG shrink:build shrink program:assert lookup multiplicities: close time.busy=26.1µs time.idle=5.61µs
2025-10-28T18:52:12.777235Z DEBUG shrink:build shrink program:2adic pcs:verify shape and challenges: close time.busy=103ms time.idle=5.31µs
2025-10-28T18:52:13.203664Z DEBUG shrink:build shrink program:2adic pcs:verify challenges: close time.busy=172ms time.idle=6.79µs
2025-10-28T18:52:13.203889Z DEBUG shrink:build shrink program:2adic pcs: close time.busy=553ms time.idle=3.43µs
2025-10-28T18:52:13.205996Z DEBUG shrink:build shrink program:verify constraints: close time.busy=2.08ms time.idle=4.47µs
2025-10-28T18:52:13.228369Z DEBUG shrink:build shrink program: close time.busy=723ms time.idle=8.74µs
2025-10-28T18:52:13.516280Z DEBUG shrink:compile shrink program:compile raw program: close time.busy=288ms time.idle=4.69µs
2025-10-28T18:52:13.562576Z DEBUG shrink:compile shrink program:backfill mult: close time.busy=46.2ms time.idle=6.34µs
2025-10-28T18:52:13.562725Z DEBUG shrink:compile shrink program:prepend constants: close time.busy=60.9µs time.idle=4.76µs
2025-10-28T18:52:13.562751Z DEBUG shrink:compile shrink program: close time.busy=334ms time.idle=4.99µs
2025-10-28T18:52:13.708704Z DEBUG shrink: total events: 1168792
2025-10-28T18:52:13.708757Z DEBUG shrink:   base_alu_events: 112498
2025-10-28T18:52:13.708768Z DEBUG shrink:   batch_fri_events: 106600
2025-10-28T18:52:13.708778Z DEBUG shrink:   commit_pv_hash_events: 1
2025-10-28T18:52:13.708787Z DEBUG shrink:   exp_reverse_bits_len_events: 4600
2025-10-28T18:52:13.708796Z DEBUG shrink:   ext_alu_events: 133236
2025-10-28T18:52:13.708806Z DEBUG shrink:   fri_fold_events: 0
2025-10-28T18:52:13.708815Z DEBUG shrink:   mem_const_count: 141766
2025-10-28T18:52:13.708824Z DEBUG shrink:   mem_var_events: 367024
2025-10-28T18:52:13.708834Z DEBUG shrink:   poseidon2_events: 47715
2025-10-28T18:52:13.708843Z DEBUG shrink:   select_events: 255352
2025-10-28T18:52:13.708856Z DEBUG shrink: Shrink program executed successfully
2025-10-28T18:52:13.719346Z DEBUG shrink:setup shrink:setup machine:generate preprocessed traces: generated preprocessed trace for chip PublicValues in 10.036164ms
2025-10-28T18:52:13.727209Z DEBUG shrink:setup shrink:setup machine:generate preprocessed traces: generated preprocessed trace for chip Poseidon2WideDeg3 in 18.102204ms
2025-10-28T18:52:13.727257Z DEBUG shrink:setup shrink:setup machine:generate preprocessed traces: generated preprocessed trace for chip BaseAlu in 18.076551ms
2025-10-28T18:52:13.728476Z DEBUG shrink:setup shrink:setup machine:generate preprocessed traces: generated preprocessed trace for chip ExpReverseBitsLen in 19.13689ms
2025-10-28T18:52:13.729347Z DEBUG shrink:setup shrink:setup machine:generate preprocessed traces: generated preprocessed trace for chip Select in 20.204308ms
2025-10-28T18:52:13.729375Z DEBUG shrink:setup shrink:setup machine:generate preprocessed traces: generated preprocessed trace for chip ExtAlu in 20.072104ms
2025-10-28T18:52:13.734729Z DEBUG shrink:setup shrink:setup machine:generate preprocessed traces: generated preprocessed trace for chip MemoryConst in 25.693356ms
2025-10-28T18:52:13.735500Z DEBUG shrink:setup shrink:setup machine:generate preprocessed traces: generated preprocessed trace for chip BatchFRI in 26.292156ms
2025-10-28T18:52:13.752343Z DEBUG shrink:setup shrink:setup machine:generate preprocessed traces: generated preprocessed trace for chip MemoryVar in 42.476769ms
2025-10-28T18:52:18.409086Z DEBUG shrink:setup shrink:setup machine:commit to preprocessed traces: close time.busy=4.56s time.idle=9.57µs
2025-10-28T18:52:18.409255Z DEBUG shrink:setup shrink:setup machine:generate preprocessed traces: close time.busy=43.7ms time.idle=4.66s
2025-10-28T18:52:18.409286Z DEBUG shrink:setup shrink:setup machine: close time.busy=4.70s time.idle=12.1µs
2025-10-28T18:52:18.409314Z DEBUG shrink:setup shrink: close time.busy=4.70s time.idle=13.4µs
2025-10-28T18:52:18.409399Z DEBUG shrink:register nonces: close time.busy=1.99µs time.idle=5.32µs
2025-10-28T18:52:18.409763Z DEBUG shrink:prove_shards:generate traces for shard: generated trace for chip PublicValues in 10.766µs
2025-10-28T18:52:18.411999Z DEBUG shrink:prove_shards:generate traces for shard: generated trace for chip MemoryConst in 2.345464ms
2025-10-28T18:52:18.412734Z DEBUG shrink:prove_shards:generate traces for shard: generated trace for chip Select in 2.989212ms
2025-10-28T18:52:18.414304Z DEBUG shrink:prove_shards:generate traces for shard: generated trace for chip MemoryVar in 4.334524ms
2025-10-28T18:52:18.420643Z DEBUG shrink:prove_shards:generate traces for shard: generated trace for chip BaseAlu in 10.99049ms
2025-10-28T18:52:18.425144Z DEBUG generate exp reverse bits len trace: close time.busy=15.4ms time.idle=4.68µs rows=4600
2025-10-28T18:52:18.425199Z DEBUG shrink:prove_shards:generate traces for shard: generated trace for chip ExpReverseBitsLen in 15.452817ms
2025-10-28T18:52:18.427873Z DEBUG generate batch fri trace: close time.busy=17.9ms time.idle=4.30µs rows=106600
2025-10-28T18:52:18.427905Z DEBUG shrink:prove_shards:generate traces for shard: generated trace for chip BatchFRI in 17.912577ms
2025-10-28T18:52:18.477829Z DEBUG shrink:prove_shards:generate traces for shard: generated trace for chip ExtAlu in 68.136207ms
2025-10-28T18:52:18.535491Z DEBUG generate poseidon2 wide trace: close time.busy=126ms time.idle=5.67µs rows=47715
2025-10-28T18:52:18.535545Z DEBUG shrink:prove_shards:generate traces for shard: generated trace for chip Poseidon2WideDeg3 in 125.826899ms
2025-10-28T18:52:18.535741Z DEBUG shrink:prove_shards:generate traces for shard: close time.busy=126ms time.idle=4.21µs
2025-10-28T18:52:27.972998Z DEBUG shrink:prove_shards:generate permutation traces: close time.busy=886ms time.idle=10.7µs
2025-10-28T18:52:27.973097Z DEBUG shrink:prove_shards: ExtAlu          | Main Cols = 48    | Pre Cols = 32     | Perm Cols = 28    | Rows = 262144 | Cells = 28311552  
2025-10-28T18:52:27.973113Z DEBUG shrink:prove_shards: MemoryVar       | Main Cols = 8     | Pre Cols = 4      | Perm Cols = 8     | Rows = 262144 | Cells = 5242880   
2025-10-28T18:52:27.973124Z DEBUG shrink:prove_shards: Select          | Main Cols = 5     | Pre Cols = 8      | Perm Cols = 16    | Rows = 262144 | Cells = 7602176   
2025-10-28T18:52:27.973141Z DEBUG shrink:prove_shards: BaseAlu         | Main Cols = 12    | Pre Cols = 32     | Perm Cols = 28    | Rows = 131072 | Cells = 9437184   
2025-10-28T18:52:27.973152Z DEBUG shrink:prove_shards: BatchFRI        | Main Cols = 13    | Pre Cols = 6      | Perm Cols = 12    | Rows = 131072 | Cells = 4063232   
2025-10-28T18:52:27.973162Z DEBUG shrink:prove_shards: ExpReverseBitsLen | Main Cols = 7     | Pre Cols = 10     | Perm Cols = 12    | Rows = 131072 | Cells = 3801088   
2025-10-28T18:52:27.973174Z DEBUG shrink:prove_shards: MemoryConst     | Main Cols = 1     | Pre Cols = 12     | Perm Cols = 8     | Rows = 131072 | Cells = 2752512   
2025-10-28T18:52:27.973189Z DEBUG shrink:prove_shards: Poseidon2WideDeg3 | Main Cols = 313   | Pre Cols = 49     | Perm Cols = 68    | Rows = 65536 | Cells = 28180480  
2025-10-28T18:52:27.973199Z DEBUG shrink:prove_shards: PublicValues    | Main Cols = 1     | Pre Cols = 10     | Perm Cols = 8     | Rows = 16    | Cells = 304       
2025-10-28T18:52:28.287661Z DEBUG shrink:prove_shards:flatten permutation traces and collect domains: close time.busy=314ms time.idle=5.70µs
2025-10-28T18:52:33.479971Z DEBUG shrink:prove_shards:commit to permutation traces: close time.busy=5.19s time.idle=5.80µs
2025-10-28T18:52:33.480564Z DEBUG shrink:prove_shards:compute quotient values:compute quotient values for domain: close time.busy=256µs time.idle=3.88µs
2025-10-28T18:52:37.597689Z DEBUG shrink:prove_shards:compute quotient values:compute quotient values for domain: close time.busy=4.12s time.idle=5.37µs
2025-10-28T18:52:37.604363Z DEBUG shrink:prove_shards:compute quotient values:compute quotient values for domain: close time.busy=4.12s time.idle=8.23µs
2025-10-28T18:52:37.607522Z DEBUG shrink:prove_shards:compute quotient values:compute quotient values for domain: close time.busy=4.13s time.idle=5.16µs
2025-10-28T18:52:37.610013Z DEBUG shrink:prove_shards:compute quotient values:compute quotient values for domain: close time.busy=4.13s time.idle=5.63µs
2025-10-28T18:52:37.619965Z DEBUG shrink:prove_shards:compute quotient values:compute quotient values for domain: close time.busy=4.14s time.idle=5.35µs
2025-10-28T18:52:37.623414Z DEBUG shrink:prove_shards:compute quotient values:compute quotient values for domain: close time.busy=4.14s time.idle=4.76µs
2025-10-28T18:52:37.672295Z DEBUG shrink:prove_shards:compute quotient values:compute quotient values for domain: close time.busy=4.19s time.idle=11.5µs
2025-10-28T18:52:39.227397Z DEBUG shrink:prove_shards:compute quotient values:compute quotient values for domain: close time.busy=5.75s time.idle=5.74µs
2025-10-28T18:52:42.402253Z DEBUG shrink:prove_shards:commit to quotient traces: close time.busy=3.12s time.idle=8.13µs
2025-10-28T18:52:42.402370Z DEBUG shrink:prove_shards:compute preprocessed opening points: close time.busy=23.7µs time.idle=3.94µs
2025-10-28T18:52:42.402463Z DEBUG shrink:prove_shards:compute main trace opening points: close time.busy=75.5µs time.idle=2.52µs
2025-10-28T18:52:42.402536Z DEBUG shrink:prove_shards:compute permutation trace opening points: close time.busy=56.3µs time.idle=2.58µs
2025-10-28T18:52:48.995078Z DEBUG shrink:prove_shards:open multi batches: close time.busy=6.59s time.idle=4.05µs
2025-10-28T18:52:49.042141Z DEBUG shrink:prove_shards:compute quotient values: close time.busy=5.75s time.idle=9.81s
2025-10-28T18:52:49.288123Z  INFO shrink:prove_shards: close time.busy=30.9s time.idle=17.3µs
2025-10-28T18:52:49.786586Z  INFO shrink: close time.busy=37.3s time.idle=15.1µs
2025-10-28T18:52:49.856512Z DEBUG wrap_bn254:build compress program:assert lookup multiplicities: close time.busy=7.32µs time.idle=5.88µs
2025-10-28T18:52:49.979783Z DEBUG wrap_bn254:build compress program:2adic pcs:verify shape and challenges: close time.busy=108ms time.idle=5.74µs
2025-10-28T18:52:50.280354Z DEBUG wrap_bn254:build compress program:2adic pcs:verify challenges: close time.busy=75.7ms time.idle=6.56µs
2025-10-28T18:52:50.280497Z DEBUG wrap_bn254:build compress program:2adic pcs: close time.busy=422ms time.idle=3.79µs
2025-10-28T18:52:50.281542Z DEBUG wrap_bn254:build compress program:verify constraints: close time.busy=1.02ms time.idle=4.07µs
2025-10-28T18:52:50.297775Z DEBUG wrap_bn254:build compress program: close time.busy=511ms time.idle=4.56µs
2025-10-28T18:52:50.533458Z DEBUG wrap_bn254:compile compress program:compile raw program: close time.busy=236ms time.idle=4.72µs
2025-10-28T18:52:50.671867Z DEBUG wrap_bn254:compile compress program:backfill mult: close time.busy=138ms time.idle=5.45µs
2025-10-28T18:52:50.672052Z DEBUG wrap_bn254:compile compress program:prepend constants: close time.busy=105µs time.idle=4.70µs
2025-10-28T18:52:50.672073Z DEBUG wrap_bn254:compile compress program: close time.busy=374ms time.idle=4.46µs
2025-10-28T18:52:50.801784Z DEBUG wrap_bn254: total events: 1016207
2025-10-28T18:52:50.801836Z DEBUG wrap_bn254:   base_alu_events: 423964
2025-10-28T18:52:50.801847Z DEBUG wrap_bn254:   batch_fri_events: 0
2025-10-28T18:52:50.801856Z DEBUG wrap_bn254:   commit_pv_hash_events: 1
2025-10-28T18:52:50.801866Z DEBUG wrap_bn254:   exp_reverse_bits_len_events: 0
2025-10-28T18:52:50.801875Z DEBUG wrap_bn254:   ext_alu_events: 232140
2025-10-28T18:52:50.801885Z DEBUG wrap_bn254:   fri_fold_events: 0
2025-10-28T18:52:50.801894Z DEBUG wrap_bn254:   mem_const_count: 65664
2025-10-28T18:52:50.801904Z DEBUG wrap_bn254:   mem_var_events: 165500
2025-10-28T18:52:50.801913Z DEBUG wrap_bn254:   poseidon2_events: 21186
2025-10-28T18:52:50.801922Z DEBUG wrap_bn254:   select_events: 107752
2025-10-28T18:52:50.801933Z DEBUG wrap_bn254: wrap program executed successfully
2025-10-28T18:52:50.813183Z DEBUG wrap_bn254:setup wrap:setup machine:generate preprocessed traces: generated preprocessed trace for chip PublicValues in 10.899213ms
2025-10-28T18:52:50.814784Z DEBUG wrap_bn254:setup wrap:setup machine:generate preprocessed traces: generated preprocessed trace for chip MemoryConst in 12.679063ms
2025-10-28T18:52:50.817244Z DEBUG wrap_bn254:setup wrap:setup machine:generate preprocessed traces: generated preprocessed trace for chip Select in 14.98378ms
2025-10-28T18:52:50.823345Z DEBUG wrap_bn254:setup wrap:setup machine:generate preprocessed traces: generated preprocessed trace for chip MemoryVar in 21.031384ms
2025-10-28T18:52:50.825511Z DEBUG wrap_bn254:setup wrap:setup machine:generate preprocessed traces: generated preprocessed trace for chip ExtAlu in 23.32053ms
2025-10-28T18:52:50.831806Z DEBUG wrap_bn254:setup wrap:setup machine:generate preprocessed traces: generated preprocessed trace for chip BaseAlu in 29.472895ms
2025-10-28T18:52:51.028582Z DEBUG wrap_bn254:setup wrap:setup machine:generate preprocessed traces: generated preprocessed trace for chip Poseidon2SkinnyDeg9 in 226.346691ms
2025-10-28T18:54:44.901087Z DEBUG wrap_bn254:setup wrap:setup machine:commit to preprocessed traces: close time.busy=114s time.idle=16.9µs
2025-10-28T18:54:44.901345Z DEBUG wrap_bn254:setup wrap:setup machine:generate preprocessed traces: close time.busy=228ms time.idle=114s
2025-10-28T18:54:44.901372Z DEBUG wrap_bn254:setup wrap:setup machine: close time.busy=114s time.idle=7.78µs
2025-10-28T18:54:44.901621Z DEBUG wrap_bn254:setup wrap: close time.busy=114s time.idle=12.4µs
2025-10-28T18:54:44.901755Z DEBUG wrap_bn254: wrap verifier key set
2025-10-28T18:54:44.902239Z DEBUG wrap_bn254:register nonces: close time.busy=1.60µs time.idle=3.52µs
2025-10-28T18:54:44.902992Z DEBUG wrap_bn254:prove_shards:generate traces for shard: generated trace for chip PublicValues in 105.825µs
2025-10-28T18:54:44.904189Z DEBUG wrap_bn254:prove_shards:generate traces for shard: generated trace for chip MemoryConst in 1.425007ms
2025-10-28T18:54:44.908938Z DEBUG wrap_bn254:prove_shards:generate traces for shard: generated trace for chip Select in 6.097973ms
2025-10-28T18:54:44.909486Z DEBUG wrap_bn254:prove_shards:generate traces for shard: generated trace for chip ExtAlu in 6.667153ms
2025-10-28T18:54:44.912299Z DEBUG wrap_bn254:prove_shards:generate traces for shard: generated trace for chip BaseAlu in 9.326996ms
2025-10-28T18:54:44.926638Z DEBUG wrap_bn254:prove_shards:generate traces for shard: generated trace for chip MemoryVar in 23.667548ms
2025-10-28T18:54:45.162106Z DEBUG generate poseidon2 skinny trace: close time.busy=259ms time.idle=31.9µs rows=21186
2025-10-28T18:54:45.162188Z DEBUG wrap_bn254:prove_shards:generate traces for shard: generated trace for chip Poseidon2SkinnyDeg9 in 259.257176ms
2025-10-28T18:54:45.162657Z DEBUG wrap_bn254:prove_shards:generate traces for shard: close time.busy=260ms time.idle=2.88µs
2025-10-28T18:56:07.701609Z DEBUG wrap_bn254:prove_shards:generate permutation traces: close time.busy=712ms time.idle=6.75µs
2025-10-28T18:56:07.701715Z DEBUG wrap_bn254:prove_shards: Poseidon2SkinnyDeg9 | Main Cols = 28    | Pre Cols = 51     | Perm Cols = 12    | Rows = 262144 | Cells = 23855104  
2025-10-28T18:56:07.701733Z DEBUG wrap_bn254:prove_shards: BaseAlu         | Main Cols = 12    | Pre Cols = 32     | Perm Cols = 28    | Rows = 131072 | Cells = 9437184   
2025-10-28T18:56:07.701745Z DEBUG wrap_bn254:prove_shards: MemoryVar       | Main Cols = 8     | Pre Cols = 4      | Perm Cols = 8     | Rows = 131072 | Cells = 2621440   
2025-10-28T18:56:07.701754Z DEBUG wrap_bn254:prove_shards: Select          | Main Cols = 5     | Pre Cols = 8      | Perm Cols = 16    | Rows = 131072 | Cells = 3801088   
2025-10-28T18:56:07.701762Z DEBUG wrap_bn254:prove_shards: ExtAlu          | Main Cols = 48    | Pre Cols = 32     | Perm Cols = 28    | Rows = 65536 | Cells = 7077888   
2025-10-28T18:56:07.701771Z DEBUG wrap_bn254:prove_shards: MemoryConst     | Main Cols = 1     | Pre Cols = 12     | Perm Cols = 8     | Rows = 65536 | Cells = 1376256   
2025-10-28T18:56:07.701780Z DEBUG wrap_bn254:prove_shards: PublicValues    | Main Cols = 1     | Pre Cols = 10     | Perm Cols = 8     | Rows = 16    | Cells = 304       
2025-10-28T18:56:07.816333Z DEBUG wrap_bn254:prove_shards:flatten permutation traces and collect domains: close time.busy=115ms time.idle=4.56µs
2025-10-28T18:57:25.446894Z DEBUG wrap_bn254:prove_shards:commit to permutation traces: close time.busy=77.6s time.idle=10.6µs
2025-10-28T18:57:25.451288Z DEBUG wrap_bn254:prove_shards:compute quotient values:compute quotient values for domain: close time.busy=1.56ms time.idle=10.6µs
2025-10-28T18:57:25.590106Z DEBUG wrap_bn254:prove_shards:compute quotient values:compute quotient values for domain: close time.busy=140ms time.idle=19.7µs
2025-10-28T18:57:27.277213Z DEBUG wrap_bn254:prove_shards:compute quotient values:compute quotient values for domain: close time.busy=1.83s time.idle=6.72µs
2025-10-28T18:57:27.284194Z DEBUG wrap_bn254:prove_shards:compute quotient values:compute quotient values for domain: close time.busy=1.83s time.idle=48.1µs
2025-10-28T18:57:27.394375Z DEBUG wrap_bn254:prove_shards:compute quotient values:compute quotient values for domain: close time.busy=1.94s time.idle=5.98µs
2025-10-28T18:57:27.484035Z DEBUG wrap_bn254:prove_shards:compute quotient values:compute quotient values for domain: close time.busy=2.03s time.idle=26.3µs
2025-10-28T18:57:37.407976Z DEBUG wrap_bn254:prove_shards:compute quotient values:compute quotient values for domain: close time.busy=12.0s time.idle=12.7µs
2025-10-28T18:58:50.438967Z DEBUG wrap_bn254:prove_shards:commit to quotient traces: close time.busy=72.8s time.idle=7.55µs
2025-10-28T18:58:50.439224Z DEBUG wrap_bn254:prove_shards:compute preprocessed opening points: close time.busy=22.9µs time.idle=5.08µs
2025-10-28T18:58:50.439269Z DEBUG wrap_bn254:prove_shards:compute main trace opening points: close time.busy=19.4µs time.idle=3.38µs
2025-10-28T18:58:50.439366Z DEBUG wrap_bn254:prove_shards:compute permutation trace opening points: close time.busy=76.7µs time.idle=3.39µs
2025-10-28T18:59:29.259640Z DEBUG wrap_bn254:prove_shards:open multi batches: close time.busy=38.8s time.idle=18.7µs
2025-10-28T18:59:29.446371Z DEBUG wrap_bn254:prove_shards:compute quotient values: close time.busy=12.0s time.idle=112s
2025-10-28T18:59:30.043579Z  INFO wrap_bn254:prove_shards: close time.busy=285s time.idle=4.57µs
2025-10-28T18:59:30.043657Z DEBUG wrap_bn254: wrap proving time: 285.141470434s
2025-10-28T18:59:30.415247Z DEBUG wrap_bn254:verify:verify shard proofs:verifying shard: close time.busy=371ms time.idle=4.53µs shard=0
2025-10-28T18:59:30.415359Z DEBUG wrap_bn254:verify:verify shard proofs: close time.busy=371ms time.idle=4.73µs
2025-10-28T18:59:30.415483Z DEBUG wrap_bn254:verify:verify global cumulative sum is 0: close time.busy=88.0µs time.idle=7.25µs
2025-10-28T18:59:30.415503Z  INFO wrap_bn254:verify: close time.busy=372ms time.idle=25.5µs
2025-10-28T18:59:30.415544Z DEBUG wrap_bn254: wrapping successful
2025-10-28T18:59:30.924315Z  INFO wrap_bn254: close time.busy=401s time.idle=11.9µs
[sp1] plonk circuit artifacts already seem to exist at /home/ubuntu/.sp1/circuits/plonk/v5.0.0. if you want to re-download them, delete the directory
2025-10-28T18:59:31.027817Z  INFO wrap_plonk_bn254: Running prove in docker
2025-10-28T19:10:47.250906Z  INFO wrap_plonk_bn254: Running verify in docker
2025-10-28T19:10:48.040687Z  INFO wrap_plonk_bn254: close time.busy=677s time.idle=7.24µs
	Command being timed: "cargo run --release -p pessimistic-proof-test-suite --bin ppgen_sabv_lmtr4 -- --n-exits 50 --validator-nodes 3 --proof-dir /home/ubuntu/thanhhuyen/proofs/v4"
	User time (seconds): 59853.43
	System time (seconds): 1790.23
	Percent of CPU this job got: 1064%
	Elapsed (wall clock) time (h:mm:ss or m:ss): 1:36:29
	Average shared text size (kbytes): 0
	Average unshared data size (kbytes): 0
	Average stack size (kbytes): 0
	Average total size (kbytes): 0
	Maximum resident set size (kbytes): 21358276
	Average resident set size (kbytes): 0
	Major (requiring I/O) page faults: 0
	Minor (reclaiming a frame) page faults: 212309826
	Voluntary context switches: 4607668
	Involuntary context switches: 3203830
	Swaps: 0
	File system inputs: 18592
	File system outputs: 13824
	Socket messages sent: 0
	Socket messages received: 0
	Signals delivered: 0
	Page size (bytes): 4096
	Exit status: 0
=== DONE N=50 ===
