\n=== RUN N=10 @ 20251028_160012 ===
warning: unused import: `keccak::Keccak256Hasher`
 --> crates/pessimistic-proof-core/src/sabv2.rs:2:35
  |
2 | use agglayer_primitives::{Digest, keccak::Keccak256Hasher};
  |                                   ^^^^^^^^^^^^^^^^^^^^^^^
  |
  = note: `#[warn(unused_imports)]` on by default

warning: unused import: `keccak::Keccak256Hasher`
 --> crates/pessimistic-proof-core/src/lmtr2.rs:2:35
  |
2 | use agglayer_primitives::{Digest, keccak::Keccak256Hasher};
  |                                   ^^^^^^^^^^^^^^^^^^^^^^^

warning: unused import: `keccak::Keccak256Hasher`
 --> crates/pessimistic-proof-core/src/sabv3.rs:2:35
  |
2 | use agglayer_primitives::{Digest, keccak::Keccak256Hasher};
  |                                   ^^^^^^^^^^^^^^^^^^^^^^^

warning: unused import: `keccak::Keccak256Hasher`
 --> crates/pessimistic-proof-core/src/lmtr3.rs:2:35
  |
2 | use agglayer_primitives::{Digest, keccak::Keccak256Hasher};
  |                                   ^^^^^^^^^^^^^^^^^^^^^^^

warning: unused import: `keccak::Keccak256Hasher`
 --> crates/pessimistic-proof-core/src/sabv4.rs:2:35
  |
2 | use agglayer_primitives::{Digest, keccak::Keccak256Hasher};
  |                                   ^^^^^^^^^^^^^^^^^^^^^^^

warning: unused import: `keccak::Keccak256Hasher`
 --> crates/pessimistic-proof-core/src/lmtr4.rs:2:35
  |
2 | use agglayer_primitives::{Digest, keccak::Keccak256Hasher};
  |                                   ^^^^^^^^^^^^^^^^^^^^^^^

warning: unused imports: `BridgeExit`, `ImportedBridgeExit`, `NetworkId`, and `TokenInfo`
   --> crates/pessimistic-proof-core/src/lmtr4.rs:245:30
    |
245 |         use unified_bridge::{BridgeExit, ImportedBridgeExit, NetworkId, TokenInfo};
    |                              ^^^^^^^^^^  ^^^^^^^^^^^^^^^^^^  ^^^^^^^^^  ^^^^^^^^^

warning: unused import: `agglayer_primitives::U256`
   --> crates/pessimistic-proof-core/src/lmtr4.rs:247:13
    |
247 |         use agglayer_primitives::U256;
    |             ^^^^^^^^^^^^^^^^^^^^^^^^^

warning: unused import: `crate::nullifier_tree::NullifierPath`
   --> crates/pessimistic-proof-core/src/lmtr4.rs:248:13
    |
248 |         use crate::nullifier_tree::NullifierPath;
    |             ^^^^^^^^^^^^^^^^^^^^^^^^^^^^^^^^^^^^

warning: unused import: `crate::local_balance_tree::LocalBalancePath`
   --> crates/pessimistic-proof-core/src/lmtr4.rs:249:13
    |
249 |         use crate::local_balance_tree::LocalBalancePath;
    |             ^^^^^^^^^^^^^^^^^^^^^^^^^^^^^^^^^^^^^^^^^^^

warning: unused import: `crate::aggchain_proof::AggchainData`
   --> crates/pessimistic-proof-core/src/lmtr4.rs:250:13
    |
250 |         use crate::aggchain_proof::AggchainData;
    |             ^^^^^^^^^^^^^^^^^^^^^^^^^^^^^^^^^^^

warning: unused variable: `branching_factor`
  --> crates/pessimistic-proof-core/src/lmtr.rs:31:9
   |
31 |         branching_factor: usize,
   |         ^^^^^^^^^^^^^^^^ help: if this is intentional, prefix it with an underscore: `_branching_factor`
   |
   = note: `#[warn(unused_variables)]` on by default

warning: unused variable: `block`
  --> crates/pessimistic-proof-core/src/sabv2.rs:72:13
   |
72 |         for block in blocks {
   |             ^^^^^ help: if this is intentional, prefix it with an underscore: `_block`

warning: unused variable: `consensus_result`
  --> crates/pessimistic-proof-core/src/sabv2.rs:79:13
   |
79 |         let consensus_result = self.run_consensus_mechanism(blocks, validator_nodes)?;
   |             ^^^^^^^^^^^^^^^^ help: if this is intentional, prefix it with an underscore: `_consensus_result`

warning: unused variable: `global_root`
  --> crates/pessimistic-proof-core/src/sabv2.rs:63:9
   |
63 |         global_root: &agglayer_primitives::Digest,
   |         ^^^^^^^^^^^ help: if this is intentional, prefix it with an underscore: `_global_root`

warning: unused variable: `computed_hash`
   --> crates/pessimistic-proof-core/src/sabv2.rs:136:13
    |
136 |         let computed_hash = Keccak256::digest(&block_data);
    |             ^^^^^^^^^^^^^ help: if this is intentional, prefix it with an underscore: `_computed_hash`

warning: unused variable: `declared_hash`
   --> crates/pessimistic-proof-core/src/sabv2.rs:139:13
    |
139 |         let declared_hash = self.get_block_declared_hash(block)?;
    |             ^^^^^^^^^^^^^ help: if this is intentional, prefix it with an underscore: `_declared_hash`

warning: unused variable: `block`
   --> crates/pessimistic-proof-core/src/sabv2.rs:229:32
    |
229 |     fn get_block_height(&self, block: &crate::multi_batch_header::MultiBatchHeader<agglayer_primitives::keccak::Keccak256Hasher>) -> Resu...
    |                                ^^^^^ help: if this is intentional, prefix it with an underscore: `_block`

warning: unused variable: `block`
   --> crates/pessimistic-proof-core/src/sabv2.rs:241:39
    |
241 |     fn get_block_declared_hash(&self, block: &crate::multi_batch_header::MultiBatchHeader<agglayer_primitives::keccak::Keccak256Hasher>) ...
    |                                       ^^^^^ help: if this is intentional, prefix it with an underscore: `_block`

warning: unused variable: `block`
   --> crates/pessimistic-proof-core/src/sabv2.rs:247:32
    |
247 |     fn get_block_signer(&self, block: &crate::multi_batch_header::MultiBatchHeader<agglayer_primitives::keccak::Keccak256Hasher>) -> Resu...
    |                                ^^^^^ help: if this is intentional, prefix it with an underscore: `_block`

warning: unused variable: `block`
   --> crates/pessimistic-proof-core/src/sabv2.rs:257:35
    |
257 |     fn get_block_signature(&self, block: &crate::multi_batch_header::MultiBatchHeader<agglayer_primitives::keccak::Keccak256Hasher>) -> R...
    |                                   ^^^^^ help: if this is intentional, prefix it with an underscore: `_block`

warning: unused variable: `hash`
   --> crates/pessimistic-proof-core/src/sabv2.rs:274:13
    |
274 |         let hash = Keccak256::digest(&block_data);
    |             ^^^^ help: if this is intentional, prefix it with an underscore: `_hash`

warning: unused variable: `block`
   --> crates/pessimistic-proof-core/src/sabv2.rs:295:35
    |
295 |     fn estimate_block_size(&self, block: &crate::multi_batch_header::MultiBatchHeader<agglayer_primitives::keccak::Keccak256Hasher>) -> R...
    |                                   ^^^^^ help: if this is intentional, prefix it with an underscore: `_block`

warning: unused variable: `i`
   --> crates/pessimistic-proof-core/src/lmtr2.rs:144:14
    |
144 |         for (i, block) in blocks.iter().enumerate() {
    |              ^ help: if this is intentional, prefix it with an underscore: `_i`

warning: unused variable: `leaf_hash`
   --> crates/pessimistic-proof-core/src/lmtr2.rs:146:17
    |
146 |             let leaf_hash = Keccak256::digest(&block_data);
    |                 ^^^^^^^^^ help: if this is intentional, prefix it with an underscore: `_leaf_hash`

warning: unused variable: `current_efficiency`
   --> crates/pessimistic-proof-core/src/lmtr2.rs:179:13
    |
179 |         let current_efficiency = self.calculate_tree_efficiency(num_blocks, branching_factor)?;
    |             ^^^^^^^^^^^^^^^^^^ help: if this is intentional, prefix it with an underscore: `_current_efficiency`

warning: unused variable: `new_hash`
   --> crates/pessimistic-proof-core/src/lmtr2.rs:229:21
    |
229 |                 let new_hash = Keccak256::digest(&optimized_data);
    |                     ^^^^^^^^ help: if this is intentional, prefix it with an underscore: `_new_hash`

warning: unused variable: `optimal_config`
   --> crates/pessimistic-proof-core/src/lmtr2.rs:217:9
    |
217 |         optimal_config: &OptimalConfig,
    |         ^^^^^^^^^^^^^^ help: if this is intentional, prefix it with an underscore: `_optimal_config`

warning: unused variable: `parent_hash`
   --> crates/pessimistic-proof-core/src/lmtr2.rs:312:21
    |
312 |                 let parent_hash = Keccak256::digest(&parent_data);
    |                     ^^^^^^^^^^^ help: if this is intentional, prefix it with an underscore: `_parent_hash`

warning: unused variable: `tree`
   --> crates/pessimistic-proof-core/src/lmtr2.rs:399:136
    |
399 | ...ves::keccak::Keccak256Hasher>, tree: &MerkleTree) -> Result<crate::multi_batch_header::MultiBatchHeader<agglayer_primitives::keccak::K...
    |                                   ^^^^ help: if this is intentional, prefix it with an underscore: `_tree`

warning: unused variable: `j_star`
   --> crates/pessimistic-proof-core/src/sabv3.rs:305:9
    |
305 |         j_star: usize,
    |         ^^^^^^ help: if this is intentional, prefix it with an underscore: `_j_star`

warning: unused variable: `j_star`
   --> crates/pessimistic-proof-core/src/sabv4.rs:496:9
    |
496 |         j_star: usize,
    |         ^^^^^^ help: if this is intentional, prefix it with an underscore: `_j_star`

warning: unused variable: `expected_root`
   --> crates/pessimistic-proof-core/src/sabv4.rs:603:72
    |
603 | ...mputed_root: &Digest, expected_root: &agglayer_primitives::Digest, signature: &agglayer_primitives::Signature, signer: &agglayer_primi...
    |                          ^^^^^^^^^^^^^ help: if this is intentional, prefix it with an underscore: `_expected_root`

warning: unused variable: `expected_bytes`
   --> crates/pessimistic-proof-core/src/sabv4.rs:744:56
    |
744 |     fn verify_hash_chain(&self, computed_bytes: &[u8], expected_bytes: &[u8]) -> Result<bool, ProofError> {
    |                                                        ^^^^^^^^^^^^^^ help: if this is intentional, prefix it with an underscore: `_expected_bytes`

warning: field `config` is never read
  --> crates/pessimistic-proof-core/src/sabv.rs:13:5
   |
12 | pub struct SabvAlgorithm {
   |            ------------- field in this struct
13 |     config: SabvConfig,
   |     ^^^^^^
   |
   = note: `SabvAlgorithm` has derived impls for the traits `Clone` and `Debug`, but these are intentionally ignored during dead code analysis
   = note: `#[warn(dead_code)]` on by default

warning: field `config` is never read
  --> crates/pessimistic-proof-core/src/lmtr.rs:12:5
   |
11 | pub struct LmtrAlgorithm {
   |            ------------- field in this struct
12 |     config: LmtrConfig,
   |     ^^^^^^
   |
   = note: `LmtrAlgorithm` has derived impls for the traits `Clone` and `Debug`, but these are intentionally ignored during dead code analysis

warning: fields `config` and `consensus_messages` are never read
  --> crates/pessimistic-proof-core/src/sabv2.rs:34:5
   |
33 | pub struct Sabv2Algorithm {
   |            -------------- fields in this struct
34 |     config: Sabv2Config,
   |     ^^^^^^
35 |     validators: Vec<ValidatorNode>,
36 |     consensus_messages: HashMap<Digest, Vec<ConsensusMessage>>,
   |     ^^^^^^^^^^^^^^^^^^
   |
   = note: `Sabv2Algorithm` has derived impls for the traits `Clone` and `Debug`, but these are intentionally ignored during dead code analysis

warning: multiple methods are never used
   --> crates/pessimistic-proof-core/src/sabv2.rs:89:8
    |
 39 | impl Sabv2Algorithm {
    | ------------------- methods in this implementation
...
 89 |     fn validate_block_cryptography(
    |        ^^^^^^^^^^^^^^^^^^^^^^^^^^^
...
112 |     fn verify_merkle_tree_structure(
    |        ^^^^^^^^^^^^^^^^^^^^^^^^^^^^
...
130 |     fn verify_hash_integrity(
    |        ^^^^^^^^^^^^^^^^^^^^^
...
149 |     fn verify_signature_validity(
    |        ^^^^^^^^^^^^^^^^^^^^^^^^^
...
204 |     fn verify_consensus_threshold(
    |        ^^^^^^^^^^^^^^^^^^^^^^^^^^
...
222 |     fn calculate_optimal_height(&self, block: &crate::multi_batch_header::MultiBatchHeader<agglayer_primitives::keccak::Keccak256Hasher>)...
    |        ^^^^^^^^^^^^^^^^^^^^^^^^
...
229 |     fn get_block_height(&self, block: &crate::multi_batch_header::MultiBatchHeader<agglayer_primitives::keccak::Keccak256Hasher>) -> Resu...
    |        ^^^^^^^^^^^^^^^^
...
241 |     fn get_block_declared_hash(&self, block: &crate::multi_batch_header::MultiBatchHeader<agglayer_primitives::keccak::Keccak256Hasher>) ...
    |        ^^^^^^^^^^^^^^^^^^^^^^^
...
247 |     fn get_block_signer(&self, block: &crate::multi_batch_header::MultiBatchHeader<agglayer_primitives::keccak::Keccak256Hasher>) -> Resu...
    |        ^^^^^^^^^^^^^^^^
...
252 |     fn get_block_message(&self, block: &crate::multi_batch_header::MultiBatchHeader<agglayer_primitives::keccak::Keccak256Hasher>) -> Res...
    |        ^^^^^^^^^^^^^^^^^
...
257 |     fn get_block_signature(&self, block: &crate::multi_batch_header::MultiBatchHeader<agglayer_primitives::keccak::Keccak256Hasher>) -> R...
    |        ^^^^^^^^^^^^^^^^^^^
...
262 |     fn compute_expected_signature(&self, signer: &str, message: &[u8]) -> Result<String, ProofError> {
    |        ^^^^^^^^^^^^^^^^^^^^^^^^^^
...
295 |     fn estimate_block_size(&self, block: &crate::multi_batch_header::MultiBatchHeader<agglayer_primitives::keccak::Keccak256Hasher>) -> R...
    |        ^^^^^^^^^^^^^^^^^^^

warning: field `tree_cache` is never read
  --> crates/pessimistic-proof-core/src/lmtr2.rs:53:5
   |
51 | pub struct Lmtr2Algorithm {
   |            -------------- field in this struct
52 |     config: Lmtr2Config,
53 |     tree_cache: HashMap<Digest, MerkleTree>,
   |     ^^^^^^^^^^
   |
   = note: `Lmtr2Algorithm` has derived impls for the traits `Clone` and `Debug`, but these are intentionally ignored during dead code analysis

warning: fields `branching_factor` and `rebalancing_cost` are never read
   --> crates/pessimistic-proof-core/src/lmtr2.rs:415:5
    |
413 | struct OptimalConfig {
    |        ------------- fields in this struct
414 |     optimal_height: usize,
415 |     branching_factor: usize,
    |     ^^^^^^^^^^^^^^^^
416 |     expected_efficiency: f64,
417 |     rebalancing_cost: u64,
    |     ^^^^^^^^^^^^^^^^
    |
    = note: `OptimalConfig` has derived impls for the traits `Clone` and `Debug`, but these are intentionally ignored during dead code analysis

warning: field `validators` is never read
  --> crates/pessimistic-proof-core/src/sabv3.rs:41:5
   |
39 | pub struct Sabv3Algorithm {
   |            -------------- field in this struct
40 |     config: Sabv3Config,
41 |     validators: Vec<ValidatorNode>,
   |     ^^^^^^^^^^
   |
   = note: `Sabv3Algorithm` has derived impls for the traits `Clone` and `Debug`, but these are intentionally ignored during dead code analysis

warning: methods `construct_local_cc_mbmt`, `compute_shard_hash`, `build_merkle_tree`, and `calculate_tree_height` are never used
   --> crates/pessimistic-proof-core/src/sabv3.rs:302:8
    |
 44 | impl Sabv3Algorithm {
    | ------------------- methods in this implementation
...
302 |     fn construct_local_cc_mbmt(
    |        ^^^^^^^^^^^^^^^^^^^^^^^
...
441 |     fn compute_shard_hash(&self, blocks: &[crate::multi_batch_header::MultiBatchHeader<agglayer_primitives::keccak::Keccak256Hasher>]) ->...
    |        ^^^^^^^^^^^^^^^^^^
...
459 |     fn build_merkle_tree(&self, blocks: &[crate::multi_batch_header::MultiBatchHeader<agglayer_primitives::keccak::Keccak256Hasher>], b: ...
    |        ^^^^^^^^^^^^^^^^^
...
526 |     fn calculate_tree_height(&self, num_blocks: usize, b: usize) -> usize {
    |        ^^^^^^^^^^^^^^^^^^^^^

warning: struct `BlockchainMerkleProof` is never constructed
  --> crates/pessimistic-proof-core/src/sabv4.rs:38:8
   |
38 | struct BlockchainMerkleProof {
   |        ^^^^^^^^^^^^^^^^^^^^^

warning: fields `shard_index` and `round` are never read
  --> crates/pessimistic-proof-core/src/sabv4.rs:50:9
   |
47 | struct MPCShareMessage {
   |        --------------- fields in this struct
...
50 |     pub shard_index: usize,
   |         ^^^^^^^^^^^
51 |     pub share: (f64, f64), // (x, y) = share point
52 |     pub round: u64,
   |         ^^^^^
   |
   = note: `MPCShareMessage` has derived impls for the traits `Clone` and `Debug`, but these are intentionally ignored during dead code analysis

warning: field `consensus_reached` is never read
  --> crates/pessimistic-proof-core/src/sabv4.rs:60:9
   |
57 | struct MPCNetworkState {
   |        --------------- field in this struct
...
60 |     pub consensus_reached: bool,
   |         ^^^^^^^^^^^^^^^^^
   |
   = note: `MPCNetworkState` has a derived impl for the trait `Debug`, but this is intentionally ignored during dead code analysis

warning: field `validators` is never read
  --> crates/pessimistic-proof-core/src/sabv4.rs:67:5
   |
65 | pub struct Sabv4Algorithm {
   |            -------------- field in this struct
66 |     config: Sabv4Config,
67 |     validators: Vec<ValidatorNode>,
   |     ^^^^^^^^^^
   |
   = note: `Sabv4Algorithm` has a derived impl for the trait `Debug`, but this is intentionally ignored during dead code analysis

warning: multiple methods are never used
    --> crates/pessimistic-proof-core/src/sabv4.rs:493:8
     |
  71 | impl Sabv4Algorithm {
     | ------------------- methods in this implementation
...
 493 |     fn construct_local_cc_mbmt(
     |        ^^^^^^^^^^^^^^^^^^^^^^^
...
 564 |     fn verify_integrity_with_blocks(&self, computed_root: &Digest, expected_root: &agglayer_primitives::Digest, blocks: &[crate::multi_ba...
     |        ^^^^^^^^^^^^^^^^^^^^^^^^^^^^
...
 603 |     fn verify_blockchain_signature_real(&self, computed_root: &Digest, expected_root: &agglayer_primitives::Digest, signature: &agglayer_...
     |        ^^^^^^^^^^^^^^^^^^^^^^^^^^^^^^^^
...
 618 |     fn extract_blockchain_public_key(&self, computed_bytes: &[u8]) -> Result<Vec<u8>, ProofError> {
     |        ^^^^^^^^^^^^^^^^^^^^^^^^^^^^^
...
 629 |     fn validate_blockchain_signature(&self, signature: &[u8], public_key: &[u8]) -> Result<bool, ProofError> {
     |        ^^^^^^^^^^^^^^^^^^^^^^^^^^^^^
...
 648 |     fn verify_merkle_proof(&self, computed_root: &Digest, expected_root: &agglayer_primitives::Digest) -> Result<bool, ProofError> {
     |        ^^^^^^^^^^^^^^^^^^^
...
 682 |     fn extract_blockchain_merkle_proof(&self, computed_root: &Digest, expected_root: &agglayer_primitives::Digest) -> Result<BlockchainMe...
     |        ^^^^^^^^^^^^^^^^^^^^^^^^^^^^^^^
...
 717 |     fn validate_blockchain_proof(&self, proof: &BlockchainMerkleProof) -> Result<bool, ProofError> {
     |        ^^^^^^^^^^^^^^^^^^^^^^^^^
...
 744 |     fn verify_hash_chain(&self, computed_bytes: &[u8], expected_bytes: &[u8]) -> Result<bool, ProofError> {
     |        ^^^^^^^^^^^^^^^^^
...
 772 |     fn verify_timestamp_freshness(&self) -> Result<bool, ProofError> {
     |        ^^^^^^^^^^^^^^^^^^^^^^^^^^
...
 784 |     fn verify_nonce_uniqueness(&self, computed_bytes: &[u8], expected_bytes: &[u8]) -> Result<bool, ProofError> {
     |        ^^^^^^^^^^^^^^^^^^^^^^^
...
 814 |     fn verify_zero_knowledge_proof(&self, computed_root: &Digest, expected_root: &agglayer_primitives::Digest) -> Result<bool, ProofError> {
     |        ^^^^^^^^^^^^^^^^^^^^^^^^^^^
...
 853 |     fn calculate_signature_strength(&self, signature_bytes: &[u8]) -> f64 {
     |        ^^^^^^^^^^^^^^^^^^^^^^^^^^^^
...
 950 |     fn calculate_entropy(&self, data: &[u8]) -> f64 {
     |        ^^^^^^^^^^^^^^^^^
...
 970 |     fn compute_shard_hash(&self, blocks: &[crate::multi_batch_header::MultiBatchHeader<agglayer_primitives::keccak::Keccak256Hasher>]) ->...
     |        ^^^^^^^^^^^^^^^^^^
...
1037 |     fn build_merkle_tree(&self, blocks: &[crate::multi_batch_header::MultiBatchHeader<agglayer_primitives::keccak::Keccak256Hasher>], b: ...
     |        ^^^^^^^^^^^^^^^^^
...
1104 |     fn calculate_tree_height(&self, num_blocks: usize, b: usize) -> usize {
     |        ^^^^^^^^^^^^^^^^^^^^^
...
1113 |     fn compute_root_from_blocks(
     |        ^^^^^^^^^^^^^^^^^^^^^^^^

warning: method `reconstruct_block_from_bytes` is never used
   --> crates/pessimistic-proof-core/src/lmtr4.rs:241:8
    |
 27 | impl Lmtr4Algorithm {
    | ------------------- method in this implementation
...
241 |     fn reconstruct_block_from_bytes(&self, bytes: &[u8]) -> Result<crate::multi_batch_header::MultiBatchHeader<agglayer_primitives::kecca...
    |        ^^^^^^^^^^^^^^^^^^^^^^^^^^^^

warning: `pessimistic-proof-core` (lib) generated 48 warnings (run `cargo fix --lib -p pessimistic-proof-core` to apply 11 suggestions)
warning: unused variable: `vk`
   --> crates/pessimistic-proof-test-suite/src/bin/ppgen_sabv_lmtr4.rs:184:24
    |
184 |             Ok((proof, vk, new_roots)) => {
    |                        ^^ help: if this is intentional, prefix it with an underscore: `_vk`
    |
    = note: `#[warn(unused_variables)]` on by default

warning: unused variable: `new_roots`
   --> crates/pessimistic-proof-test-suite/src/bin/ppgen_sabv_lmtr4.rs:184:28
    |
184 |             Ok((proof, vk, new_roots)) => {
    |                            ^^^^^^^^^ help: if this is intentional, prefix it with an underscore: `_new_roots`

warning: `pessimistic-proof-test-suite` (bin "ppgen_sabv_lmtr4") generated 2 warnings
    Finished `release` profile [optimized] target(s) in 1.06s
     Running `target/release/ppgen_sabv_lmtr4 --n-exits 10 --validator-nodes 3 --proof-dir /home/ubuntu/thanhhuyen/proofs/v4`
🔍 SABV4: Starting Algorithm 1 - Verify Aggregated Blocks Integrity
   Input: N=1 blocks, branching_factor=3, validators=3
📊 SABV4: Calculated j* = 1 with variance = 179769313486231570814527423731704356798070567525844996598917476803157260780028538760589558632766878171540458953514382464234321326889464182768467546703537516986049910576551282076245490090389328944075868508455133942304583236903222948165808559332123348274797826204144723168738177180919299881250404026184124858368.0000
✅ Step 1: Optimal sharding size j* = 1 (shard_size = 3^1 = 3)
📦 SABV4: Created 1 shards (0 full + 1 remainder)
✅ Step 2: Partitioned 1 blocks into 1 shards (shard_size = 3)
📡 SABV4: REAL MPC Network - 3 validators broadcast shares, 3 received sufficient shares
🔐 SABV4: REAL Shamir secret sharing - Secret: 0.210924, Reconstructed: 0.210924, Match: true
   Polynomial degree: 2, Shares: 3, Threshold: 3/3
   Validator 2 assigned with share value: 5.653059
✅ Step 3: Secret sharing applied (threshold k=3/3)
📊 Step 4: Rebalancing shards with LMTR4 (Algorithm 2)...
🔧 LMTR4: Starting Algorithm 2 rebalancing for 1 blocks
📊 LMTR4: Initial state - Ni = 1, b = 3, htarget = 4
🔄 LMTR4: Fixed branch imbalance by appending last block - Ni = 2
🔄 LMTR4: Fixed branch imbalance by appending last block - Ni = 3
📊 LMTR4: Height adjustment - Current height = 2, Target = 4
⬆️ LMTR4: Added block to increase height - Ni = 4, height = 2
📊 LMTR4: Height adjustment - Current height = 3, Target = 4
⬆️ LMTR4: Added block to increase height - Ni = 5, height = 3
📊 LMTR4: Height adjustment - Current height = 3, Target = 4
⬆️ LMTR4: Added block to increase height - Ni = 6, height = 3
📊 LMTR4: Height adjustment - Current height = 3, Target = 4
⬆️ LMTR4: Added block to increase height - Ni = 7, height = 3
📊 LMTR4: Height adjustment - Current height = 3, Target = 4
⬆️ LMTR4: Added block to increase height - Ni = 8, height = 3
📊 LMTR4: Height adjustment - Current height = 3, Target = 4
⬆️ LMTR4: Added block to increase height - Ni = 9, height = 3
📊 LMTR4: Height adjustment - Current height = 3, Target = 4
⬆️ LMTR4: Added block to increase height - Ni = 10, height = 3
✅ LMTR4: Rebalancing complete - Final Ni = 10, height = 4
   ✅ Shard 0 (validator 2) - 1 → 10 blocks, height=4
🌳 Step 5a: Building REAL Local CC-MBMT from rebalanced blocks...
   ✅ Validator 2 built REAL local CC-MBMT (shard 0) - 10 blocks → tree height=4
🔗 SABV4: Merged 1 local CC-MBMTs into global CC-MBMT using REAL tree structure
✅ Step 5b: Merged 1 local CC-MBMTs into global root r
✅ Step 6: Computed alternative root r' using SAME Merkle tree method as Step 5a
   Using 10 rebalanced blocks, tree height=4
🔐 Step 7: Verifying integrity...
   r  (from merged trees):     b325bb690e2a81a56d86aaf340ceff17a97ba26eea4ecd95ed57337aea865d7b
   r' (from all blocks):       b325bb690e2a81a56d86aaf340ceff17a97ba26eea4ecd95ed57337aea865d7b
   R  (global_root expected): 498044d20c65dfdbeac57ab51a6615ab8a73a3273a5e7dc8fcd556ea69d5878e
   r == r'? true
✅ SABV4: Verification PASSED - Algorithm executed correctly
   ✅ r == r' (no tampering detected, root consistency verified)
   ✅ Algorithm integrity: SABV4 + LMTR4 working as designed
📝 Note: Blockchain signature verification delegated to SP1 proving
🔧 LMTR4: Starting Algorithm 2 rebalancing for 1 blocks
📊 LMTR4: Initial state - Ni = 1, b = 3, htarget = 4
🔄 LMTR4: Fixed branch imbalance by appending last block - Ni = 2
🔄 LMTR4: Fixed branch imbalance by appending last block - Ni = 3
📊 LMTR4: Height adjustment - Current height = 2, Target = 4
⬆️ LMTR4: Added block to increase height - Ni = 4, height = 2
📊 LMTR4: Height adjustment - Current height = 3, Target = 4
⬆️ LMTR4: Added block to increase height - Ni = 5, height = 3
📊 LMTR4: Height adjustment - Current height = 3, Target = 4
⬆️ LMTR4: Added block to increase height - Ni = 6, height = 3
📊 LMTR4: Height adjustment - Current height = 3, Target = 4
⬆️ LMTR4: Added block to increase height - Ni = 7, height = 3
📊 LMTR4: Height adjustment - Current height = 3, Target = 4
⬆️ LMTR4: Added block to increase height - Ni = 8, height = 3
📊 LMTR4: Height adjustment - Current height = 3, Target = 4
⬆️ LMTR4: Added block to increase height - Ni = 9, height = 3
📊 LMTR4: Height adjustment - Current height = 3, Target = 4
⬆️ LMTR4: Added block to increase height - Ni = 10, height = 3
✅ LMTR4: Rebalancing complete - Final Ni = 10, height = 4
2025-10-28T16:00:13.645817Z DEBUG initialize prover: chip Cpu has 11 byte interactions
2025-10-28T16:00:13.646294Z DEBUG initialize prover: chip Program has 0 byte interactions
2025-10-28T16:00:13.646638Z DEBUG initialize prover: chip ShaExtend has 60 byte interactions
2025-10-28T16:00:13.647416Z DEBUG initialize prover: chip ShaCompress has 112 byte interactions
2025-10-28T16:00:13.661395Z DEBUG initialize prover: chip EdAddAssign has 818 byte interactions
2025-10-28T16:00:13.686066Z DEBUG initialize prover: chip EdDecompress has 710 byte interactions
2025-10-28T16:00:13.699626Z DEBUG initialize prover: chip Secp256k1Decompress has 616 byte interactions
2025-10-28T16:00:13.713783Z DEBUG initialize prover: chip Secp256k1AddAssign has 1006 byte interactions
2025-10-28T16:00:13.734702Z DEBUG initialize prover: chip Secp256k1DoubleAssign has 1068 byte interactions
2025-10-28T16:00:13.754466Z DEBUG initialize prover: chip Secp256r1Decompress has 616 byte interactions
2025-10-28T16:00:13.768560Z DEBUG initialize prover: chip Secp256r1AddAssign has 1006 byte interactions
2025-10-28T16:00:13.786735Z DEBUG initialize prover: chip Secp256r1DoubleAssign has 1068 byte interactions
2025-10-28T16:00:13.805111Z DEBUG initialize prover: chip KeccakPermute has 200 byte interactions
2025-10-28T16:00:13.826079Z DEBUG initialize prover: chip Bn254AddAssign has 1006 byte interactions
2025-10-28T16:00:13.844816Z DEBUG initialize prover: chip Bn254DoubleAssign has 1068 byte interactions
2025-10-28T16:00:13.869953Z DEBUG initialize prover: chip Bls12381AddAssign has 1518 byte interactions
2025-10-28T16:00:13.909102Z DEBUG initialize prover: chip Bls12381DoubleAssign has 1612 byte interactions
2025-10-28T16:00:13.939805Z DEBUG initialize prover: chip Uint256MulMod has 145 byte interactions
2025-10-28T16:00:13.948404Z DEBUG initialize prover: chip U256XU2048Mul has 1060 byte interactions
2025-10-28T16:00:13.964461Z DEBUG initialize prover: chip Bls12381FpOpAssign has 191 byte interactions
2025-10-28T16:00:13.972781Z DEBUG initialize prover: chip Bls12381Fp2AddSubAssign has 382 byte interactions
2025-10-28T16:00:13.995006Z DEBUG initialize prover: chip Bls12381Fp2MulAssign has 950 byte interactions
2025-10-28T16:00:14.016555Z DEBUG initialize prover: chip Bn254FpOpAssign has 127 byte interactions
2025-10-28T16:00:14.023387Z DEBUG initialize prover: chip Bn254Fp2AddSubAssign has 254 byte interactions
2025-10-28T16:00:14.033987Z DEBUG initialize prover: chip Bn254Fp2MulAssign has 630 byte interactions
2025-10-28T16:00:14.055621Z DEBUG initialize prover: chip Bls12381Decompress has 930 byte interactions
2025-10-28T16:00:14.076350Z DEBUG initialize prover: chip SyscallCore has 0 byte interactions
2025-10-28T16:00:14.076416Z DEBUG initialize prover: chip SyscallPrecompile has 0 byte interactions
2025-10-28T16:00:14.076599Z DEBUG initialize prover: chip DivRem has 11 byte interactions
2025-10-28T16:00:14.076838Z DEBUG initialize prover: chip AddSub has 6 byte interactions
2025-10-28T16:00:14.076927Z DEBUG initialize prover: chip Bitwise has 4 byte interactions
2025-10-28T16:00:14.077021Z DEBUG initialize prover: chip Mul has 14 byte interactions
2025-10-28T16:00:14.077188Z DEBUG initialize prover: chip ShiftRight has 25 byte interactions
2025-10-28T16:00:14.077371Z DEBUG initialize prover: chip ShiftLeft has 4 byte interactions
2025-10-28T16:00:14.077522Z DEBUG initialize prover: chip Lt has 3 byte interactions
2025-10-28T16:00:14.077832Z DEBUG initialize prover: chip MemoryInstrs has 7 byte interactions
2025-10-28T16:00:14.078010Z DEBUG initialize prover: chip Auipc has 1 byte interactions
2025-10-28T16:00:14.078155Z DEBUG initialize prover: chip Branch has 2 byte interactions
2025-10-28T16:00:14.078279Z DEBUG initialize prover: chip Jump has 3 byte interactions
2025-10-28T16:00:14.078469Z DEBUG initialize prover: chip SyscallInstrs has 3 byte interactions
2025-10-28T16:00:14.078850Z DEBUG initialize prover: chip MemoryGlobalInit has 0 byte interactions
2025-10-28T16:00:14.079472Z DEBUG initialize prover: chip MemoryGlobalFinalize has 0 byte interactions
2025-10-28T16:00:14.079887Z DEBUG initialize prover: chip MemoryLocal has 0 byte interactions
2025-10-28T16:00:14.081121Z DEBUG initialize prover: chip Global has 1 byte interactions
2025-10-28T16:00:14.082510Z DEBUG initialize prover: chip Byte has 9 byte interactions
2025-10-28T16:00:14.082637Z DEBUG initialize prover: chip MemoryConst has 0 byte interactions
2025-10-28T16:00:14.082670Z DEBUG initialize prover: chip MemoryVar has 0 byte interactions
2025-10-28T16:00:14.082719Z DEBUG initialize prover: chip BaseAlu has 0 byte interactions
2025-10-28T16:00:14.082874Z DEBUG initialize prover: chip ExtAlu has 0 byte interactions
2025-10-28T16:00:14.083418Z DEBUG initialize prover: chip Poseidon2WideDeg3 has 0 byte interactions
2025-10-28T16:00:14.084000Z DEBUG initialize prover: chip BatchFRI has 0 byte interactions
2025-10-28T16:00:14.084178Z DEBUG initialize prover: chip Select has 0 byte interactions
2025-10-28T16:00:14.084231Z DEBUG initialize prover: chip ExpReverseBitsLen has 0 byte interactions
2025-10-28T16:00:14.084266Z DEBUG initialize prover: chip PublicValues has 0 byte interactions
2025-10-28T16:00:14.084303Z DEBUG initialize prover: chip MemoryConst has 0 byte interactions
2025-10-28T16:00:14.084326Z DEBUG initialize prover: chip MemoryVar has 0 byte interactions
2025-10-28T16:00:14.084367Z DEBUG initialize prover: chip BaseAlu has 0 byte interactions
2025-10-28T16:00:14.084524Z DEBUG initialize prover: chip ExtAlu has 0 byte interactions
2025-10-28T16:00:14.085049Z DEBUG initialize prover: chip Poseidon2WideDeg3 has 0 byte interactions
2025-10-28T16:00:14.085629Z DEBUG initialize prover: chip BatchFRI has 0 byte interactions
2025-10-28T16:00:14.085801Z DEBUG initialize prover: chip Select has 0 byte interactions
2025-10-28T16:00:14.085846Z DEBUG initialize prover: chip ExpReverseBitsLen has 0 byte interactions
2025-10-28T16:00:14.085888Z DEBUG initialize prover: chip PublicValues has 0 byte interactions
2025-10-28T16:00:14.086225Z DEBUG initialize prover: chip MemoryConst has 0 byte interactions
2025-10-28T16:00:14.086259Z DEBUG initialize prover: chip MemoryVar has 0 byte interactions
2025-10-28T16:00:14.086301Z DEBUG initialize prover: chip BaseAlu has 0 byte interactions
2025-10-28T16:00:14.086457Z DEBUG initialize prover: chip ExtAlu has 0 byte interactions
2025-10-28T16:00:14.086849Z DEBUG initialize prover: chip Poseidon2SkinnyDeg9 has 0 byte interactions
2025-10-28T16:00:14.087152Z DEBUG initialize prover: chip Select has 0 byte interactions
2025-10-28T16:00:14.087239Z DEBUG initialize prover: chip PublicValues has 0 byte interactions
2025-10-28T16:00:14.122879Z DEBUG initialize prover: chip Cpu has 11 byte interactions
2025-10-28T16:00:14.123059Z DEBUG initialize prover: chip Program has 0 byte interactions
2025-10-28T16:00:14.123226Z DEBUG initialize prover: chip ShaExtend has 60 byte interactions
2025-10-28T16:00:14.123794Z DEBUG initialize prover: chip ShaCompress has 112 byte interactions
2025-10-28T16:00:14.136557Z DEBUG initialize prover: chip EdAddAssign has 818 byte interactions
2025-10-28T16:00:14.171751Z DEBUG initialize prover: chip EdDecompress has 710 byte interactions
2025-10-28T16:00:14.187255Z DEBUG initialize prover: chip Secp256k1Decompress has 616 byte interactions
2025-10-28T16:00:14.201490Z DEBUG initialize prover: chip Secp256k1AddAssign has 1006 byte interactions
2025-10-28T16:00:14.219562Z DEBUG initialize prover: chip Secp256k1DoubleAssign has 1068 byte interactions
2025-10-28T16:00:14.232358Z DEBUG initialize prover: chip Secp256r1Decompress has 616 byte interactions
2025-10-28T16:00:14.242099Z DEBUG initialize prover: chip Secp256r1AddAssign has 1006 byte interactions
2025-10-28T16:00:14.256264Z DEBUG initialize prover: chip Secp256r1DoubleAssign has 1068 byte interactions
2025-10-28T16:00:14.270623Z DEBUG initialize prover: chip KeccakPermute has 200 byte interactions
2025-10-28T16:00:14.286735Z DEBUG initialize prover: chip Bn254AddAssign has 1006 byte interactions
2025-10-28T16:00:14.302094Z DEBUG initialize prover: chip Bn254DoubleAssign has 1068 byte interactions
2025-10-28T16:00:14.324310Z DEBUG initialize prover: chip Bls12381AddAssign has 1518 byte interactions
2025-10-28T16:00:14.357412Z DEBUG initialize prover: chip Bls12381DoubleAssign has 1612 byte interactions
2025-10-28T16:00:14.378345Z DEBUG initialize prover: chip Uint256MulMod has 145 byte interactions
2025-10-28T16:00:14.385800Z DEBUG initialize prover: chip U256XU2048Mul has 1060 byte interactions
2025-10-28T16:00:14.394958Z DEBUG initialize prover: chip Bls12381FpOpAssign has 191 byte interactions
2025-10-28T16:00:14.402205Z DEBUG initialize prover: chip Bls12381Fp2AddSubAssign has 382 byte interactions
2025-10-28T16:00:14.414875Z DEBUG initialize prover: chip Bls12381Fp2MulAssign has 950 byte interactions
2025-10-28T16:00:14.424260Z DEBUG initialize prover: chip Bn254FpOpAssign has 127 byte interactions
2025-10-28T16:00:14.427915Z DEBUG initialize prover: chip Bn254Fp2AddSubAssign has 254 byte interactions
2025-10-28T16:00:14.434084Z DEBUG initialize prover: chip Bn254Fp2MulAssign has 630 byte interactions
2025-10-28T16:00:14.446531Z DEBUG initialize prover: chip Bls12381Decompress has 930 byte interactions
2025-10-28T16:00:14.456367Z DEBUG initialize prover: chip SyscallCore has 0 byte interactions
2025-10-28T16:00:14.456406Z DEBUG initialize prover: chip SyscallPrecompile has 0 byte interactions
2025-10-28T16:00:14.456524Z DEBUG initialize prover: chip DivRem has 11 byte interactions
2025-10-28T16:00:14.456668Z DEBUG initialize prover: chip AddSub has 6 byte interactions
2025-10-28T16:00:14.456732Z DEBUG initialize prover: chip Bitwise has 4 byte interactions
2025-10-28T16:00:14.456796Z DEBUG initialize prover: chip Mul has 14 byte interactions
2025-10-28T16:00:14.456899Z DEBUG initialize prover: chip ShiftRight has 25 byte interactions
2025-10-28T16:00:14.457006Z DEBUG initialize prover: chip ShiftLeft has 4 byte interactions
2025-10-28T16:00:14.457084Z DEBUG initialize prover: chip Lt has 3 byte interactions
2025-10-28T16:00:14.457215Z DEBUG initialize prover: chip MemoryInstrs has 7 byte interactions
2025-10-28T16:00:14.457339Z DEBUG initialize prover: chip Auipc has 1 byte interactions
2025-10-28T16:00:14.457418Z DEBUG initialize prover: chip Branch has 2 byte interactions
2025-10-28T16:00:14.457521Z DEBUG initialize prover: chip Jump has 3 byte interactions
2025-10-28T16:00:14.457611Z DEBUG initialize prover: chip SyscallInstrs has 3 byte interactions
2025-10-28T16:00:14.457821Z DEBUG initialize prover: chip MemoryGlobalInit has 0 byte interactions
2025-10-28T16:00:14.458163Z DEBUG initialize prover: chip MemoryGlobalFinalize has 0 byte interactions
2025-10-28T16:00:14.458405Z DEBUG initialize prover: chip MemoryLocal has 0 byte interactions
2025-10-28T16:00:14.458825Z DEBUG initialize prover: chip Global has 1 byte interactions
2025-10-28T16:00:14.459403Z DEBUG initialize prover: chip Byte has 9 byte interactions
2025-10-28T16:00:14.467890Z DEBUG initialize prover: chip U256XU2048Mul has 1060 byte interactions
2025-10-28T16:00:14.477828Z DEBUG initialize prover: chip Bn254Fp2MulAssign has 630 byte interactions
2025-10-28T16:00:14.487153Z DEBUG initialize prover: chip Secp256r1Decompress has 616 byte interactions
2025-10-28T16:00:14.495179Z DEBUG initialize prover: chip Secp256k1Decompress has 616 byte interactions
2025-10-28T16:00:14.504513Z DEBUG initialize prover: chip Bn254AddAssign has 1006 byte interactions
2025-10-28T16:00:14.513344Z DEBUG initialize prover: chip KeccakPermute has 200 byte interactions
2025-10-28T16:00:14.524331Z DEBUG initialize prover: chip Secp256k1AddAssign has 1006 byte interactions
2025-10-28T16:00:14.530792Z DEBUG initialize prover: chip Bn254FpOpAssign has 127 byte interactions
2025-10-28T16:00:14.532076Z DEBUG initialize prover: chip ShaExtend has 60 byte interactions
2025-10-28T16:00:14.542943Z DEBUG initialize prover: chip Bls12381AddAssign has 1518 byte interactions
2025-10-28T16:00:14.558998Z DEBUG initialize prover: chip Bls12381Fp2AddSubAssign has 382 byte interactions
2025-10-28T16:00:14.567989Z DEBUG initialize prover: chip EdDecompress has 710 byte interactions
2025-10-28T16:00:14.577265Z DEBUG initialize prover: chip Secp256r1AddAssign has 1006 byte interactions
2025-10-28T16:00:14.588632Z DEBUG initialize prover: chip Bn254DoubleAssign has 1068 byte interactions
2025-10-28T16:00:14.595663Z DEBUG initialize prover: chip Uint256MulMod has 145 byte interactions
2025-10-28T16:00:14.609272Z DEBUG initialize prover: chip Bls12381DoubleAssign has 1612 byte interactions
2025-10-28T16:00:14.630612Z DEBUG initialize prover: chip Bls12381Fp2MulAssign has 950 byte interactions
2025-10-28T16:00:14.654099Z DEBUG initialize prover: chip EdAddAssign has 818 byte interactions
2025-10-28T16:00:14.685927Z DEBUG initialize prover: chip Bls12381Decompress has 930 byte interactions
2025-10-28T16:00:14.715104Z DEBUG initialize prover: chip Secp256r1DoubleAssign has 1068 byte interactions
2025-10-28T16:00:14.736341Z DEBUG initialize prover: chip Bn254Fp2AddSubAssign has 254 byte interactions
2025-10-28T16:00:14.744272Z DEBUG initialize prover: chip Bls12381FpOpAssign has 191 byte interactions
2025-10-28T16:00:14.748739Z DEBUG initialize prover: chip ShaCompress has 112 byte interactions
2025-10-28T16:00:14.759809Z DEBUG initialize prover: chip Secp256k1DoubleAssign has 1068 byte interactions
2025-10-28T16:00:14.775637Z DEBUG initialize prover: vk verification: true
2025-10-28T16:00:15.266654Z DEBUG initialize prover:build compress program:assert lookup multiplicities: close time.busy=9.44µs time.idle=20.1µs
2025-10-28T16:00:15.399232Z DEBUG initialize prover:build compress program:2adic pcs:verify shape and challenges: close time.busy=112ms time.idle=7.44µs
2025-10-28T16:00:15.633876Z DEBUG initialize prover:build compress program:2adic pcs:verify challenges: close time.busy=152ms time.idle=7.12µs
2025-10-28T16:00:15.633974Z DEBUG initialize prover:build compress program:2adic pcs: close time.busy=365ms time.idle=3.14µs
2025-10-28T16:00:15.636164Z DEBUG initialize prover:build compress program:verify constraints: close time.busy=2.16ms time.idle=4.64µs
2025-10-28T16:00:15.649487Z DEBUG initialize prover:build compress program:assert lookup multiplicities: close time.busy=6.79µs time.idle=4.42µs
2025-10-28T16:00:15.756717Z DEBUG initialize prover:build compress program:2adic pcs:verify shape and challenges: close time.busy=89.7ms time.idle=5.89µs
2025-10-28T16:00:16.105219Z DEBUG initialize prover:build compress program:2adic pcs:verify challenges: close time.busy=219ms time.idle=8.93µs
2025-10-28T16:00:16.105385Z DEBUG initialize prover:build compress program:2adic pcs: close time.busy=454ms time.idle=3.88µs
2025-10-28T16:00:16.107669Z DEBUG initialize prover:build compress program:verify constraints: close time.busy=2.26ms time.idle=4.68µs
2025-10-28T16:00:16.122686Z DEBUG initialize prover:build compress program: close time.busy=1.01s time.idle=14.3µs
2025-10-28T16:00:16.773485Z DEBUG initialize prover:compile compress program:compile raw program: close time.busy=651ms time.idle=10.9µs
2025-10-28T16:00:16.871867Z DEBUG initialize prover:compile compress program:backfill mult: close time.busy=98.2ms time.idle=8.59µs
2025-10-28T16:00:16.872082Z DEBUG initialize prover:compile compress program:prepend constants: close time.busy=123µs time.idle=4.08µs
2025-10-28T16:00:16.889297Z DEBUG initialize prover:compile compress program: close time.busy=767ms time.idle=5.52µs
2025-10-28T16:00:17.063614Z DEBUG initialize prover:build compress program:assert lookup multiplicities: close time.busy=11.1µs time.idle=7.67µs
2025-10-28T16:00:17.214199Z DEBUG initialize prover:build compress program:2adic pcs:verify shape and challenges: close time.busy=121ms time.idle=8.01µs
2025-10-28T16:00:17.373247Z DEBUG initialize prover:build compress program:2adic pcs:verify challenges: close time.busy=102ms time.idle=6.73µs
2025-10-28T16:00:17.373349Z DEBUG initialize prover:build compress program:2adic pcs: close time.busy=307ms time.idle=3.73µs
2025-10-28T16:00:17.375590Z DEBUG initialize prover:build compress program:verify constraints: close time.busy=2.22ms time.idle=4.45µs
2025-10-28T16:00:17.389488Z DEBUG initialize prover:build compress program:assert lookup multiplicities: close time.busy=6.51µs time.idle=4.11µs
2025-10-28T16:00:17.525824Z DEBUG initialize prover:build compress program:2adic pcs:verify shape and challenges: close time.busy=118ms time.idle=6.82µs
2025-10-28T16:00:17.859374Z DEBUG initialize prover:build compress program:2adic pcs:verify challenges: close time.busy=217ms time.idle=7.42µs
2025-10-28T16:00:17.859523Z DEBUG initialize prover:build compress program:2adic pcs: close time.busy=467ms time.idle=3.67µs
2025-10-28T16:00:17.861771Z DEBUG initialize prover:build compress program:verify constraints: close time.busy=2.22ms time.idle=4.85µs
2025-10-28T16:00:17.878291Z DEBUG initialize prover:build compress program: close time.busy=969ms time.idle=6.70µs
2025-10-28T16:00:18.641188Z DEBUG initialize prover:compile compress program:compile raw program: close time.busy=763ms time.idle=5.11µs
2025-10-28T16:00:18.684561Z DEBUG initialize prover:compile compress program:backfill mult: close time.busy=43.3ms time.idle=6.38µs
2025-10-28T16:00:18.684679Z DEBUG initialize prover:compile compress program:prepend constants: close time.busy=45.1µs time.idle=4.90µs
2025-10-28T16:00:18.702851Z DEBUG initialize prover:compile compress program: close time.busy=825ms time.idle=6.50µs
2025-10-28T16:00:18.854158Z DEBUG initialize prover:build compress program:assert lookup multiplicities: close time.busy=10.5µs time.idle=7.94µs
2025-10-28T16:00:19.002787Z DEBUG initialize prover:build compress program:2adic pcs:verify shape and challenges: close time.busy=121ms time.idle=9.32µs
2025-10-28T16:00:19.213493Z DEBUG initialize prover:build compress program:2adic pcs:verify challenges: close time.busy=140ms time.idle=7.76µs
2025-10-28T16:00:19.213617Z DEBUG initialize prover:build compress program:2adic pcs: close time.busy=357ms time.idle=3.96µs
2025-10-28T16:00:19.215786Z DEBUG initialize prover:build compress program:verify constraints: close time.busy=2.14ms time.idle=4.44µs
2025-10-28T16:00:19.229479Z DEBUG initialize prover:build compress program:assert lookup multiplicities: close time.busy=10.7µs time.idle=8.40µs
2025-10-28T16:00:19.329041Z DEBUG initialize prover:build compress program:2adic pcs:verify shape and challenges: close time.busy=80.6ms time.idle=6.18µs
2025-10-28T16:00:19.588689Z DEBUG initialize prover:build compress program:2adic pcs:verify challenges: close time.busy=169ms time.idle=7.91µs
2025-10-28T16:00:19.588888Z DEBUG initialize prover:build compress program:2adic pcs: close time.busy=356ms time.idle=6.22µs
2025-10-28T16:00:19.591801Z DEBUG initialize prover:build compress program:verify constraints: close time.busy=2.88ms time.idle=5.72µs
2025-10-28T16:00:19.618050Z DEBUG initialize prover:build compress program: close time.busy=900ms time.idle=8.62µs
2025-10-28T16:00:20.195285Z DEBUG initialize prover:compile compress program:compile raw program: close time.busy=577ms time.idle=6.49µs
2025-10-28T16:00:20.267809Z DEBUG initialize prover:compile compress program:backfill mult: close time.busy=72.4ms time.idle=6.93µs
2025-10-28T16:00:20.267960Z DEBUG initialize prover:compile compress program:prepend constants: close time.busy=57.8µs time.idle=5.41µs
2025-10-28T16:00:20.290609Z DEBUG initialize prover:compile compress program: close time.busy=672ms time.idle=7.65µs
2025-10-28T16:00:20.464220Z DEBUG initialize prover:build compress program:assert lookup multiplicities: close time.busy=10.3µs time.idle=7.51µs
2025-10-28T16:00:20.596192Z DEBUG initialize prover:build compress program:2adic pcs:verify shape and challenges: close time.busy=105ms time.idle=5.61µs
2025-10-28T16:00:20.764618Z DEBUG initialize prover:build compress program:2adic pcs:verify challenges: close time.busy=125ms time.idle=6.92µs
2025-10-28T16:00:20.764730Z DEBUG initialize prover:build compress program:2adic pcs: close time.busy=298ms time.idle=3.92µs
2025-10-28T16:00:20.766854Z DEBUG initialize prover:build compress program:verify constraints: close time.busy=2.10ms time.idle=4.46µs
2025-10-28T16:00:20.781494Z DEBUG initialize prover:build compress program:assert lookup multiplicities: close time.busy=8.86µs time.idle=6.30µs
2025-10-28T16:00:20.940814Z DEBUG initialize prover:build compress program:2adic pcs:verify shape and challenges: close time.busy=129ms time.idle=15.2µs
2025-10-28T16:00:21.217630Z DEBUG initialize prover:build compress program:2adic pcs:verify challenges: close time.busy=180ms time.idle=7.49µs
2025-10-28T16:00:21.217827Z DEBUG initialize prover:build compress program:2adic pcs: close time.busy=432ms time.idle=5.00µs
2025-10-28T16:00:21.220881Z DEBUG initialize prover:build compress program:verify constraints: close time.busy=3.02ms time.idle=5.61µs
2025-10-28T16:00:21.246707Z DEBUG initialize prover:build compress program: close time.busy=938ms time.idle=9.05µs
2025-10-28T16:00:21.881568Z DEBUG initialize prover:compile compress program:compile raw program: close time.busy=635ms time.idle=5.22µs
2025-10-28T16:00:21.925482Z DEBUG initialize prover:compile compress program:backfill mult: close time.busy=43.8ms time.idle=5.74µs
2025-10-28T16:00:21.925595Z DEBUG initialize prover:compile compress program:prepend constants: close time.busy=38.9µs time.idle=3.92µs
2025-10-28T16:00:21.946503Z DEBUG initialize prover:compile compress program: close time.busy=700ms time.idle=7.80µs
2025-10-28T16:00:21.961132Z DEBUG initialize prover: close time.busy=8.32s time.idle=6.81µs
2025-10-28T16:00:22.067536Z DEBUG setup:setup machine:generate preprocessed traces: generated preprocessed trace for chip Lt in 2.915µs
2025-10-28T16:00:22.067568Z DEBUG setup:setup machine:generate preprocessed traces: generated preprocessed trace for chip Secp256r1DoubleAssign in 16.43µs
2025-10-28T16:00:22.067565Z DEBUG setup:setup machine:generate preprocessed traces: generated preprocessed trace for chip Bls12381DoubleAssign in 17.481µs
2025-10-28T16:00:22.067565Z DEBUG setup:setup machine:generate preprocessed traces: generated preprocessed trace for chip ShiftLeft in 16.498µs
2025-10-28T16:00:22.067566Z DEBUG setup:setup machine:generate preprocessed traces: generated preprocessed trace for chip Bitwise in 7.022µs
2025-10-28T16:00:22.067611Z DEBUG setup:setup machine:generate preprocessed traces: generated preprocessed trace for chip Cpu in 7.042µs
2025-10-28T16:00:22.067629Z DEBUG setup:setup machine:generate preprocessed traces: generated preprocessed trace for chip ShaExtend in 7.041µs
2025-10-28T16:00:22.067634Z DEBUG setup:setup machine:generate preprocessed traces: generated preprocessed trace for chip Bn254Fp2MulAssign in 16.686µs
2025-10-28T16:00:22.067579Z DEBUG setup:setup machine:generate preprocessed traces: generated preprocessed trace for chip Bls12381Decompress in 13.16µs
2025-10-28T16:00:22.067655Z DEBUG setup:setup machine:generate preprocessed traces: generated preprocessed trace for chip EdDecompress in 6.213µs
2025-10-28T16:00:22.067674Z DEBUG setup:setup machine:generate preprocessed traces: generated preprocessed trace for chip MemoryInstrs in 1.109µs
2025-10-28T16:00:22.067590Z DEBUG setup:setup machine:generate preprocessed traces: generated preprocessed trace for chip SyscallPrecompile in 7.264µs
2025-10-28T16:00:22.067576Z DEBUG setup:setup machine:generate preprocessed traces: generated preprocessed trace for chip SyscallInstrs in 13.322µs
2025-10-28T16:00:22.067706Z DEBUG setup:setup machine:generate preprocessed traces: generated preprocessed trace for chip Mul in 1.426µs
2025-10-28T16:00:22.067630Z DEBUG setup:setup machine:generate preprocessed traces: generated preprocessed trace for chip ShaCompress in 6.847µs
2025-10-28T16:00:22.067629Z DEBUG setup:setup machine:generate preprocessed traces: generated preprocessed trace for chip Auipc in 13.152µs
2025-10-28T16:00:22.067738Z DEBUG setup:setup machine:generate preprocessed traces: generated preprocessed trace for chip MemoryLocal in 1.363µs
2025-10-28T16:00:22.067565Z DEBUG setup:setup machine:generate preprocessed traces: generated preprocessed trace for chip Bn254FpOpAssign in 16.897µs
2025-10-28T16:00:22.067769Z DEBUG setup:setup machine:generate preprocessed traces: generated preprocessed trace for chip DivRem in 1.26µs
2025-10-28T16:00:22.067609Z DEBUG fixed log2 rows can be potentially reduced: got 50022, expected 524288
2025-10-28T16:00:22.067821Z DEBUG setup:setup machine:generate preprocessed traces: generated preprocessed trace for chip Branch in 1.3µs
2025-10-28T16:00:22.067832Z DEBUG setup:setup machine:generate preprocessed traces: generated preprocessed trace for chip ShiftRight in 1.384µs
2025-10-28T16:00:22.067868Z DEBUG setup:setup machine:generate preprocessed traces: generated preprocessed trace for chip MemoryGlobalInit in 1.086µs
2025-10-28T16:00:22.067873Z DEBUG setup:setup machine:generate preprocessed traces: generated preprocessed trace for chip EdAddAssign in 1.392µs
2025-10-28T16:00:22.067887Z DEBUG setup:setup machine:generate preprocessed traces: generated preprocessed trace for chip Jump in 1.173µs
2025-10-28T16:00:22.067914Z DEBUG setup:setup machine:generate preprocessed traces: generated preprocessed trace for chip Bn254Fp2AddSubAssign in 1.267µs
2025-10-28T16:00:22.067961Z DEBUG setup:setup machine:generate preprocessed traces: generated preprocessed trace for chip SyscallCore in 1.034µs
2025-10-28T16:00:22.067967Z DEBUG setup:setup machine:generate preprocessed traces: generated preprocessed trace for chip Bn254AddAssign in 1.33µs
2025-10-28T16:00:22.067998Z DEBUG setup:setup machine:generate preprocessed traces: generated preprocessed trace for chip Bn254DoubleAssign in 959ns
2025-10-28T16:00:22.068029Z DEBUG setup:setup machine:generate preprocessed traces: generated preprocessed trace for chip Secp256k1DoubleAssign in 1.432µs
2025-10-28T16:00:22.068035Z DEBUG setup:setup machine:generate preprocessed traces: generated preprocessed trace for chip AddSub in 1.286µs
2025-10-28T16:00:22.068119Z DEBUG setup:setup machine:generate preprocessed traces: generated preprocessed trace for chip Bls12381AddAssign in 1.274µs
2025-10-28T16:00:22.068700Z DEBUG setup:setup machine:generate preprocessed traces: generated preprocessed trace for chip Global in 1.388µs
2025-10-28T16:00:22.068814Z DEBUG setup:setup machine:generate preprocessed traces: generated preprocessed trace for chip Secp256r1Decompress in 1.56µs
2025-10-28T16:00:22.069767Z DEBUG setup:setup machine:generate preprocessed traces: generated preprocessed trace for chip MemoryGlobalFinalize in 1.175µs
2025-10-28T16:00:22.070017Z DEBUG setup:setup machine:generate preprocessed traces: generated preprocessed trace for chip Secp256k1Decompress in 1.083µs
2025-10-28T16:00:22.086254Z DEBUG setup:setup machine:generate preprocessed traces: generated preprocessed trace for chip Byte in 7.124683ms
2025-10-28T16:00:22.086659Z DEBUG setup:setup machine:generate preprocessed traces: generated preprocessed trace for chip KeccakPermute in 1.379µs
2025-10-28T16:00:22.102524Z DEBUG setup:setup machine:generate preprocessed traces: generated preprocessed trace for chip Bls12381FpOpAssign in 2.163µs
2025-10-28T16:00:22.102761Z DEBUG setup:setup machine:generate preprocessed traces: generated preprocessed trace for chip Program in 35.163214ms
2025-10-28T16:00:22.102865Z DEBUG setup:setup machine:generate preprocessed traces: generated preprocessed trace for chip Uint256MulMod in 1.814µs
2025-10-28T16:00:22.114118Z DEBUG setup:setup machine:generate preprocessed traces: generated preprocessed trace for chip U256XU2048Mul in 1.876µs
2025-10-28T16:00:22.116552Z DEBUG setup:setup machine:generate preprocessed traces: generated preprocessed trace for chip Bls12381Fp2AddSubAssign in 1.834µs
2025-10-28T16:00:22.133933Z DEBUG setup:setup machine:generate preprocessed traces: generated preprocessed trace for chip Secp256k1AddAssign in 2.052µs
2025-10-28T16:00:22.136980Z DEBUG setup:setup machine:generate preprocessed traces: generated preprocessed trace for chip Secp256r1AddAssign in 1.641µs
2025-10-28T16:00:22.141118Z DEBUG setup:setup machine:generate preprocessed traces: generated preprocessed trace for chip Bls12381Fp2MulAssign in 2.052µs
2025-10-28T16:00:23.431646Z DEBUG setup:setup machine:commit to preprocessed traces: close time.busy=1.15s time.idle=7.95µs
2025-10-28T16:00:23.431726Z DEBUG setup:setup machine:generate preprocessed traces: close time.busy=161ms time.idle=1.20s
2025-10-28T16:00:23.431745Z DEBUG setup:setup machine: close time.busy=1.46s time.idle=3.54µs
2025-10-28T16:00:23.992323Z DEBUG setup: close time.busy=2.03s time.idle=6.87µs
2025-10-28T16:00:24.110611Z DEBUG prove_core:checkpoint generator:batch:clone: close time.busy=276µs time.idle=3.77µs
2025-10-28T16:00:24.110678Z DEBUG prove_core:checkpoint generator:batch:execute: loading memory image
2025-10-28T16:00:24.112725Z  INFO prove_core:checkpoint generator:batch:execute: clk = 0 pc = 0x201504
2025-10-28T16:00:24.235667Z DEBUG prove_core:checkpoint generator:batch:execute: close time.busy=125ms time.idle=3.82µs
2025-10-28T16:00:24.236483Z DEBUG prove_core:checkpoint generator:batch:create memory checkpoint: close time.busy=761µs time.idle=3.26µs
2025-10-28T16:00:24.237261Z DEBUG prove_core:checkpoint generator:batch: close time.busy=127ms time.idle=2.42µs
2025-10-28T16:00:24.237314Z DEBUG prove_core:checkpoint generator:batch:clone: close time.busy=11.0µs time.idle=2.56µs
2025-10-28T16:00:24.242459Z DEBUG prove_core:phase 2 trace generation:trace checkpoint: loading memory image
2025-10-28T16:00:24.244079Z  INFO prove_core:phase 2 trace generation:trace checkpoint: clk = 0 pc = 0x201504
2025-10-28T16:00:24.356865Z DEBUG prove_core:checkpoint generator:batch:execute: close time.busy=120ms time.idle=4.18µs
2025-10-28T16:00:24.357614Z DEBUG prove_core:checkpoint generator:batch:create memory checkpoint: close time.busy=675µs time.idle=4.37µs
2025-10-28T16:00:24.358615Z DEBUG prove_core:checkpoint generator:batch: close time.busy=121ms time.idle=2.72µs
2025-10-28T16:00:24.358669Z DEBUG prove_core:checkpoint generator:batch:clone: close time.busy=13.0µs time.idle=2.62µs
2025-10-28T16:00:24.683012Z DEBUG prove_core:checkpoint generator:batch:execute: close time.busy=324ms time.idle=4.71µs
2025-10-28T16:00:24.686053Z DEBUG prove_core:checkpoint generator:batch:create memory checkpoint: close time.busy=2.97ms time.idle=4.93µs
2025-10-28T16:00:24.689709Z DEBUG prove_core:checkpoint generator:batch: close time.busy=331ms time.idle=2.74µs
2025-10-28T16:00:24.689735Z DEBUG prove_core:checkpoint generator: close time.busy=580ms time.idle=10.9µs
2025-10-28T16:00:25.363914Z DEBUG prove_core:phase 2 trace generation:trace checkpoint: close time.busy=1.13s time.idle=5.12µs
2025-10-28T16:00:25.364801Z DEBUG prove_core:phase 2 trace generation: deferred 0 records
2025-10-28T16:00:25.500858Z DEBUG prove_core:phase 2 trace generation:generate dependencies:generate cpu dependencies: close time.busy=136ms time.idle=4.90µs index=0
2025-10-28T16:00:25.699741Z DEBUG prove_core:phase 2 trace generation:generate dependencies:register nonces: close time.busy=3.42µs time.idle=5.57µs index=0
2025-10-28T16:00:25.699799Z DEBUG prove_core:phase 2 trace generation:generate dependencies: close time.busy=335ms time.idle=4.31µs index=0
2025-10-28T16:00:25.700918Z DEBUG prove_core:phase 2 trace generation: Shard Lifted: Index=1, Cluster=249
2025-10-28T16:00:25.700942Z DEBUG prove_core:phase 2 trace generation: Chip Cpu: 21  -> 21 
2025-10-28T16:00:25.700952Z DEBUG prove_core:phase 2 trace generation: Chip AddSub: 21  -> 21 
2025-10-28T16:00:25.700959Z DEBUG prove_core:phase 2 trace generation: Chip Bitwise: 17  -> 17 
2025-10-28T16:00:25.700966Z DEBUG prove_core:phase 2 trace generation: Chip Mul: 9   -> 17 
2025-10-28T16:00:25.700974Z DEBUG prove_core:phase 2 trace generation: Chip ShiftRight: 16  -> 17 
2025-10-28T16:00:25.700981Z DEBUG prove_core:phase 2 trace generation: Chip ShiftLeft: 16  -> 17 
2025-10-28T16:00:25.700988Z DEBUG prove_core:phase 2 trace generation: Chip Lt: 19  -> 19 
2025-10-28T16:00:25.701676Z DEBUG prove_core:phase 2 trace generation: Chip MemoryLocal: 14  -> 18 
2025-10-28T16:00:25.701695Z DEBUG prove_core:phase 2 trace generation: Chip MemoryInstrs: 21  -> 21 
2025-10-28T16:00:25.701703Z DEBUG prove_core:phase 2 trace generation: Chip Auipc: 16  -> 18 
2025-10-28T16:00:25.701713Z DEBUG prove_core:phase 2 trace generation: Chip Branch: 18  -> 18 
2025-10-28T16:00:25.701722Z DEBUG prove_core:phase 2 trace generation: Chip Jump: 17  -> 18 
2025-10-28T16:00:25.701729Z DEBUG prove_core:phase 2 trace generation: Chip Global: 17  -> 17 
2025-10-28T16:00:25.701737Z DEBUG prove_core:phase 2 trace generation: Chip SyscallCore: 9   -> 10 
2025-10-28T16:00:25.702571Z DEBUG prove_core:phase 2 trace generation: Chip SyscallInstrs: 9   -> 10 
2025-10-28T16:00:25.702928Z DEBUG fixed log2 rows can be potentially reduced: got 379, expected 1024
2025-10-28T16:00:25.702984Z DEBUG fixed log2 rows can be potentially reduced: got 379, expected 1024
2025-10-28T16:00:25.702928Z DEBUG fixed log2 rows can be potentially reduced: got 36419, expected 262144
2025-10-28T16:00:25.702986Z DEBUG fixed log2 rows can be potentially reduced: got 35961, expected 131072
2025-10-28T16:00:25.702929Z DEBUG fixed log2 rows can be potentially reduced: got 76665, expected 262144
2025-10-28T16:00:25.702988Z DEBUG fixed log2 rows can be potentially reduced: got 390, expected 131072
2025-10-28T16:00:25.703026Z DEBUG prove_core:phase 2 trace generation:generate main traces:generate traces for shard: generated trace for chip SyscallCore in 90.574µs index=0
2025-10-28T16:00:25.703190Z DEBUG fixed log2 rows can be potentially reduced: got 13143, expected 262144
2025-10-28T16:00:25.703304Z DEBUG prove_core:phase 2 trace generation:generate main traces:generate traces for shard: generated trace for chip SyscallInstrs in 395.312µs index=0
2025-10-28T16:00:25.704181Z DEBUG prove_core:phase 2 trace generation:generate main traces:generate traces for shard: generated trace for chip Mul in 1.20637ms index=0
2025-10-28T16:00:25.705848Z DEBUG prove_core: core cache miss, misses: 0
2025-10-28T16:00:25.706084Z DEBUG prove_core:phase 2 trace generation:generate main traces:generate traces for shard: generated trace for chip Auipc in 3.176053ms index=0
2025-10-28T16:00:25.712003Z DEBUG prove_core:phase 2 trace generation:generate main traces:generate traces for shard: generated trace for chip MemoryLocal in 9.089335ms index=0
2025-10-28T16:00:25.713015Z DEBUG prove_core:phase 2 trace generation:generate main traces:generate traces for shard: generated trace for chip Jump in 10.11156ms index=0
2025-10-28T16:00:25.716113Z DEBUG prove_core:phase 2 trace generation:generate main traces:generate traces for shard: generated trace for chip Byte in 3.788928ms index=0
2025-10-28T16:00:25.737723Z DEBUG prove_core:phase 2 trace generation:generate main traces:generate traces for shard: generated trace for chip Branch in 34.770686ms index=0
2025-10-28T16:00:25.742601Z DEBUG fixed log2 rows can be potentially reduced: got 41590, expected 131072
2025-10-28T16:00:25.753913Z DEBUG prove_core:phase 2 trace generation:generate main traces:generate traces for shard: generated trace for chip Bitwise in 51.07909ms index=0
2025-10-28T16:00:25.775226Z DEBUG prove_core:phase 2 trace generation:generate main traces:generate traces for shard: generated trace for chip ShiftLeft in 69.114193ms index=0
2025-10-28T16:00:25.784416Z DEBUG fixed log2 rows can be potentially reduced: got 50022, expected 524288
2025-10-28T16:00:25.785222Z DEBUG prove_core:phase 2 trace generation:generate main traces:generate traces for shard: generated trace for chip Program in 82.248972ms index=0
2025-10-28T16:00:25.788326Z DEBUG prove_core:build recursion program:read input: close time.busy=82.4ms time.idle=4.27µs
2025-10-28T16:00:25.789168Z DEBUG prove_core:build recursion program:verify:verify shard:assert lookup multiplicities: close time.busy=8.86µs time.idle=2.97µs
2025-10-28T16:00:25.915507Z DEBUG prove_core:build recursion program:verify:verify shard:2adic pcs:verify shape and challenges: close time.busy=83.4ms time.idle=8.16µs
2025-10-28T16:00:25.931651Z DEBUG prove_core:phase 2 trace generation:generate main traces:generate traces for shard: generated trace for chip Lt in 228.729494ms index=0
2025-10-28T16:00:25.931783Z DEBUG prove_core:phase 2 trace generation:generate main traces:generate traces for shard: generated trace for chip ShiftRight in 228.808653ms index=0
2025-10-28T16:00:26.091210Z DEBUG prove_core:phase 2 trace generation:generate main traces:generate traces for shard: generated trace for chip AddSub in 388.128793ms index=0
2025-10-28T16:00:26.093208Z DEBUG prove_core:phase 2 trace generation:generate main traces:generate traces for shard: generated trace for chip MemoryInstrs in 390.283058ms index=0
2025-10-28T16:00:26.163837Z DEBUG prove_core:phase 2 trace generation:generate main traces:generate traces for shard: generated trace for chip Cpu in 461.054597ms index=0
2025-10-28T16:00:26.201942Z DEBUG prove_core:build recursion program:verify:verify shard:2adic pcs:verify challenges: close time.busy=177ms time.idle=7.83µs
2025-10-28T16:00:26.202124Z DEBUG prove_core:build recursion program:verify:verify shard:2adic pcs: close time.busy=410ms time.idle=4.08µs
2025-10-28T16:00:26.209543Z DEBUG prove_core:build recursion program:verify:verify shard:verify constraints: close time.busy=7.38ms time.idle=7.31µs
2025-10-28T16:00:26.209645Z DEBUG prove_core:build recursion program:verify:verify shard: close time.busy=421ms time.idle=5.25µs
2025-10-28T16:00:26.245031Z DEBUG prove_core:build recursion program:verify: close time.busy=457ms time.idle=6.87µs
2025-10-28T16:00:26.245123Z DEBUG prove_core:build recursion program:build block: close time.busy=3.35µs time.idle=4.59µs
2025-10-28T16:00:26.245142Z DEBUG prove_core:build recursion program: close time.busy=539ms time.idle=4.46µs
2025-10-28T16:00:26.464811Z DEBUG prove_core:phase 2 trace generation:generate main traces:generate traces for shard: generated trace for chip Global in 752.727103ms index=0
2025-10-28T16:00:26.465210Z DEBUG prove_core:phase 2 trace generation:generate main traces:generate traces for shard: close time.busy=762ms time.idle=28.4µs index=0
2025-10-28T16:00:26.465292Z  INFO prove_core:phase 2 trace generation:generate main traces: close time.busy=763ms time.idle=2.83µs index=0
2025-10-28T16:00:26.692872Z DEBUG prove_core:compile recursion program:compile raw program: close time.busy=448ms time.idle=9.75µs
2025-10-28T16:00:26.740744Z DEBUG prove_core:compile recursion program:backfill mult: close time.busy=47.7ms time.idle=8.88µs
2025-10-28T16:00:26.740889Z DEBUG prove_core:compile recursion program:prepend constants: close time.busy=61.2µs time.idle=5.47µs
2025-10-28T16:00:26.755378Z DEBUG prove_core:compile recursion program: close time.busy=510ms time.idle=7.63µs
2025-10-28T16:00:27.636203Z DEBUG prove_core:phase 2 trace generation:trace checkpoint: close time.busy=1.17s time.idle=5.82µs
2025-10-28T16:00:27.639698Z DEBUG prove_core:phase 2 trace generation: deferred 1 records
2025-10-28T16:00:27.751333Z DEBUG prove_core:phase 2 trace generation:generate dependencies:generate cpu dependencies: close time.busy=112ms time.idle=4.53µs index=1
2025-10-28T16:00:27.982283Z DEBUG prove_core:phase 2 trace generation:generate dependencies:register nonces: close time.busy=4.31µs time.idle=7.47µs index=1
2025-10-28T16:00:27.982370Z DEBUG prove_core:phase 2 trace generation:generate dependencies:generate cpu dependencies: close time.busy=12.1µs time.idle=3.55µs index=1
2025-10-28T16:00:28.245065Z DEBUG prove_core:phase 2 trace generation:generate dependencies:register nonces: close time.busy=3.48µs time.idle=6.06µs index=1
2025-10-28T16:00:28.245129Z DEBUG prove_core:phase 2 trace generation:generate dependencies: close time.busy=605ms time.idle=4.52µs index=1
2025-10-28T16:00:28.245891Z DEBUG prove_core:phase 2 trace generation: Shard Lifted: Index=2, Cluster=11
2025-10-28T16:00:28.245915Z DEBUG prove_core:phase 2 trace generation: Chip Cpu: 21  -> 21 
2025-10-28T16:00:28.245925Z DEBUG prove_core:phase 2 trace generation: Chip AddSub: 21  -> 21 
2025-10-28T16:00:28.245933Z DEBUG prove_core:phase 2 trace generation: Chip Bitwise: 18  -> 18 
2025-10-28T16:00:28.245942Z DEBUG prove_core:phase 2 trace generation: Chip Mul: 11  -> 17 
2025-10-28T16:00:28.245949Z DEBUG prove_core:phase 2 trace generation: Chip ShiftRight: 12  -> 17 
2025-10-28T16:00:28.245957Z DEBUG prove_core:phase 2 trace generation: Chip ShiftLeft: 15  -> 17 
2025-10-28T16:00:28.245965Z DEBUG prove_core:phase 2 trace generation: Chip Lt: 20  -> 20 
2025-10-28T16:00:28.245983Z DEBUG prove_core:phase 2 trace generation: Chip MemoryLocal: 15  -> 18 
2025-10-28T16:00:28.245993Z DEBUG prove_core:phase 2 trace generation: Chip MemoryInstrs: 20  -> 20 
2025-10-28T16:00:28.246000Z DEBUG prove_core:phase 2 trace generation: Chip Auipc: 14  -> 18 
2025-10-28T16:00:28.246008Z DEBUG prove_core:phase 2 trace generation: Chip Branch: 19  -> 19 
2025-10-28T16:00:28.246016Z DEBUG prove_core:phase 2 trace generation: Chip Jump: 15  -> 18 
2025-10-28T16:00:28.246024Z DEBUG prove_core:phase 2 trace generation: Chip Global: 18  -> 18 
2025-10-28T16:00:28.246031Z DEBUG prove_core:phase 2 trace generation: Chip SyscallCore: 11  -> 18 
2025-10-28T16:00:28.246039Z DEBUG prove_core:phase 2 trace generation: Chip SyscallInstrs: 11  -> 18 
2025-10-28T16:00:28.246626Z DEBUG fixed log2 rows can be potentially reduced: got 27817, expected 262144
2025-10-28T16:00:28.246850Z DEBUG fixed log2 rows can be potentially reduced: got 1693, expected 262144
2025-10-28T16:00:28.247056Z DEBUG generate traces for shard: fixed log2 rows can be potentially reduced: got 50022, expected 524288
2025-10-28T16:00:28.247255Z DEBUG fixed log2 rows can be potentially reduced: got 23527, expected 262144
2025-10-28T16:00:28.247935Z DEBUG generate traces for shard: generated trace for chip Program in 1.300166ms
2025-10-28T16:00:28.247962Z DEBUG generate traces for shard: fixed log2 rows can be potentially reduced: got 2660, expected 131072
2025-10-28T16:00:28.250046Z DEBUG generate traces for shard: generated trace for chip MemoryLocal in 3.394574ms
2025-10-28T16:00:28.250182Z DEBUG prove_core: core cache miss, misses: 1
2025-10-28T16:00:28.250318Z DEBUG generate traces for shard: generated trace for chip Jump in 3.706279ms
2025-10-28T16:00:28.250475Z DEBUG fixed log2 rows can be potentially reduced: got 12079, expected 262144
2025-10-28T16:00:28.251531Z DEBUG generate traces for shard: generated trace for chip SyscallInstrs in 4.700062ms
2025-10-28T16:00:28.251776Z DEBUG fixed log2 rows can be potentially reduced: got 1693, expected 262144
2025-10-28T16:00:28.252900Z DEBUG generate traces for shard: generated trace for chip Auipc in 2.444588ms
2025-10-28T16:00:28.253762Z DEBUG generate traces for shard: generated trace for chip SyscallCore in 7.171425ms
2025-10-28T16:00:28.256583Z DEBUG generate traces for shard: generated trace for chip Byte in 2.775789ms
2025-10-28T16:00:28.257612Z DEBUG fixed log2 rows can be potentially reduced: got 21301, expected 131072
2025-10-28T16:00:28.260772Z DEBUG generate traces for shard: generated trace for chip MemoryLocal in 14.089695ms
2025-10-28T16:00:28.298312Z DEBUG generate traces for shard: generated trace for chip ShiftRight in 50.351576ms
2025-10-28T16:00:28.313102Z DEBUG generate traces for shard: generated trace for chip Bitwise in 66.472533ms
2025-10-28T16:00:28.313192Z DEBUG fixed log2 rows can be potentially reduced: got 1704, expected 131072
2025-10-28T16:00:28.316342Z DEBUG generate traces for shard: generated trace for chip Branch in 63.404126ms
2025-10-28T16:00:28.321292Z DEBUG generate traces for shard: generated trace for chip Mul in 8.115381ms
2025-10-28T16:00:28.321580Z DEBUG generate traces for shard: generated trace for chip SyscallPrecompile in 236.284µs
2025-10-28T16:00:28.327704Z DEBUG fixed log2 rows can be potentially reduced: got 50022, expected 524288
2025-10-28T16:00:28.331380Z DEBUG generate traces for shard: generated trace for chip Program in 84.770515ms
2025-10-28T16:00:28.355170Z DEBUG generate traces for shard: generated trace for chip Lt in 108.601917ms
2025-10-28T16:00:28.355660Z DEBUG generate traces for shard: generated trace for chip Byte in 1.877502ms
2025-10-28T16:00:28.366809Z DEBUG prove_core:build recursion program:read input: close time.busy=117ms time.idle=5.34µs
2025-10-28T16:00:28.368085Z DEBUG prove_core:build recursion program:verify:verify shard:assert lookup multiplicities: close time.busy=12.0µs time.idle=4.40µs
2025-10-28T16:00:28.385108Z DEBUG generate traces for shard: generated trace for chip ShiftLeft in 133.547841ms
2025-10-28T16:00:28.540293Z DEBUG prove_core:build recursion program:verify:verify shard:2adic pcs:verify shape and challenges: close time.busy=122ms time.idle=8.37µs
2025-10-28T16:00:28.902718Z DEBUG generate traces for shard: generated trace for chip AddSub in 655.949888ms
2025-10-28T16:00:28.957038Z DEBUG prove_core:build recursion program:verify:verify shard:2adic pcs:verify challenges: close time.busy=257ms time.idle=8.51µs
2025-10-28T16:00:28.957163Z DEBUG prove_core:build recursion program:verify:verify shard:2adic pcs: close time.busy=585ms time.idle=5.20µs
2025-10-28T16:00:28.962133Z DEBUG prove_core:build recursion program:verify:verify shard:verify constraints: close time.busy=4.94ms time.idle=6.28µs
2025-10-28T16:00:28.962188Z DEBUG prove_core:build recursion program:verify:verify shard: close time.busy=594ms time.idle=5.34µs
2025-10-28T16:00:28.987132Z DEBUG prove_core:build recursion program:verify: close time.busy=620ms time.idle=7.02µs
2025-10-28T16:00:28.987201Z DEBUG prove_core:build recursion program:build block: close time.busy=2.50µs time.idle=4.28µs
2025-10-28T16:00:28.987217Z DEBUG prove_core:build recursion program: close time.busy=737ms time.idle=4.34µs
2025-10-28T16:00:29.090274Z DEBUG generate traces for shard: generated trace for chip MemoryInstrs in 842.236077ms
2025-10-28T16:00:29.265336Z DEBUG generate traces for shard: generated trace for chip Cpu in 1.018700411s
2025-10-28T16:00:29.423150Z DEBUG prove_core:compile recursion program:compile raw program: close time.busy=436ms time.idle=5.83µs
2025-10-28T16:00:29.485786Z DEBUG prove_core:compile recursion program:backfill mult: close time.busy=62.6ms time.idle=8.15µs
2025-10-28T16:00:29.485915Z DEBUG prove_core:compile recursion program:prepend constants: close time.busy=56.9µs time.idle=5.23µs
2025-10-28T16:00:29.500498Z DEBUG prove_core:compile recursion program: close time.busy=513ms time.idle=6.54µs
2025-10-28T16:00:29.513582Z DEBUG prove_core: core cache miss, misses: 2
2025-10-28T16:00:29.697169Z DEBUG prove_core:build recursion program:read input: close time.busy=184ms time.idle=4.61µs
2025-10-28T16:00:29.697950Z DEBUG prove_core:build recursion program:verify:verify shard:assert lookup multiplicities: close time.busy=9.33µs time.idle=3.20µs
2025-10-28T16:00:29.743241Z DEBUG generate traces for shard: generated trace for chip KeccakPermute in 1.493581206s
2025-10-28T16:00:29.969458Z DEBUG prove_core:build recursion program:verify:verify shard:2adic pcs:verify shape and challenges: close time.busy=125ms time.idle=8.29µs
2025-10-28T16:00:30.175605Z DEBUG generate traces for shard: generated trace for chip Global in 1.925520526s
2025-10-28T16:00:30.175643Z DEBUG generate traces for shard: generated trace for chip Global in 1.928935028s
2025-10-28T16:00:30.175724Z DEBUG generate traces for shard: close time.busy=1.93s time.idle=6.45µs
2025-10-28T16:00:30.176460Z DEBUG generate traces for shard: close time.busy=1.93s time.idle=6.17µs
2025-10-28T16:00:30.176745Z  INFO prove_core:phase 2 trace generation:generate main traces: close time.busy=1.93s time.idle=3.84µs index=1
2025-10-28T16:00:30.387988Z DEBUG prove_core:build recursion program:verify:verify shard:2adic pcs:verify challenges: close time.busy=155ms time.idle=7.69µs
2025-10-28T16:00:30.388097Z DEBUG prove_core:build recursion program:verify:verify shard:2adic pcs: close time.busy=689ms time.idle=3.52µs
2025-10-28T16:00:30.402293Z DEBUG prove_core:build recursion program:verify:verify shard:verify constraints: close time.busy=14.2ms time.idle=6.34µs
2025-10-28T16:00:30.402378Z DEBUG prove_core:build recursion program:verify:verify shard: close time.busy=704ms time.idle=4.26µs
2025-10-28T16:00:30.450547Z DEBUG prove_core:build recursion program:verify: close time.busy=753ms time.idle=7.55µs
2025-10-28T16:00:30.450638Z DEBUG prove_core:build recursion program:build block: close time.busy=5.09µs time.idle=6.16µs
2025-10-28T16:00:30.450664Z DEBUG prove_core:build recursion program: close time.busy=937ms time.idle=6.59µs
2025-10-28T16:00:30.974800Z DEBUG prove_core:compile recursion program:compile raw program: close time.busy=524ms time.idle=14.7µs
2025-10-28T16:00:31.007317Z DEBUG prove_core:compile recursion program:backfill mult: close time.busy=32.4ms time.idle=10.3µs
2025-10-28T16:00:31.007443Z DEBUG prove_core:compile recursion program:prepend constants: close time.busy=39.2µs time.idle=3.94µs
2025-10-28T16:00:31.018831Z DEBUG prove_core:compile recursion program: close time.busy=568ms time.idle=6.06µs
2025-10-28T16:01:10.239733Z DEBUG prove_core:phase 2 prover:batch:commit: close time.busy=43.8s time.idle=6.36µs shard=1
2025-10-28T16:01:23.099358Z DEBUG prove_core:phase 2 prover:batch:opening:generate permutation traces: close time.busy=12.9s time.idle=4.66µs shard=1
2025-10-28T16:01:23.099781Z DEBUG prove_core:phase 2 prover:batch:opening: AddSub          | Main Cols = 19    | Pre Cols = 0      | Perm Cols = 20    | Rows = 2097152 | Cells = 81788928   shard=1
2025-10-28T16:01:23.099925Z DEBUG prove_core:phase 2 prover:batch:opening: Cpu             | Main Cols = 57    | Pre Cols = 0      | Perm Cols = 44    | Rows = 2097152 | Cells = 211812352  shard=1
2025-10-28T16:01:23.100050Z DEBUG prove_core:phase 2 prover:batch:opening: MemoryInstrs    | Main Cols = 57    | Pre Cols = 0      | Perm Cols = 28    | Rows = 2097152 | Cells = 178257920  shard=1
2025-10-28T16:01:23.100295Z DEBUG prove_core:phase 2 prover:batch:opening: Lt              | Main Cols = 33    | Pre Cols = 0      | Perm Cols = 12    | Rows = 524288 | Cells = 23592960   shard=1
2025-10-28T16:01:23.100544Z DEBUG prove_core:phase 2 prover:batch:opening: Program         | Main Cols = 1     | Pre Cols = 14     | Perm Cols = 8     | Rows = 524288 | Cells = 12058624   shard=1
2025-10-28T16:01:23.100679Z DEBUG prove_core:phase 2 prover:batch:opening: Auipc           | Main Cols = 21    | Pre Cols = 0      | Perm Cols = 12    | Rows = 262144 | Cells = 8650752    shard=1
2025-10-28T16:01:23.100803Z DEBUG prove_core:phase 2 prover:batch:opening: Branch          | Main Cols = 34    | Pre Cols = 0      | Perm Cols = 16    | Rows = 262144 | Cells = 13107200   shard=1
2025-10-28T16:01:23.100933Z DEBUG prove_core:phase 2 prover:batch:opening: Jump            | Main Cols = 26    | Pre Cols = 0      | Perm Cols = 16    | Rows = 262144 | Cells = 11010048   shard=1
2025-10-28T16:01:23.100961Z DEBUG prove_core:phase 2 prover:batch:opening: MemoryLocal     | Main Cols = 56    | Pre Cols = 0      | Perm Cols = 36    | Rows = 262144 | Cells = 24117248   shard=1
2025-10-28T16:01:23.100975Z DEBUG prove_core:phase 2 prover:batch:opening: Bitwise         | Main Cols = 17    | Pre Cols = 0      | Perm Cols = 16    | Rows = 131072 | Cells = 4325376    shard=1
2025-10-28T16:01:23.100987Z DEBUG prove_core:phase 2 prover:batch:opening: Global          | Main Cols = 412   | Pre Cols = 0      | Perm Cols = 8     | Rows = 131072 | Cells = 55050240   shard=1
2025-10-28T16:01:23.100999Z DEBUG prove_core:phase 2 prover:batch:opening: Mul             | Main Cols = 39    | Pre Cols = 0      | Perm Cols = 36    | Rows = 131072 | Cells = 9830400    shard=1
2025-10-28T16:01:23.101011Z DEBUG prove_core:phase 2 prover:batch:opening: ShiftLeft       | Main Cols = 44    | Pre Cols = 0      | Perm Cols = 16    | Rows = 131072 | Cells = 7864320    shard=1
2025-10-28T16:01:23.101023Z DEBUG prove_core:phase 2 prover:batch:opening: ShiftRight      | Main Cols = 70    | Pre Cols = 0      | Perm Cols = 56    | Rows = 131072 | Cells = 16515072   shard=1
2025-10-28T16:01:23.101035Z DEBUG prove_core:phase 2 prover:batch:opening: Byte            | Main Cols = 9     | Pre Cols = 11     | Perm Cols = 24    | Rows = 65536 | Cells = 2883584    shard=1
2025-10-28T16:01:23.101049Z DEBUG prove_core:phase 2 prover:batch:opening: SyscallCore     | Main Cols = 6     | Pre Cols = 0      | Perm Cols = 8     | Rows = 1024  | Cells = 14336      shard=1
2025-10-28T16:01:23.101061Z DEBUG prove_core:phase 2 prover:batch:opening: SyscallInstrs   | Main Cols = 52    | Pre Cols = 0      | Perm Cols = 20    | Rows = 1024  | Cells = 73728      shard=1
2025-10-28T16:01:27.196004Z DEBUG prove_core:phase 2 prover:batch:opening:flatten permutation traces and collect domains: close time.busy=4.09s time.idle=4.86µs shard=1
2025-10-28T16:01:54.896970Z DEBUG prove_core:phase 2 prover:batch:opening:commit to permutation traces: close time.busy=27.7s time.idle=10.1µs shard=1
2025-10-28T16:01:55.102346Z DEBUG prove_core:phase 2 prover:batch:opening:compute quotient values:compute quotient values for domain: close time.busy=204ms time.idle=20.7µs shard=1
2025-10-28T16:01:55.165278Z DEBUG prove_core:phase 2 prover:batch:opening:compute quotient values:compute quotient values for domain: close time.busy=62.8ms time.idle=29.3µs shard=1
2025-10-28T16:01:56.866485Z DEBUG prove_core:phase 2 prover:batch:opening:compute quotient values:compute quotient values for domain: close time.busy=1.97s time.idle=5.64µs shard=1
2025-10-28T16:02:01.704307Z DEBUG prove_core:phase 2 prover:batch:opening:compute quotient values:compute quotient values for domain: close time.busy=6.81s time.idle=7.00µs shard=1
2025-10-28T16:02:01.929755Z DEBUG prove_core:phase 2 prover:batch:opening:compute quotient values:compute quotient values for domain: close time.busy=7.03s time.idle=13.2µs shard=1
2025-10-28T16:02:06.779284Z DEBUG prove_core:phase 2 prover:batch:opening:compute quotient values:compute quotient values for domain: close time.busy=11.9s time.idle=6.52µs shard=1
2025-10-28T16:02:08.209912Z DEBUG prove_core:phase 2 prover:batch:opening:compute quotient values:compute quotient values for domain: close time.busy=13.3s time.idle=21.4µs shard=1
2025-10-28T16:02:09.610305Z DEBUG prove_core:phase 2 prover:batch:opening:compute quotient values:compute quotient values for domain: close time.busy=14.7s time.idle=8.84µs shard=1
2025-10-28T16:02:09.821087Z DEBUG prove_core:phase 2 prover:batch:opening:compute quotient values:compute quotient values for domain: close time.busy=14.9s time.idle=10.1µs shard=1
2025-10-28T16:02:10.496195Z DEBUG prove_core:phase 2 prover:batch:opening:compute quotient values:compute quotient values for domain: close time.busy=15.6s time.idle=6.07µs shard=1
2025-10-28T16:02:13.481828Z DEBUG prove_core:phase 2 prover:batch:opening:compute quotient values:compute quotient values for domain: close time.busy=18.6s time.idle=9.36µs shard=1
2025-10-28T16:02:31.280925Z DEBUG prove_core:phase 2 prover:batch:opening:compute quotient values:compute quotient values for domain: close time.busy=36.4s time.idle=11.3µs shard=1
2025-10-28T16:02:55.764863Z DEBUG prove_core:phase 2 prover:batch:opening:compute quotient values:compute quotient values for domain: close time.busy=60.9s time.idle=8.63µs shard=1
2025-10-28T16:02:55.798658Z DEBUG prove_core:phase 2 prover:batch:opening:compute quotient values:compute quotient values for domain: close time.busy=60.9s time.idle=6.25µs shard=1
2025-10-28T16:02:56.290470Z DEBUG prove_core:phase 2 prover:batch:opening:compute quotient values:compute quotient values for domain: close time.busy=61.4s time.idle=5.46µs shard=1
2025-10-28T16:02:56.634058Z DEBUG prove_core:phase 2 prover:batch:opening:compute quotient values:compute quotient values for domain: close time.busy=61.7s time.idle=7.66µs shard=1
2025-10-28T16:02:56.687785Z DEBUG prove_core:phase 2 prover:batch:opening:compute quotient values:compute quotient values for domain: close time.busy=61.8s time.idle=20.7µs shard=1
2025-10-28T16:03:10.358636Z DEBUG prove_core:phase 2 prover:batch:opening:commit to quotient traces: close time.busy=12.3s time.idle=9.53µs shard=1
2025-10-28T16:03:10.358769Z DEBUG prove_core:phase 2 prover:batch:opening:compute preprocessed opening points: close time.busy=41.2µs time.idle=4.22µs shard=1
2025-10-28T16:03:10.358820Z DEBUG prove_core:phase 2 prover:batch:opening:compute main trace opening points: close time.busy=32.8µs time.idle=2.29µs shard=1
2025-10-28T16:03:10.358839Z DEBUG prove_core:phase 2 prover:batch:opening:compute permutation trace opening points: close time.busy=4.61µs time.idle=2.07µs shard=1
2025-10-28T16:03:41.942652Z DEBUG prove_core:phase 2 prover:batch:opening:open multi batches: close time.busy=31.6s time.idle=8.11µs shard=1
2025-10-28T16:03:42.052150Z DEBUG prove_core:phase 2 prover:batch:opening:compute quotient values: close time.busy=61.8s time.idle=45.4s shard=1
2025-10-28T16:03:43.515058Z DEBUG prove_core:phase 2 prover:batch:opening: close time.busy=153s time.idle=18.1µs shard=1
2025-10-28T16:03:43.515162Z DEBUG prove_core:phase 2 prover:batch: proving shard 1 took 197049383094 ns. shape: Some([(SyscallCore, 10), (SyscallInstrs, 10), (Byte, 16), (Global, 17), (ShiftLeft, 17), (Bitwise, 17), (ShiftRight, 17), (Mul, 17), (Jump, 18), (MemoryLocal, 18), (Auipc, 18), (Branch, 18), (Lt, 19), (Program, 19), (Cpu, 21), (AddSub, 21), (MemoryInstrs, 21)])
2025-10-28T16:03:43.515347Z DEBUG prove_core:phase 2 prover:batch: close time.busy=197s time.idle=26.7µs
2025-10-28T16:03:44.138843Z DEBUG prove_core:phase 2 trace generation:trace checkpoint: close time.busy=623ms time.idle=14.2µs
2025-10-28T16:03:44.147916Z DEBUG prove_core:phase 2 trace generation: deferred 4 records
2025-10-28T16:03:44.177388Z DEBUG prove_core:phase 2 trace generation:generate dependencies:generate cpu dependencies: close time.busy=29.4ms time.idle=4.42µs index=2
2025-10-28T16:03:44.227666Z DEBUG prove_core:phase 2 trace generation:generate dependencies:register nonces: close time.busy=3.95µs time.idle=7.03µs index=2
2025-10-28T16:03:44.227744Z DEBUG prove_core:phase 2 trace generation:generate dependencies:generate cpu dependencies: close time.busy=11.0µs time.idle=3.38µs index=2
2025-10-28T16:03:44.275021Z DEBUG prove_core:phase 2 trace generation:generate dependencies:register nonces: close time.busy=2.66µs time.idle=5.08µs index=2
2025-10-28T16:03:44.275078Z DEBUG prove_core:phase 2 trace generation:generate dependencies:generate cpu dependencies: close time.busy=9.26µs time.idle=3.31µs index=2
2025-10-28T16:03:44.363048Z DEBUG prove_core:phase 2 trace generation:generate dependencies:register nonces: close time.busy=3.84µs time.idle=6.97µs index=2
2025-10-28T16:03:44.363127Z DEBUG prove_core:phase 2 trace generation:generate dependencies:generate cpu dependencies: close time.busy=10.4µs time.idle=3.58µs index=2
2025-10-28T16:03:44.737910Z DEBUG prove_core:phase 2 trace generation:generate dependencies:register nonces: close time.busy=3.69µs time.idle=7.19µs index=2
2025-10-28T16:03:44.737985Z DEBUG prove_core:phase 2 trace generation:generate dependencies:generate cpu dependencies: close time.busy=9.69µs time.idle=2.74µs index=2
2025-10-28T16:03:44.759888Z DEBUG prove_core:phase 2 trace generation:generate dependencies:register nonces: close time.busy=3.36µs time.idle=5.58µs index=2
2025-10-28T16:03:44.759941Z DEBUG prove_core:phase 2 trace generation:generate dependencies: close time.busy=612ms time.idle=5.02µs index=2
2025-10-28T16:03:44.772262Z DEBUG prove_core:phase 2 trace generation: Shard Lifted: Index=4, Cluster=4
2025-10-28T16:03:44.772889Z DEBUG prove_core:phase 2 trace generation: Chip Cpu: 18  -> 18 
2025-10-28T16:03:44.772905Z DEBUG prove_core:phase 2 trace generation: Chip AddSub: 18  -> 18 
2025-10-28T16:03:44.772916Z DEBUG prove_core:phase 2 trace generation: Chip Bitwise: 15  -> 15 
2025-10-28T16:03:44.772926Z DEBUG prove_core:phase 2 trace generation: Chip Mul: 12  -> 14 
2025-10-28T16:03:44.772936Z DEBUG prove_core:phase 2 trace generation: Chip ShiftRight: 13  -> 14 
2025-10-28T16:03:44.772946Z DEBUG prove_core:phase 2 trace generation: Chip ShiftLeft: 13  -> 14 
2025-10-28T16:03:44.772955Z DEBUG prove_core:phase 2 trace generation: Chip Lt: 16  -> 16 
2025-10-28T16:03:44.772965Z DEBUG prove_core:phase 2 trace generation: Chip MemoryLocal: 12  -> 15 
2025-10-28T16:03:44.772975Z DEBUG prove_core:phase 2 trace generation: Chip MemoryInstrs: 17  -> 17 
2025-10-28T16:03:44.772985Z DEBUG prove_core:phase 2 trace generation: Chip Auipc: 12  -> 15 
2025-10-28T16:03:44.772995Z DEBUG prove_core:phase 2 trace generation: Chip Branch: 15  -> 15 
2025-10-28T16:03:44.773004Z DEBUG prove_core:phase 2 trace generation: Chip Jump: 13  -> 15 
2025-10-28T16:03:44.773014Z DEBUG prove_core:phase 2 trace generation: Chip Global: 15  -> 15 
2025-10-28T16:03:44.773023Z DEBUG prove_core:phase 2 trace generation: Chip SyscallCore: 11  -> 15 
2025-10-28T16:03:44.773033Z DEBUG prove_core:phase 2 trace generation: Chip SyscallInstrs: 11  -> 15 
2025-10-28T16:03:44.778644Z DEBUG fixed log2 rows can be potentially reduced: got 5325, expected 32768
2025-10-28T16:03:44.779078Z DEBUG fixed log2 rows can be potentially reduced: got 1654, expected 32768
2025-10-28T16:03:44.780039Z DEBUG fixed log2 rows can be potentially reduced: got 2142, expected 32768
2025-10-28T16:03:44.780100Z DEBUG generate traces for shard: fixed log2 rows can be potentially reduced: got 50022, expected 524288
2025-10-28T16:03:44.780115Z DEBUG generate traces for shard: fixed log2 rows can be potentially reduced: got 50022, expected 524288
2025-10-28T16:03:44.780142Z DEBUG generate traces for shard: generated trace for chip SyscallCore in 1.194884ms
2025-10-28T16:03:44.780267Z DEBUG generate traces for shard: generated trace for chip MemoryLocal in 1.417ms
2025-10-28T16:03:44.781382Z DEBUG generate traces for shard: fixed log2 rows can be potentially reduced: got 50022, expected 524288
2025-10-28T16:03:44.783238Z DEBUG generate traces for shard: fixed log2 rows can be potentially reduced: got 50022, expected 524288
2025-10-28T16:03:44.780112Z DEBUG generate traces for shard: generated trace for chip MemoryLocal in 1.509181ms
2025-10-28T16:03:44.783510Z DEBUG generate traces for shard: generated trace for chip Auipc in 3.490405ms
2025-10-28T16:03:44.783561Z DEBUG generate traces for shard: generated trace for chip Jump in 4.935835ms
2025-10-28T16:03:44.783598Z DEBUG fixed log2 rows can be potentially reduced: got 1654, expected 32768
2025-10-28T16:03:44.789686Z DEBUG generate traces for shard: generated trace for chip Bitwise in 10.423026ms
2025-10-28T16:03:44.790224Z DEBUG fixed log2 rows can be potentially reduced: got 3358, expected 16384
2025-10-28T16:03:44.791908Z DEBUG generate traces for shard: generated trace for chip Program in 9.443731ms
2025-10-28T16:03:44.792753Z DEBUG generate traces for shard: generated trace for chip SyscallInstrs in 9.168502ms
2025-10-28T16:03:44.792774Z DEBUG generate traces for shard: generated trace for chip Branch in 9.243355ms
2025-10-28T16:03:44.792854Z DEBUG fixed log2 rows can be potentially reduced: got 2371, expected 32768
2025-10-28T16:03:44.794665Z DEBUG generate traces for shard: generated trace for chip Program in 14.499946ms
2025-10-28T16:03:44.796400Z DEBUG generate traces for shard: generated trace for chip Program in 17.687918ms
2025-10-28T16:03:44.798714Z DEBUG generate traces for shard: generated trace for chip Mul in 8.505489ms
2025-10-28T16:03:44.798759Z DEBUG fixed log2 rows can be potentially reduced: got 5203, expected 16384
2025-10-28T16:03:44.800243Z DEBUG generate traces for shard: generated trace for chip Program in 21.732254ms
2025-10-28T16:03:44.805456Z DEBUG fixed log2 rows can be potentially reduced: got 50022, expected 524288
2025-10-28T16:03:44.806067Z DEBUG generate traces for shard: generated trace for chip MemoryLocal in 13.294203ms
2025-10-28T16:03:44.810466Z DEBUG generate traces for shard: generated trace for chip MemoryLocal in 17.704218ms
2025-10-28T16:03:44.812326Z DEBUG generate traces for shard: generated trace for chip ShiftRight in 13.573178ms
2025-10-28T16:03:44.815269Z DEBUG fixed log2 rows can be potentially reduced: got 4745, expected 16384
2025-10-28T16:03:44.817100Z DEBUG generate traces for shard: generated trace for chip Program in 38.505204ms
2025-10-28T16:03:44.817277Z DEBUG fixed log2 rows can be potentially reduced: got 825, expected 2048
2025-10-28T16:03:44.817305Z DEBUG generate traces for shard: generated trace for chip SyscallPrecompile in 172.113µs
2025-10-28T16:03:44.823796Z DEBUG generate traces for shard: generated trace for chip ShiftLeft in 11.438532ms
2025-10-28T16:03:44.823972Z DEBUG generate traces for shard: generated trace for chip SyscallPrecompile in 121.064µs
2025-10-28T16:03:44.827376Z DEBUG generate traces for shard: generated trace for chip Lt in 48.474354ms
2025-10-28T16:03:44.829408Z DEBUG generate traces for shard: generated trace for chip Byte in 5.409479ms
2025-10-28T16:03:44.836271Z DEBUG generate traces for shard: generated trace for chip Byte in 6.814419ms
2025-10-28T16:03:44.866504Z DEBUG generate traces for shard: generated trace for chip SyscallPrecompile in 291.401µs
2025-10-28T16:03:44.869954Z DEBUG generate traces for shard: generated trace for chip Byte in 3.389634ms
2025-10-28T16:03:44.879412Z DEBUG generate traces for shard: generated trace for chip Byte in 9.424357ms
2025-10-28T16:03:44.916725Z DEBUG generate traces for shard: generated trace for chip Byte in 8.846034ms
2025-10-28T16:03:44.926337Z DEBUG generate traces for shard: generated trace for chip AddSub in 146.170294ms
2025-10-28T16:03:44.937402Z DEBUG generate traces for shard: generated trace for chip MemoryInstrs in 109.994599ms
2025-10-28T16:03:44.978251Z DEBUG generate traces for shard: generated trace for chip MemoryGlobalInit in 180.906462ms
2025-10-28T16:03:45.014101Z DEBUG generate traces for shard: generated trace for chip Secp256k1AddAssign in 232.633928ms
2025-10-28T16:03:45.399392Z DEBUG generate traces for shard: generated trace for chip Secp256k1DoubleAssign in 620.735964ms
2025-10-28T16:03:46.165048Z DEBUG generate traces for shard: generated trace for chip Cpu in 1.385408701s
2025-10-28T16:03:46.165159Z DEBUG generate traces for shard: generated trace for chip KeccakPermute in 1.370463883s
2025-10-28T16:03:46.202500Z DEBUG fixed log2 rows can be potentially reduced: got 91650, expected 262144
2025-10-28T16:03:46.266895Z DEBUG generate traces for shard: generated trace for chip Global in 1.460793433s
2025-10-28T16:03:46.345118Z DEBUG generate traces for shard: close time.busy=1.57s time.idle=6.77µs
2025-10-28T16:03:46.355505Z DEBUG generate traces for shard: generated trace for chip Global in 1.575214586s
2025-10-28T16:03:46.398153Z DEBUG generate traces for shard: generated trace for chip Global in 1.614680857s
2025-10-28T16:03:46.508414Z DEBUG generate traces for shard: generated trace for chip MemoryGlobalFinalize in 1.728492464s
2025-10-28T16:03:46.578743Z DEBUG generate traces for shard: generated trace for chip Global in 1.768238662s
2025-10-28T16:03:46.578823Z DEBUG generate traces for shard: close time.busy=1.80s time.idle=5.48µs
2025-10-28T16:03:46.578986Z DEBUG generate traces for shard: close time.busy=1.80s time.idle=5.36µs
2025-10-28T16:03:46.696312Z DEBUG generate traces for shard: generated trace for chip Global in 1.896026489s
2025-10-28T16:03:46.696389Z DEBUG generate traces for shard: close time.busy=1.92s time.idle=5.04µs
2025-10-28T16:03:46.696688Z DEBUG generate traces for shard: close time.busy=1.92s time.idle=4.94µs
2025-10-28T16:03:46.696983Z  INFO prove_core:phase 2 trace generation:generate main traces: close time.busy=1.92s time.idle=4.05µs index=2
2025-10-28T16:04:34.965345Z DEBUG prove_core:phase 2 prover:batch:commit: close time.busy=51.4s time.idle=4.96µs shard=2
2025-10-28T16:04:48.833472Z DEBUG prove_core:phase 2 prover:batch:opening:generate permutation traces: close time.busy=13.9s time.idle=9.82µs shard=2
2025-10-28T16:04:48.833532Z DEBUG prove_core:phase 2 prover:batch:opening: AddSub          | Main Cols = 19    | Pre Cols = 0      | Perm Cols = 20    | Rows = 2097152 | Cells = 81788928   shard=2
2025-10-28T16:04:48.833549Z DEBUG prove_core:phase 2 prover:batch:opening: Cpu             | Main Cols = 57    | Pre Cols = 0      | Perm Cols = 44    | Rows = 2097152 | Cells = 211812352  shard=2
2025-10-28T16:04:48.833558Z DEBUG prove_core:phase 2 prover:batch:opening: Lt              | Main Cols = 33    | Pre Cols = 0      | Perm Cols = 12    | Rows = 1048576 | Cells = 47185920   shard=2
2025-10-28T16:04:48.833570Z DEBUG prove_core:phase 2 prover:batch:opening: MemoryInstrs    | Main Cols = 57    | Pre Cols = 0      | Perm Cols = 28    | Rows = 1048576 | Cells = 89128960   shard=2
2025-10-28T16:04:48.833579Z DEBUG prove_core:phase 2 prover:batch:opening: Branch          | Main Cols = 34    | Pre Cols = 0      | Perm Cols = 16    | Rows = 524288 | Cells = 26214400   shard=2
2025-10-28T16:04:48.833588Z DEBUG prove_core:phase 2 prover:batch:opening: Program         | Main Cols = 1     | Pre Cols = 14     | Perm Cols = 8     | Rows = 524288 | Cells = 12058624   shard=2
2025-10-28T16:04:48.833597Z DEBUG prove_core:phase 2 prover:batch:opening: Auipc           | Main Cols = 21    | Pre Cols = 0      | Perm Cols = 12    | Rows = 262144 | Cells = 8650752    shard=2
2025-10-28T16:04:48.833606Z DEBUG prove_core:phase 2 prover:batch:opening: Bitwise         | Main Cols = 17    | Pre Cols = 0      | Perm Cols = 16    | Rows = 262144 | Cells = 8650752    shard=2
2025-10-28T16:04:48.833616Z DEBUG prove_core:phase 2 prover:batch:opening: Global          | Main Cols = 412   | Pre Cols = 0      | Perm Cols = 8     | Rows = 262144 | Cells = 110100480  shard=2
2025-10-28T16:04:48.833624Z DEBUG prove_core:phase 2 prover:batch:opening: Jump            | Main Cols = 26    | Pre Cols = 0      | Perm Cols = 16    | Rows = 262144 | Cells = 11010048   shard=2
2025-10-28T16:04:48.833634Z DEBUG prove_core:phase 2 prover:batch:opening: MemoryLocal     | Main Cols = 56    | Pre Cols = 0      | Perm Cols = 36    | Rows = 262144 | Cells = 24117248   shard=2
2025-10-28T16:04:48.833644Z DEBUG prove_core:phase 2 prover:batch:opening: SyscallCore     | Main Cols = 6     | Pre Cols = 0      | Perm Cols = 8     | Rows = 262144 | Cells = 3670016    shard=2
2025-10-28T16:04:48.833653Z DEBUG prove_core:phase 2 prover:batch:opening: SyscallInstrs   | Main Cols = 52    | Pre Cols = 0      | Perm Cols = 20    | Rows = 262144 | Cells = 18874368   shard=2
2025-10-28T16:04:48.833662Z DEBUG prove_core:phase 2 prover:batch:opening: Mul             | Main Cols = 39    | Pre Cols = 0      | Perm Cols = 36    | Rows = 131072 | Cells = 9830400    shard=2
2025-10-28T16:04:48.833671Z DEBUG prove_core:phase 2 prover:batch:opening: ShiftLeft       | Main Cols = 44    | Pre Cols = 0      | Perm Cols = 16    | Rows = 131072 | Cells = 7864320    shard=2
2025-10-28T16:04:48.833680Z DEBUG prove_core:phase 2 prover:batch:opening: ShiftRight      | Main Cols = 70    | Pre Cols = 0      | Perm Cols = 56    | Rows = 131072 | Cells = 16515072   shard=2
2025-10-28T16:04:48.833689Z DEBUG prove_core:phase 2 prover:batch:opening: Byte            | Main Cols = 9     | Pre Cols = 11     | Perm Cols = 24    | Rows = 65536 | Cells = 2883584    shard=2
2025-10-28T16:04:52.601982Z DEBUG prove_core:phase 2 prover:batch:opening:flatten permutation traces and collect domains: close time.busy=3.77s time.idle=5.54µs shard=2
2025-10-28T16:05:19.102065Z DEBUG prove_core:phase 2 prover:batch:opening:commit to permutation traces: close time.busy=26.5s time.idle=34.5µs shard=2
2025-10-28T16:05:24.080736Z DEBUG prove_core:phase 2 prover:batch:opening:compute quotient values:compute quotient values for domain: close time.busy=4.98s time.idle=19.5µs shard=2
2025-10-28T16:05:26.279562Z DEBUG prove_core:phase 2 prover:batch:opening:compute quotient values:compute quotient values for domain: close time.busy=7.18s time.idle=15.4µs shard=2
2025-10-28T16:05:29.905819Z DEBUG prove_core:phase 2 prover:batch:opening:compute quotient values:compute quotient values for domain: close time.busy=10.8s time.idle=7.98µs shard=2
2025-10-28T16:05:31.889169Z DEBUG prove_core:phase 2 prover:batch:opening:compute quotient values:compute quotient values for domain: close time.busy=12.8s time.idle=5.59µs shard=2
2025-10-28T16:05:32.078097Z DEBUG prove_core:phase 2 prover:batch:opening:compute quotient values:compute quotient values for domain: close time.busy=13.0s time.idle=62.9µs shard=2
2025-10-28T16:05:32.562257Z DEBUG prove_core:phase 2 prover:batch:opening:compute quotient values:compute quotient values for domain: close time.busy=13.5s time.idle=23.7µs shard=2
2025-10-28T16:05:37.805555Z DEBUG prove_core:phase 2 prover:batch:opening:compute quotient values:compute quotient values for domain: close time.busy=18.7s time.idle=6.56µs shard=2
2025-10-28T16:05:40.874064Z DEBUG prove_core:phase 2 prover:batch:opening:compute quotient values:compute quotient values for domain: close time.busy=21.8s time.idle=7.08µs shard=2
2025-10-28T16:05:45.812224Z DEBUG prove_core:phase 2 prover:batch:opening:compute quotient values:compute quotient values for domain: close time.busy=26.7s time.idle=5.63µs shard=2
2025-10-28T16:05:46.897009Z DEBUG prove_core:phase 2 prover:batch:opening:compute quotient values:compute quotient values for domain: close time.busy=3.99s time.idle=6.89µs shard=2
2025-10-28T16:05:49.657339Z DEBUG prove_core:phase 2 prover:batch:opening:compute quotient values:compute quotient values for domain: close time.busy=30.6s time.idle=7.12µs shard=2
2025-10-28T16:05:59.356507Z DEBUG prove_core:phase 2 prover:batch:opening:compute quotient values:compute quotient values for domain: close time.busy=40.3s time.idle=5.51µs shard=2
2025-10-28T16:06:16.703839Z DEBUG prove_core:phase 2 prover:batch:opening:compute quotient values:compute quotient values for domain: close time.busy=57.6s time.idle=34.2µs shard=2
2025-10-28T16:06:17.033070Z DEBUG prove_core:phase 2 prover:batch:opening:compute quotient values:compute quotient values for domain: close time.busy=57.9s time.idle=5.23µs shard=2
2025-10-28T16:06:17.113652Z DEBUG prove_core:phase 2 prover:batch:opening:compute quotient values:compute quotient values for domain: close time.busy=58.0s time.idle=6.97µs shard=2
2025-10-28T16:06:17.249585Z DEBUG prove_core:phase 2 prover:batch:opening:compute quotient values:compute quotient values for domain: close time.busy=58.1s time.idle=5.20µs shard=2
2025-10-28T16:06:17.677401Z DEBUG prove_core:phase 2 prover:batch:opening:compute quotient values:compute quotient values for domain: close time.busy=58.6s time.idle=6.54µs shard=2
2025-10-28T16:06:32.597688Z DEBUG prove_core:phase 2 prover:batch:opening:commit to quotient traces: close time.busy=13.2s time.idle=7.77µs shard=2
2025-10-28T16:06:32.597796Z DEBUG prove_core:phase 2 prover:batch:opening:compute preprocessed opening points: close time.busy=33.0µs time.idle=5.23µs shard=2
2025-10-28T16:06:32.597883Z DEBUG prove_core:phase 2 prover:batch:opening:compute main trace opening points: close time.busy=57.5µs time.idle=3.93µs shard=2
2025-10-28T16:06:32.597908Z DEBUG prove_core:phase 2 prover:batch:opening:compute permutation trace opening points: close time.busy=6.50µs time.idle=2.39µs shard=2
2025-10-28T16:07:07.490353Z DEBUG prove_core:phase 2 prover:batch:opening:open multi batches: close time.busy=34.9s time.idle=5.28µs shard=2
2025-10-28T16:07:07.605730Z DEBUG prove_core:phase 2 prover:batch:opening:compute quotient values: close time.busy=58.6s time.idle=49.9s shard=2
2025-10-28T16:07:09.067412Z DEBUG prove_core:phase 2 prover:batch:opening: close time.busy=154s time.idle=38.2µs shard=2
2025-10-28T16:07:09.067505Z DEBUG prove_core:phase 2 prover:batch: proving shard 2 took 205552025532 ns. shape: Some([(Byte, 16), (ShiftLeft, 17), (ShiftRight, 17), (Mul, 17), (SyscallCore, 18), (Global, 18), (SyscallInstrs, 18), (Jump, 18), (Bitwise, 18), (MemoryLocal, 18), (Auipc, 18), (Branch, 19), (Program, 19), (Lt, 20), (MemoryInstrs, 20), (Cpu, 21), (AddSub, 21)])
2025-10-28T16:07:09.067684Z DEBUG prove_core:phase 2 prover:batch: close time.busy=206s time.idle=62.4µs
2025-10-28T16:07:27.834592Z DEBUG prove_core:phase 2 prover:batch:commit: close time.busy=18.8s time.idle=5.06µs shard=3
2025-10-28T16:07:28.696870Z DEBUG prove_core:phase 2 prover:batch:opening:generate permutation traces: close time.busy=862ms time.idle=5.05µs shard=3
2025-10-28T16:07:28.696970Z DEBUG prove_core:phase 2 prover:batch:opening: Program         | Main Cols = 1     | Pre Cols = 14     | Perm Cols = 8     | Rows = 524288 | Cells = 12058624   shard=3
2025-10-28T16:07:28.696984Z DEBUG prove_core:phase 2 prover:batch:opening: Global          | Main Cols = 412   | Pre Cols = 0      | Perm Cols = 8     | Rows = 262144 | Cells = 110100480  shard=3
2025-10-28T16:07:28.696994Z DEBUG prove_core:phase 2 prover:batch:opening: Byte            | Main Cols = 9     | Pre Cols = 11     | Perm Cols = 24    | Rows = 65536 | Cells = 2883584    shard=3
2025-10-28T16:07:28.697005Z DEBUG prove_core:phase 2 prover:batch:opening: KeccakPermute   | Main Cols = 3289  | Pre Cols = 0      | Perm Cols = 608   | Rows = 32768 | Cells = 127696896  shard=3
2025-10-28T16:07:28.697014Z DEBUG prove_core:phase 2 prover:batch:opening: MemoryLocal     | Main Cols = 56    | Pre Cols = 0      | Perm Cols = 36    | Rows = 32768 | Cells = 3014656    shard=3
2025-10-28T16:07:28.697028Z DEBUG prove_core:phase 2 prover:batch:opening: SyscallPrecompile | Main Cols = 6     | Pre Cols = 0      | Perm Cols = 8     | Rows = 2048  | Cells = 28672      shard=3
2025-10-28T16:07:29.046669Z DEBUG prove_core:phase 2 prover:batch:opening:flatten permutation traces and collect domains: close time.busy=350ms time.idle=6.53µs shard=3
2025-10-28T16:07:31.366524Z DEBUG prove_core:phase 2 prover:batch:opening:commit to permutation traces: close time.busy=2.32s time.idle=6.45µs shard=3
2025-10-28T16:07:31.375935Z DEBUG prove_core:phase 2 prover:batch:opening:compute quotient values:compute quotient values for domain: close time.busy=9.09ms time.idle=8.23µs shard=3
2025-10-28T16:07:31.810974Z DEBUG prove_core:phase 2 prover:batch:opening:compute quotient values:compute quotient values for domain: close time.busy=444ms time.idle=5.50µs shard=3
2025-10-28T16:07:31.811907Z DEBUG prove_core:phase 2 prover:batch:opening:compute quotient values:compute quotient values for domain: close time.busy=445ms time.idle=5.53µs shard=3
2025-10-28T16:07:32.407091Z DEBUG prove_core:phase 2 prover:batch:opening:compute quotient values:compute quotient values for domain: close time.busy=1.04s time.idle=7.67µs shard=3
2025-10-28T16:07:38.335399Z DEBUG prove_core:phase 2 prover:batch:opening:compute quotient values:compute quotient values for domain: close time.busy=6.97s time.idle=6.78µs shard=3
2025-10-28T16:07:38.531579Z DEBUG prove_core:phase 2 prover:batch:opening:compute quotient values:compute quotient values for domain: close time.busy=7.16s time.idle=6.46µs shard=3
2025-10-28T16:07:39.597679Z DEBUG prove_core:phase 2 prover:batch:opening:commit to quotient traces: close time.busy=1.02s time.idle=7.16µs shard=3
2025-10-28T16:07:39.597752Z DEBUG prove_core:phase 2 prover:batch:opening:compute preprocessed opening points: close time.busy=10.3µs time.idle=3.36µs shard=3
2025-10-28T16:07:39.597774Z DEBUG prove_core:phase 2 prover:batch:opening:compute main trace opening points: close time.busy=5.51µs time.idle=2.22µs shard=3
2025-10-28T16:07:39.597796Z DEBUG prove_core:phase 2 prover:batch:opening:compute permutation trace opening points: close time.busy=9.29µs time.idle=2.19µs shard=3
2025-10-28T16:07:43.746173Z DEBUG prove_core:phase 2 prover:batch:opening:open multi batches: close time.busy=4.15s time.idle=5.07µs shard=3
2025-10-28T16:07:43.746315Z DEBUG prove_core:phase 2 prover:batch:opening:compute quotient values: close time.busy=7.17s time.idle=5.21s shard=3
2025-10-28T16:07:44.253498Z DEBUG prove_core:phase 2 prover:batch:opening: close time.busy=16.4s time.idle=27.1µs shard=3
2025-10-28T16:07:44.253564Z DEBUG prove_core:phase 2 prover:batch: proving shard 3 took 35185801572 ns. shape: Some([(SyscallPrecompile, 11), (KeccakPermute, 15), (MemoryLocal, 15), (Byte, 16), (Global, 18), (Program, 19)])
2025-10-28T16:07:44.253686Z DEBUG prove_core:phase 2 prover:batch: close time.busy=35.2s time.idle=12.5µs
2025-10-28T16:07:49.059146Z DEBUG prove_core:phase 2 prover:batch:commit: close time.busy=4.81s time.idle=4.20µs shard=4
2025-10-28T16:07:50.216608Z DEBUG prove_core:phase 2 prover:batch:opening:generate permutation traces: close time.busy=1.16s time.idle=4.04µs shard=4
2025-10-28T16:07:50.216673Z DEBUG prove_core:phase 2 prover:batch:opening: Program         | Main Cols = 1     | Pre Cols = 14     | Perm Cols = 8     | Rows = 524288 | Cells = 12058624   shard=4
2025-10-28T16:07:50.216687Z DEBUG prove_core:phase 2 prover:batch:opening: AddSub          | Main Cols = 19    | Pre Cols = 0      | Perm Cols = 20    | Rows = 262144 | Cells = 10223616   shard=4
2025-10-28T16:07:50.216699Z DEBUG prove_core:phase 2 prover:batch:opening: Cpu             | Main Cols = 57    | Pre Cols = 0      | Perm Cols = 44    | Rows = 262144 | Cells = 26476544   shard=4
2025-10-28T16:07:50.216708Z DEBUG prove_core:phase 2 prover:batch:opening: MemoryInstrs    | Main Cols = 57    | Pre Cols = 0      | Perm Cols = 28    | Rows = 131072 | Cells = 11141120   shard=4
2025-10-28T16:07:50.216718Z DEBUG prove_core:phase 2 prover:batch:opening: Byte            | Main Cols = 9     | Pre Cols = 11     | Perm Cols = 24    | Rows = 65536 | Cells = 2883584    shard=4
2025-10-28T16:07:50.216727Z DEBUG prove_core:phase 2 prover:batch:opening: Lt              | Main Cols = 33    | Pre Cols = 0      | Perm Cols = 12    | Rows = 65536 | Cells = 2949120    shard=4
2025-10-28T16:07:50.216736Z DEBUG prove_core:phase 2 prover:batch:opening: Auipc           | Main Cols = 21    | Pre Cols = 0      | Perm Cols = 12    | Rows = 32768 | Cells = 1081344    shard=4
2025-10-28T16:07:50.216745Z DEBUG prove_core:phase 2 prover:batch:opening: Bitwise         | Main Cols = 17    | Pre Cols = 0      | Perm Cols = 16    | Rows = 32768 | Cells = 1081344    shard=4
2025-10-28T16:07:50.216754Z DEBUG prove_core:phase 2 prover:batch:opening: Branch          | Main Cols = 34    | Pre Cols = 0      | Perm Cols = 16    | Rows = 32768 | Cells = 1638400    shard=4
2025-10-28T16:07:50.216763Z DEBUG prove_core:phase 2 prover:batch:opening: Global          | Main Cols = 412   | Pre Cols = 0      | Perm Cols = 8     | Rows = 32768 | Cells = 13762560   shard=4
2025-10-28T16:07:50.216772Z DEBUG prove_core:phase 2 prover:batch:opening: Jump            | Main Cols = 26    | Pre Cols = 0      | Perm Cols = 16    | Rows = 32768 | Cells = 1376256    shard=4
2025-10-28T16:07:50.216781Z DEBUG prove_core:phase 2 prover:batch:opening: MemoryLocal     | Main Cols = 56    | Pre Cols = 0      | Perm Cols = 36    | Rows = 32768 | Cells = 3014656    shard=4
2025-10-28T16:07:50.216792Z DEBUG prove_core:phase 2 prover:batch:opening: SyscallCore     | Main Cols = 6     | Pre Cols = 0      | Perm Cols = 8     | Rows = 32768 | Cells = 458752     shard=4
2025-10-28T16:07:50.216801Z DEBUG prove_core:phase 2 prover:batch:opening: SyscallInstrs   | Main Cols = 52    | Pre Cols = 0      | Perm Cols = 20    | Rows = 32768 | Cells = 2359296    shard=4
2025-10-28T16:07:50.216810Z DEBUG prove_core:phase 2 prover:batch:opening: Mul             | Main Cols = 39    | Pre Cols = 0      | Perm Cols = 36    | Rows = 16384 | Cells = 1228800    shard=4
2025-10-28T16:07:50.216819Z DEBUG prove_core:phase 2 prover:batch:opening: ShiftLeft       | Main Cols = 44    | Pre Cols = 0      | Perm Cols = 16    | Rows = 16384 | Cells = 983040     shard=4
2025-10-28T16:07:50.216828Z DEBUG prove_core:phase 2 prover:batch:opening: ShiftRight      | Main Cols = 70    | Pre Cols = 0      | Perm Cols = 56    | Rows = 16384 | Cells = 2064384    shard=4
2025-10-28T16:07:50.522570Z DEBUG prove_core:phase 2 prover:batch:opening:flatten permutation traces and collect domains: close time.busy=306ms time.idle=5.68µs shard=4
2025-10-28T16:07:53.193615Z DEBUG prove_core:phase 2 prover:batch:opening:commit to permutation traces: close time.busy=2.67s time.idle=6.66µs shard=4
2025-10-28T16:07:53.701324Z DEBUG prove_core:phase 2 prover:batch:opening:compute quotient values:compute quotient values for domain: close time.busy=507ms time.idle=5.74µs shard=4
2025-10-28T16:07:53.889508Z DEBUG prove_core:phase 2 prover:batch:opening:compute quotient values:compute quotient values for domain: close time.busy=695ms time.idle=5.95µs shard=4
2025-10-28T16:07:54.349945Z DEBUG prove_core:phase 2 prover:batch:opening:compute quotient values:compute quotient values for domain: close time.busy=1.16s time.idle=6.58µs shard=4
2025-10-28T16:07:54.982228Z DEBUG prove_core:phase 2 prover:batch:opening:compute quotient values:compute quotient values for domain: close time.busy=1.79s time.idle=5.76µs shard=4
2025-10-28T16:07:55.151043Z DEBUG prove_core:phase 2 prover:batch:opening:compute quotient values:compute quotient values for domain: close time.busy=1.96s time.idle=4.74µs shard=4
2025-10-28T16:07:55.171654Z DEBUG prove_core:phase 2 prover:batch:opening:compute quotient values:compute quotient values for domain: close time.busy=1.98s time.idle=4.91µs shard=4
2025-10-28T16:07:55.217635Z DEBUG prove_core:phase 2 prover:batch:opening:compute quotient values:compute quotient values for domain: close time.busy=2.02s time.idle=5.01µs shard=4
2025-10-28T16:07:55.707729Z DEBUG prove_core:phase 2 prover:batch:opening:compute quotient values:compute quotient values for domain: close time.busy=2.51s time.idle=4.55µs shard=4
2025-10-28T16:07:56.634836Z DEBUG prove_core:phase 2 prover:batch:opening:compute quotient values:compute quotient values for domain: close time.busy=3.44s time.idle=5.39µs shard=4
2025-10-28T16:07:58.286774Z DEBUG prove_core:phase 2 prover:batch:opening:compute quotient values:compute quotient values for domain: close time.busy=4.47s time.idle=7.63µs shard=4
2025-10-28T16:07:58.288046Z DEBUG prove_core:phase 2 prover:batch:opening:compute quotient values:compute quotient values for domain: close time.busy=5.09s time.idle=9.53µs shard=4
2025-10-28T16:07:58.302732Z DEBUG prove_core:phase 2 prover:batch:opening:compute quotient values:compute quotient values for domain: close time.busy=5.11s time.idle=5.51µs shard=4
2025-10-28T16:07:58.311515Z DEBUG prove_core:phase 2 prover:batch:opening:compute quotient values:compute quotient values for domain: close time.busy=5.12s time.idle=5.60µs shard=4
2025-10-28T16:07:58.324875Z DEBUG prove_core:phase 2 prover:batch:opening:compute quotient values:compute quotient values for domain: close time.busy=5.13s time.idle=6.12µs shard=4
2025-10-28T16:07:58.341886Z DEBUG prove_core:phase 2 prover:batch:opening:compute quotient values:compute quotient values for domain: close time.busy=5.15s time.idle=5.93µs shard=4
2025-10-28T16:07:58.387190Z DEBUG prove_core:phase 2 prover:batch:opening:compute quotient values:compute quotient values for domain: close time.busy=5.19s time.idle=5.64µs shard=4
2025-10-28T16:07:58.399697Z DEBUG prove_core:phase 2 prover:batch:opening:compute quotient values:compute quotient values for domain: close time.busy=5.21s time.idle=5.47µs shard=4
2025-10-28T16:08:00.259240Z DEBUG prove_core:phase 2 prover:batch:opening:commit to quotient traces: close time.busy=1.79s time.idle=6.62µs shard=4
2025-10-28T16:08:00.259346Z DEBUG prove_core:phase 2 prover:batch:opening:compute preprocessed opening points: close time.busy=18.3µs time.idle=3.51µs shard=4
2025-10-28T16:08:00.259406Z DEBUG prove_core:phase 2 prover:batch:opening:compute main trace opening points: close time.busy=43.0µs time.idle=2.41µs shard=4
2025-10-28T16:08:00.259448Z DEBUG prove_core:phase 2 prover:batch:opening:compute permutation trace opening points: close time.busy=26.0µs time.idle=2.30µs shard=4
2025-10-28T16:08:04.726080Z DEBUG prove_core:phase 2 prover:batch:opening:open multi batches: close time.busy=4.47s time.idle=4.37µs shard=4
2025-10-28T16:08:04.726232Z DEBUG prove_core:phase 2 prover:batch:opening:compute quotient values: close time.busy=5.21s time.idle=6.33s shard=4
2025-10-28T16:08:04.809227Z DEBUG prove_core:phase 2 prover:batch:opening: close time.busy=15.7s time.idle=7.05µs shard=4
2025-10-28T16:08:04.809298Z DEBUG prove_core:phase 2 prover:batch: proving shard 4 took 20555544088 ns. shape: Some([(ShiftLeft, 14), (ShiftRight, 14), (Mul, 14), (SyscallCore, 15), (Global, 15), (SyscallInstrs, 15), (Jump, 15), (Bitwise, 15), (MemoryLocal, 15), (Auipc, 15), (Branch, 15), (Lt, 16), (Byte, 16), (MemoryInstrs, 17), (Cpu, 18), (AddSub, 18), (Program, 19)])
2025-10-28T16:08:04.809411Z DEBUG prove_core:phase 2 prover:batch: close time.busy=20.6s time.idle=16.8µs
2025-10-28T16:08:06.394215Z DEBUG prove_core:phase 2 prover:batch:commit: close time.busy=1.58s time.idle=4.92µs shard=5
2025-10-28T16:08:06.712364Z DEBUG prove_core:phase 2 prover:batch:opening:generate permutation traces: close time.busy=318ms time.idle=4.30µs shard=5
2025-10-28T16:08:06.712472Z DEBUG prove_core:phase 2 prover:batch:opening: Program         | Main Cols = 1     | Pre Cols = 14     | Perm Cols = 8     | Rows = 524288 | Cells = 12058624   shard=5
2025-10-28T16:08:06.712545Z DEBUG prove_core:phase 2 prover:batch:opening: Byte            | Main Cols = 9     | Pre Cols = 11     | Perm Cols = 24    | Rows = 65536 | Cells = 2883584    shard=5
2025-10-28T16:08:06.712559Z DEBUG prove_core:phase 2 prover:batch:opening: Global          | Main Cols = 412   | Pre Cols = 0      | Perm Cols = 8     | Rows = 32768 | Cells = 13762560   shard=5
2025-10-28T16:08:06.712594Z DEBUG prove_core:phase 2 prover:batch:opening: MemoryLocal     | Main Cols = 56    | Pre Cols = 0      | Perm Cols = 36    | Rows = 4096  | Cells = 376832     shard=5
2025-10-28T16:08:06.712607Z DEBUG prove_core:phase 2 prover:batch:opening: Secp256k1AddAssign | Main Cols = 2305  | Pre Cols = 0      | Perm Cols = 2148  | Rows = 512   | Cells = 2279936    shard=5
2025-10-28T16:08:06.712622Z DEBUG prove_core:phase 2 prover:batch:opening: SyscallPrecompile | Main Cols = 6     | Pre Cols = 0      | Perm Cols = 8     | Rows = 512   | Cells = 7168       shard=5
2025-10-28T16:08:06.741531Z DEBUG prove_core:phase 2 prover:batch:opening:flatten permutation traces and collect domains: close time.busy=28.9ms time.idle=5.27µs shard=5
2025-10-28T16:08:07.458283Z DEBUG prove_core:phase 2 prover:batch:opening:commit to permutation traces: close time.busy=717ms time.idle=4.85µs shard=5
2025-10-28T16:08:08.023348Z DEBUG prove_core:phase 2 prover:batch:opening:compute quotient values:compute quotient values for domain: close time.busy=565ms time.idle=6.85µs shard=5
2025-10-28T16:08:08.024575Z DEBUG prove_core:phase 2 prover:batch:opening:compute quotient values:compute quotient values for domain: close time.busy=566ms time.idle=3.93µs shard=5
2025-10-28T16:08:08.024667Z DEBUG prove_core:phase 2 prover:batch:opening:compute quotient values:compute quotient values for domain: close time.busy=566ms time.idle=4.32µs shard=5
2025-10-28T16:08:08.024803Z DEBUG prove_core:phase 2 prover:batch:opening:compute quotient values:compute quotient values for domain: close time.busy=566ms time.idle=3.66µs shard=5
2025-10-28T16:08:08.043768Z DEBUG prove_core:phase 2 prover:batch:opening:compute quotient values:compute quotient values for domain: close time.busy=585ms time.idle=5.49µs shard=5
2025-10-28T16:08:08.737900Z DEBUG prove_core:phase 2 prover:batch:opening:compute quotient values:compute quotient values for domain: close time.busy=1.28s time.idle=6.52µs shard=5
2025-10-28T16:08:09.433879Z DEBUG prove_core:phase 2 prover:batch:opening:commit to quotient traces: close time.busy=660ms time.idle=5.42µs shard=5
2025-10-28T16:08:09.433944Z DEBUG prove_core:phase 2 prover:batch:opening:compute preprocessed opening points: close time.busy=4.17µs time.idle=3.20µs shard=5
2025-10-28T16:08:09.433965Z DEBUG prove_core:phase 2 prover:batch:opening:compute main trace opening points: close time.busy=6.42µs time.idle=2.21µs shard=5
2025-10-28T16:08:09.433985Z DEBUG prove_core:phase 2 prover:batch:opening:compute permutation trace opening points: close time.busy=5.24µs time.idle=2.07µs shard=5
2025-10-28T16:08:11.907020Z DEBUG prove_core:phase 2 prover:batch:opening:open multi batches: close time.busy=2.47s time.idle=4.19µs shard=5
2025-10-28T16:08:11.907128Z DEBUG prove_core:phase 2 prover:batch:opening:compute quotient values: close time.busy=1.28s time.idle=3.17s shard=5
2025-10-28T16:08:11.935505Z DEBUG prove_core:phase 2 prover:batch:opening: close time.busy=5.54s time.idle=5.95µs shard=5
2025-10-28T16:08:11.935565Z DEBUG prove_core:phase 2 prover:batch: proving shard 5 took 7126083174 ns. shape: Some([(Secp256k1AddAssign, 9), (SyscallPrecompile, 9), (MemoryLocal, 12), (Global, 15), (Byte, 16), (Program, 19)])
2025-10-28T16:08:11.935650Z DEBUG prove_core:phase 2 prover:batch: close time.busy=7.13s time.idle=15.5µs
2025-10-28T16:08:14.511465Z DEBUG prove_core:phase 2 prover:batch:commit: close time.busy=2.58s time.idle=4.22µs shard=6
2025-10-28T16:08:14.689546Z DEBUG prove_core:phase 2 prover:batch:opening:generate permutation traces: close time.busy=178ms time.idle=4.29µs shard=6
2025-10-28T16:08:14.689616Z DEBUG prove_core:phase 2 prover:batch:opening: Program         | Main Cols = 1     | Pre Cols = 14     | Perm Cols = 8     | Rows = 524288 | Cells = 12058624   shard=6
2025-10-28T16:08:14.689703Z DEBUG prove_core:phase 2 prover:batch:opening: Byte            | Main Cols = 9     | Pre Cols = 11     | Perm Cols = 24    | Rows = 65536 | Cells = 2883584    shard=6
2025-10-28T16:08:14.689717Z DEBUG prove_core:phase 2 prover:batch:opening: Global          | Main Cols = 412   | Pre Cols = 0      | Perm Cols = 8     | Rows = 65536 | Cells = 27525120   shard=6
2025-10-28T16:08:14.689730Z DEBUG prove_core:phase 2 prover:batch:opening: MemoryLocal     | Main Cols = 56    | Pre Cols = 0      | Perm Cols = 36    | Rows = 4096  | Cells = 376832     shard=6
2025-10-28T16:08:14.689743Z DEBUG prove_core:phase 2 prover:batch:opening: Secp256k1DoubleAssign | Main Cols = 2348  | Pre Cols = 0      | Perm Cols = 2208  | Rows = 1024  | Cells = 4665344    shard=6
2025-10-28T16:08:14.689760Z DEBUG prove_core:phase 2 prover:batch:opening: SyscallPrecompile | Main Cols = 6     | Pre Cols = 0      | Perm Cols = 8     | Rows = 1024  | Cells = 14336      shard=6
2025-10-28T16:08:14.745539Z DEBUG prove_core:phase 2 prover:batch:opening:flatten permutation traces and collect domains: close time.busy=55.8ms time.idle=6.43µs shard=6
2025-10-28T16:08:15.645246Z DEBUG prove_core:phase 2 prover:batch:opening:commit to permutation traces: close time.busy=900ms time.idle=6.55µs shard=6
2025-10-28T16:08:15.648388Z DEBUG prove_core:phase 2 prover:batch:opening:compute quotient values:compute quotient values for domain: close time.busy=2.83ms time.idle=3.90µs shard=6
2025-10-28T16:08:15.676217Z DEBUG prove_core:phase 2 prover:batch:opening:compute quotient values:compute quotient values for domain: close time.busy=30.8ms time.idle=4.97µs shard=6
2025-10-28T16:08:16.232178Z DEBUG prove_core:phase 2 prover:batch:opening:compute quotient values:compute quotient values for domain: close time.busy=587ms time.idle=4.43µs shard=6
2025-10-28T16:08:16.234799Z DEBUG prove_core:phase 2 prover:batch:opening:compute quotient values:compute quotient values for domain: close time.busy=589ms time.idle=5.08µs shard=6
2025-10-28T16:08:16.861823Z DEBUG prove_core:phase 2 prover:batch:opening:compute quotient values:compute quotient values for domain: close time.busy=1.22s time.idle=5.13µs shard=6
2025-10-28T16:08:16.875714Z DEBUG prove_core:phase 2 prover:batch:opening:compute quotient values:compute quotient values for domain: close time.busy=1.23s time.idle=6.11µs shard=6
2025-10-28T16:08:17.533127Z DEBUG prove_core:phase 2 prover:batch:opening:commit to quotient traces: close time.busy=636ms time.idle=5.71µs shard=6
2025-10-28T16:08:17.533187Z DEBUG prove_core:phase 2 prover:batch:opening:compute preprocessed opening points: close time.busy=4.46µs time.idle=3.37µs shard=6
2025-10-28T16:08:17.533222Z DEBUG prove_core:phase 2 prover:batch:opening:compute main trace opening points: close time.busy=8.28µs time.idle=4.45µs shard=6
2025-10-28T16:08:17.533255Z DEBUG prove_core:phase 2 prover:batch:opening:compute permutation trace opening points: close time.busy=5.35µs time.idle=3.70µs shard=6
2025-10-28T16:08:20.029099Z DEBUG prove_core:phase 2 prover:batch:opening:open multi batches: close time.busy=2.50s time.idle=4.38µs shard=6
2025-10-28T16:08:20.029197Z DEBUG prove_core:phase 2 prover:batch:opening:compute quotient values: close time.busy=1.23s time.idle=3.15s shard=6
2025-10-28T16:08:20.089538Z DEBUG prove_core:phase 2 prover:batch:opening: close time.busy=5.58s time.idle=5.11µs shard=6
2025-10-28T16:08:20.089608Z DEBUG prove_core:phase 2 prover:batch: proving shard 6 took 8153909216 ns. shape: Some([(SyscallPrecompile, 10), (Secp256k1DoubleAssign, 10), (MemoryLocal, 12), (Global, 16), (Byte, 16), (Program, 19)])
2025-10-28T16:08:20.089699Z DEBUG prove_core:phase 2 prover:batch: close time.busy=8.15s time.idle=15.6µs
2025-10-28T16:08:20.090488Z DEBUG prove_core:phase 2 trace generation: close time.busy=476s time.idle=13.3µs
2025-10-28T16:08:33.350245Z DEBUG prove_core:phase 2 prover:batch:commit: close time.busy=13.3s time.idle=3.78µs shard=7
2025-10-28T16:08:34.256361Z DEBUG prove_core:phase 2 prover:batch:opening:generate permutation traces: close time.busy=906ms time.idle=4.89µs shard=7
2025-10-28T16:08:34.257014Z DEBUG prove_core:phase 2 prover:batch:opening: Program         | Main Cols = 1     | Pre Cols = 14     | Perm Cols = 8     | Rows = 524288 | Cells = 12058624   shard=7
2025-10-28T16:08:34.257704Z DEBUG prove_core:phase 2 prover:batch:opening: Global          | Main Cols = 412   | Pre Cols = 0      | Perm Cols = 8     | Rows = 131072 | Cells = 55050240   shard=7
2025-10-28T16:08:34.257724Z DEBUG prove_core:phase 2 prover:batch:opening: Byte            | Main Cols = 9     | Pre Cols = 11     | Perm Cols = 24    | Rows = 65536 | Cells = 2883584    shard=7
2025-10-28T16:08:34.257735Z DEBUG prove_core:phase 2 prover:batch:opening: KeccakPermute   | Main Cols = 3289  | Pre Cols = 0      | Perm Cols = 608   | Rows = 32768 | Cells = 127696896  shard=7
2025-10-28T16:08:34.257745Z DEBUG prove_core:phase 2 prover:batch:opening: MemoryLocal     | Main Cols = 56    | Pre Cols = 0      | Perm Cols = 36    | Rows = 16384 | Cells = 1507328    shard=7
2025-10-28T16:08:34.257758Z DEBUG prove_core:phase 2 prover:batch:opening: SyscallPrecompile | Main Cols = 6     | Pre Cols = 0      | Perm Cols = 8     | Rows = 2048  | Cells = 28672      shard=7
2025-10-28T16:08:34.617624Z DEBUG prove_core:phase 2 prover:batch:opening:flatten permutation traces and collect domains: close time.busy=360ms time.idle=4.64µs shard=7
2025-10-28T16:08:36.821747Z DEBUG prove_core:phase 2 prover:batch:opening:commit to permutation traces: close time.busy=2.20s time.idle=5.58µs shard=7
2025-10-28T16:08:36.946713Z DEBUG prove_core:phase 2 prover:batch:opening:compute quotient values:compute quotient values for domain: close time.busy=125ms time.idle=5.70µs shard=7
2025-10-28T16:08:37.100966Z DEBUG prove_core:phase 2 prover:batch:opening:compute quotient values:compute quotient values for domain: close time.busy=279ms time.idle=4.21µs shard=7
2025-10-28T16:08:37.104580Z DEBUG prove_core:phase 2 prover:batch:opening:compute quotient values:compute quotient values for domain: close time.busy=283ms time.idle=4.89µs shard=7
2025-10-28T16:08:37.768321Z DEBUG prove_core:phase 2 prover:batch:opening:compute quotient values:compute quotient values for domain: close time.busy=946ms time.idle=6.73µs shard=7
2025-10-28T16:08:38.336518Z DEBUG prove_core:phase 2 prover:batch:opening:compute quotient values:compute quotient values for domain: close time.busy=1.51s time.idle=6.32µs shard=7
2025-10-28T16:08:42.771942Z DEBUG prove_core:phase 2 prover:batch:opening:compute quotient values:compute quotient values for domain: close time.busy=5.95s time.idle=6.78µs shard=7
2025-10-28T16:08:43.607563Z DEBUG prove_core:phase 2 prover:batch:opening:commit to quotient traces: close time.busy=782ms time.idle=6.39µs shard=7
2025-10-28T16:08:43.607653Z DEBUG prove_core:phase 2 prover:batch:opening:compute preprocessed opening points: close time.busy=10.7µs time.idle=3.97µs shard=7
2025-10-28T16:08:43.607707Z DEBUG prove_core:phase 2 prover:batch:opening:compute main trace opening points: close time.busy=37.6µs time.idle=2.35µs shard=7
2025-10-28T16:08:43.607729Z DEBUG prove_core:phase 2 prover:batch:opening:compute permutation trace opening points: close time.busy=3.40µs time.idle=2.21µs shard=7
2025-10-28T16:08:47.155010Z DEBUG prove_core:phase 2 prover:batch:opening:open multi batches: close time.busy=3.55s time.idle=4.24µs shard=7
2025-10-28T16:08:47.155146Z DEBUG prove_core:phase 2 prover:batch:opening:compute quotient values: close time.busy=5.95s time.idle=4.38s shard=7
2025-10-28T16:08:47.549159Z DEBUG prove_core:phase 2 prover:batch:opening: close time.busy=14.2s time.idle=10.7µs shard=7
2025-10-28T16:08:47.549232Z DEBUG prove_core:phase 2 prover:batch: proving shard 7 took 27459475221 ns. shape: Some([(SyscallPrecompile, 11), (MemoryLocal, 14), (KeccakPermute, 15), (Byte, 16), (Global, 17), (Program, 19)])
2025-10-28T16:08:47.549385Z DEBUG prove_core:phase 2 prover:batch: close time.busy=27.5s time.idle=18.4µs
2025-10-28T16:08:54.981951Z DEBUG prove_core:phase 2 prover:batch:commit: close time.busy=7.43s time.idle=8.00µs shard=8
2025-10-28T16:08:55.176140Z DEBUG prove_core:phase 2 prover:batch:opening:generate permutation traces: close time.busy=194ms time.idle=157µs shard=8
2025-10-28T16:08:55.176208Z DEBUG prove_core:phase 2 prover:batch:opening: Program         | Main Cols = 1     | Pre Cols = 14     | Perm Cols = 8     | Rows = 524288 | Cells = 12058624   shard=8
2025-10-28T16:08:55.176224Z DEBUG prove_core:phase 2 prover:batch:opening: MemoryGlobalFinalize | Main Cols = 108   | Pre Cols = 0      | Perm Cols = 8     | Rows = 262144 | Cells = 30408704   shard=8
2025-10-28T16:08:55.176233Z DEBUG prove_core:phase 2 prover:batch:opening: Global          | Main Cols = 412   | Pre Cols = 0      | Perm Cols = 8     | Rows = 131072 | Cells = 55050240   shard=8
2025-10-28T16:08:55.176243Z DEBUG prove_core:phase 2 prover:batch:opening: Byte            | Main Cols = 9     | Pre Cols = 11     | Perm Cols = 24    | Rows = 65536 | Cells = 2883584    shard=8
2025-10-28T16:08:55.176252Z DEBUG prove_core:phase 2 prover:batch:opening: MemoryGlobalInit | Main Cols = 108   | Pre Cols = 0      | Perm Cols = 8     | Rows = 65536 | Cells = 7602176    shard=8
2025-10-28T16:08:55.218684Z DEBUG prove_core:phase 2 prover:batch:opening:flatten permutation traces and collect domains: close time.busy=42.4ms time.idle=4.74µs shard=8
2025-10-28T16:08:56.196884Z DEBUG prove_core:phase 2 prover:batch:opening:commit to permutation traces: close time.busy=978ms time.idle=5.18µs shard=8
2025-10-28T16:08:56.768136Z DEBUG prove_core:phase 2 prover:batch:opening:compute quotient values:compute quotient values for domain: close time.busy=571ms time.idle=5.63µs shard=8
2025-10-28T16:08:56.785535Z DEBUG prove_core:phase 2 prover:batch:opening:compute quotient values:compute quotient values for domain: close time.busy=588ms time.idle=6.02µs shard=8
2025-10-28T16:08:58.362934Z DEBUG prove_core:phase 2 prover:batch:opening:compute quotient values:compute quotient values for domain: close time.busy=2.17s time.idle=8.83µs shard=8
2025-10-28T16:08:58.446854Z DEBUG prove_core:phase 2 prover:batch:opening:compute quotient values:compute quotient values for domain: close time.busy=2.25s time.idle=5.06µs shard=8
2025-10-28T16:08:58.457926Z DEBUG prove_core:phase 2 prover:batch:opening:compute quotient values:compute quotient values for domain: close time.busy=2.26s time.idle=4.56µs shard=8
2025-10-28T16:08:59.374082Z DEBUG prove_core:phase 2 prover:batch:opening:commit to quotient traces: close time.busy=861ms time.idle=5.09µs shard=8
2025-10-28T16:08:59.374167Z DEBUG prove_core:phase 2 prover:batch:opening:compute preprocessed opening points: close time.busy=22.9µs time.idle=3.38µs shard=8
2025-10-28T16:08:59.374191Z DEBUG prove_core:phase 2 prover:batch:opening:compute main trace opening points: close time.busy=6.77µs time.idle=2.39µs shard=8
2025-10-28T16:08:59.374207Z DEBUG prove_core:phase 2 prover:batch:opening:compute permutation trace opening points: close time.busy=3.26µs time.idle=2.24µs shard=8
2025-10-28T16:09:03.014186Z DEBUG prove_core:phase 2 prover:batch:opening:open multi batches: close time.busy=3.64s time.idle=7.47µs shard=8
2025-10-28T16:09:03.014373Z DEBUG prove_core:phase 2 prover:batch:opening:compute quotient values: close time.busy=2.26s time.idle=4.56s shard=8
2025-10-28T16:09:03.188378Z DEBUG prove_core:phase 2 prover:batch:opening: close time.busy=8.21s time.idle=7.09µs shard=8
2025-10-28T16:09:03.188619Z DEBUG prove_core:phase 2 prover:batch: proving shard 8 took 15639195308 ns. shape: Some([(Byte, 16), (MemoryGlobalInit, 16), (Global, 17), (MemoryGlobalFinalize, 18), (Program, 19)])
2025-10-28T16:09:03.188765Z DEBUG prove_core:phase 2 prover:batch: close time.busy=15.6s time.idle=11.8µs
2025-10-28T16:09:03.188785Z DEBUG prove_core:phase 2 prover: close time.busy=519s time.idle=26.3µs
2025-10-28T16:09:03.189451Z DEBUG prove_core: execution report (totals): total_cycles=4431336, total_syscall_cycles=3726, touched_memory_addresses=91649
2025-10-28T16:09:03.189503Z DEBUG prove_core: execution report (opcode counts):
2025-10-28T16:09:03.189537Z DEBUG prove_core:   1114569 add
2025-10-28T16:09:03.189548Z DEBUG prove_core:    717410 sw
2025-10-28T16:09:03.189556Z DEBUG prove_core:    588939 lw
2025-10-28T16:09:03.189563Z DEBUG prove_core:    488306 lbu
2025-10-28T16:09:03.189571Z DEBUG prove_core:    348232 sb
2025-10-28T16:09:03.189579Z DEBUG prove_core:    190014 bne
2025-10-28T16:09:03.189586Z DEBUG prove_core:    181446 beq
2025-10-28T16:09:03.189594Z DEBUG prove_core:    149693 xor
2025-10-28T16:09:03.189602Z DEBUG prove_core:    140309 bltu
2025-10-28T16:09:03.189610Z DEBUG prove_core:    101262 jalr
2025-10-28T16:09:03.189617Z DEBUG prove_core:     77601 or
2025-10-28T16:09:03.189625Z DEBUG prove_core:     67636 sll
2025-10-28T16:09:03.189633Z DEBUG prove_core:     66482 and
2025-10-28T16:09:03.189640Z DEBUG prove_core:     50640 auipc
2025-10-28T16:09:03.189648Z DEBUG prove_core:     43716 srl
2025-10-28T16:09:03.189655Z DEBUG prove_core:     35097 lb
2025-10-28T16:09:03.189663Z DEBUG prove_core:     20907 sltu
2025-10-28T16:09:03.189671Z DEBUG prove_core:     19434 sub
2025-10-28T16:09:03.189678Z DEBUG prove_core:      8545 jal
2025-10-28T16:09:03.189686Z DEBUG prove_core:      7375 bgeu
2025-10-28T16:09:03.189694Z DEBUG prove_core:      3870 sh
2025-10-28T16:09:03.189701Z DEBUG prove_core:      3860 mul
2025-10-28T16:09:03.189709Z DEBUG prove_core:      3726 ecall
2025-10-28T16:09:03.189716Z DEBUG prove_core:      1592 mulhu
2025-10-28T16:09:03.189724Z DEBUG prove_core:       364 lh
2025-10-28T16:09:03.189732Z DEBUG prove_core:       164 lhu
2025-10-28T16:09:03.189739Z DEBUG prove_core:       108 sra
2025-10-28T16:09:03.189747Z DEBUG prove_core:        33 bge
2025-10-28T16:09:03.189754Z DEBUG prove_core:         6 blt
2025-10-28T16:09:03.189763Z DEBUG prove_core:         0 slt
2025-10-28T16:09:03.189771Z DEBUG prove_core:         0 mulh
2025-10-28T16:09:03.189778Z DEBUG prove_core:         0 mulhsu
2025-10-28T16:09:03.189786Z DEBUG prove_core:         0 div
2025-10-28T16:09:03.189794Z DEBUG prove_core:         0 divu
2025-10-28T16:09:03.189802Z DEBUG prove_core:         0 rem
2025-10-28T16:09:03.189809Z DEBUG prove_core:         0 remu
2025-10-28T16:09:03.189817Z DEBUG prove_core:         0 ebreak
2025-10-28T16:09:03.189825Z DEBUG prove_core:         0 unimp
2025-10-28T16:09:03.189832Z DEBUG prove_core: execution report (syscall counts):
2025-10-28T16:09:03.189847Z DEBUG prove_core:   2190 keccak_permute
2025-10-28T16:09:03.189858Z DEBUG prove_core:   1024 secp256k1_double
2025-10-28T16:09:03.189866Z DEBUG prove_core:    474 secp256k1_add
2025-10-28T16:09:03.189873Z DEBUG prove_core:      8 commit
2025-10-28T16:09:03.189882Z DEBUG prove_core:      8 commit_deferred_proofs
2025-10-28T16:09:03.189890Z DEBUG prove_core:      8 hint_len
2025-10-28T16:09:03.189898Z DEBUG prove_core:      8 hint_read
2025-10-28T16:09:03.189906Z DEBUG prove_core:      4 enter_unconstrained
2025-10-28T16:09:03.189913Z DEBUG prove_core:      1 halt
2025-10-28T16:09:03.189921Z DEBUG prove_core:      1 write
2025-10-28T16:09:03.189929Z DEBUG prove_core:      0 exit_unconstrained
2025-10-28T16:09:03.189937Z DEBUG prove_core:      0 verify_sp1_proof
2025-10-28T16:09:03.189945Z DEBUG prove_core:      0 ed_decompress
2025-10-28T16:09:03.189953Z DEBUG prove_core:      0 secp256k1_decompress
2025-10-28T16:09:03.189960Z DEBUG prove_core:      0 bn254_double
2025-10-28T16:09:03.189968Z DEBUG prove_core:      0 bls12381_decompress
2025-10-28T16:09:03.189976Z DEBUG prove_core:      0 bls12381_double
2025-10-28T16:09:03.189984Z DEBUG prove_core:      0 secp256r1_double
2025-10-28T16:09:03.189991Z DEBUG prove_core:      0 secp256r1_decompress
2025-10-28T16:09:03.189999Z DEBUG prove_core:      0 sha_compress
2025-10-28T16:09:03.190006Z DEBUG prove_core:      0 ed_add
2025-10-28T16:09:03.190014Z DEBUG prove_core:      0 bn254_add
2025-10-28T16:09:03.190022Z DEBUG prove_core:      0 uint256_mul
2025-10-28T16:09:03.190030Z DEBUG prove_core:      0 bls12381_add
2025-10-28T16:09:03.190037Z DEBUG prove_core:      0 bls12381_fp_add
2025-10-28T16:09:03.190045Z DEBUG prove_core:      0 bls12381_fp_sub
2025-10-28T16:09:03.190052Z DEBUG prove_core:      0 bls12381_fp_mul
2025-10-28T16:09:03.190060Z DEBUG prove_core:      0 bls12381_fp2_add
2025-10-28T16:09:03.190068Z DEBUG prove_core:      0 bls12381_fp2_sub
2025-10-28T16:09:03.190076Z DEBUG prove_core:      0 bls12381_fp2_mul
2025-10-28T16:09:03.190083Z DEBUG prove_core:      0 bn254_fp_add
2025-10-28T16:09:03.190091Z DEBUG prove_core:      0 bn254_fp_sub
2025-10-28T16:09:03.190099Z DEBUG prove_core:      0 bn254_fp_mul
2025-10-28T16:09:03.190106Z DEBUG prove_core:      0 bn254_fp2_add
2025-10-28T16:09:03.190115Z DEBUG prove_core:      0 bn254_fp2_sub
2025-10-28T16:09:03.190122Z DEBUG prove_core:      0 bn254_fp2_mul
2025-10-28T16:09:03.190130Z DEBUG prove_core:      0 secp256r1_add
2025-10-28T16:09:03.190137Z DEBUG prove_core:      0 u256xu2048_mul
2025-10-28T16:09:03.190145Z DEBUG prove_core:      0 sha_extend
2025-10-28T16:09:03.190158Z DEBUG prove_core: summary: cycles=4431336, e2e=519.080350099s, khz=8.54
2025-10-28T16:09:03.202151Z  INFO prove_core: close time.busy=519s time.idle=13.8ms
2025-10-28T16:09:03.295367Z DEBUG compress:generate records and traces:get program and witness stream: close time.busy=4.17ms time.idle=5.19µs
2025-10-28T16:09:03.582172Z DEBUG compress:generate records and traces:execute runtime: close time.busy=287ms time.idle=5.42µs
2025-10-28T16:09:03.582263Z DEBUG compress:generate records and traces:generate dependencies:register nonces: close time.busy=1.19µs time.idle=2.72µs
2025-10-28T16:09:03.582278Z DEBUG compress:generate records and traces:generate dependencies: close time.busy=26.3µs time.idle=3.93µs
2025-10-28T16:09:03.582594Z DEBUG fixed log2 rows can be potentially reduced: got 253600, expected 524288
2025-10-28T16:09:03.582657Z DEBUG compress:generate records and traces:generate traces:generate traces for shard: generated trace for chip PublicValues in 6.921µs
2025-10-28T16:09:03.582737Z DEBUG compress:generate records and traces:generate traces:generate traces for shard: generated trace for chip MemoryConst in 318.659µs
2025-10-28T16:09:03.583838Z DEBUG compress:generate records and traces:generate traces:generate traces for shard: generated trace for chip BaseAlu in 1.143432ms
2025-10-28T16:09:03.584836Z DEBUG fixed log2 rows can be potentially reduced: got 219146, expected 524288
2025-10-28T16:09:03.585971Z DEBUG compress:generate records and traces:generate traces:generate traces for shard: generated trace for chip ExtAlu in 3.274047ms
2025-10-28T16:09:03.590707Z DEBUG generate exp reverse bits len trace: fixed log2 rows can be potentially reduced: got 130300, expected 262144 rows=7100
2025-10-28T16:09:03.599373Z DEBUG compress:generate records and traces:generate traces:generate traces for shard: generated trace for chip Select in 16.7835ms
2025-10-28T16:09:03.602849Z DEBUG compress:generate records and traces:generate traces:generate traces for shard: generated trace for chip MemoryVar in 20.300621ms
2025-10-28T16:09:03.623352Z DEBUG generate batch fri trace: fixed log2 rows can be potentially reduced: got 248400, expected 524288 rows=248400
2025-10-28T16:09:03.627067Z DEBUG generate exp reverse bits len trace: close time.busy=44.4ms time.idle=5.33µs rows=7100
2025-10-28T16:09:03.627114Z DEBUG compress:generate records and traces:generate traces:generate traces for shard: generated trace for chip ExpReverseBitsLen in 44.495759ms
2025-10-28T16:09:03.715927Z DEBUG generate batch fri trace: close time.busy=133ms time.idle=5.67µs rows=248400
2025-10-28T16:09:03.715982Z DEBUG compress:generate records and traces:generate traces:generate traces for shard: generated trace for chip BatchFRI in 133.306164ms
2025-10-28T16:09:03.807041Z DEBUG generate poseidon2 wide trace: close time.busy=225ms time.idle=5.42µs rows=56071
2025-10-28T16:09:03.807096Z DEBUG compress:generate records and traces:generate traces:generate traces for shard: generated trace for chip Poseidon2WideDeg3 in 224.589112ms
2025-10-28T16:09:03.807157Z DEBUG compress:generate records and traces:generate traces:generate traces for shard: close time.busy=225ms time.idle=3.35µs
2025-10-28T16:09:03.807183Z DEBUG compress:generate records and traces:generate traces: close time.busy=225ms time.idle=3.23µs
2025-10-28T16:09:03.813918Z DEBUG compress:generate records and traces:get program and witness stream: close time.busy=6.69ms time.idle=5.99µs
2025-10-28T16:09:03.818529Z DEBUG compress:prove:batch:Setup compress program:setup machine:generate preprocessed traces: generated preprocessed trace for chip PublicValues in 10.372213ms
2025-10-28T16:09:03.822203Z DEBUG compress:prove:batch:Setup compress program:setup machine:generate preprocessed traces: generated preprocessed trace for chip ExtAlu in 14.148731ms
2025-10-28T16:09:03.822248Z DEBUG compress:prove:batch:Setup compress program:setup machine:generate preprocessed traces: generated preprocessed trace for chip BaseAlu in 14.245901ms
2025-10-28T16:09:03.824772Z DEBUG fixed log2 rows can be potentially reduced: got 130300, expected 262144
2025-10-28T16:09:03.826895Z DEBUG compress:prove:batch:Setup compress program:setup machine:generate preprocessed traces: generated preprocessed trace for chip Select in 18.742715ms
2025-10-28T16:09:03.827139Z DEBUG compress:prove:batch:Setup compress program:setup machine:generate preprocessed traces: generated preprocessed trace for chip Poseidon2WideDeg3 in 19.155608ms
2025-10-28T16:09:03.828170Z DEBUG fixed log2 rows can be potentially reduced: got 248400, expected 524288
2025-10-28T16:09:03.828998Z DEBUG compress:prove:batch:Setup compress program:setup machine:generate preprocessed traces: generated preprocessed trace for chip MemoryConst in 21.057057ms
2025-10-28T16:09:03.829617Z DEBUG compress:prove:batch:Setup compress program:setup machine:generate preprocessed traces: generated preprocessed trace for chip ExpReverseBitsLen in 21.46587ms
2025-10-28T16:09:03.854614Z DEBUG compress:prove:batch:Setup compress program:setup machine:generate preprocessed traces: generated preprocessed trace for chip MemoryVar in 46.457561ms
2025-10-28T16:09:03.869454Z DEBUG compress:prove:batch:Setup compress program:setup machine:generate preprocessed traces: generated preprocessed trace for chip BatchFRI in 61.431153ms
2025-10-28T16:09:03.971921Z DEBUG compress:generate records and traces:execute runtime: close time.busy=158ms time.idle=7.48µs
2025-10-28T16:09:03.972033Z DEBUG compress:generate records and traces:generate dependencies:register nonces: close time.busy=1.44µs time.idle=3.99µs
2025-10-28T16:09:03.972053Z DEBUG compress:generate records and traces:generate dependencies: close time.busy=35.5µs time.idle=4.53µs
2025-10-28T16:09:03.972785Z DEBUG fixed log2 rows can be potentially reduced: got 253600, expected 524288
2025-10-28T16:09:03.972795Z DEBUG compress:generate records and traces:generate traces:generate traces for shard: generated trace for chip PublicValues in 9.996µs
2025-10-28T16:09:03.972856Z DEBUG compress:generate records and traces:generate traces:generate traces for shard: generated trace for chip MemoryConst in 364.837µs
2025-10-28T16:09:03.974049Z DEBUG compress:generate records and traces:generate traces:generate traces for shard: generated trace for chip BaseAlu in 1.448039ms
2025-10-28T16:09:03.977011Z DEBUG generate batch fri trace: fixed log2 rows can be potentially reduced: got 248400, expected 524288 rows=248400
2025-10-28T16:09:03.988272Z DEBUG compress:generate records and traces:generate traces:generate traces for shard: generated trace for chip Select in 15.48682ms
2025-10-28T16:09:04.002779Z DEBUG compress:generate records and traces:generate traces:generate traces for shard: generated trace for chip ExtAlu in 30.143961ms
2025-10-28T16:09:04.007015Z DEBUG fixed log2 rows can be potentially reduced: got 219146, expected 524288
2025-10-28T16:09:04.018295Z DEBUG generate exp reverse bits len trace: close time.busy=45.5ms time.idle=6.56µs rows=7100
2025-10-28T16:09:04.018369Z DEBUG compress:generate records and traces:generate traces:generate traces for shard: generated trace for chip ExpReverseBitsLen in 45.586919ms
2025-10-28T16:09:04.126821Z DEBUG compress:generate records and traces:generate traces:generate traces for shard: generated trace for chip MemoryVar in 154.068768ms
2025-10-28T16:09:04.129046Z DEBUG generate batch fri trace: close time.busy=156ms time.idle=6.42µs rows=248400
2025-10-28T16:09:04.129094Z DEBUG compress:generate records and traces:generate traces:generate traces for shard: generated trace for chip BatchFRI in 156.373367ms
2025-10-28T16:09:04.291571Z DEBUG generate poseidon2 wide trace: close time.busy=319ms time.idle=6.27µs rows=55971
2025-10-28T16:09:04.291622Z DEBUG compress:generate records and traces:generate traces:generate traces for shard: generated trace for chip Poseidon2WideDeg3 in 319.068168ms
2025-10-28T16:09:04.291684Z DEBUG compress:generate records and traces:generate traces:generate traces for shard: close time.busy=320ms time.idle=3.78µs
2025-10-28T16:09:04.291709Z DEBUG compress:generate records and traces:generate traces: close time.busy=320ms time.idle=3.99µs
2025-10-28T16:09:04.302864Z DEBUG compress:prove:batch:Setup compress program:setup machine:generate preprocessed traces: generated preprocessed trace for chip PublicValues in 10.864438ms
2025-10-28T16:09:04.307041Z DEBUG compress:generate records and traces:get program and witness stream: close time.busy=15.3ms time.idle=6.48µs
2025-10-28T16:09:04.309489Z DEBUG compress:prove:batch:Setup compress program:setup machine:generate preprocessed traces: generated preprocessed trace for chip BaseAlu in 17.59295ms
2025-10-28T16:09:04.310278Z DEBUG compress:prove:batch:Setup compress program:setup machine:generate preprocessed traces: generated preprocessed trace for chip Select in 18.288847ms
2025-10-28T16:09:04.315944Z DEBUG compress:prove:batch:Setup compress program:setup machine:generate preprocessed traces: generated preprocessed trace for chip MemoryConst in 24.072124ms
2025-10-28T16:09:04.322025Z DEBUG compress:prove:batch:Setup compress program:setup machine:generate preprocessed traces: generated preprocessed trace for chip MemoryVar in 30.063387ms
2025-10-28T16:09:04.329446Z DEBUG fixed log2 rows can be potentially reduced: got 248400, expected 524288
2025-10-28T16:09:04.330177Z DEBUG compress:prove:batch:Setup compress program:setup machine:generate preprocessed traces: generated preprocessed trace for chip ExtAlu in 38.234211ms
2025-10-28T16:09:04.337118Z DEBUG compress:prove:batch:Setup compress program:setup machine:generate preprocessed traces: generated preprocessed trace for chip ExpReverseBitsLen in 45.124186ms
2025-10-28T16:09:04.346130Z DEBUG compress:prove:batch:Setup compress program:setup machine:generate preprocessed traces: generated preprocessed trace for chip Poseidon2WideDeg3 in 54.200516ms
2025-10-28T16:09:04.358401Z DEBUG compress:prove:batch:Setup compress program:setup machine:generate preprocessed traces: generated preprocessed trace for chip BatchFRI in 66.384044ms
2025-10-28T16:09:04.805678Z DEBUG compress:generate records and traces:execute runtime: close time.busy=499ms time.idle=8.54µs
2025-10-28T16:09:04.805774Z DEBUG compress:generate records and traces:generate dependencies:register nonces: close time.busy=1.45µs time.idle=3.85µs
2025-10-28T16:09:04.805793Z DEBUG compress:generate records and traces:generate dependencies: close time.busy=34.4µs time.idle=4.96µs
2025-10-28T16:09:04.805946Z DEBUG fixed log2 rows can be potentially reduced: got 78580, expected 262144
2025-10-28T16:09:04.805979Z DEBUG fixed log2 rows can be potentially reduced: got 216000, expected 1048576
2025-10-28T16:09:04.805996Z DEBUG compress:generate records and traces:generate traces:generate traces for shard: generated trace for chip PublicValues in 15.142µs
2025-10-28T16:09:04.806351Z DEBUG compress:generate records and traces:generate traces:generate traces for shard: generated trace for chip MemoryConst in 463.517µs
2025-10-28T16:09:04.808911Z DEBUG compress:generate records and traces:generate traces:generate traces for shard: generated trace for chip BaseAlu in 2.955303ms
2025-10-28T16:09:04.810462Z DEBUG generate exp reverse bits len trace: fixed log2 rows can be potentially reduced: got 45700, expected 262144 rows=2700
2025-10-28T16:09:04.811043Z DEBUG fixed log2 rows can be potentially reduced: got 367913, expected 1048576
2025-10-28T16:09:04.841590Z DEBUG compress:generate records and traces:generate traces:generate traces for shard: generated trace for chip Select in 35.609318ms
2025-10-28T16:09:04.841984Z DEBUG generate exp reverse bits len trace: close time.busy=36.0ms time.idle=7.03µs rows=2700
2025-10-28T16:09:04.842016Z DEBUG compress:generate records and traces:generate traces:generate traces for shard: generated trace for chip ExpReverseBitsLen in 36.037884ms
2025-10-28T16:09:04.888328Z DEBUG generate batch fri trace: fixed log2 rows can be potentially reduced: got 902800, expected 2097152 rows=902800
2025-10-28T16:09:04.916411Z DEBUG compress:generate records and traces:generate traces:generate traces for shard: generated trace for chip MemoryVar in 110.445963ms
2025-10-28T16:09:04.946404Z DEBUG compress:generate records and traces:generate traces:generate traces for shard: generated trace for chip ExtAlu in 140.457691ms
2025-10-28T16:09:05.131023Z DEBUG generate batch fri trace: close time.busy=325ms time.idle=6.40µs rows=902800
2025-10-28T16:09:05.131081Z DEBUG compress:generate records and traces:generate traces:generate traces for shard: generated trace for chip BatchFRI in 325.10154ms
2025-10-28T16:09:05.317383Z DEBUG generate poseidon2 wide trace: close time.busy=511ms time.idle=6.36µs rows=92016
2025-10-28T16:09:05.317471Z DEBUG compress:generate records and traces:generate traces:generate traces for shard: generated trace for chip Poseidon2WideDeg3 in 511.49417ms
2025-10-28T16:09:05.317585Z DEBUG compress:generate records and traces:generate traces:generate traces for shard: close time.busy=512ms time.idle=4.46µs
2025-10-28T16:09:05.317624Z DEBUG compress:generate records and traces:generate traces: close time.busy=512ms time.idle=5.46µs
2025-10-28T16:09:05.327615Z DEBUG compress:generate records and traces:get program and witness stream: core cache miss, misses: 3
2025-10-28T16:09:05.453563Z DEBUG compress:generate records and traces:get program and witness stream:build recursion program:read input: close time.busy=126ms time.idle=4.74µs
2025-10-28T16:09:05.454321Z DEBUG compress:generate records and traces:get program and witness stream:build recursion program:verify:verify shard:assert lookup multiplicities: close time.busy=37.6µs time.idle=3.62µs
2025-10-28T16:09:05.557967Z DEBUG compress:generate records and traces:get program and witness stream:build recursion program:verify:verify shard:2adic pcs:verify shape and challenges: close time.busy=68.1ms time.idle=7.18µs
2025-10-28T16:09:05.735055Z DEBUG compress:generate records and traces:get program and witness stream:build recursion program:verify:verify shard:2adic pcs:verify challenges: close time.busy=98.8ms time.idle=6.89µs
2025-10-28T16:09:05.735147Z DEBUG compress:generate records and traces:get program and witness stream:build recursion program:verify:verify shard:2adic pcs: close time.busy=278ms time.idle=3.50µs
2025-10-28T16:09:05.739755Z DEBUG compress:generate records and traces:get program and witness stream:build recursion program:verify:verify shard:verify constraints: close time.busy=4.59ms time.idle=3.89µs
2025-10-28T16:09:05.739791Z DEBUG compress:generate records and traces:get program and witness stream:build recursion program:verify:verify shard: close time.busy=286ms time.idle=6.32µs
2025-10-28T16:09:05.762919Z DEBUG compress:generate records and traces:get program and witness stream:build recursion program:verify: close time.busy=309ms time.idle=6.15µs
2025-10-28T16:09:05.762971Z DEBUG compress:generate records and traces:get program and witness stream:build recursion program:build block: close time.busy=2.89µs time.idle=4.11µs
2025-10-28T16:09:05.762989Z DEBUG compress:generate records and traces:get program and witness stream:build recursion program: close time.busy=435ms time.idle=5.99µs
2025-10-28T16:09:06.180807Z DEBUG compress:generate records and traces:get program and witness stream:compile recursion program:compile raw program: close time.busy=418ms time.idle=5.39µs
2025-10-28T16:09:06.203283Z DEBUG compress:generate records and traces:get program and witness stream:compile recursion program:backfill mult: close time.busy=22.4ms time.idle=5.83µs
2025-10-28T16:09:06.203387Z DEBUG compress:generate records and traces:get program and witness stream:compile recursion program:prepend constants: close time.busy=38.3µs time.idle=3.05µs
2025-10-28T16:09:06.213772Z DEBUG compress:generate records and traces:get program and witness stream:compile recursion program: close time.busy=451ms time.idle=4.61µs
2025-10-28T16:09:06.214503Z DEBUG compress:generate records and traces:get program and witness stream: close time.busy=897ms time.idle=5.90µs
2025-10-28T16:09:07.029987Z DEBUG compress:generate records and traces:execute runtime: close time.busy=815ms time.idle=5.83µs
2025-10-28T16:09:07.030066Z DEBUG compress:generate records and traces:generate dependencies:register nonces: close time.busy=1.10µs time.idle=2.87µs
2025-10-28T16:09:07.030081Z DEBUG compress:generate records and traces:generate dependencies: close time.busy=27.5µs time.idle=3.73µs
2025-10-28T16:09:07.194898Z DEBUG fixed log2 rows can be potentially reduced: got 216000, expected 524288
2025-10-28T16:09:07.194907Z DEBUG compress:generate records and traces:generate traces:generate traces for shard: generated trace for chip PublicValues in 10.561µs
2025-10-28T16:09:07.195032Z DEBUG compress:generate records and traces:generate traces:generate traces for shard: generated trace for chip MemoryConst in 140.757µs
2025-10-28T16:09:07.195733Z DEBUG compress:generate records and traces:generate traces:generate traces for shard: generated trace for chip BaseAlu in 840.55µs
2025-10-28T16:09:07.197704Z DEBUG fixed log2 rows can be potentially reduced: got 199438, expected 524288
2025-10-28T16:09:07.199280Z DEBUG compress:generate records and traces:generate traces:generate traces for shard: generated trace for chip Select in 4.385254ms
2025-10-28T16:09:07.201826Z DEBUG generate batch fri trace: fixed log2 rows can be potentially reduced: got 248400, expected 524288 rows=248400
2025-10-28T16:09:07.208013Z DEBUG generate exp reverse bits len trace: fixed log2 rows can be potentially reduced: got 118900, expected 262144 rows=7100
2025-10-28T16:09:07.224067Z DEBUG compress:generate records and traces:generate traces:generate traces for shard: generated trace for chip MemoryVar in 29.170448ms
2025-10-28T16:09:07.245580Z DEBUG compress:generate records and traces:generate traces:generate traces for shard: generated trace for chip ExtAlu in 50.685976ms
2025-10-28T16:09:07.254361Z DEBUG generate exp reverse bits len trace: close time.busy=59.4ms time.idle=7.21µs rows=7100
2025-10-28T16:09:07.254450Z DEBUG compress:generate records and traces:generate traces:generate traces for shard: generated trace for chip ExpReverseBitsLen in 59.555924ms
2025-10-28T16:09:07.257397Z DEBUG generate batch fri trace: close time.busy=62.5ms time.idle=6.34µs rows=248400
2025-10-28T16:09:07.257460Z DEBUG compress:generate records and traces:generate traces:generate traces for shard: generated trace for chip BatchFRI in 62.564966ms
2025-10-28T16:09:07.480726Z DEBUG generate poseidon2 wide trace: close time.busy=286ms time.idle=6.85µs rows=51169
2025-10-28T16:09:07.480786Z DEBUG compress:generate records and traces:generate traces:generate traces for shard: generated trace for chip Poseidon2WideDeg3 in 285.893362ms
2025-10-28T16:09:07.480876Z DEBUG compress:generate records and traces:generate traces:generate traces for shard: close time.busy=451ms time.idle=3.07µs
2025-10-28T16:09:07.480900Z DEBUG compress:generate records and traces:generate traces: close time.busy=451ms time.idle=3.61µs
2025-10-28T16:09:07.534389Z DEBUG compress:prove:batch:Setup compress program:setup machine:commit to preprocessed traces: close time.busy=3.50s time.idle=7.05µs
2025-10-28T16:09:07.534480Z DEBUG compress:prove:batch:Setup compress program:setup machine:generate preprocessed traces: close time.busy=62.1ms time.idle=3.66s
2025-10-28T16:09:07.534494Z DEBUG compress:prove:batch:Setup compress program:setup machine: close time.busy=3.73s time.idle=2.38µs
2025-10-28T16:09:07.534506Z DEBUG compress:prove:batch:Setup compress program: close time.busy=3.73s time.idle=3.03µs
2025-10-28T16:09:07.534541Z DEBUG compress:prove:batch:observe proving key: close time.busy=11.0µs time.idle=4.05µs
2025-10-28T16:09:09.753500Z DEBUG compress:prove:batch:Setup compress program:setup machine:commit to preprocessed traces: close time.busy=5.30s time.idle=6.21µs
2025-10-28T16:09:09.753578Z DEBUG compress:prove:batch:Setup compress program:setup machine:generate preprocessed traces: close time.busy=67.0ms time.idle=5.39s
2025-10-28T16:09:09.753594Z DEBUG compress:prove:batch:Setup compress program:setup machine: close time.busy=5.46s time.idle=8.11µs
2025-10-28T16:09:09.753606Z DEBUG compress:prove:batch:Setup compress program: close time.busy=5.46s time.idle=2.91µs
2025-10-28T16:09:09.753636Z DEBUG compress:prove:batch:observe proving key: close time.busy=10.9µs time.idle=3.02µs
2025-10-28T16:09:14.859391Z DEBUG compress:prove:batch:commit: close time.busy=7.32s time.idle=3.81µs
2025-10-28T16:09:16.850093Z DEBUG compress:prove:batch:open:generate permutation traces: close time.busy=1.99s time.idle=4.71µs
2025-10-28T16:09:16.850183Z DEBUG compress:prove:batch:open: BatchFRI        | Main Cols = 13    | Pre Cols = 6      | Perm Cols = 12    | Rows = 524288 | Cells = 16252928  
2025-10-28T16:09:16.850204Z DEBUG compress:prove:batch:open: MemoryVar       | Main Cols = 8     | Pre Cols = 4      | Perm Cols = 8     | Rows = 524288 | Cells = 10485760  
2025-10-28T16:09:16.850216Z DEBUG compress:prove:batch:open: Select          | Main Cols = 5     | Pre Cols = 8      | Perm Cols = 16    | Rows = 524288 | Cells = 15204352  
2025-10-28T16:09:16.850227Z DEBUG compress:prove:batch:open: ExpReverseBitsLen | Main Cols = 7     | Pre Cols = 10     | Perm Cols = 12    | Rows = 262144 | Cells = 7602176   
2025-10-28T16:09:16.850242Z DEBUG compress:prove:batch:open: MemoryConst     | Main Cols = 1     | Pre Cols = 12     | Perm Cols = 8     | Rows = 131072 | Cells = 2752512   
2025-10-28T16:09:16.850254Z DEBUG compress:prove:batch:open: Poseidon2WideDeg3 | Main Cols = 313   | Pre Cols = 49     | Perm Cols = 68    | Rows = 131072 | Cells = 56360960  
2025-10-28T16:09:16.850266Z DEBUG compress:prove:batch:open: BaseAlu         | Main Cols = 12    | Pre Cols = 32     | Perm Cols = 28    | Rows = 65536 | Cells = 4718592   
2025-10-28T16:09:16.850279Z DEBUG compress:prove:batch:open: ExtAlu          | Main Cols = 48    | Pre Cols = 32     | Perm Cols = 28    | Rows = 65536 | Cells = 7077888   
2025-10-28T16:09:16.850292Z DEBUG compress:prove:batch:open: PublicValues    | Main Cols = 1     | Pre Cols = 10     | Perm Cols = 8     | Rows = 16    | Cells = 304       
2025-10-28T16:09:17.441234Z DEBUG compress:prove:batch:open:flatten permutation traces and collect domains: close time.busy=591ms time.idle=6.66µs
2025-10-28T16:09:19.311853Z DEBUG compress:prove:batch:commit: close time.busy=9.56s time.idle=3.54µs
2025-10-28T16:09:20.349922Z DEBUG compress:prove:batch:open:generate permutation traces: close time.busy=1.04s time.idle=11.9µs
2025-10-28T16:09:20.350009Z DEBUG compress:prove:batch:open: BatchFRI        | Main Cols = 13    | Pre Cols = 6      | Perm Cols = 12    | Rows = 524288 | Cells = 16252928  
2025-10-28T16:09:20.350028Z DEBUG compress:prove:batch:open: MemoryVar       | Main Cols = 8     | Pre Cols = 4      | Perm Cols = 8     | Rows = 524288 | Cells = 10485760  
2025-10-28T16:09:20.350038Z DEBUG compress:prove:batch:open: Select          | Main Cols = 5     | Pre Cols = 8      | Perm Cols = 16    | Rows = 524288 | Cells = 15204352  
2025-10-28T16:09:20.350048Z DEBUG compress:prove:batch:open: ExpReverseBitsLen | Main Cols = 7     | Pre Cols = 10     | Perm Cols = 12    | Rows = 262144 | Cells = 7602176   
2025-10-28T16:09:20.350057Z DEBUG compress:prove:batch:open: MemoryConst     | Main Cols = 1     | Pre Cols = 12     | Perm Cols = 8     | Rows = 131072 | Cells = 2752512   
2025-10-28T16:09:20.350068Z DEBUG compress:prove:batch:open: Poseidon2WideDeg3 | Main Cols = 313   | Pre Cols = 49     | Perm Cols = 68    | Rows = 131072 | Cells = 56360960  
2025-10-28T16:09:20.350077Z DEBUG compress:prove:batch:open: BaseAlu         | Main Cols = 12    | Pre Cols = 32     | Perm Cols = 28    | Rows = 65536 | Cells = 4718592   
2025-10-28T16:09:20.350087Z DEBUG compress:prove:batch:open: ExtAlu          | Main Cols = 48    | Pre Cols = 32     | Perm Cols = 28    | Rows = 65536 | Cells = 7077888   
2025-10-28T16:09:20.350096Z DEBUG compress:prove:batch:open: PublicValues    | Main Cols = 1     | Pre Cols = 10     | Perm Cols = 8     | Rows = 16    | Cells = 304       
2025-10-28T16:09:20.955239Z DEBUG compress:prove:batch:open:flatten permutation traces and collect domains: close time.busy=605ms time.idle=4.68µs
2025-10-28T16:09:23.400640Z DEBUG compress:prove:batch:open:commit to permutation traces: close time.busy=5.96s time.idle=135µs
2025-10-28T16:09:23.401193Z DEBUG compress:prove:batch:open:compute quotient values:compute quotient values for domain: close time.busy=238µs time.idle=3.79µs
2025-10-28T16:09:26.653827Z DEBUG compress:prove:batch:open:compute quotient values:compute quotient values for domain: close time.busy=3.25s time.idle=10.9µs
2025-10-28T16:09:26.690979Z DEBUG compress:prove:batch:open:compute quotient values:compute quotient values for domain: close time.busy=3.29s time.idle=14.2µs
2025-10-28T16:09:26.804390Z DEBUG compress:prove:batch:open:compute quotient values:compute quotient values for domain: close time.busy=3.40s time.idle=10.2µs
2025-10-28T16:09:26.806072Z DEBUG compress:prove:batch:open:compute quotient values:compute quotient values for domain: close time.busy=3.41s time.idle=5.05µs
2025-10-28T16:09:26.835982Z DEBUG compress:prove:batch:open:compute quotient values:compute quotient values for domain: close time.busy=3.44s time.idle=8.85µs
2025-10-28T16:09:26.926021Z DEBUG compress:prove:batch:open:compute quotient values:compute quotient values for domain: close time.busy=3.53s time.idle=4.97µs
2025-10-28T16:09:28.066723Z DEBUG compress:prove:batch:open:compute quotient values:compute quotient values for domain: close time.busy=4.67s time.idle=5.25µs
2025-10-28T16:09:28.100164Z DEBUG compress:prove:batch:open:compute quotient values:compute quotient values for domain: close time.busy=4.70s time.idle=7.59µs
2025-10-28T16:09:30.378374Z DEBUG compress:prove:batch:open:commit to permutation traces: close time.busy=9.42s time.idle=6.20µs
2025-10-28T16:09:30.397156Z DEBUG compress:prove:batch:open:compute quotient values:compute quotient values for domain: close time.busy=290µs time.idle=7.11µs
2025-10-28T16:09:34.586500Z DEBUG compress:prove:batch:open:compute quotient values:compute quotient values for domain: close time.busy=4.19s time.idle=12.0µs
2025-10-28T16:09:34.587333Z DEBUG compress:prove:batch:open:compute quotient values:compute quotient values for domain: close time.busy=4.21s time.idle=7.57µs
2025-10-28T16:09:34.593996Z DEBUG compress:prove:batch:open:compute quotient values:compute quotient values for domain: close time.busy=4.20s time.idle=4.82µs
2025-10-28T16:09:34.602036Z DEBUG compress:prove:batch:open:compute quotient values:compute quotient values for domain: close time.busy=4.21s time.idle=6.79µs
2025-10-28T16:09:34.667189Z DEBUG compress:prove:batch:open:compute quotient values:compute quotient values for domain: close time.busy=4.27s time.idle=4.99µs
2025-10-28T16:09:34.683852Z DEBUG compress:prove:batch:open:compute quotient values:compute quotient values for domain: close time.busy=4.31s time.idle=11.8µs
2025-10-28T16:09:34.695160Z DEBUG compress:prove:batch:open:compute quotient values:compute quotient values for domain: close time.busy=4.30s time.idle=5.32µs
2025-10-28T16:09:34.710499Z DEBUG compress:prove:batch:open:compute quotient values:compute quotient values for domain: close time.busy=4.32s time.idle=6.08µs
2025-10-28T16:09:36.913687Z DEBUG compress:prove:batch:open:commit to quotient traces: close time.busy=8.69s time.idle=8.38µs
2025-10-28T16:09:36.913770Z DEBUG compress:prove:batch:open:compute preprocessed opening points: close time.busy=4.50µs time.idle=3.85µs
2025-10-28T16:09:36.913800Z DEBUG compress:prove:batch:open:compute main trace opening points: close time.busy=13.5µs time.idle=2.31µs
2025-10-28T16:09:36.913818Z DEBUG compress:prove:batch:open:compute permutation trace opening points: close time.busy=4.44µs time.idle=2.26µs
2025-10-28T16:09:38.340194Z DEBUG compress:prove:batch:open:commit to quotient traces: close time.busy=3.41s time.idle=7.75µs
2025-10-28T16:09:38.340290Z DEBUG compress:prove:batch:open:compute preprocessed opening points: close time.busy=9.80µs time.idle=4.47µs
2025-10-28T16:09:38.340313Z DEBUG compress:prove:batch:open:compute main trace opening points: close time.busy=6.19µs time.idle=2.29µs
2025-10-28T16:09:38.340330Z DEBUG compress:prove:batch:open:compute permutation trace opening points: close time.busy=3.96µs time.idle=2.19µs
2025-10-28T16:09:44.145289Z DEBUG compress:prove:batch:open:open multi batches: close time.busy=7.23s time.idle=4.29µs
2025-10-28T16:09:44.150759Z DEBUG compress:prove:batch:open:compute quotient values: close time.busy=4.70s time.idle=16.0s
2025-10-28T16:09:44.422150Z DEBUG compress:prove:batch:open: close time.busy=29.6s time.idle=5.25µs
2025-10-28T16:09:44.445182Z DEBUG compress:prove:batch: close time.busy=40.6s time.idle=7.88µs
2025-10-28T16:09:44.475085Z DEBUG compress:generate records and traces:get program and witness stream: core cache miss, misses: 4
2025-10-28T16:09:44.509408Z DEBUG fixed log2 rows can be potentially reduced: got 45700, expected 262144
2025-10-28T16:09:44.509408Z DEBUG fixed log2 rows can be potentially reduced: got 78580, expected 262144
2025-10-28T16:09:44.509411Z DEBUG compress:prove:batch:Setup compress program:setup machine:generate preprocessed traces: generated preprocessed trace for chip PublicValues in 60.457782ms
2025-10-28T16:09:44.514367Z DEBUG compress:prove:batch:Setup compress program:setup machine:generate preprocessed traces: generated preprocessed trace for chip ExpReverseBitsLen in 65.412901ms
2025-10-28T16:09:44.520666Z DEBUG compress:prove:batch:Setup compress program:setup machine:generate preprocessed traces: generated preprocessed trace for chip Select in 71.712668ms
2025-10-28T16:09:44.535653Z DEBUG compress:prove:batch:Setup compress program:setup machine:generate preprocessed traces: generated preprocessed trace for chip BaseAlu in 86.751239ms
2025-10-28T16:09:44.541803Z DEBUG compress:prove:batch:Setup compress program:setup machine:generate preprocessed traces: generated preprocessed trace for chip MemoryConst in 93.041595ms
2025-10-28T16:09:44.563502Z DEBUG fixed log2 rows can be potentially reduced: got 902800, expected 2097152
2025-10-28T16:09:44.568154Z DEBUG compress:prove:batch:Setup compress program:setup machine:generate preprocessed traces: generated preprocessed trace for chip MemoryVar in 119.194232ms
2025-10-28T16:09:44.581113Z DEBUG compress:prove:batch:Setup compress program:setup machine:generate preprocessed traces: generated preprocessed trace for chip Poseidon2WideDeg3 in 132.291047ms
2025-10-28T16:09:44.595233Z DEBUG compress:prove:batch:Setup compress program:setup machine:generate preprocessed traces: generated preprocessed trace for chip ExtAlu in 146.288876ms
2025-10-28T16:09:44.715626Z DEBUG compress:prove:batch:Setup compress program:setup machine:generate preprocessed traces: generated preprocessed trace for chip BatchFRI in 266.762604ms
2025-10-28T16:09:44.778904Z DEBUG compress:generate records and traces:get program and witness stream:build recursion program:read input: close time.busy=304ms time.idle=10.1µs
2025-10-28T16:09:44.781404Z DEBUG compress:generate records and traces:get program and witness stream:build recursion program:verify:verify shard:assert lookup multiplicities: close time.busy=452µs time.idle=5.35µs
2025-10-28T16:09:45.067917Z DEBUG compress:generate records and traces:get program and witness stream:build recursion program:verify:verify shard:2adic pcs:verify shape and challenges: close time.busy=72.4ms time.idle=7.56µs
2025-10-28T16:09:45.382986Z DEBUG compress:prove:batch:open:open multi batches: close time.busy=7.04s time.idle=4.51µs
2025-10-28T16:09:45.388810Z DEBUG compress:prove:batch:open:compute quotient values: close time.busy=4.33s time.idle=10.7s
2025-10-28T16:09:45.499931Z DEBUG compress:generate records and traces:get program and witness stream:build recursion program:verify:verify shard:2adic pcs:verify challenges: close time.busy=167ms time.idle=7.86µs
2025-10-28T16:09:45.500061Z DEBUG compress:generate records and traces:get program and witness stream:build recursion program:verify:verify shard:2adic pcs: close time.busy=716ms time.idle=7.36µs
2025-10-28T16:09:45.528711Z DEBUG compress:generate records and traces:get program and witness stream:build recursion program:verify:verify shard:verify constraints: close time.busy=28.6ms time.idle=8.57µs
2025-10-28T16:09:45.528820Z DEBUG compress:generate records and traces:get program and witness stream:build recursion program:verify:verify shard: close time.busy=748ms time.idle=5.17µs
2025-10-28T16:09:45.573835Z DEBUG compress:generate records and traces:get program and witness stream:build recursion program:verify: close time.busy=795ms time.idle=7.24µs
2025-10-28T16:09:45.573938Z DEBUG compress:generate records and traces:get program and witness stream:build recursion program:build block: close time.busy=3.96µs time.idle=4.90µs
2025-10-28T16:09:45.573960Z DEBUG compress:generate records and traces:get program and witness stream:build recursion program: close time.busy=1.10s time.idle=10.6µs
2025-10-28T16:09:45.596703Z DEBUG compress:prove:batch:open: close time.busy=26.3s time.idle=5.74µs
2025-10-28T16:09:45.628895Z DEBUG compress:prove:batch: close time.busy=41.3s time.idle=12.3µs
2025-10-28T16:09:45.714277Z DEBUG compress:prove:batch:Setup compress program:setup machine:generate preprocessed traces: generated preprocessed trace for chip PublicValues in 70.085432ms
2025-10-28T16:09:45.715034Z DEBUG fixed log2 rows can be potentially reduced: got 118900, expected 262144
2025-10-28T16:09:45.718322Z DEBUG compress:prove:batch:Setup compress program:setup machine:generate preprocessed traces: generated preprocessed trace for chip BaseAlu in 74.239069ms
2025-10-28T16:09:45.723255Z DEBUG compress:prove:batch:Setup compress program:setup machine:generate preprocessed traces: generated preprocessed trace for chip ExpReverseBitsLen in 79.066489ms
2025-10-28T16:09:45.727181Z DEBUG compress:prove:batch:Setup compress program:setup machine:generate preprocessed traces: generated preprocessed trace for chip ExtAlu in 83.079461ms
2025-10-28T16:09:45.734606Z DEBUG compress:prove:batch:Setup compress program:setup machine:generate preprocessed traces: generated preprocessed trace for chip MemoryConst in 90.650061ms
2025-10-28T16:09:45.735937Z DEBUG fixed log2 rows can be potentially reduced: got 248400, expected 524288
2025-10-28T16:09:45.755262Z DEBUG compress:prove:batch:Setup compress program:setup machine:generate preprocessed traces: generated preprocessed trace for chip BatchFRI in 111.208288ms
2025-10-28T16:09:45.767290Z DEBUG compress:prove:batch:Setup compress program:setup machine:generate preprocessed traces: generated preprocessed trace for chip Poseidon2WideDeg3 in 123.277245ms
2025-10-28T16:09:45.767458Z DEBUG compress:prove:batch:Setup compress program:setup machine:generate preprocessed traces: generated preprocessed trace for chip Select in 123.269565ms
2025-10-28T16:09:45.767494Z DEBUG compress:prove:batch:Setup compress program:setup machine:generate preprocessed traces: generated preprocessed trace for chip MemoryVar in 123.341275ms
2025-10-28T16:09:46.242772Z DEBUG compress:generate records and traces:get program and witness stream:compile recursion program:compile raw program: close time.busy=669ms time.idle=5.91µs
2025-10-28T16:09:46.297374Z DEBUG compress:generate records and traces:get program and witness stream:compile recursion program:backfill mult: close time.busy=54.5ms time.idle=6.66µs
2025-10-28T16:09:46.297551Z DEBUG compress:generate records and traces:get program and witness stream:compile recursion program:prepend constants: close time.busy=67.7µs time.idle=5.55µs
2025-10-28T16:09:46.312343Z DEBUG compress:generate records and traces:get program and witness stream:compile recursion program: close time.busy=738ms time.idle=4.98µs
2025-10-28T16:09:46.316363Z DEBUG compress:generate records and traces:get program and witness stream: close time.busy=1.87s time.idle=12.1µs
2025-10-28T16:09:46.724219Z DEBUG compress:generate records and traces:execute runtime: close time.busy=408ms time.idle=7.47µs
2025-10-28T16:09:46.724355Z DEBUG compress:generate records and traces:generate dependencies:register nonces: close time.busy=1.21µs time.idle=3.22µs
2025-10-28T16:09:46.724381Z DEBUG compress:generate records and traces:generate dependencies: close time.busy=88.6µs time.idle=4.18µs
2025-10-28T16:09:46.724677Z DEBUG fixed log2 rows can be potentially reduced: got 75584, expected 262144
2025-10-28T16:09:46.724719Z DEBUG fixed log2 rows can be potentially reduced: got 216000, expected 1048576
2025-10-28T16:09:46.724763Z DEBUG compress:generate records and traces:generate traces:generate traces for shard: generated trace for chip PublicValues in 9.32µs
2025-10-28T16:09:46.727255Z DEBUG compress:generate records and traces:generate traces:generate traces for shard: generated trace for chip MemoryConst in 2.629477ms
2025-10-28T16:09:46.727392Z DEBUG generate exp reverse bits len trace: fixed log2 rows can be potentially reduced: got 40100, expected 262144 rows=2700
2025-10-28T16:09:46.731099Z DEBUG fixed log2 rows can be potentially reduced: got 393883, expected 1048576
2025-10-28T16:09:46.748355Z DEBUG generate exp reverse bits len trace: close time.busy=23.6ms time.idle=6.32µs rows=2700
2025-10-28T16:09:46.748413Z DEBUG compress:generate records and traces:generate traces:generate traces for shard: generated trace for chip ExpReverseBitsLen in 23.658973ms
2025-10-28T16:09:46.786173Z DEBUG generate batch fri trace: fixed log2 rows can be potentially reduced: got 783500, expected 2097152 rows=783500
2025-10-28T16:09:46.830306Z DEBUG compress:generate records and traces:generate traces:generate traces for shard: generated trace for chip MemoryVar in 105.527539ms
2025-10-28T16:09:46.872932Z DEBUG compress:generate records and traces:generate traces:generate traces for shard: generated trace for chip ExtAlu in 148.182283ms
2025-10-28T16:09:47.101271Z DEBUG generate batch fri trace: close time.busy=377ms time.idle=13.0µs rows=783500
2025-10-28T16:09:47.101340Z DEBUG compress:generate records and traces:generate traces:generate traces for shard: generated trace for chip BatchFRI in 376.64699ms
2025-10-28T16:09:47.539829Z DEBUG generate poseidon2 wide trace: close time.busy=815ms time.idle=5.46µs rows=98320
2025-10-28T16:09:47.539889Z DEBUG compress:generate records and traces:generate traces:generate traces for shard: generated trace for chip Poseidon2WideDeg3 in 815.221286ms
2025-10-28T16:09:47.540697Z DEBUG compress:generate records and traces:generate traces:generate traces for shard: generated trace for chip BaseAlu in 815.962576ms
2025-10-28T16:09:47.540755Z DEBUG compress:generate records and traces:generate traces:generate traces for shard: generated trace for chip Select in 816.042949ms
2025-10-28T16:09:47.540815Z DEBUG compress:generate records and traces:generate traces:generate traces for shard: close time.busy=816ms time.idle=3.32µs
2025-10-28T16:09:47.540838Z DEBUG compress:generate records and traces:generate traces: close time.busy=816ms time.idle=3.82µs
2025-10-28T16:09:47.566409Z DEBUG compress:generate records and traces:get program and witness stream: core cache miss, misses: 5
2025-10-28T16:09:47.846725Z DEBUG compress:generate records and traces:get program and witness stream:build recursion program:read input: close time.busy=280ms time.idle=4.22µs
2025-10-28T16:09:47.847570Z DEBUG compress:generate records and traces:get program and witness stream:build recursion program:verify:verify shard:assert lookup multiplicities: close time.busy=86.7µs time.idle=3.05µs
2025-10-28T16:09:48.229216Z DEBUG compress:generate records and traces:get program and witness stream:build recursion program:verify:verify shard:2adic pcs:verify shape and challenges: close time.busy=71.7ms time.idle=7.82µs
2025-10-28T16:09:48.479112Z DEBUG compress:generate records and traces:get program and witness stream:build recursion program:verify:verify shard:2adic pcs:verify challenges: close time.busy=79.4ms time.idle=6.91µs
2025-10-28T16:09:48.479201Z DEBUG compress:generate records and traces:get program and witness stream:build recursion program:verify:verify shard:2adic pcs: close time.busy=629ms time.idle=3.52µs
2025-10-28T16:09:48.497585Z DEBUG compress:generate records and traces:get program and witness stream:build recursion program:verify:verify shard:verify constraints: close time.busy=18.3ms time.idle=10.0µs
2025-10-28T16:09:48.497639Z DEBUG compress:generate records and traces:get program and witness stream:build recursion program:verify:verify shard: close time.busy=650ms time.idle=8.96µs
2025-10-28T16:09:48.841643Z DEBUG compress:prove:batch:Setup compress program:setup machine:commit to preprocessed traces: close time.busy=2.99s time.idle=8.10µs
2025-10-28T16:09:48.841710Z DEBUG compress:prove:batch:Setup compress program:setup machine:generate preprocessed traces: close time.busy=124ms time.idle=3.07s
2025-10-28T16:09:48.841733Z DEBUG compress:prove:batch:Setup compress program:setup machine: close time.busy=3.20s time.idle=3.86µs
2025-10-28T16:09:48.841754Z DEBUG compress:prove:batch:Setup compress program: close time.busy=3.20s time.idle=3.89µs
2025-10-28T16:09:48.841791Z DEBUG compress:prove:batch:observe proving key: close time.busy=11.8µs time.idle=3.27µs
2025-10-28T16:09:48.842885Z DEBUG compress:generate records and traces:get program and witness stream:build recursion program:verify: close time.busy=996ms time.idle=4.94µs
2025-10-28T16:09:48.842938Z DEBUG compress:generate records and traces:get program and witness stream:build recursion program:build block: close time.busy=2.79µs time.idle=3.29µs
2025-10-28T16:09:48.842953Z DEBUG compress:generate records and traces:get program and witness stream:build recursion program: close time.busy=1.28s time.idle=4.61µs
2025-10-28T16:09:49.279675Z DEBUG compress:generate records and traces:get program and witness stream:compile recursion program:compile raw program: close time.busy=437ms time.idle=13.4µs
2025-10-28T16:09:49.336976Z DEBUG compress:generate records and traces:get program and witness stream:compile recursion program:backfill mult: close time.busy=57.2ms time.idle=7.84µs
2025-10-28T16:09:49.337111Z DEBUG compress:generate records and traces:get program and witness stream:compile recursion program:prepend constants: close time.busy=51.9µs time.idle=4.96µs
2025-10-28T16:09:49.351458Z DEBUG compress:generate records and traces:get program and witness stream:compile recursion program: close time.busy=508ms time.idle=31.6µs
2025-10-28T16:09:49.567040Z DEBUG compress:generate records and traces:get program and witness stream: close time.busy=2.03s time.idle=6.31µs
2025-10-28T16:09:52.175662Z DEBUG compress:generate records and traces:execute runtime: close time.busy=2.61s time.idle=6.29µs
2025-10-28T16:09:52.175783Z DEBUG compress:generate records and traces:generate dependencies:register nonces: close time.busy=1.28µs time.idle=3.34µs
2025-10-28T16:09:52.175801Z DEBUG compress:generate records and traces:generate dependencies: close time.busy=68.9µs time.idle=3.98µs
2025-10-28T16:09:53.225784Z DEBUG fixed log2 rows can be potentially reduced: got 216000, expected 1048576
2025-10-28T16:09:53.225796Z DEBUG compress:generate records and traces:generate traces:generate traces for shard: generated trace for chip PublicValues in 15.325µs
2025-10-28T16:09:53.226589Z DEBUG compress:generate records and traces:generate traces:generate traces for shard: generated trace for chip BaseAlu in 812.954µs
2025-10-28T16:09:53.227291Z DEBUG fixed log2 rows can be potentially reduced: got 73440, expected 262144
2025-10-28T16:09:53.228197Z DEBUG compress:generate records and traces:generate traces:generate traces for shard: generated trace for chip MemoryConst in 2.420637ms
2025-10-28T16:09:53.228553Z DEBUG generate exp reverse bits len trace: fixed log2 rows can be potentially reduced: got 41300, expected 262144 rows=2700
2025-10-28T16:09:53.230107Z DEBUG compress:generate records and traces:generate traces:generate traces for shard: generated trace for chip Select in 4.328406ms
2025-10-28T16:09:53.231343Z DEBUG fixed log2 rows can be potentially reduced: got 399462, expected 1048576
2025-10-28T16:09:53.247033Z DEBUG generate exp reverse bits len trace: close time.busy=21.2ms time.idle=5.57µs rows=2700
2025-10-28T16:09:53.247087Z DEBUG compress:generate records and traces:generate traces:generate traces for shard: generated trace for chip ExpReverseBitsLen in 21.309439ms
2025-10-28T16:09:53.282286Z DEBUG compress:generate records and traces:generate traces:generate traces for shard: generated trace for chip MemoryVar in 56.505153ms
2025-10-28T16:09:53.288618Z DEBUG generate batch fri trace: fixed log2 rows can be potentially reduced: got 799800, expected 2097152 rows=799800
2025-10-28T16:09:53.354898Z DEBUG compress:generate records and traces:generate traces:generate traces for shard: generated trace for chip ExtAlu in 129.117329ms
2025-10-28T16:09:53.731881Z DEBUG generate batch fri trace: close time.busy=506ms time.idle=11.1µs rows=799800
2025-10-28T16:09:53.731966Z DEBUG compress:generate records and traces:generate traces:generate traces for shard: generated trace for chip BatchFRI in 506.188831ms
2025-10-28T16:09:53.881019Z DEBUG generate poseidon2 wide trace: close time.busy=655ms time.idle=5.89µs rows=99301
2025-10-28T16:09:53.881067Z DEBUG compress:generate records and traces:generate traces:generate traces for shard: generated trace for chip Poseidon2WideDeg3 in 655.288338ms
2025-10-28T16:09:53.881136Z DEBUG compress:generate records and traces:generate traces:generate traces for shard: close time.busy=1.71s time.idle=4.22µs
2025-10-28T16:09:53.881184Z DEBUG compress:generate records and traces:generate traces: close time.busy=1.71s time.idle=3.50µs
2025-10-28T16:09:55.174028Z DEBUG compress:prove:batch:Setup compress program:setup machine:commit to preprocessed traces: close time.busy=10.1s time.idle=9.21µs
2025-10-28T16:09:55.174249Z DEBUG compress:prove:batch:Setup compress program:setup machine:generate preprocessed traces: close time.busy=268ms time.idle=10.5s
2025-10-28T16:09:55.174281Z DEBUG compress:prove:batch:Setup compress program:setup machine: close time.busy=10.7s time.idle=3.96µs
2025-10-28T16:09:55.174295Z DEBUG compress:prove:batch:Setup compress program: close time.busy=10.7s time.idle=4.32µs
2025-10-28T16:09:55.174328Z DEBUG compress:prove:batch:observe proving key: close time.busy=11.6µs time.idle=3.84µs
2025-10-28T16:09:59.624564Z DEBUG compress:prove:batch:commit: close time.busy=10.8s time.idle=3.87µs
2025-10-28T16:10:00.812638Z DEBUG compress:prove:batch:open:generate permutation traces: close time.busy=1.19s time.idle=5.16µs
2025-10-28T16:10:00.812713Z DEBUG compress:prove:batch:open: BatchFRI        | Main Cols = 13    | Pre Cols = 6      | Perm Cols = 12    | Rows = 524288 | Cells = 16252928  
2025-10-28T16:10:00.812733Z DEBUG compress:prove:batch:open: MemoryVar       | Main Cols = 8     | Pre Cols = 4      | Perm Cols = 8     | Rows = 524288 | Cells = 10485760  
2025-10-28T16:10:00.812748Z DEBUG compress:prove:batch:open: Select          | Main Cols = 5     | Pre Cols = 8      | Perm Cols = 16    | Rows = 524288 | Cells = 15204352  
2025-10-28T16:10:00.812762Z DEBUG compress:prove:batch:open: ExpReverseBitsLen | Main Cols = 7     | Pre Cols = 10     | Perm Cols = 12    | Rows = 262144 | Cells = 7602176   
2025-10-28T16:10:00.812776Z DEBUG compress:prove:batch:open: MemoryConst     | Main Cols = 1     | Pre Cols = 12     | Perm Cols = 8     | Rows = 131072 | Cells = 2752512   
2025-10-28T16:10:00.812792Z DEBUG compress:prove:batch:open: Poseidon2WideDeg3 | Main Cols = 313   | Pre Cols = 49     | Perm Cols = 68    | Rows = 131072 | Cells = 56360960  
2025-10-28T16:10:00.812806Z DEBUG compress:prove:batch:open: BaseAlu         | Main Cols = 12    | Pre Cols = 32     | Perm Cols = 28    | Rows = 65536 | Cells = 4718592   
2025-10-28T16:10:00.812820Z DEBUG compress:prove:batch:open: ExtAlu          | Main Cols = 48    | Pre Cols = 32     | Perm Cols = 28    | Rows = 65536 | Cells = 7077888   
2025-10-28T16:10:00.812834Z DEBUG compress:prove:batch:open: PublicValues    | Main Cols = 1     | Pre Cols = 10     | Perm Cols = 8     | Rows = 16    | Cells = 304       
2025-10-28T16:10:01.351602Z DEBUG compress:prove:batch:open:flatten permutation traces and collect domains: close time.busy=539ms time.idle=7.67µs
2025-10-28T16:10:05.668854Z DEBUG compress:prove:batch:open:commit to permutation traces: close time.busy=4.32s time.idle=7.50µs
2025-10-28T16:10:05.669478Z DEBUG compress:prove:batch:open:compute quotient values:compute quotient values for domain: close time.busy=244µs time.idle=4.66µs
2025-10-28T16:10:11.659588Z DEBUG compress:prove:batch:open:compute quotient values:compute quotient values for domain: close time.busy=5.99s time.idle=5.95µs
2025-10-28T16:10:11.659639Z DEBUG compress:prove:batch:open:compute quotient values:compute quotient values for domain: close time.busy=5.99s time.idle=4.91µs
2025-10-28T16:10:11.660625Z DEBUG compress:prove:batch:open:compute quotient values:compute quotient values for domain: close time.busy=5.99s time.idle=5.00µs
2025-10-28T16:10:11.671146Z DEBUG compress:prove:batch:open:compute quotient values:compute quotient values for domain: close time.busy=6.00s time.idle=5.97µs
2025-10-28T16:10:11.750774Z DEBUG compress:prove:batch:open:compute quotient values:compute quotient values for domain: close time.busy=6.08s time.idle=9.12µs
2025-10-28T16:10:11.765628Z DEBUG compress:prove:batch:open:compute quotient values:compute quotient values for domain: close time.busy=6.10s time.idle=4.11µs
2025-10-28T16:10:11.777856Z DEBUG compress:prove:batch:open:compute quotient values:compute quotient values for domain: close time.busy=6.11s time.idle=3.77µs
2025-10-28T16:10:11.800623Z DEBUG compress:prove:batch:open:compute quotient values:compute quotient values for domain: close time.busy=6.13s time.idle=5.04µs
2025-10-28T16:10:19.174493Z DEBUG compress:prove:batch:commit: close time.busy=24.0s time.idle=3.93µs
2025-10-28T16:10:22.006142Z DEBUG compress:prove:batch:open:generate permutation traces: close time.busy=2.83s time.idle=5.05µs
2025-10-28T16:10:22.006568Z DEBUG compress:prove:batch:open: BatchFRI        | Main Cols = 13    | Pre Cols = 6      | Perm Cols = 12    | Rows = 2097152 | Cells = 65011712  
2025-10-28T16:10:22.006676Z DEBUG compress:prove:batch:open: MemoryVar       | Main Cols = 8     | Pre Cols = 4      | Perm Cols = 8     | Rows = 1048576 | Cells = 20971520  
2025-10-28T16:10:22.006770Z DEBUG compress:prove:batch:open: Select          | Main Cols = 5     | Pre Cols = 8      | Perm Cols = 16    | Rows = 1048576 | Cells = 30408704  
2025-10-28T16:10:22.006861Z DEBUG compress:prove:batch:open: ExtAlu          | Main Cols = 48    | Pre Cols = 32     | Perm Cols = 28    | Rows = 524288 | Cells = 56623104  
2025-10-28T16:10:22.006952Z DEBUG compress:prove:batch:open: ExpReverseBitsLen | Main Cols = 7     | Pre Cols = 10     | Perm Cols = 12    | Rows = 262144 | Cells = 7602176   
2025-10-28T16:10:22.007046Z DEBUG compress:prove:batch:open: MemoryConst     | Main Cols = 1     | Pre Cols = 12     | Perm Cols = 8     | Rows = 262144 | Cells = 5505024   
2025-10-28T16:10:22.007139Z DEBUG compress:prove:batch:open: Poseidon2WideDeg3 | Main Cols = 313   | Pre Cols = 49     | Perm Cols = 68    | Rows = 262144 | Cells = 112721920 
2025-10-28T16:10:22.007232Z DEBUG compress:prove:batch:open: BaseAlu         | Main Cols = 12    | Pre Cols = 32     | Perm Cols = 28    | Rows = 65536 | Cells = 4718592   
2025-10-28T16:10:22.007325Z DEBUG compress:prove:batch:open: PublicValues    | Main Cols = 1     | Pre Cols = 10     | Perm Cols = 8     | Rows = 16    | Cells = 304       
2025-10-28T16:10:23.262875Z DEBUG compress:prove:batch:open:flatten permutation traces and collect domains: close time.busy=1.26s time.idle=5.28µs
2025-10-28T16:10:24.046822Z DEBUG compress:prove:batch:open:commit to quotient traces: close time.busy=10.5s time.idle=9.42µs
2025-10-28T16:10:24.046900Z DEBUG compress:prove:batch:open:compute preprocessed opening points: close time.busy=5.03µs time.idle=4.38µs
2025-10-28T16:10:24.046931Z DEBUG compress:prove:batch:open:compute main trace opening points: close time.busy=11.0µs time.idle=2.41µs
2025-10-28T16:10:24.046951Z DEBUG compress:prove:batch:open:compute permutation trace opening points: close time.busy=3.86µs time.idle=2.23µs
2025-10-28T16:10:33.358055Z DEBUG compress:prove:batch:open:commit to permutation traces: close time.busy=10.1s time.idle=6.52µs
2025-10-28T16:10:33.543752Z DEBUG compress:prove:batch:open:compute quotient values:compute quotient values for domain: close time.busy=278µs time.idle=7.16µs
2025-10-28T16:10:34.541515Z DEBUG compress:prove:batch:open:compute quotient values:compute quotient values for domain: close time.busy=1.00s time.idle=12.2µs
2025-10-28T16:10:34.543931Z DEBUG compress:prove:batch:open:compute quotient values:compute quotient values for domain: close time.busy=1.17s time.idle=7.67µs
2025-10-28T16:10:34.554410Z DEBUG compress:prove:batch:open:compute quotient values:compute quotient values for domain: close time.busy=1.19s time.idle=5.99µs
2025-10-28T16:10:46.647275Z DEBUG compress:prove:batch:open:compute quotient values:compute quotient values for domain: close time.busy=13.3s time.idle=5.16µs
2025-10-28T16:10:46.671185Z DEBUG compress:prove:batch:open:compute quotient values:compute quotient values for domain: close time.busy=13.3s time.idle=12.4µs
2025-10-28T16:10:46.684494Z DEBUG compress:prove:batch:open:compute quotient values:compute quotient values for domain: close time.busy=13.3s time.idle=5.78µs
2025-10-28T16:10:46.703473Z DEBUG compress:prove:batch:open:compute quotient values:compute quotient values for domain: close time.busy=13.3s time.idle=6.66µs
2025-10-28T16:10:46.719216Z DEBUG compress:prove:batch:open:compute quotient values:compute quotient values for domain: close time.busy=13.4s time.idle=14.8µs
2025-10-28T16:10:50.236657Z DEBUG compress:prove:batch:open:open multi batches: close time.busy=26.2s time.idle=4.20µs
2025-10-28T16:10:50.242715Z DEBUG compress:prove:batch:open:compute quotient values: close time.busy=7.57s time.idle=37.0s
2025-10-28T16:10:50.388903Z DEBUG compress:prove:batch:open: close time.busy=50.8s time.idle=5.26µs
2025-10-28T16:10:54.087094Z DEBUG compress:prove:batch:open:commit to quotient traces: close time.busy=6.83s time.idle=7.07µs
2025-10-28T16:10:54.087216Z DEBUG compress:prove:batch:open:compute preprocessed opening points: close time.busy=5.80µs time.idle=4.06µs
2025-10-28T16:10:54.087238Z DEBUG compress:prove:batch:open:compute main trace opening points: close time.busy=4.79µs time.idle=2.28µs
2025-10-28T16:10:54.087263Z DEBUG compress:prove:batch:open:compute permutation trace opening points: close time.busy=10.5µs time.idle=2.58µs
2025-10-28T16:11:12.916046Z DEBUG compress:prove:batch:open:open multi batches: close time.busy=18.8s time.idle=3.99µs
2025-10-28T16:11:13.003971Z DEBUG compress:prove:batch:open:compute quotient values: close time.busy=13.4s time.idle=26.3s
2025-10-28T16:11:13.511971Z DEBUG compress:prove:batch:open: close time.busy=54.3s time.idle=5.07µs
2025-10-28T16:11:13.512397Z DEBUG compress:prove:batch: close time.busy=87.9s time.idle=17.3µs
2025-10-28T16:11:13.528127Z DEBUG compress:generate records and traces:get program and witness stream: core cache miss, misses: 6
2025-10-28T16:11:13.543711Z DEBUG fixed log2 rows can be potentially reduced: got 40100, expected 262144
2025-10-28T16:11:13.543712Z DEBUG compress:prove:batch:Setup compress program:setup machine:generate preprocessed traces: generated preprocessed trace for chip PublicValues in 29.937072ms
2025-10-28T16:11:13.546478Z DEBUG fixed log2 rows can be potentially reduced: got 75584, expected 262144
2025-10-28T16:11:13.548307Z DEBUG compress:prove:batch:Setup compress program:setup machine:generate preprocessed traces: generated preprocessed trace for chip ExpReverseBitsLen in 34.537853ms
2025-10-28T16:11:13.558049Z DEBUG compress:prove:batch:Setup compress program:setup machine:generate preprocessed traces: generated preprocessed trace for chip MemoryConst in 44.561147ms
2025-10-28T16:11:13.583723Z DEBUG compress:prove:batch:Setup compress program:setup machine:generate preprocessed traces: generated preprocessed trace for chip BaseAlu in 70.102088ms
2025-10-28T16:11:13.589035Z DEBUG compress:prove:batch:Setup compress program:setup machine:generate preprocessed traces: generated preprocessed trace for chip MemoryVar in 71.505331ms
2025-10-28T16:11:13.610323Z DEBUG fixed log2 rows can be potentially reduced: got 783500, expected 2097152
2025-10-28T16:11:13.617820Z DEBUG compress:prove:batch:Setup compress program:setup machine:generate preprocessed traces: generated preprocessed trace for chip Poseidon2WideDeg3 in 104.24933ms
2025-10-28T16:11:13.631719Z DEBUG compress:prove:batch:Setup compress program:setup machine:generate preprocessed traces: generated preprocessed trace for chip Select in 117.948908ms
2025-10-28T16:11:13.638240Z DEBUG compress:prove:batch:Setup compress program:setup machine:generate preprocessed traces: generated preprocessed trace for chip ExtAlu in 124.554322ms
2025-10-28T16:11:13.672955Z DEBUG compress:prove:batch: close time.busy=89.2s time.idle=8.66µs
2025-10-28T16:11:13.763176Z DEBUG compress:prove:batch:Setup compress program:setup machine:generate preprocessed traces: generated preprocessed trace for chip BatchFRI in 249.461239ms
2025-10-28T16:11:13.779298Z DEBUG compress:prove:batch:Setup compress program:setup machine:generate preprocessed traces: generated preprocessed trace for chip PublicValues in 17.709751ms
2025-10-28T16:11:13.782750Z DEBUG compress:prove:batch:Setup compress program:setup machine:generate preprocessed traces: generated preprocessed trace for chip BaseAlu in 20.989933ms
2025-10-28T16:11:13.787048Z DEBUG fixed log2 rows can be potentially reduced: got 41300, expected 262144
2025-10-28T16:11:13.789165Z DEBUG fixed log2 rows can be potentially reduced: got 73440, expected 262144
2025-10-28T16:11:13.791213Z DEBUG compress:prove:batch:Setup compress program:setup machine:generate preprocessed traces: generated preprocessed trace for chip Select in 29.697387ms
2025-10-28T16:11:13.805914Z DEBUG compress:generate records and traces:get program and witness stream:build recursion program:read input: close time.busy=278ms time.idle=4.53µs
2025-10-28T16:11:13.807024Z DEBUG compress:generate records and traces:get program and witness stream:build recursion program:verify:verify shard:assert lookup multiplicities: close time.busy=68.4µs time.idle=4.28µs
2025-10-28T16:11:13.810609Z DEBUG compress:prove:batch:Setup compress program:setup machine:generate preprocessed traces: generated preprocessed trace for chip MemoryConst in 49.314123ms
2025-10-28T16:11:13.829271Z DEBUG compress:prove:batch:Setup compress program:setup machine:generate preprocessed traces: generated preprocessed trace for chip ExpReverseBitsLen in 67.732556ms
2025-10-28T16:11:13.833205Z DEBUG fixed log2 rows can be potentially reduced: got 799800, expected 2097152
2025-10-28T16:11:13.855793Z DEBUG compress:prove:batch:Setup compress program:setup machine:generate preprocessed traces: generated preprocessed trace for chip MemoryVar in 94.126781ms
2025-10-28T16:11:13.864964Z DEBUG compress:prove:batch:Setup compress program:setup machine:generate preprocessed traces: generated preprocessed trace for chip Poseidon2WideDeg3 in 103.576326ms
2025-10-28T16:11:13.890339Z DEBUG compress:prove:batch:Setup compress program:setup machine:generate preprocessed traces: generated preprocessed trace for chip ExtAlu in 128.559406ms
2025-10-28T16:11:13.984040Z DEBUG compress:prove:batch:Setup compress program:setup machine:generate preprocessed traces: generated preprocessed trace for chip BatchFRI in 222.412494ms
2025-10-28T16:11:14.005300Z DEBUG compress:generate records and traces:get program and witness stream:build recursion program:verify:verify shard:2adic pcs:verify shape and challenges: close time.busy=64.0ms time.idle=6.09µs
2025-10-28T16:11:14.352557Z DEBUG compress:generate records and traces:get program and witness stream:build recursion program:verify:verify shard:2adic pcs:verify challenges: close time.busy=148ms time.idle=6.75µs
2025-10-28T16:11:14.352729Z DEBUG compress:generate records and traces:get program and witness stream:build recursion program:verify:verify shard:2adic pcs: close time.busy=544ms time.idle=4.08µs
2025-10-28T16:11:14.370386Z DEBUG compress:generate records and traces:get program and witness stream:build recursion program:verify:verify shard:verify constraints: close time.busy=17.6ms time.idle=6.18µs
2025-10-28T16:11:14.370506Z DEBUG compress:generate records and traces:get program and witness stream:build recursion program:verify:verify shard: close time.busy=564ms time.idle=5.23µs
2025-10-28T16:11:14.410892Z DEBUG compress:generate records and traces:get program and witness stream:build recursion program:verify: close time.busy=605ms time.idle=6.72µs
2025-10-28T16:11:14.411004Z DEBUG compress:generate records and traces:get program and witness stream:build recursion program:build block: close time.busy=16.5µs time.idle=4.56µs
2025-10-28T16:11:14.411025Z DEBUG compress:generate records and traces:get program and witness stream:build recursion program: close time.busy=883ms time.idle=5.83µs
2025-10-28T16:11:14.741605Z DEBUG compress:generate records and traces:get program and witness stream:compile recursion program:compile raw program: close time.busy=331ms time.idle=5.37µs
2025-10-28T16:11:14.786738Z DEBUG compress:generate records and traces:get program and witness stream:compile recursion program:backfill mult: close time.busy=45.1ms time.idle=6.27µs
2025-10-28T16:11:14.786855Z DEBUG compress:generate records and traces:get program and witness stream:compile recursion program:prepend constants: close time.busy=42.3µs time.idle=3.80µs
2025-10-28T16:11:14.798815Z DEBUG compress:generate records and traces:get program and witness stream:compile recursion program: close time.busy=388ms time.idle=4.64µs
2025-10-28T16:11:15.042740Z DEBUG compress:generate records and traces:get program and witness stream: close time.busy=1.53s time.idle=16.1µs
2025-10-28T16:11:15.517101Z DEBUG compress:generate records and traces:execute runtime: close time.busy=474ms time.idle=6.45µs
2025-10-28T16:11:15.517206Z DEBUG compress:generate records and traces:generate dependencies:register nonces: close time.busy=1.22µs time.idle=3.03µs
2025-10-28T16:11:15.517220Z DEBUG compress:generate records and traces:generate dependencies: close time.busy=41.0µs time.idle=4.13µs
2025-10-28T16:11:15.524656Z DEBUG compress:generate records and traces:generate traces:generate traces for shard: generated trace for chip PublicValues in 11.345µs
2025-10-28T16:11:15.524690Z DEBUG fixed log2 rows can be potentially reduced: got 216000, expected 1048576
2025-10-28T16:11:15.524808Z DEBUG fixed log2 rows can be potentially reduced: got 81132, expected 262144
2025-10-28T16:11:15.526497Z DEBUG compress:generate records and traces:generate traces:generate traces for shard: generated trace for chip MemoryConst in 1.738975ms
2025-10-28T16:11:15.527391Z DEBUG compress:generate records and traces:generate traces:generate traces for shard: generated trace for chip BaseAlu in 2.724797ms
2025-10-28T16:11:15.528372Z DEBUG fixed log2 rows can be potentially reduced: got 367913, expected 1048576
2025-10-28T16:11:15.530524Z DEBUG compress:generate records and traces:generate traces:generate traces for shard: generated trace for chip Select in 5.935634ms
2025-10-28T16:11:15.530811Z DEBUG generate exp reverse bits len trace: fixed log2 rows can be potentially reduced: got 44900, expected 262144 rows=2700
2025-10-28T16:11:15.558958Z DEBUG generate exp reverse bits len trace: close time.busy=33.7ms time.idle=5.87µs rows=2700
2025-10-28T16:11:15.559031Z DEBUG compress:generate records and traces:generate traces:generate traces for shard: generated trace for chip ExpReverseBitsLen in 33.807272ms
2025-10-28T16:11:15.590261Z DEBUG generate batch fri trace: fixed log2 rows can be potentially reduced: got 902800, expected 2097152 rows=902800
2025-10-28T16:11:15.626810Z DEBUG compress:generate records and traces:generate traces:generate traces for shard: generated trace for chip MemoryVar in 102.173172ms
2025-10-28T16:11:15.729963Z DEBUG compress:generate records and traces:generate traces:generate traces for shard: generated trace for chip ExtAlu in 205.316472ms
2025-10-28T16:11:15.832992Z DEBUG generate batch fri trace: close time.busy=308ms time.idle=5.40µs rows=902800
2025-10-28T16:11:15.833040Z DEBUG compress:generate records and traces:generate traces:generate traces for shard: generated trace for chip BatchFRI in 308.454938ms
2025-10-28T16:11:16.129410Z DEBUG generate poseidon2 wide trace: close time.busy=605ms time.idle=5.49µs rows=92316
2025-10-28T16:11:16.129476Z DEBUG compress:generate records and traces:generate traces:generate traces for shard: generated trace for chip Poseidon2WideDeg3 in 604.888507ms
2025-10-28T16:11:16.129642Z DEBUG compress:generate records and traces:generate traces:generate traces for shard: close time.busy=612ms time.idle=3.63µs
2025-10-28T16:11:16.129699Z DEBUG compress:generate records and traces:generate traces: close time.busy=612ms time.idle=4.16µs
2025-10-28T16:11:16.137345Z DEBUG compress:generate records and traces:get program and witness stream: core cache miss, misses: 7
2025-10-28T16:11:16.205219Z DEBUG compress:generate records and traces:get program and witness stream:build recursion program:read input: close time.busy=67.8ms time.idle=4.33µs
2025-10-28T16:11:16.205849Z DEBUG compress:generate records and traces:get program and witness stream:build recursion program:verify:verify shard:assert lookup multiplicities: close time.busy=28.8µs time.idle=3.29µs
2025-10-28T16:11:16.280195Z DEBUG compress:generate records and traces:get program and witness stream:build recursion program:verify:verify shard:2adic pcs:verify shape and challenges: close time.busy=58.4ms time.idle=11.4µs
2025-10-28T16:11:16.396928Z DEBUG compress:generate records and traces:get program and witness stream:build recursion program:verify:verify shard:2adic pcs:verify challenges: close time.busy=68.1ms time.idle=7.79µs
2025-10-28T16:11:16.397063Z DEBUG compress:generate records and traces:get program and witness stream:build recursion program:verify:verify shard:2adic pcs: close time.busy=191ms time.idle=3.26µs
2025-10-28T16:11:16.397943Z DEBUG compress:generate records and traces:get program and witness stream:build recursion program:verify:verify shard:verify constraints: close time.busy=854µs time.idle=5.79µs
2025-10-28T16:11:16.397974Z DEBUG compress:generate records and traces:get program and witness stream:build recursion program:verify:verify shard: close time.busy=192ms time.idle=4.30µs
2025-10-28T16:11:16.413673Z DEBUG compress:generate records and traces:get program and witness stream:build recursion program:verify: close time.busy=208ms time.idle=5.44µs
2025-10-28T16:11:16.413734Z DEBUG compress:generate records and traces:get program and witness stream:build recursion program:build block: close time.busy=3.13µs time.idle=4.08µs
2025-10-28T16:11:16.413748Z DEBUG compress:generate records and traces:get program and witness stream:build recursion program: close time.busy=276ms time.idle=4.26µs
2025-10-28T16:11:16.556129Z DEBUG compress:generate records and traces:get program and witness stream:compile recursion program:compile raw program: close time.busy=142ms time.idle=4.65µs
2025-10-28T16:11:16.576706Z DEBUG compress:generate records and traces:get program and witness stream:compile recursion program:backfill mult: close time.busy=20.5ms time.idle=6.32µs
2025-10-28T16:11:16.576819Z DEBUG compress:generate records and traces:get program and witness stream:compile recursion program:prepend constants: close time.busy=41.0µs time.idle=4.25µs
2025-10-28T16:11:16.585705Z DEBUG compress:generate records and traces:get program and witness stream:compile recursion program: close time.busy=172ms time.idle=4.59µs
2025-10-28T16:11:16.863997Z DEBUG compress:generate records and traces:get program and witness stream: close time.busy=734ms time.idle=6.11µs
2025-10-28T16:11:16.964696Z DEBUG compress:generate records and traces:execute runtime: close time.busy=101ms time.idle=11.6µs
2025-10-28T16:11:16.964857Z DEBUG compress:generate records and traces:generate dependencies:register nonces: close time.busy=1.09µs time.idle=4.82µs
2025-10-28T16:11:16.964909Z DEBUG compress:generate records and traces:generate dependencies: close time.busy=87.9µs time.idle=6.90µs
2025-10-28T16:11:16.968139Z DEBUG fixed log2 rows can be potentially reduced: got 216000, expected 524288
2025-10-28T16:11:16.968166Z DEBUG fixed log2 rows can be potentially reduced: got 56929, expected 131072
2025-10-28T16:11:16.968156Z DEBUG compress:generate records and traces:generate traces:generate traces for shard: generated trace for chip PublicValues in 15.918µs
2025-10-28T16:11:16.968394Z DEBUG compress:generate records and traces:generate traces:generate traces for shard: generated trace for chip MemoryConst in 264.405µs
2025-10-28T16:11:16.969826Z DEBUG fixed log2 rows can be potentially reduced: got 160079, expected 524288
2025-10-28T16:11:16.970029Z DEBUG compress:generate records and traces:generate traces:generate traces for shard: generated trace for chip BaseAlu in 1.892744ms
2025-10-28T16:11:16.970823Z DEBUG generate exp reverse bits len trace: fixed log2 rows can be potentially reduced: got 42100, expected 262144 rows=2300
2025-10-28T16:11:16.970890Z DEBUG generate batch fri trace: fixed log2 rows can be potentially reduced: got 147800, expected 524288 rows=147800
2025-10-28T16:11:16.974618Z DEBUG compress:generate records and traces:generate traces:generate traces for shard: generated trace for chip MemoryVar in 6.478763ms
2025-10-28T16:11:16.975223Z DEBUG compress:generate records and traces:generate traces:generate traces for shard: generated trace for chip ExtAlu in 7.086584ms
2025-10-28T16:11:16.975220Z DEBUG compress:generate records and traces:generate traces:generate traces for shard: generated trace for chip Select in 7.084689ms
2025-10-28T16:11:16.984330Z DEBUG generate batch fri trace: close time.busy=16.2ms time.idle=6.31µs rows=147800
2025-10-28T16:11:16.984386Z DEBUG compress:generate records and traces:generate traces:generate traces for shard: generated trace for chip BatchFRI in 16.253007ms
2025-10-28T16:11:17.022726Z DEBUG generate exp reverse bits len trace: close time.busy=54.6ms time.idle=6.75µs rows=2300
2025-10-28T16:11:17.022787Z DEBUG compress:generate records and traces:generate traces:generate traces for shard: generated trace for chip ExpReverseBitsLen in 54.651221ms
2025-10-28T16:11:17.864923Z DEBUG generate poseidon2 wide trace: close time.busy=897ms time.idle=15.9µs rows=40539
2025-10-28T16:11:17.864981Z DEBUG compress:generate records and traces:generate traces:generate traces for shard: generated trace for chip Poseidon2WideDeg3 in 896.851319ms
2025-10-28T16:11:17.873695Z DEBUG compress:generate records and traces:generate traces:generate traces for shard: close time.busy=909ms time.idle=3.69µs
2025-10-28T16:11:17.873725Z DEBUG compress:generate records and traces:generate traces: close time.busy=909ms time.idle=3.65µs
2025-10-28T16:11:21.907415Z DEBUG compress:prove:batch:Setup compress program:setup machine:commit to preprocessed traces: close time.busy=7.76s time.idle=7.47µs
2025-10-28T16:11:21.907530Z DEBUG compress:prove:batch:Setup compress program:setup machine:generate preprocessed traces: close time.busy=223ms time.idle=7.92s
2025-10-28T16:11:21.907546Z DEBUG compress:prove:batch:Setup compress program:setup machine: close time.busy=8.15s time.idle=3.44µs
2025-10-28T16:11:21.907559Z DEBUG compress:prove:batch:Setup compress program: close time.busy=8.15s time.idle=3.55µs
2025-10-28T16:11:21.907593Z DEBUG compress:prove:batch:observe proving key: close time.busy=11.5µs time.idle=3.50µs
2025-10-28T16:11:27.634401Z DEBUG compress:prove:batch:Setup compress program:setup machine:commit to preprocessed traces: close time.busy=13.4s time.idle=6.48µs
2025-10-28T16:11:27.634665Z DEBUG compress:prove:batch:Setup compress program:setup machine:generate preprocessed traces: close time.busy=471ms time.idle=13.7s
2025-10-28T16:11:27.634683Z DEBUG compress:prove:batch:Setup compress program:setup machine: close time.busy=14.1s time.idle=3.19µs
2025-10-28T16:11:27.634719Z DEBUG compress:prove:batch:Setup compress program: close time.busy=14.1s time.idle=17.9µs
2025-10-28T16:11:27.634752Z DEBUG compress:prove:batch:observe proving key: close time.busy=11.9µs time.idle=3.21µs
2025-10-28T16:11:40.355992Z DEBUG compress:prove:batch:commit: close time.busy=18.4s time.idle=4.21µs
2025-10-28T16:11:43.175010Z DEBUG compress:prove:batch:open:generate permutation traces: close time.busy=2.82s time.idle=4.48µs
2025-10-28T16:11:43.175091Z DEBUG compress:prove:batch:open: BatchFRI        | Main Cols = 13    | Pre Cols = 6      | Perm Cols = 12    | Rows = 2097152 | Cells = 65011712  
2025-10-28T16:11:43.175110Z DEBUG compress:prove:batch:open: MemoryVar       | Main Cols = 8     | Pre Cols = 4      | Perm Cols = 8     | Rows = 1048576 | Cells = 20971520  
2025-10-28T16:11:43.175120Z DEBUG compress:prove:batch:open: Select          | Main Cols = 5     | Pre Cols = 8      | Perm Cols = 16    | Rows = 1048576 | Cells = 30408704  
2025-10-28T16:11:43.175130Z DEBUG compress:prove:batch:open: ExtAlu          | Main Cols = 48    | Pre Cols = 32     | Perm Cols = 28    | Rows = 524288 | Cells = 56623104  
2025-10-28T16:11:43.175141Z DEBUG compress:prove:batch:open: ExpReverseBitsLen | Main Cols = 7     | Pre Cols = 10     | Perm Cols = 12    | Rows = 262144 | Cells = 7602176   
2025-10-28T16:11:43.175155Z DEBUG compress:prove:batch:open: MemoryConst     | Main Cols = 1     | Pre Cols = 12     | Perm Cols = 8     | Rows = 262144 | Cells = 5505024   
2025-10-28T16:11:43.175169Z DEBUG compress:prove:batch:open: Poseidon2WideDeg3 | Main Cols = 313   | Pre Cols = 49     | Perm Cols = 68    | Rows = 262144 | Cells = 112721920 
2025-10-28T16:11:43.175179Z DEBUG compress:prove:batch:open: BaseAlu         | Main Cols = 12    | Pre Cols = 32     | Perm Cols = 28    | Rows = 65536 | Cells = 4718592   
2025-10-28T16:11:43.175192Z DEBUG compress:prove:batch:open: PublicValues    | Main Cols = 1     | Pre Cols = 10     | Perm Cols = 8     | Rows = 16    | Cells = 304       
2025-10-28T16:11:44.371395Z DEBUG compress:prove:batch:open:flatten permutation traces and collect domains: close time.busy=1.20s time.idle=5.43µs
2025-10-28T16:11:55.383731Z DEBUG compress:prove:batch:commit: close time.busy=27.7s time.idle=7.36µs
2025-10-28T16:11:58.251271Z DEBUG compress:prove:batch:open:generate permutation traces: close time.busy=2.87s time.idle=4.17µs
2025-10-28T16:11:58.251330Z DEBUG compress:prove:batch:open: BatchFRI        | Main Cols = 13    | Pre Cols = 6      | Perm Cols = 12    | Rows = 2097152 | Cells = 65011712  
2025-10-28T16:11:58.251344Z DEBUG compress:prove:batch:open: MemoryVar       | Main Cols = 8     | Pre Cols = 4      | Perm Cols = 8     | Rows = 1048576 | Cells = 20971520  
2025-10-28T16:11:58.251353Z DEBUG compress:prove:batch:open: Select          | Main Cols = 5     | Pre Cols = 8      | Perm Cols = 16    | Rows = 1048576 | Cells = 30408704  
2025-10-28T16:11:58.251362Z DEBUG compress:prove:batch:open: ExtAlu          | Main Cols = 48    | Pre Cols = 32     | Perm Cols = 28    | Rows = 524288 | Cells = 56623104  
2025-10-28T16:11:58.251371Z DEBUG compress:prove:batch:open: ExpReverseBitsLen | Main Cols = 7     | Pre Cols = 10     | Perm Cols = 12    | Rows = 262144 | Cells = 7602176   
2025-10-28T16:11:58.251379Z DEBUG compress:prove:batch:open: MemoryConst     | Main Cols = 1     | Pre Cols = 12     | Perm Cols = 8     | Rows = 262144 | Cells = 5505024   
2025-10-28T16:11:58.251389Z DEBUG compress:prove:batch:open: Poseidon2WideDeg3 | Main Cols = 313   | Pre Cols = 49     | Perm Cols = 68    | Rows = 262144 | Cells = 112721920 
2025-10-28T16:11:58.251398Z DEBUG compress:prove:batch:open: BaseAlu         | Main Cols = 12    | Pre Cols = 32     | Perm Cols = 28    | Rows = 65536 | Cells = 4718592   
2025-10-28T16:11:58.251406Z DEBUG compress:prove:batch:open: PublicValues    | Main Cols = 1     | Pre Cols = 10     | Perm Cols = 8     | Rows = 16    | Cells = 304       
2025-10-28T16:11:59.741201Z DEBUG compress:prove:batch:open:flatten permutation traces and collect domains: close time.busy=1.49s time.idle=11.4µs
2025-10-28T16:12:05.892758Z DEBUG compress:prove:batch:open:commit to permutation traces: close time.busy=21.5s time.idle=6.41µs
2025-10-28T16:12:05.893982Z DEBUG compress:prove:batch:open:compute quotient values:compute quotient values for domain: close time.busy=784µs time.idle=4.60µs
2025-10-28T16:12:06.726014Z DEBUG compress:prove:batch:open:compute quotient values:compute quotient values for domain: close time.busy=833ms time.idle=4.91µs
2025-10-28T16:12:06.736540Z DEBUG compress:prove:batch:open:compute quotient values:compute quotient values for domain: close time.busy=843ms time.idle=10.3µs
2025-10-28T16:12:07.012768Z DEBUG compress:prove:batch:open:compute quotient values:compute quotient values for domain: close time.busy=1.12s time.idle=42.5µs
2025-10-28T16:12:15.647181Z DEBUG compress:prove:batch:open:compute quotient values:compute quotient values for domain: close time.busy=9.75s time.idle=25.1µs
2025-10-28T16:12:15.701795Z DEBUG compress:prove:batch:open:compute quotient values:compute quotient values for domain: close time.busy=9.81s time.idle=9.90µs
2025-10-28T16:12:15.720303Z DEBUG compress:prove:batch:open:compute quotient values:compute quotient values for domain: close time.busy=9.83s time.idle=11.9µs
2025-10-28T16:12:15.817817Z DEBUG compress:prove:batch:open:compute quotient values:compute quotient values for domain: close time.busy=9.92s time.idle=8.68µs
2025-10-28T16:12:18.708022Z DEBUG compress:prove:batch:open:compute quotient values:compute quotient values for domain: close time.busy=12.8s time.idle=5.56µs
2025-10-28T16:12:26.355407Z DEBUG compress:prove:batch:open:commit to permutation traces: close time.busy=26.6s time.idle=5.77µs
2025-10-28T16:12:26.356016Z DEBUG compress:prove:batch:open:compute quotient values:compute quotient values for domain: close time.busy=221µs time.idle=5.95µs
2025-10-28T16:12:27.501086Z DEBUG compress:prove:batch:open:compute quotient values:compute quotient values for domain: close time.busy=1.15s time.idle=7.66µs
2025-10-28T16:12:27.505597Z DEBUG compress:prove:batch:open:compute quotient values:compute quotient values for domain: close time.busy=1.15s time.idle=48.0µs
2025-10-28T16:12:27.512638Z DEBUG compress:prove:batch:open:compute quotient values:compute quotient values for domain: close time.busy=1.16s time.idle=5.64µs
2025-10-28T16:12:38.849607Z DEBUG compress:prove:batch:open:compute quotient values:compute quotient values for domain: close time.busy=12.5s time.idle=7.08µs
2025-10-28T16:12:38.874453Z DEBUG compress:prove:batch:open:compute quotient values:compute quotient values for domain: close time.busy=12.5s time.idle=36.1µs
2025-10-28T16:12:39.009847Z DEBUG compress:prove:batch:open:compute quotient values:compute quotient values for domain: close time.busy=12.7s time.idle=6.88µs
2025-10-28T16:12:39.045567Z DEBUG compress:prove:batch:open:compute quotient values:compute quotient values for domain: close time.busy=12.7s time.idle=7.09µs
2025-10-28T16:12:39.074730Z DEBUG compress:prove:batch:open:compute quotient values:compute quotient values for domain: close time.busy=12.7s time.idle=19.4µs
2025-10-28T16:12:43.272361Z DEBUG compress:prove:batch:open:commit to quotient traces: close time.busy=24.0s time.idle=6.81µs
2025-10-28T16:12:43.272522Z DEBUG compress:prove:batch:open:compute preprocessed opening points: close time.busy=7.00µs time.idle=3.43µs
2025-10-28T16:12:43.272589Z DEBUG compress:prove:batch:open:compute main trace opening points: close time.busy=49.0µs time.idle=2.35µs
2025-10-28T16:12:43.272633Z DEBUG compress:prove:batch:open:compute permutation trace opening points: close time.busy=28.1µs time.idle=2.36µs
2025-10-28T16:12:49.088422Z DEBUG compress:prove:batch:open:commit to quotient traces: close time.busy=9.27s time.idle=13.1µs
2025-10-28T16:12:49.088548Z DEBUG compress:prove:batch:open:compute preprocessed opening points: close time.busy=11.6µs time.idle=3.54µs
2025-10-28T16:12:49.088580Z DEBUG compress:prove:batch:open:compute main trace opening points: close time.busy=16.0µs time.idle=2.18µs
2025-10-28T16:12:49.088600Z DEBUG compress:prove:batch:open:compute permutation trace opening points: close time.busy=4.94µs time.idle=2.05µs
2025-10-28T16:13:04.487712Z DEBUG compress:prove:batch:open:open multi batches: close time.busy=21.2s time.idle=4.59µs
2025-10-28T16:13:04.550289Z DEBUG compress:prove:batch:open:compute quotient values: close time.busy=12.8s time.idle=45.8s
2025-10-28T16:13:05.107745Z DEBUG compress:prove:batch:open: close time.busy=84.8s time.idle=5.77µs
2025-10-28T16:13:09.956416Z DEBUG compress:prove:batch:open:open multi batches: close time.busy=20.9s time.idle=4.02µs
2025-10-28T16:13:10.013851Z DEBUG compress:prove:batch:open:compute quotient values: close time.busy=12.7s time.idle=30.9s
2025-10-28T16:13:10.522663Z DEBUG compress:prove:batch:open: close time.busy=75.1s time.idle=5.70µs
2025-10-28T16:13:10.775406Z DEBUG compress:prove:batch: close time.busy=117s time.idle=9.88µs
2025-10-28T16:13:10.810194Z DEBUG compress:prove:batch: close time.busy=117s time.idle=13.2µs
2025-10-28T16:13:10.879807Z DEBUG compress:generate records and traces:get program and witness stream: close time.busy=23.1ms time.idle=14.6µs
2025-10-28T16:13:10.886719Z DEBUG fixed log2 rows can be potentially reduced: got 42100, expected 262144
2025-10-28T16:13:10.886904Z DEBUG fixed log2 rows can be potentially reduced: got 56929, expected 131072
2025-10-28T16:13:10.890172Z DEBUG compress:prove:batch:Setup compress program:setup machine:generate preprocessed traces: generated preprocessed trace for chip MemoryConst in 33.414002ms
2025-10-28T16:13:10.890239Z DEBUG compress:prove:batch:Setup compress program:setup machine:generate preprocessed traces: generated preprocessed trace for chip BaseAlu in 33.471386ms
2025-10-28T16:13:10.891822Z DEBUG fixed log2 rows can be potentially reduced: got 81132, expected 262144
2025-10-28T16:13:10.891829Z DEBUG compress:prove:batch:Setup compress program:setup machine:generate preprocessed traces: generated preprocessed trace for chip PublicValues in 35.022827ms
2025-10-28T16:13:10.891822Z DEBUG fixed log2 rows can be potentially reduced: got 44900, expected 262144
2025-10-28T16:13:10.894707Z DEBUG compress:prove:batch:Setup compress program:setup machine:generate preprocessed traces: generated preprocessed trace for chip ExpReverseBitsLen in 34.226768ms
2025-10-28T16:13:10.897167Z DEBUG compress:prove:batch:Setup compress program:setup machine:generate preprocessed traces: generated preprocessed trace for chip MemoryVar in 40.38886ms
2025-10-28T16:13:10.897168Z DEBUG compress:prove:batch:Setup compress program:setup machine:generate preprocessed traces: generated preprocessed trace for chip BaseAlu in 40.316612ms
2025-10-28T16:13:10.897169Z DEBUG compress:prove:batch:Setup compress program:setup machine:generate preprocessed traces: generated preprocessed trace for chip Select in 39.518328ms
2025-10-28T16:13:10.901739Z DEBUG compress:prove:batch:Setup compress program:setup machine:generate preprocessed traces: generated preprocessed trace for chip PublicValues in 11.068592ms
2025-10-28T16:13:10.901851Z DEBUG compress:prove:batch:Setup compress program:setup machine:generate preprocessed traces: generated preprocessed trace for chip ExtAlu in 45.072963ms
2025-10-28T16:13:10.903694Z DEBUG compress:prove:batch:Setup compress program:setup machine:generate preprocessed traces: generated preprocessed trace for chip ExpReverseBitsLen in 46.897103ms
2025-10-28T16:13:10.909586Z DEBUG fixed log2 rows can be potentially reduced: got 147800, expected 524288
2025-10-28T16:13:10.912273Z DEBUG compress:prove:batch:Setup compress program:setup machine:generate preprocessed traces: generated preprocessed trace for chip MemoryConst in 55.677862ms
2025-10-28T16:13:10.915454Z DEBUG compress:prove:batch:Setup compress program:setup machine:generate preprocessed traces: generated preprocessed trace for chip BatchFRI in 25.1094ms
2025-10-28T16:13:10.916741Z DEBUG compress:prove:batch:Setup compress program:setup machine:generate preprocessed traces: generated preprocessed trace for chip Poseidon2WideDeg3 in 59.212597ms
2025-10-28T16:13:10.919958Z DEBUG fixed log2 rows can be potentially reduced: got 902800, expected 2097152
2025-10-28T16:13:10.939312Z DEBUG compress:prove:batch:Setup compress program:setup machine:generate preprocessed traces: generated preprocessed trace for chip Select in 82.531349ms
2025-10-28T16:13:10.976218Z DEBUG compress:prove:batch:Setup compress program:setup machine:generate preprocessed traces: generated preprocessed trace for chip MemoryVar in 119.553843ms
2025-10-28T16:13:10.981484Z DEBUG compress:prove:batch:Setup compress program:setup machine:generate preprocessed traces: generated preprocessed trace for chip Poseidon2WideDeg3 in 124.780558ms
2025-10-28T16:13:10.995195Z DEBUG compress:prove:batch:Setup compress program:setup machine:generate preprocessed traces: generated preprocessed trace for chip ExtAlu in 137.677204ms
2025-10-28T16:13:11.106218Z DEBUG compress:prove:batch:Setup compress program:setup machine:generate preprocessed traces: generated preprocessed trace for chip BatchFRI in 249.396648ms
2025-10-28T16:13:11.294240Z DEBUG compress:generate records and traces:execute runtime: close time.busy=414ms time.idle=5.02µs
2025-10-28T16:13:11.294319Z DEBUG compress:generate records and traces:generate dependencies:register nonces: close time.busy=1.18µs time.idle=3.27µs
2025-10-28T16:13:11.294338Z DEBUG compress:generate records and traces:generate dependencies: close time.busy=44.0µs time.idle=3.55µs
2025-10-28T16:13:11.294692Z DEBUG compress:generate records and traces:generate traces:generate traces for shard: generated trace for chip MemoryConst in 217.918µs
2025-10-28T16:13:11.295609Z DEBUG compress:generate records and traces:generate traces:generate traces for shard: generated trace for chip BaseAlu in 1.11612ms
2025-10-28T16:13:11.298513Z DEBUG compress:generate records and traces:generate traces:generate traces for shard: generated trace for chip PublicValues in 14.938µs
2025-10-28T16:13:11.298550Z DEBUG generate batch fri trace: fixed log2 rows can be potentially reduced: got 213200, expected 524288 rows=213200
2025-10-28T16:13:11.304938Z DEBUG compress:generate records and traces:generate traces:generate traces for shard: generated trace for chip Select in 6.440953ms
2025-10-28T16:13:11.310182Z DEBUG compress:generate records and traces:generate traces:generate traces for shard: generated trace for chip MemoryVar in 15.539865ms
2025-10-28T16:13:11.323070Z DEBUG generate exp reverse bits len trace: close time.busy=24.6ms time.idle=6.00µs rows=9200
2025-10-28T16:13:11.323120Z DEBUG compress:generate records and traces:generate traces:generate traces for shard: generated trace for chip ExpReverseBitsLen in 24.625261ms
2025-10-28T16:13:11.323339Z DEBUG compress:generate records and traces:generate traces:generate traces for shard: generated trace for chip ExtAlu in 28.796547ms
2025-10-28T16:13:11.340304Z DEBUG generate batch fri trace: close time.busy=45.7ms time.idle=5.68µs rows=213200
2025-10-28T16:13:11.340360Z DEBUG compress:generate records and traces:generate traces:generate traces for shard: generated trace for chip BatchFRI in 45.776718ms
2025-10-28T16:13:11.569647Z DEBUG generate poseidon2 wide trace: close time.busy=275ms time.idle=6.98µs rows=84598
2025-10-28T16:13:11.569706Z DEBUG compress:generate records and traces:generate traces:generate traces for shard: generated trace for chip Poseidon2WideDeg3 in 275.095683ms
2025-10-28T16:13:11.569795Z DEBUG compress:generate records and traces:generate traces:generate traces for shard: close time.busy=275ms time.idle=3.89µs
2025-10-28T16:13:11.569841Z DEBUG compress:generate records and traces:generate traces: close time.busy=275ms time.idle=3.82µs
2025-10-28T16:13:11.579607Z DEBUG compress:generate records and traces:get program and witness stream: close time.busy=9.73ms time.idle=6.62µs
2025-10-28T16:13:13.064160Z DEBUG compress:generate records and traces:execute runtime: close time.busy=1.48s time.idle=6.35µs
2025-10-28T16:13:13.064257Z DEBUG compress:generate records and traces:generate dependencies:register nonces: close time.busy=1.63µs time.idle=4.64µs
2025-10-28T16:13:13.064282Z DEBUG compress:generate records and traces:generate dependencies: close time.busy=62.1µs time.idle=3.82µs
2025-10-28T16:13:13.431177Z DEBUG fixed log2 rows can be potentially reduced: got 471504, expected 1048576
2025-10-28T16:13:13.431183Z DEBUG compress:generate records and traces:generate traces:generate traces for shard: generated trace for chip PublicValues in 21.283µs
2025-10-28T16:13:13.431880Z DEBUG compress:generate records and traces:generate traces:generate traces for shard: generated trace for chip MemoryConst in 723.069µs
2025-10-28T16:13:13.433054Z DEBUG compress:generate records and traces:generate traces:generate traces for shard: generated trace for chip BaseAlu in 1.893872ms
2025-10-28T16:13:13.435246Z DEBUG generate batch fri trace: fixed log2 rows can be potentially reduced: got 213200, expected 2097152 rows=213200
2025-10-28T16:13:13.435374Z DEBUG fixed log2 rows can be potentially reduced: got 346512, expected 1048576
2025-10-28T16:13:13.453303Z DEBUG compress:generate records and traces:generate traces:generate traces for shard: generated trace for chip Select in 22.141627ms
2025-10-28T16:13:13.466017Z DEBUG generate exp reverse bits len trace: close time.busy=34.8ms time.idle=8.66µs rows=9200
2025-10-28T16:13:13.466081Z DEBUG compress:generate records and traces:generate traces:generate traces for shard: generated trace for chip ExpReverseBitsLen in 34.922801ms
2025-10-28T16:13:13.538831Z DEBUG compress:generate records and traces:generate traces:generate traces for shard: generated trace for chip MemoryVar in 107.66951ms
2025-10-28T16:13:13.570833Z DEBUG compress:generate records and traces:generate traces:generate traces for shard: generated trace for chip ExtAlu in 139.671688ms
2025-10-28T16:13:13.754198Z DEBUG generate batch fri trace: close time.busy=323ms time.idle=9.45µs rows=213200
2025-10-28T16:13:13.754276Z DEBUG compress:generate records and traces:generate traces:generate traces for shard: generated trace for chip BatchFRI in 323.116997ms
2025-10-28T16:13:13.956098Z DEBUG generate poseidon2 wide trace: close time.busy=525ms time.idle=9.87µs rows=90000
2025-10-28T16:13:13.956171Z DEBUG compress:generate records and traces:generate traces:generate traces for shard: generated trace for chip Poseidon2WideDeg3 in 525.00919ms
2025-10-28T16:13:13.956787Z DEBUG compress:generate records and traces:generate traces:generate traces for shard: close time.busy=892ms time.idle=4.51µs
2025-10-28T16:13:13.956867Z DEBUG compress:generate records and traces:generate traces: close time.busy=893ms time.idle=4.51µs
2025-10-28T16:13:14.209148Z DEBUG compress:prove:batch:Setup compress program:setup machine:commit to preprocessed traces: close time.busy=3.19s time.idle=7.82µs
2025-10-28T16:13:14.209218Z DEBUG compress:prove:batch:Setup compress program:setup machine:generate preprocessed traces: close time.busy=60.9ms time.idle=3.29s
2025-10-28T16:13:14.209233Z DEBUG compress:prove:batch:Setup compress program:setup machine: close time.busy=3.35s time.idle=2.70µs
2025-10-28T16:13:14.209247Z DEBUG compress:prove:batch:Setup compress program: close time.busy=3.35s time.idle=3.72µs
2025-10-28T16:13:14.209282Z DEBUG compress:prove:batch:observe proving key: close time.busy=11.2µs time.idle=3.37µs
2025-10-28T16:13:24.431682Z DEBUG compress:prove:batch:commit: close time.busy=10.2s time.idle=3.85µs
2025-10-28T16:13:24.431683Z DEBUG compress:prove:batch:Setup compress program:setup machine:commit to preprocessed traces: close time.busy=13.1s time.idle=9.98µs
2025-10-28T16:13:24.431846Z DEBUG compress:prove:batch:Setup compress program:setup machine:generate preprocessed traces: close time.busy=251ms time.idle=13.3s
2025-10-28T16:13:24.431862Z DEBUG compress:prove:batch:Setup compress program:setup machine: close time.busy=13.6s time.idle=2.29µs
2025-10-28T16:13:24.431875Z DEBUG compress:prove:batch:Setup compress program: close time.busy=13.6s time.idle=3.11µs
2025-10-28T16:13:24.431916Z DEBUG compress:prove:batch:observe proving key: close time.busy=14.8µs time.idle=4.33µs
2025-10-28T16:13:25.502320Z DEBUG compress:prove:batch:open:generate permutation traces: close time.busy=1.07s time.idle=4.99µs
2025-10-28T16:13:25.502381Z DEBUG compress:prove:batch:open: BatchFRI        | Main Cols = 13    | Pre Cols = 6      | Perm Cols = 12    | Rows = 524288 | Cells = 16252928  
2025-10-28T16:13:25.502479Z DEBUG compress:prove:batch:open: MemoryVar       | Main Cols = 8     | Pre Cols = 4      | Perm Cols = 8     | Rows = 524288 | Cells = 10485760  
2025-10-28T16:13:25.502493Z DEBUG compress:prove:batch:open: Select          | Main Cols = 5     | Pre Cols = 8      | Perm Cols = 16    | Rows = 524288 | Cells = 15204352  
2025-10-28T16:13:25.502505Z DEBUG compress:prove:batch:open: ExpReverseBitsLen | Main Cols = 7     | Pre Cols = 10     | Perm Cols = 12    | Rows = 262144 | Cells = 7602176   
2025-10-28T16:13:25.502517Z DEBUG compress:prove:batch:open: MemoryConst     | Main Cols = 1     | Pre Cols = 12     | Perm Cols = 8     | Rows = 131072 | Cells = 2752512   
2025-10-28T16:13:25.502530Z DEBUG compress:prove:batch:open: Poseidon2WideDeg3 | Main Cols = 313   | Pre Cols = 49     | Perm Cols = 68    | Rows = 131072 | Cells = 56360960  
2025-10-28T16:13:25.502542Z DEBUG compress:prove:batch:open: BaseAlu         | Main Cols = 12    | Pre Cols = 32     | Perm Cols = 28    | Rows = 65536 | Cells = 4718592   
2025-10-28T16:13:25.502553Z DEBUG compress:prove:batch:open: ExtAlu          | Main Cols = 48    | Pre Cols = 32     | Perm Cols = 28    | Rows = 65536 | Cells = 7077888   
2025-10-28T16:13:25.502564Z DEBUG compress:prove:batch:open: PublicValues    | Main Cols = 1     | Pre Cols = 10     | Perm Cols = 8     | Rows = 16    | Cells = 304       
2025-10-28T16:13:25.832244Z DEBUG compress:prove:batch:open:flatten permutation traces and collect domains: close time.busy=330ms time.idle=5.73µs
2025-10-28T16:13:29.159850Z DEBUG compress:prove:batch:open:commit to permutation traces: close time.busy=3.33s time.idle=6.14µs
2025-10-28T16:13:29.160779Z DEBUG compress:prove:batch:open:compute quotient values:compute quotient values for domain: close time.busy=434µs time.idle=5.00µs
2025-10-28T16:13:33.838747Z DEBUG compress:prove:batch:open:compute quotient values:compute quotient values for domain: close time.busy=4.68s time.idle=6.50µs
2025-10-28T16:13:33.840693Z DEBUG compress:prove:batch:open:compute quotient values:compute quotient values for domain: close time.busy=4.68s time.idle=5.22µs
2025-10-28T16:13:33.841703Z DEBUG compress:prove:batch:open:compute quotient values:compute quotient values for domain: close time.busy=4.68s time.idle=4.62µs
2025-10-28T16:13:33.924624Z DEBUG compress:prove:batch:open:compute quotient values:compute quotient values for domain: close time.busy=4.76s time.idle=15.1µs
2025-10-28T16:13:33.934652Z DEBUG compress:prove:batch:open:compute quotient values:compute quotient values for domain: close time.busy=4.77s time.idle=5.90µs
2025-10-28T16:13:33.951893Z DEBUG compress:prove:batch:open:compute quotient values:compute quotient values for domain: close time.busy=4.79s time.idle=6.39µs
2025-10-28T16:13:33.971730Z DEBUG compress:prove:batch:open:compute quotient values:compute quotient values for domain: close time.busy=4.81s time.idle=18.7µs
2025-10-28T16:13:33.975722Z DEBUG compress:prove:batch:open:compute quotient values:compute quotient values for domain: close time.busy=4.82s time.idle=5.13µs
2025-10-28T16:13:36.674279Z DEBUG compress:prove:batch:open:commit to quotient traces: close time.busy=2.58s time.idle=6.11µs
2025-10-28T16:13:36.674363Z DEBUG compress:prove:batch:open:compute preprocessed opening points: close time.busy=7.54µs time.idle=4.22µs
2025-10-28T16:13:36.674391Z DEBUG compress:prove:batch:open:compute main trace opening points: close time.busy=8.41µs time.idle=3.08µs
2025-10-28T16:13:36.674416Z DEBUG compress:prove:batch:open:compute permutation trace opening points: close time.busy=6.42µs time.idle=2.98µs
2025-10-28T16:13:46.320878Z DEBUG compress:prove:batch:commit: close time.busy=21.9s time.idle=4.34µs
2025-10-28T16:13:49.161336Z DEBUG compress:prove:batch:open:generate permutation traces: close time.busy=2.84s time.idle=4.86µs
2025-10-28T16:13:49.161393Z DEBUG compress:prove:batch:open: BatchFRI        | Main Cols = 13    | Pre Cols = 6      | Perm Cols = 12    | Rows = 2097152 | Cells = 65011712  
2025-10-28T16:13:49.161406Z DEBUG compress:prove:batch:open: MemoryVar       | Main Cols = 8     | Pre Cols = 4      | Perm Cols = 8     | Rows = 1048576 | Cells = 20971520  
2025-10-28T16:13:49.161417Z DEBUG compress:prove:batch:open: Select          | Main Cols = 5     | Pre Cols = 8      | Perm Cols = 16    | Rows = 1048576 | Cells = 30408704  
2025-10-28T16:13:49.161472Z DEBUG compress:prove:batch:open: ExtAlu          | Main Cols = 48    | Pre Cols = 32     | Perm Cols = 28    | Rows = 524288 | Cells = 56623104  
2025-10-28T16:13:49.161484Z DEBUG compress:prove:batch:open: ExpReverseBitsLen | Main Cols = 7     | Pre Cols = 10     | Perm Cols = 12    | Rows = 262144 | Cells = 7602176   
2025-10-28T16:13:49.161493Z DEBUG compress:prove:batch:open: MemoryConst     | Main Cols = 1     | Pre Cols = 12     | Perm Cols = 8     | Rows = 262144 | Cells = 5505024   
2025-10-28T16:13:49.161503Z DEBUG compress:prove:batch:open: Poseidon2WideDeg3 | Main Cols = 313   | Pre Cols = 49     | Perm Cols = 68    | Rows = 262144 | Cells = 112721920 
2025-10-28T16:13:49.161512Z DEBUG compress:prove:batch:open: BaseAlu         | Main Cols = 12    | Pre Cols = 32     | Perm Cols = 28    | Rows = 65536 | Cells = 4718592   
2025-10-28T16:13:49.161520Z DEBUG compress:prove:batch:open: PublicValues    | Main Cols = 1     | Pre Cols = 10     | Perm Cols = 8     | Rows = 16    | Cells = 304       
2025-10-28T16:13:50.491932Z DEBUG compress:prove:batch:open:flatten permutation traces and collect domains: close time.busy=1.33s time.idle=5.44µs
2025-10-28T16:14:06.155164Z DEBUG compress:prove:batch:open:commit to permutation traces: close time.busy=15.7s time.idle=6.22µs
2025-10-28T16:14:06.156045Z DEBUG compress:prove:batch:open:compute quotient values:compute quotient values for domain: close time.busy=261µs time.idle=13.3µs
2025-10-28T16:14:07.360987Z DEBUG compress:prove:batch:open:compute quotient values:compute quotient values for domain: close time.busy=1.21s time.idle=6.07µs
2025-10-28T16:14:07.371599Z DEBUG compress:prove:batch:open:compute quotient values:compute quotient values for domain: close time.busy=1.22s time.idle=16.1µs
2025-10-28T16:14:08.148296Z DEBUG compress:prove:batch:open:compute quotient values:compute quotient values for domain: close time.busy=1.99s time.idle=11.2µs
2025-10-28T16:14:25.184598Z DEBUG compress:prove:batch:open:open multi batches: close time.busy=48.5s time.idle=4.31µs
2025-10-28T16:14:25.250061Z DEBUG compress:prove:batch:open:compute quotient values:compute quotient values for domain: close time.busy=19.1s time.idle=7.54µs
2025-10-28T16:14:25.278385Z DEBUG compress:prove:batch:open:compute quotient values:compute quotient values for domain: close time.busy=19.1s time.idle=6.78µs
2025-10-28T16:14:25.292526Z DEBUG compress:prove:batch:open:compute quotient values:compute quotient values for domain: close time.busy=19.1s time.idle=11.5µs
2025-10-28T16:14:25.300793Z DEBUG compress:prove:batch:open:compute quotient values: close time.busy=4.82s time.idle=51.3s
2025-10-28T16:14:25.323862Z DEBUG compress:prove:batch:open:compute quotient values:compute quotient values for domain: close time.busy=19.2s time.idle=16.1µs
2025-10-28T16:14:25.393538Z DEBUG compress:prove:batch:open:compute quotient values:compute quotient values for domain: close time.busy=19.2s time.idle=6.95µs
2025-10-28T16:14:25.518052Z DEBUG compress:prove:batch:open: close time.busy=61.1s time.idle=4.88µs
2025-10-28T16:14:34.048740Z DEBUG compress:prove:batch:open:commit to quotient traces: close time.busy=7.96s time.idle=8.68µs
2025-10-28T16:14:34.048965Z DEBUG compress:prove:batch:open:compute preprocessed opening points: close time.busy=14.4µs time.idle=91.2µs
2025-10-28T16:14:34.049011Z DEBUG compress:prove:batch:open:compute main trace opening points: close time.busy=24.9µs time.idle=2.56µs
2025-10-28T16:14:34.049044Z DEBUG compress:prove:batch:open:compute permutation trace opening points: close time.busy=11.6µs time.idle=2.29µs
2025-10-28T16:14:56.228981Z DEBUG compress:prove:batch:open:open multi batches: close time.busy=22.2s time.idle=4.44µs
2025-10-28T16:14:56.290093Z DEBUG compress:prove:batch:open:compute quotient values: close time.busy=19.2s time.idle=30.9s
2025-10-28T16:14:57.072786Z DEBUG compress:prove:batch:open: close time.busy=70.8s time.idle=5.92µs
2025-10-28T16:14:57.074044Z DEBUG compress:prove:batch: close time.busy=106s time.idle=5.19µs
2025-10-28T16:14:57.150513Z DEBUG compress:prove:batch:Setup compress program:setup machine:generate preprocessed traces: generated preprocessed trace for chip PublicValues in 72.748384ms
2025-10-28T16:14:57.153059Z DEBUG compress:prove:batch:Setup compress program:setup machine:generate preprocessed traces: generated preprocessed trace for chip ExpReverseBitsLen in 75.320591ms
2025-10-28T16:14:57.154301Z DEBUG compress:prove:batch:Setup compress program:setup machine:generate preprocessed traces: generated preprocessed trace for chip BaseAlu in 76.81112ms
2025-10-28T16:14:57.158045Z DEBUG compress:prove:batch:Setup compress program:setup machine:generate preprocessed traces: generated preprocessed trace for chip MemoryConst in 81.676088ms
2025-10-28T16:14:57.162570Z DEBUG compress:prove:batch:Setup compress program:setup machine:generate preprocessed traces: generated preprocessed trace for chip ExtAlu in 84.050234ms
2025-10-28T16:14:57.167316Z DEBUG compress:prove:batch:Setup compress program:setup machine:generate preprocessed traces: generated preprocessed trace for chip MemoryVar in 89.450456ms
2025-10-28T16:14:57.194869Z DEBUG fixed log2 rows can be potentially reduced: got 213200, expected 524288
2025-10-28T16:14:57.220299Z DEBUG compress:generate records and traces:get program and witness stream: close time.busy=145ms time.idle=34.3µs
2025-10-28T16:14:57.245156Z DEBUG compress:prove:batch:Setup compress program:setup machine:generate preprocessed traces: generated preprocessed trace for chip Select in 167.740217ms
2025-10-28T16:14:57.246060Z DEBUG compress:prove:batch:Setup compress program:setup machine:generate preprocessed traces: generated preprocessed trace for chip Poseidon2WideDeg3 in 168.7322ms
2025-10-28T16:14:57.264227Z DEBUG compress:prove:batch: close time.busy=106s time.idle=7.35µs
2025-10-28T16:14:57.264646Z DEBUG compress:prove:batch:Setup compress program:setup machine:generate preprocessed traces: generated preprocessed trace for chip BatchFRI in 186.988773ms
2025-10-28T16:14:57.332240Z DEBUG compress:prove:batch:Setup compress program:setup machine:generate preprocessed traces: generated preprocessed trace for chip PublicValues in 56.986214ms
2025-10-28T16:14:57.335344Z DEBUG compress:prove:batch:Setup compress program:setup machine:generate preprocessed traces: generated preprocessed trace for chip ExpReverseBitsLen in 60.091112ms
2025-10-28T16:14:57.342852Z DEBUG compress:prove:batch:Setup compress program:setup machine:generate preprocessed traces: generated preprocessed trace for chip BaseAlu in 67.721236ms
2025-10-28T16:14:57.343718Z DEBUG compress:prove:batch:Setup compress program:setup machine:generate preprocessed traces: generated preprocessed trace for chip MemoryVar in 68.613051ms
2025-10-28T16:14:57.348608Z DEBUG compress:prove:batch:Setup compress program:setup machine:generate preprocessed traces: generated preprocessed trace for chip MemoryConst in 73.566146ms
2025-10-28T16:14:57.353666Z DEBUG fixed log2 rows can be potentially reduced: got 213200, expected 2097152
2025-10-28T16:14:57.380337Z DEBUG compress:prove:batch:Setup compress program:setup machine:generate preprocessed traces: generated preprocessed trace for chip Select in 105.089674ms
2025-10-28T16:14:57.408271Z DEBUG compress:prove:batch:Setup compress program:setup machine:generate preprocessed traces: generated preprocessed trace for chip Poseidon2WideDeg3 in 133.075803ms
2025-10-28T16:14:57.428724Z DEBUG compress:prove:batch:Setup compress program:setup machine:generate preprocessed traces: generated preprocessed trace for chip ExtAlu in 153.554164ms
2025-10-28T16:14:57.497785Z DEBUG compress:prove:batch:Setup compress program:setup machine:generate preprocessed traces: generated preprocessed trace for chip BatchFRI in 222.523726ms
2025-10-28T16:14:57.785238Z DEBUG compress:generate records and traces:execute runtime: close time.busy=565ms time.idle=5.58µs
2025-10-28T16:14:57.785336Z DEBUG compress:generate records and traces:generate dependencies:register nonces: close time.busy=1.21µs time.idle=3.23µs
2025-10-28T16:14:57.785352Z DEBUG compress:generate records and traces:generate dependencies: close time.busy=56.1µs time.idle=3.52µs
2025-10-28T16:14:57.785737Z DEBUG fixed log2 rows can be potentially reduced: got 510704, expected 1048576
2025-10-28T16:14:57.785761Z DEBUG compress:generate records and traces:generate traces:generate traces for shard: generated trace for chip PublicValues in 14.162µs
2025-10-28T16:14:57.785987Z DEBUG compress:generate records and traces:generate traces:generate traces for shard: generated trace for chip MemoryConst in 473.992µs
2025-10-28T16:14:57.789005Z DEBUG compress:generate records and traces:generate traces:generate traces for shard: generated trace for chip BaseAlu in 3.254009ms
2025-10-28T16:14:57.789934Z DEBUG generate batch fri trace: fixed log2 rows can be potentially reduced: got 213200, expected 2097152 rows=213200
2025-10-28T16:14:57.795880Z DEBUG fixed log2 rows can be potentially reduced: got 367020, expected 1048576
2025-10-28T16:14:57.809374Z DEBUG generate exp reverse bits len trace: close time.busy=23.6ms time.idle=6.05µs rows=9200
2025-10-28T16:14:57.809452Z DEBUG compress:generate records and traces:generate traces:generate traces for shard: generated trace for chip ExpReverseBitsLen in 23.706779ms
2025-10-28T16:14:57.811757Z DEBUG compress:generate records and traces:generate traces:generate traces for shard: generated trace for chip Select in 26.027204ms
2025-10-28T16:14:57.891717Z DEBUG compress:generate records and traces:generate traces:generate traces for shard: generated trace for chip MemoryVar in 106.025639ms
2025-10-28T16:14:57.915895Z DEBUG compress:generate records and traces:generate traces:generate traces for shard: generated trace for chip ExtAlu in 130.139581ms
2025-10-28T16:14:58.109740Z DEBUG generate batch fri trace: close time.busy=324ms time.idle=7.17µs rows=213200
2025-10-28T16:14:58.109812Z DEBUG compress:generate records and traces:generate traces:generate traces for shard: generated trace for chip BatchFRI in 324.150496ms
2025-10-28T16:14:58.300529Z DEBUG generate poseidon2 wide trace: close time.busy=515ms time.idle=5.24µs rows=95402
2025-10-28T16:14:58.300586Z DEBUG compress:generate records and traces:generate traces:generate traces for shard: generated trace for chip Poseidon2WideDeg3 in 515.000787ms
2025-10-28T16:14:58.300750Z DEBUG compress:generate records and traces:generate traces:generate traces for shard: close time.busy=515ms time.idle=3.66µs
2025-10-28T16:14:58.300779Z DEBUG compress:generate records and traces:generate traces: close time.busy=515ms time.idle=4.13µs
2025-10-28T16:14:58.310108Z DEBUG compress:generate records and traces:get program and witness stream: close time.busy=9.29ms time.idle=6.57µs
2025-10-28T16:14:58.794653Z DEBUG compress:generate records and traces:execute runtime: close time.busy=484ms time.idle=6.68µs
2025-10-28T16:14:58.794766Z DEBUG compress:generate records and traces:generate dependencies:register nonces: close time.busy=1.56µs time.idle=3.95µs
2025-10-28T16:14:58.794788Z DEBUG compress:generate records and traces:generate dependencies: close time.busy=54.5µs time.idle=4.61µs
2025-10-28T16:14:58.795849Z DEBUG fixed log2 rows can be potentially reduced: got 471504, expected 1048576
2025-10-28T16:14:58.796011Z DEBUG compress:generate records and traces:generate traces:generate traces for shard: generated trace for chip PublicValues in 11.324µs
2025-10-28T16:14:58.796284Z DEBUG compress:generate records and traces:generate traces:generate traces for shard: generated trace for chip MemoryConst in 1.089128ms
2025-10-28T16:14:58.801998Z DEBUG generate batch fri trace: fixed log2 rows can be potentially reduced: got 213200, expected 2097152 rows=213200
2025-10-28T16:14:58.807884Z DEBUG compress:generate records and traces:generate traces:generate traces for shard: generated trace for chip BaseAlu in 10.12551ms
2025-10-28T16:14:58.823967Z DEBUG compress:generate records and traces:generate traces:generate traces for shard: generated trace for chip Select in 28.120412ms
2025-10-28T16:14:58.860721Z DEBUG fixed log2 rows can be potentially reduced: got 346512, expected 1048576
2025-10-28T16:14:58.873148Z DEBUG generate exp reverse bits len trace: close time.busy=77.2ms time.idle=6.05µs rows=9200
2025-10-28T16:14:58.873263Z DEBUG compress:generate records and traces:generate traces:generate traces for shard: generated trace for chip ExpReverseBitsLen in 77.326341ms
2025-10-28T16:14:59.010363Z DEBUG compress:generate records and traces:generate traces:generate traces for shard: generated trace for chip MemoryVar in 213.695033ms
2025-10-28T16:14:59.026022Z DEBUG compress:generate records and traces:generate traces:generate traces for shard: generated trace for chip ExtAlu in 227.842373ms
2025-10-28T16:14:59.207816Z DEBUG generate batch fri trace: close time.busy=411ms time.idle=6.19µs rows=213200
2025-10-28T16:14:59.207872Z DEBUG compress:generate records and traces:generate traces:generate traces for shard: generated trace for chip BatchFRI in 410.775299ms
2025-10-28T16:14:59.952987Z DEBUG generate poseidon2 wide trace: close time.busy=1.16s time.idle=8.20µs rows=90000
2025-10-28T16:14:59.953047Z DEBUG compress:generate records and traces:generate traces:generate traces for shard: generated trace for chip Poseidon2WideDeg3 in 1.157277893s
2025-10-28T16:14:59.953271Z DEBUG compress:generate records and traces:generate traces:generate traces for shard: close time.busy=1.16s time.idle=5.12µs
2025-10-28T16:14:59.953325Z DEBUG compress:generate records and traces:generate traces: close time.busy=1.16s time.idle=4.21µs
2025-10-28T16:15:01.107622Z DEBUG compress:prove:batch:Setup compress program:setup machine:commit to preprocessed traces: close time.busy=3.69s time.idle=7.95µs
2025-10-28T16:15:01.107927Z DEBUG compress:prove:batch:Setup compress program:setup machine:generate preprocessed traces: close time.busy=190ms time.idle=3.84s
2025-10-28T16:15:01.108008Z DEBUG compress:prove:batch:Setup compress program:setup machine: close time.busy=4.03s time.idle=3.83µs
2025-10-28T16:15:01.108028Z DEBUG compress:prove:batch:Setup compress program: close time.busy=4.03s time.idle=4.59µs
2025-10-28T16:15:01.108146Z DEBUG compress:prove:batch:observe proving key: close time.busy=18.3µs time.idle=5.10µs
2025-10-28T16:15:07.870281Z DEBUG compress:prove:batch:Setup compress program:setup machine:commit to preprocessed traces: close time.busy=9.90s time.idle=7.75µs
2025-10-28T16:15:07.870418Z DEBUG compress:prove:batch:Setup compress program:setup machine:generate preprocessed traces: close time.busy=225ms time.idle=10.4s
2025-10-28T16:15:07.870463Z DEBUG compress:prove:batch:Setup compress program:setup machine: close time.busy=10.6s time.idle=3.64µs
2025-10-28T16:15:07.870512Z DEBUG compress:prove:batch:Setup compress program: close time.busy=10.6s time.idle=27.0µs
2025-10-28T16:15:07.870561Z DEBUG compress:prove:batch:observe proving key: close time.busy=11.8µs time.idle=3.88µs
2025-10-28T16:15:11.694077Z DEBUG compress:prove:batch:commit: close time.busy=10.6s time.idle=12.0µs
2025-10-28T16:15:12.882367Z DEBUG compress:prove:batch:open:generate permutation traces: close time.busy=1.19s time.idle=4.27µs
2025-10-28T16:15:12.882494Z DEBUG compress:prove:batch:open: BatchFRI        | Main Cols = 13    | Pre Cols = 6      | Perm Cols = 12    | Rows = 524288 | Cells = 16252928  
2025-10-28T16:15:12.882512Z DEBUG compress:prove:batch:open: MemoryVar       | Main Cols = 8     | Pre Cols = 4      | Perm Cols = 8     | Rows = 524288 | Cells = 10485760  
2025-10-28T16:15:12.882522Z DEBUG compress:prove:batch:open: Select          | Main Cols = 5     | Pre Cols = 8      | Perm Cols = 16    | Rows = 524288 | Cells = 15204352  
2025-10-28T16:15:12.882531Z DEBUG compress:prove:batch:open: ExpReverseBitsLen | Main Cols = 7     | Pre Cols = 10     | Perm Cols = 12    | Rows = 262144 | Cells = 7602176   
2025-10-28T16:15:12.882541Z DEBUG compress:prove:batch:open: MemoryConst     | Main Cols = 1     | Pre Cols = 12     | Perm Cols = 8     | Rows = 131072 | Cells = 2752512   
2025-10-28T16:15:12.882551Z DEBUG compress:prove:batch:open: Poseidon2WideDeg3 | Main Cols = 313   | Pre Cols = 49     | Perm Cols = 68    | Rows = 131072 | Cells = 56360960  
2025-10-28T16:15:12.882560Z DEBUG compress:prove:batch:open: BaseAlu         | Main Cols = 12    | Pre Cols = 32     | Perm Cols = 28    | Rows = 65536 | Cells = 4718592   
2025-10-28T16:15:12.882569Z DEBUG compress:prove:batch:open: ExtAlu          | Main Cols = 48    | Pre Cols = 32     | Perm Cols = 28    | Rows = 65536 | Cells = 7077888   
2025-10-28T16:15:12.882579Z DEBUG compress:prove:batch:open: PublicValues    | Main Cols = 1     | Pre Cols = 10     | Perm Cols = 8     | Rows = 16    | Cells = 304       
2025-10-28T16:15:13.203135Z DEBUG compress:prove:batch:open:flatten permutation traces and collect domains: close time.busy=321ms time.idle=5.47µs
2025-10-28T16:15:17.081858Z DEBUG compress:prove:batch:open:commit to permutation traces: close time.busy=3.88s time.idle=5.41µs
2025-10-28T16:15:17.087138Z DEBUG compress:prove:batch:open:compute quotient values:compute quotient values for domain: close time.busy=4.80ms time.idle=5.41µs
2025-10-28T16:15:20.286887Z DEBUG compress:prove:batch:open:compute quotient values:compute quotient values for domain: close time.busy=3.20s time.idle=13.7µs
2025-10-28T16:15:20.288340Z DEBUG compress:prove:batch:open:compute quotient values:compute quotient values for domain: close time.busy=3.21s time.idle=6.22µs
2025-10-28T16:15:20.291290Z DEBUG compress:prove:batch:open:compute quotient values:compute quotient values for domain: close time.busy=3.21s time.idle=11.0µs
2025-10-28T16:15:20.397094Z DEBUG compress:prove:batch:open:compute quotient values:compute quotient values for domain: close time.busy=3.31s time.idle=5.54µs
2025-10-28T16:15:20.414842Z DEBUG compress:prove:batch:open:compute quotient values:compute quotient values for domain: close time.busy=3.33s time.idle=5.26µs
2025-10-28T16:15:21.401573Z DEBUG compress:prove:batch:open:compute quotient values:compute quotient values for domain: close time.busy=4.32s time.idle=5.87µs
2025-10-28T16:15:21.414998Z DEBUG compress:prove:batch:open:compute quotient values:compute quotient values for domain: close time.busy=4.33s time.idle=6.41µs
2025-10-28T16:15:22.162064Z DEBUG compress:prove:batch:open:compute quotient values:compute quotient values for domain: close time.busy=5.08s time.idle=5.35µs
2025-10-28T16:15:38.773205Z DEBUG compress:prove:batch:open:commit to quotient traces: close time.busy=16.5s time.idle=6.00µs
2025-10-28T16:15:38.773368Z DEBUG compress:prove:batch:open:compute preprocessed opening points: close time.busy=57.5µs time.idle=4.83µs
2025-10-28T16:15:38.773465Z DEBUG compress:prove:batch:open:compute main trace opening points: close time.busy=69.7µs time.idle=3.44µs
2025-10-28T16:15:38.773494Z DEBUG compress:prove:batch:open:compute permutation trace opening points: close time.busy=6.54µs time.idle=3.12µs
2025-10-28T16:15:39.192496Z DEBUG compress:prove:batch:commit: close time.busy=31.3s time.idle=4.69µs
2025-10-28T16:15:43.417873Z DEBUG compress:prove:batch:open:generate permutation traces: close time.busy=4.23s time.idle=5.41µs
2025-10-28T16:15:43.417949Z DEBUG compress:prove:batch:open: BatchFRI        | Main Cols = 13    | Pre Cols = 6      | Perm Cols = 12    | Rows = 2097152 | Cells = 65011712  
2025-10-28T16:15:43.417968Z DEBUG compress:prove:batch:open: MemoryVar       | Main Cols = 8     | Pre Cols = 4      | Perm Cols = 8     | Rows = 1048576 | Cells = 20971520  
2025-10-28T16:15:43.417980Z DEBUG compress:prove:batch:open: Select          | Main Cols = 5     | Pre Cols = 8      | Perm Cols = 16    | Rows = 1048576 | Cells = 30408704  
2025-10-28T16:15:43.417992Z DEBUG compress:prove:batch:open: ExtAlu          | Main Cols = 48    | Pre Cols = 32     | Perm Cols = 28    | Rows = 524288 | Cells = 56623104  
2025-10-28T16:15:43.418004Z DEBUG compress:prove:batch:open: ExpReverseBitsLen | Main Cols = 7     | Pre Cols = 10     | Perm Cols = 12    | Rows = 262144 | Cells = 7602176   
2025-10-28T16:15:43.418016Z DEBUG compress:prove:batch:open: MemoryConst     | Main Cols = 1     | Pre Cols = 12     | Perm Cols = 8     | Rows = 262144 | Cells = 5505024   
2025-10-28T16:15:43.418030Z DEBUG compress:prove:batch:open: Poseidon2WideDeg3 | Main Cols = 313   | Pre Cols = 49     | Perm Cols = 68    | Rows = 262144 | Cells = 112721920 
2025-10-28T16:15:43.418042Z DEBUG compress:prove:batch:open: BaseAlu         | Main Cols = 12    | Pre Cols = 32     | Perm Cols = 28    | Rows = 65536 | Cells = 4718592   
2025-10-28T16:15:43.418055Z DEBUG compress:prove:batch:open: PublicValues    | Main Cols = 1     | Pre Cols = 10     | Perm Cols = 8     | Rows = 16    | Cells = 304       
2025-10-28T16:15:44.879014Z DEBUG compress:prove:batch:open:flatten permutation traces and collect domains: close time.busy=1.46s time.idle=7.12µs
2025-10-28T16:15:58.427540Z DEBUG compress:prove:batch:open:commit to permutation traces: close time.busy=13.5s time.idle=7.21µs
2025-10-28T16:15:58.428249Z DEBUG compress:prove:batch:open:compute quotient values:compute quotient values for domain: close time.busy=223µs time.idle=10.6µs
2025-10-28T16:15:59.891026Z DEBUG compress:prove:batch:open:compute quotient values:compute quotient values for domain: close time.busy=1.46s time.idle=7.07µs
2025-10-28T16:15:59.908138Z DEBUG compress:prove:batch:open:compute quotient values:compute quotient values for domain: close time.busy=1.48s time.idle=7.86µs
2025-10-28T16:15:59.927089Z DEBUG compress:prove:batch:open:compute quotient values:compute quotient values for domain: close time.busy=1.50s time.idle=7.62µs
2025-10-28T16:16:17.322849Z DEBUG compress:prove:batch:open:compute quotient values:compute quotient values for domain: close time.busy=18.9s time.idle=5.68µs
2025-10-28T16:16:17.337585Z DEBUG compress:prove:batch:open:compute quotient values:compute quotient values for domain: close time.busy=18.9s time.idle=7.42µs
2025-10-28T16:16:17.373935Z DEBUG compress:prove:batch:open:compute quotient values:compute quotient values for domain: close time.busy=18.9s time.idle=37.7µs
2025-10-28T16:16:17.382018Z DEBUG compress:prove:batch:open:compute quotient values:compute quotient values for domain: close time.busy=19.0s time.idle=5.64µs
2025-10-28T16:16:17.484953Z DEBUG compress:prove:batch:open:compute quotient values:compute quotient values for domain: close time.busy=19.1s time.idle=15.1µs
2025-10-28T16:16:18.774006Z DEBUG compress:prove:batch:open:open multi batches: close time.busy=40.0s time.idle=4.61µs
2025-10-28T16:16:18.774136Z DEBUG compress:prove:batch:open:compute quotient values: close time.busy=5.08s time.idle=56.6s
2025-10-28T16:16:18.891945Z DEBUG compress:prove:batch:open: close time.busy=67.2s time.idle=5.50µs
2025-10-28T16:16:18.892149Z DEBUG compress:prove:batch: close time.busy=81.8s time.idle=13.5µs
2025-10-28T16:16:18.985097Z DEBUG compress:prove:batch:Setup compress program:setup machine:generate preprocessed traces: generated preprocessed trace for chip PublicValues in 72.972426ms
2025-10-28T16:16:18.988771Z DEBUG compress:prove:batch:Setup compress program:setup machine:generate preprocessed traces: generated preprocessed trace for chip BaseAlu in 76.754035ms
2025-10-28T16:16:18.992253Z DEBUG compress:prove:batch:Setup compress program:setup machine:generate preprocessed traces: generated preprocessed trace for chip MemoryConst in 80.260328ms
2025-10-28T16:16:18.998669Z DEBUG compress:prove:batch:Setup compress program:setup machine:generate preprocessed traces: generated preprocessed trace for chip ExpReverseBitsLen in 86.596851ms
2025-10-28T16:16:19.010755Z DEBUG compress:prove:batch:Setup compress program:setup machine:generate preprocessed traces: generated preprocessed trace for chip MemoryVar in 98.737709ms
2025-10-28T16:16:19.019754Z DEBUG fixed log2 rows can be potentially reduced: got 213200, expected 2097152
2025-10-28T16:16:19.033388Z DEBUG compress:prove:batch:Setup compress program:setup machine:generate preprocessed traces: generated preprocessed trace for chip Select in 121.351654ms
2025-10-28T16:16:19.061532Z DEBUG compress:prove:batch:Setup compress program:setup machine:generate preprocessed traces: generated preprocessed trace for chip Poseidon2WideDeg3 in 149.518934ms
2025-10-28T16:16:19.093112Z DEBUG compress:prove:batch:Setup compress program:setup machine:generate preprocessed traces: generated preprocessed trace for chip ExtAlu in 181.031981ms
2025-10-28T16:16:19.194926Z DEBUG compress:prove:batch:Setup compress program:setup machine:generate preprocessed traces: generated preprocessed trace for chip BatchFRI in 282.881352ms
2025-10-28T16:16:34.771108Z DEBUG compress:prove:batch:Setup compress program:setup machine:commit to preprocessed traces: close time.busy=15.3s time.idle=9.90µs
2025-10-28T16:16:34.771235Z DEBUG compress:prove:batch:Setup compress program:setup machine:generate preprocessed traces: close time.busy=301ms time.idle=15.6s
2025-10-28T16:16:34.771264Z DEBUG compress:prove:batch:Setup compress program:setup machine: close time.busy=15.9s time.idle=2.87µs
2025-10-28T16:16:34.771292Z DEBUG compress:prove:batch:Setup compress program: close time.busy=15.9s time.idle=12.2µs
2025-10-28T16:16:34.771346Z DEBUG compress:prove:batch:observe proving key: close time.busy=16.5µs time.idle=4.19µs
2025-10-28T16:16:34.818097Z DEBUG compress:prove:batch:open:commit to quotient traces: close time.busy=16.5s time.idle=15.1µs
2025-10-28T16:16:34.818234Z DEBUG compress:prove:batch:open:compute preprocessed opening points: close time.busy=39.1µs time.idle=5.41µs
2025-10-28T16:16:34.818344Z DEBUG compress:prove:batch:open:compute main trace opening points: close time.busy=78.5µs time.idle=3.50µs
2025-10-28T16:16:34.818372Z DEBUG compress:prove:batch:open:compute permutation trace opening points: close time.busy=5.40µs time.idle=3.04µs
2025-10-28T16:16:55.729514Z DEBUG compress:prove:batch:commit: close time.busy=21.0s time.idle=4.90µs
2025-10-28T16:16:59.879169Z DEBUG compress:prove:batch:open:generate permutation traces: close time.busy=4.15s time.idle=4.63µs
2025-10-28T16:16:59.879233Z DEBUG compress:prove:batch:open: BatchFRI        | Main Cols = 13    | Pre Cols = 6      | Perm Cols = 12    | Rows = 2097152 | Cells = 65011712  
2025-10-28T16:16:59.879247Z DEBUG compress:prove:batch:open: MemoryVar       | Main Cols = 8     | Pre Cols = 4      | Perm Cols = 8     | Rows = 1048576 | Cells = 20971520  
2025-10-28T16:16:59.879257Z DEBUG compress:prove:batch:open: Select          | Main Cols = 5     | Pre Cols = 8      | Perm Cols = 16    | Rows = 1048576 | Cells = 30408704  
2025-10-28T16:16:59.879266Z DEBUG compress:prove:batch:open: ExtAlu          | Main Cols = 48    | Pre Cols = 32     | Perm Cols = 28    | Rows = 524288 | Cells = 56623104  
2025-10-28T16:16:59.879276Z DEBUG compress:prove:batch:open: ExpReverseBitsLen | Main Cols = 7     | Pre Cols = 10     | Perm Cols = 12    | Rows = 262144 | Cells = 7602176   
2025-10-28T16:16:59.879285Z DEBUG compress:prove:batch:open: MemoryConst     | Main Cols = 1     | Pre Cols = 12     | Perm Cols = 8     | Rows = 262144 | Cells = 5505024   
2025-10-28T16:16:59.879296Z DEBUG compress:prove:batch:open: Poseidon2WideDeg3 | Main Cols = 313   | Pre Cols = 49     | Perm Cols = 68    | Rows = 262144 | Cells = 112721920 
2025-10-28T16:16:59.879305Z DEBUG compress:prove:batch:open: BaseAlu         | Main Cols = 12    | Pre Cols = 32     | Perm Cols = 28    | Rows = 65536 | Cells = 4718592   
2025-10-28T16:16:59.879314Z DEBUG compress:prove:batch:open: PublicValues    | Main Cols = 1     | Pre Cols = 10     | Perm Cols = 8     | Rows = 16    | Cells = 304       
2025-10-28T16:17:01.353950Z DEBUG compress:prove:batch:open:flatten permutation traces and collect domains: close time.busy=1.47s time.idle=4.97µs
2025-10-28T16:17:15.212795Z DEBUG compress:prove:batch:open:commit to permutation traces: close time.busy=13.9s time.idle=6.13µs
2025-10-28T16:17:15.213618Z DEBUG compress:prove:batch:open:compute quotient values:compute quotient values for domain: close time.busy=454µs time.idle=5.63µs
2025-10-28T16:17:29.383637Z DEBUG compress:prove:batch:open:compute quotient values:compute quotient values for domain: close time.busy=14.2s time.idle=5.75µs
2025-10-28T16:17:29.391958Z DEBUG compress:prove:batch:open:compute quotient values:compute quotient values for domain: close time.busy=14.2s time.idle=4.97µs
2025-10-28T16:17:29.396647Z DEBUG compress:prove:batch:open:compute quotient values:compute quotient values for domain: close time.busy=14.2s time.idle=5.18µs
2025-10-28T16:17:29.574923Z DEBUG compress:prove:batch:open:compute quotient values:compute quotient values for domain: close time.busy=14.4s time.idle=20.2µs
2025-10-28T16:17:29.610330Z DEBUG compress:prove:batch:open:compute quotient values:compute quotient values for domain: close time.busy=14.4s time.idle=11.5µs
2025-10-28T16:17:29.617783Z DEBUG compress:prove:batch:open:compute quotient values:compute quotient values for domain: close time.busy=14.4s time.idle=5.89µs
2025-10-28T16:17:29.729268Z DEBUG compress:prove:batch:open:compute quotient values:compute quotient values for domain: close time.busy=14.5s time.idle=8.39µs
2025-10-28T16:17:37.637688Z DEBUG compress:prove:batch:open:compute quotient values:compute quotient values for domain: close time.busy=22.4s time.idle=7.75µs
2025-10-28T16:17:43.296919Z DEBUG compress:prove:batch:open:open multi batches: close time.busy=68.5s time.idle=5.98µs
2025-10-28T16:17:43.388383Z DEBUG compress:prove:batch:open:compute quotient values: close time.busy=19.1s time.idle=85.9s
2025-10-28T16:17:44.016012Z DEBUG compress:prove:batch:open: close time.busy=125s time.idle=7.01µs
2025-10-28T16:17:44.056360Z DEBUG compress:generate records and traces:get program and witness stream: close time.busy=33.6ms time.idle=34.1µs
2025-10-28T16:17:44.242077Z DEBUG compress:prove:batch: close time.busy=167s time.idle=7.79µs
2025-10-28T16:17:44.503991Z DEBUG compress:prove:batch:Setup compress program:setup machine:generate preprocessed traces: generated preprocessed trace for chip PublicValues in 259.400973ms
2025-10-28T16:17:44.516943Z DEBUG compress:prove:batch:Setup compress program:setup machine:generate preprocessed traces: generated preprocessed trace for chip BaseAlu in 272.444155ms
2025-10-28T16:17:44.517462Z DEBUG compress:prove:batch:Setup compress program:setup machine:generate preprocessed traces: generated preprocessed trace for chip MemoryConst in 273.063008ms
2025-10-28T16:17:44.518531Z DEBUG compress:prove:batch:Setup compress program:setup machine:generate preprocessed traces: generated preprocessed trace for chip MemoryVar in 273.943874ms
2025-10-28T16:17:44.520749Z DEBUG compress:prove:batch:Setup compress program:setup machine:generate preprocessed traces: generated preprocessed trace for chip ExpReverseBitsLen in 276.176889ms
2025-10-28T16:17:44.530815Z DEBUG fixed log2 rows can be potentially reduced: got 213200, expected 2097152
2025-10-28T16:17:44.561322Z DEBUG compress:prove:batch:Setup compress program:setup machine:generate preprocessed traces: generated preprocessed trace for chip Select in 316.775093ms
2025-10-28T16:17:44.573961Z DEBUG compress:prove:batch:Setup compress program:setup machine:generate preprocessed traces: generated preprocessed trace for chip Poseidon2WideDeg3 in 325.464028ms
2025-10-28T16:17:44.593047Z DEBUG compress:prove:batch:Setup compress program:setup machine:generate preprocessed traces: generated preprocessed trace for chip ExtAlu in 348.53308ms
2025-10-28T16:17:44.693966Z DEBUG compress:prove:batch:Setup compress program:setup machine:generate preprocessed traces: generated preprocessed trace for chip BatchFRI in 449.370727ms
2025-10-28T16:17:46.001464Z DEBUG compress:generate records and traces:execute runtime: close time.busy=1.94s time.idle=7.83µs
2025-10-28T16:17:46.001575Z DEBUG compress:generate records and traces:generate dependencies:register nonces: close time.busy=1.50µs time.idle=3.28µs
2025-10-28T16:17:46.001596Z DEBUG compress:generate records and traces:generate dependencies: close time.busy=58.8µs time.idle=4.45µs
2025-10-28T16:17:46.001909Z DEBUG fixed log2 rows can be potentially reduced: got 471504, expected 1048576
2025-10-28T16:17:46.002022Z DEBUG compress:generate records and traces:generate traces:generate traces for shard: generated trace for chip PublicValues in 8.867µs
2025-10-28T16:17:46.002158Z DEBUG compress:generate records and traces:generate traces:generate traces for shard: generated trace for chip MemoryConst in 371.554µs
2025-10-28T16:17:46.006112Z DEBUG generate batch fri trace: fixed log2 rows can be potentially reduced: got 213200, expected 2097152 rows=213200
2025-10-28T16:17:46.006892Z DEBUG fixed log2 rows can be potentially reduced: got 346512, expected 1048576
2025-10-28T16:17:46.040103Z DEBUG compress:generate records and traces:generate traces:generate traces for shard: generated trace for chip Select in 38.193294ms
2025-10-28T16:17:46.040986Z DEBUG generate exp reverse bits len trace: close time.busy=39.0ms time.idle=6.89µs rows=9200
2025-10-28T16:17:46.041031Z DEBUG compress:generate records and traces:generate traces:generate traces for shard: generated trace for chip ExpReverseBitsLen in 39.06858ms
2025-10-28T16:17:46.076044Z DEBUG compress:generate records and traces:generate traces:generate traces for shard: generated trace for chip MemoryVar in 73.990725ms
2025-10-28T16:17:46.183751Z DEBUG compress:generate records and traces:generate traces:generate traces for shard: generated trace for chip ExtAlu in 178.1722ms
2025-10-28T16:17:46.485268Z DEBUG generate batch fri trace: close time.busy=483ms time.idle=12.6µs rows=213200
2025-10-28T16:17:46.485335Z DEBUG compress:generate records and traces:generate traces:generate traces for shard: generated trace for chip BatchFRI in 483.290659ms
2025-10-28T16:17:47.253791Z DEBUG generate poseidon2 wide trace: close time.busy=1.25s time.idle=5.99µs rows=90000
2025-10-28T16:17:47.253859Z DEBUG compress:generate records and traces:generate traces:generate traces for shard: generated trace for chip Poseidon2WideDeg3 in 1.252008346s
2025-10-28T16:17:48.375764Z DEBUG compress:generate records and traces:generate traces:generate traces for shard: generated trace for chip BaseAlu in 2.370253273s
2025-10-28T16:17:48.375944Z DEBUG compress:generate records and traces:generate traces:generate traces for shard: close time.busy=2.37s time.idle=4.96µs
2025-10-28T16:17:48.376023Z DEBUG compress:generate records and traces:generate traces: close time.busy=2.37s time.idle=4.27µs
2025-10-28T16:17:50.188030Z DEBUG compress:prove:batch:open:commit to quotient traces: close time.busy=11.6s time.idle=7.62µs
2025-10-28T16:17:50.188149Z DEBUG compress:prove:batch:open:compute preprocessed opening points: close time.busy=37.0µs time.idle=4.37µs
2025-10-28T16:17:50.188173Z DEBUG compress:prove:batch:open:compute main trace opening points: close time.busy=6.02µs time.idle=2.20µs
2025-10-28T16:17:50.188192Z DEBUG compress:prove:batch:open:compute permutation trace opening points: close time.busy=4.04µs time.idle=2.24µs
2025-10-28T16:17:59.633728Z DEBUG compress:prove:batch:Setup compress program:setup machine:commit to preprocessed traces: close time.busy=13.4s time.idle=8.13µs
2025-10-28T16:17:59.633816Z DEBUG compress:prove:batch:Setup compress program:setup machine:generate preprocessed traces: close time.busy=1.67s time.idle=13.7s
2025-10-28T16:17:59.633834Z DEBUG compress:prove:batch:Setup compress program:setup machine: close time.busy=15.4s time.idle=3.33µs
2025-10-28T16:17:59.633848Z DEBUG compress:prove:batch:Setup compress program: close time.busy=15.4s time.idle=3.80µs
2025-10-28T16:17:59.633892Z DEBUG compress:prove:batch:observe proving key: close time.busy=15.3µs time.idle=3.82µs
2025-10-28T16:18:21.830774Z DEBUG compress:prove:batch:commit: close time.busy=22.2s time.idle=4.61µs
2025-10-28T16:18:25.772467Z DEBUG compress:prove:batch:open:generate permutation traces: close time.busy=3.94s time.idle=219µs
2025-10-28T16:18:25.772598Z DEBUG compress:prove:batch:open: BatchFRI        | Main Cols = 13    | Pre Cols = 6      | Perm Cols = 12    | Rows = 2097152 | Cells = 65011712  
2025-10-28T16:18:25.772622Z DEBUG compress:prove:batch:open: MemoryVar       | Main Cols = 8     | Pre Cols = 4      | Perm Cols = 8     | Rows = 1048576 | Cells = 20971520  
2025-10-28T16:18:25.772640Z DEBUG compress:prove:batch:open: Select          | Main Cols = 5     | Pre Cols = 8      | Perm Cols = 16    | Rows = 1048576 | Cells = 30408704  
2025-10-28T16:18:25.772658Z DEBUG compress:prove:batch:open: ExtAlu          | Main Cols = 48    | Pre Cols = 32     | Perm Cols = 28    | Rows = 524288 | Cells = 56623104  
2025-10-28T16:18:25.772676Z DEBUG compress:prove:batch:open: ExpReverseBitsLen | Main Cols = 7     | Pre Cols = 10     | Perm Cols = 12    | Rows = 262144 | Cells = 7602176   
2025-10-28T16:18:25.772694Z DEBUG compress:prove:batch:open: MemoryConst     | Main Cols = 1     | Pre Cols = 12     | Perm Cols = 8     | Rows = 262144 | Cells = 5505024   
2025-10-28T16:18:25.772713Z DEBUG compress:prove:batch:open: Poseidon2WideDeg3 | Main Cols = 313   | Pre Cols = 49     | Perm Cols = 68    | Rows = 262144 | Cells = 112721920 
2025-10-28T16:18:25.772729Z DEBUG compress:prove:batch:open: BaseAlu         | Main Cols = 12    | Pre Cols = 32     | Perm Cols = 28    | Rows = 65536 | Cells = 4718592   
2025-10-28T16:18:25.772746Z DEBUG compress:prove:batch:open: PublicValues    | Main Cols = 1     | Pre Cols = 10     | Perm Cols = 8     | Rows = 16    | Cells = 304       
2025-10-28T16:18:27.394662Z DEBUG compress:prove:batch:open:flatten permutation traces and collect domains: close time.busy=1.62s time.idle=8.09µs
2025-10-28T16:18:43.807963Z DEBUG compress:prove:batch:open:commit to permutation traces: close time.busy=16.4s time.idle=16.1µs
2025-10-28T16:18:43.808875Z DEBUG compress:prove:batch:open:compute quotient values:compute quotient values for domain: close time.busy=455µs time.idle=6.01µs
2025-10-28T16:18:45.173339Z DEBUG compress:prove:batch:open:compute quotient values:compute quotient values for domain: close time.busy=1.36s time.idle=5.89µs
2025-10-28T16:18:45.229590Z DEBUG compress:prove:batch:open:compute quotient values:compute quotient values for domain: close time.busy=1.42s time.idle=32.0µs
2025-10-28T16:18:59.174877Z DEBUG compress:prove:batch:open:compute quotient values:compute quotient values for domain: close time.busy=15.4s time.idle=6.15µs
2025-10-28T16:18:59.643735Z DEBUG compress:prove:batch:open:compute quotient values:compute quotient values for domain: close time.busy=15.8s time.idle=29.2µs
2025-10-28T16:18:59.669988Z DEBUG compress:prove:batch:open:compute quotient values:compute quotient values for domain: close time.busy=15.9s time.idle=4.76µs
2025-10-28T16:18:59.683632Z DEBUG compress:prove:batch:open:compute quotient values:compute quotient values for domain: close time.busy=15.9s time.idle=15.4µs
2025-10-28T16:18:59.717652Z DEBUG compress:prove:batch:open:compute quotient values:compute quotient values for domain: close time.busy=15.9s time.idle=5.55µs
2025-10-28T16:19:05.287699Z DEBUG compress:prove:batch:open:compute quotient values:compute quotient values for domain: close time.busy=21.5s time.idle=11.5µs
2025-10-28T16:19:05.428526Z DEBUG compress:prove:batch:open:open multi batches: close time.busy=75.2s time.idle=5.69µs
2025-10-28T16:19:05.707947Z DEBUG compress:prove:batch:open:compute quotient values: close time.busy=22.4s time.idle=88.1s
2025-10-28T16:19:06.547588Z DEBUG compress:prove:batch:open: close time.busy=131s time.idle=5.31µs
2025-10-28T16:19:06.697462Z DEBUG compress:prove:batch: close time.busy=168s time.idle=41.3µs
2025-10-28T16:19:06.888852Z DEBUG compress:prove:batch:Setup compress program:setup machine:generate preprocessed traces: generated preprocessed trace for chip PublicValues in 188.954679ms
2025-10-28T16:19:06.893257Z DEBUG compress:prove:batch:Setup compress program:setup machine:generate preprocessed traces: generated preprocessed trace for chip BaseAlu in 192.887263ms
2025-10-28T16:19:06.895746Z DEBUG compress:prove:batch:Setup compress program:setup machine:generate preprocessed traces: generated preprocessed trace for chip ExpReverseBitsLen in 195.899301ms
2025-10-28T16:19:06.897007Z DEBUG compress:prove:batch:Setup compress program:setup machine:generate preprocessed traces: generated preprocessed trace for chip MemoryConst in 197.375605ms
2025-10-28T16:19:06.917876Z DEBUG compress:prove:batch:Setup compress program:setup machine:generate preprocessed traces: generated preprocessed trace for chip MemoryVar in 217.33991ms
2025-10-28T16:19:06.930301Z DEBUG fixed log2 rows can be potentially reduced: got 213200, expected 2097152
2025-10-28T16:19:06.983204Z DEBUG compress:prove:batch:Setup compress program:setup machine:generate preprocessed traces: generated preprocessed trace for chip Select in 283.418844ms
2025-10-28T16:19:06.983191Z DEBUG compress:prove:batch:Setup compress program:setup machine:generate preprocessed traces: generated preprocessed trace for chip Poseidon2WideDeg3 in 283.45097ms
2025-10-28T16:19:06.999470Z DEBUG compress:prove:batch:Setup compress program:setup machine:generate preprocessed traces: generated preprocessed trace for chip ExtAlu in 299.041601ms
2025-10-28T16:19:07.230771Z DEBUG compress:prove:batch:Setup compress program:setup machine:generate preprocessed traces: generated preprocessed trace for chip BatchFRI in 530.793887ms
2025-10-28T16:19:23.363444Z DEBUG compress:prove:batch:Setup compress program:setup machine:commit to preprocessed traces: close time.busy=15.8s time.idle=7.82µs
2025-10-28T16:19:23.363599Z DEBUG compress:prove:batch:Setup compress program:setup machine:generate preprocessed traces: close time.busy=532ms time.idle=16.1s
2025-10-28T16:19:23.363622Z DEBUG compress:prove:batch:Setup compress program:setup machine: close time.busy=16.7s time.idle=3.08µs
2025-10-28T16:19:23.363646Z DEBUG compress:prove:batch:Setup compress program: close time.busy=16.7s time.idle=9.88µs
2025-10-28T16:19:23.363714Z DEBUG compress:prove:batch:observe proving key: close time.busy=16.4µs time.idle=4.65µs
2025-10-28T16:19:23.365922Z DEBUG compress:prove:batch:open:commit to quotient traces: close time.busy=16.4s time.idle=6.50µs
2025-10-28T16:19:23.366013Z DEBUG compress:prove:batch:open:compute preprocessed opening points: close time.busy=20.7µs time.idle=3.50µs
2025-10-28T16:19:23.366077Z DEBUG compress:prove:batch:open:compute main trace opening points: close time.busy=46.0µs time.idle=2.57µs
2025-10-28T16:19:23.366111Z DEBUG compress:prove:batch:open:compute permutation trace opening points: close time.busy=13.2µs time.idle=2.98µs
2025-10-28T16:19:46.594493Z DEBUG compress:prove:batch:commit: close time.busy=23.2s time.idle=5.88µs
2025-10-28T16:19:50.701854Z DEBUG compress:prove:batch:open:generate permutation traces: close time.busy=4.11s time.idle=5.41µs
2025-10-28T16:19:50.701981Z DEBUG compress:prove:batch:open: BatchFRI        | Main Cols = 13    | Pre Cols = 6      | Perm Cols = 12    | Rows = 2097152 | Cells = 65011712  
2025-10-28T16:19:50.702033Z DEBUG compress:prove:batch:open: MemoryVar       | Main Cols = 8     | Pre Cols = 4      | Perm Cols = 8     | Rows = 1048576 | Cells = 20971520  
2025-10-28T16:19:50.702050Z DEBUG compress:prove:batch:open: Select          | Main Cols = 5     | Pre Cols = 8      | Perm Cols = 16    | Rows = 1048576 | Cells = 30408704  
2025-10-28T16:19:50.702062Z DEBUG compress:prove:batch:open: ExtAlu          | Main Cols = 48    | Pre Cols = 32     | Perm Cols = 28    | Rows = 524288 | Cells = 56623104  
2025-10-28T16:19:50.702074Z DEBUG compress:prove:batch:open: ExpReverseBitsLen | Main Cols = 7     | Pre Cols = 10     | Perm Cols = 12    | Rows = 262144 | Cells = 7602176   
2025-10-28T16:19:50.702086Z DEBUG compress:prove:batch:open: MemoryConst     | Main Cols = 1     | Pre Cols = 12     | Perm Cols = 8     | Rows = 262144 | Cells = 5505024   
2025-10-28T16:19:50.702099Z DEBUG compress:prove:batch:open: Poseidon2WideDeg3 | Main Cols = 313   | Pre Cols = 49     | Perm Cols = 68    | Rows = 262144 | Cells = 112721920 
2025-10-28T16:19:50.702111Z DEBUG compress:prove:batch:open: BaseAlu         | Main Cols = 12    | Pre Cols = 32     | Perm Cols = 28    | Rows = 65536 | Cells = 4718592   
2025-10-28T16:19:50.702123Z DEBUG compress:prove:batch:open: PublicValues    | Main Cols = 1     | Pre Cols = 10     | Perm Cols = 8     | Rows = 16    | Cells = 304       
2025-10-28T16:19:52.378912Z DEBUG compress:prove:batch:open:flatten permutation traces and collect domains: close time.busy=1.68s time.idle=7.16µs
2025-10-28T16:20:06.459727Z DEBUG compress:prove:batch:open:commit to permutation traces: close time.busy=14.1s time.idle=7.43µs
2025-10-28T16:20:06.460688Z DEBUG compress:prove:batch:open:compute quotient values:compute quotient values for domain: close time.busy=635µs time.idle=4.70µs
2025-10-28T16:20:07.143853Z DEBUG compress:prove:batch:open:compute quotient values:compute quotient values for domain: close time.busy=684ms time.idle=6.45µs
2025-10-28T16:20:09.672684Z DEBUG compress:prove:batch:open:compute quotient values:compute quotient values for domain: close time.busy=3.21s time.idle=6.82µs
2025-10-28T16:20:09.687896Z DEBUG compress:prove:batch:open:compute quotient values:compute quotient values for domain: close time.busy=3.23s time.idle=6.69µs
2025-10-28T16:20:09.754665Z DEBUG compress:prove:batch:open:compute quotient values:compute quotient values for domain: close time.busy=3.29s time.idle=5.83µs
2025-10-28T16:20:25.304039Z DEBUG compress:prove:batch:open:compute quotient values:compute quotient values for domain: close time.busy=18.8s time.idle=6.33µs
2025-10-28T16:20:25.715767Z DEBUG compress:prove:batch:open:compute quotient values:compute quotient values for domain: close time.busy=19.3s time.idle=13.8µs
2025-10-28T16:20:25.738664Z DEBUG compress:prove:batch:open:compute quotient values:compute quotient values for domain: close time.busy=19.3s time.idle=7.59µs
2025-10-28T16:20:25.809980Z DEBUG compress:prove:batch:open:compute quotient values:compute quotient values for domain: close time.busy=19.3s time.idle=7.74µs
2025-10-28T16:20:38.698857Z DEBUG compress:prove:batch:open:commit to quotient traces: close time.busy=11.9s time.idle=7.03µs
2025-10-28T16:20:38.698965Z DEBUG compress:prove:batch:open:compute preprocessed opening points: close time.busy=15.7µs time.idle=4.51µs
2025-10-28T16:20:38.699034Z DEBUG compress:prove:batch:open:compute main trace opening points: close time.busy=46.4µs time.idle=3.21µs
2025-10-28T16:20:38.699060Z DEBUG compress:prove:batch:open:compute permutation trace opening points: close time.busy=5.68µs time.idle=2.90µs
2025-10-28T16:20:39.252257Z DEBUG compress:prove:batch:open:open multi batches: close time.busy=75.9s time.idle=5.83µs
2025-10-28T16:20:39.311773Z DEBUG compress:prove:batch:open:compute quotient values: close time.busy=21.5s time.idle=94.0s
2025-10-28T16:20:39.877616Z DEBUG compress:prove:batch:open: close time.busy=138s time.idle=6.67µs
2025-10-28T16:20:40.064620Z DEBUG compress:generate records and traces:get program and witness stream: close time.busy=31.3ms time.idle=14.4µs
2025-10-28T16:20:40.184404Z DEBUG compress:prove:batch: close time.busy=176s time.idle=8.03µs
2025-10-28T16:20:40.650449Z DEBUG compress:generate records and traces:execute runtime: close time.busy=586ms time.idle=6.65µs
2025-10-28T16:20:40.650570Z DEBUG compress:generate records and traces:generate dependencies:register nonces: close time.busy=1.54µs time.idle=4.53µs
2025-10-28T16:20:40.650604Z DEBUG compress:generate records and traces:generate dependencies: close time.busy=74.7µs time.idle=7.07µs
2025-10-28T16:20:40.651021Z DEBUG fixed log2 rows can be potentially reduced: got 510704, expected 1048576
2025-10-28T16:20:40.651145Z DEBUG compress:generate records and traces:generate traces:generate traces for shard: generated trace for chip PublicValues in 14.448µs
2025-10-28T16:20:40.651368Z DEBUG compress:generate records and traces:generate traces:generate traces for shard: generated trace for chip MemoryConst in 526.204µs
2025-10-28T16:20:40.660143Z DEBUG compress:generate records and traces:generate traces:generate traces for shard: generated trace for chip BaseAlu in 8.966571ms
2025-10-28T16:20:40.660250Z DEBUG compress:generate records and traces:generate traces:generate traces for shard: generated trace for chip Select in 9.235042ms
2025-10-28T16:20:40.660393Z DEBUG fixed log2 rows can be potentially reduced: got 367020, expected 1048576
2025-10-28T16:20:40.678125Z DEBUG generate batch fri trace: fixed log2 rows can be potentially reduced: got 213200, expected 2097152 rows=213200
2025-10-28T16:20:40.691600Z DEBUG generate exp reverse bits len trace: close time.busy=40.5ms time.idle=6.21µs rows=9200
2025-10-28T16:20:40.691671Z DEBUG compress:generate records and traces:generate traces:generate traces for shard: generated trace for chip ExpReverseBitsLen in 40.602758ms
2025-10-28T16:20:40.763970Z DEBUG compress:generate records and traces:generate traces:generate traces for shard: generated trace for chip MemoryVar in 112.74442ms
2025-10-28T16:20:40.832257Z DEBUG compress:generate records and traces:generate traces:generate traces for shard: generated trace for chip ExtAlu in 181.079921ms
2025-10-28T16:20:41.126163Z DEBUG generate batch fri trace: close time.busy=473ms time.idle=5.91µs rows=213200
2025-10-28T16:20:41.126267Z DEBUG compress:generate records and traces:generate traces:generate traces for shard: generated trace for chip BatchFRI in 473.213806ms
2025-10-28T16:20:41.267820Z DEBUG generate poseidon2 wide trace: close time.busy=617ms time.idle=6.97µs rows=95402
2025-10-28T16:20:41.267880Z DEBUG compress:generate records and traces:generate traces:generate traces for shard: generated trace for chip Poseidon2WideDeg3 in 616.937779ms
2025-10-28T16:20:41.267995Z DEBUG compress:generate records and traces:generate traces:generate traces for shard: close time.busy=617ms time.idle=4.42µs
2025-10-28T16:20:41.268065Z DEBUG compress:generate records and traces:generate traces: close time.busy=617ms time.idle=3.96µs
2025-10-28T16:20:41.289954Z DEBUG compress:prove:batch:Setup compress program:setup machine:generate preprocessed traces: generated preprocessed trace for chip PublicValues in 21.39982ms
2025-10-28T16:20:41.294147Z DEBUG compress:prove:batch:Setup compress program:setup machine:generate preprocessed traces: generated preprocessed trace for chip BaseAlu in 25.779802ms
2025-10-28T16:20:41.299643Z DEBUG fixed log2 rows can be potentially reduced: got 213200, expected 2097152
2025-10-28T16:20:41.303826Z DEBUG compress:prove:batch:Setup compress program:setup machine:generate preprocessed traces: generated preprocessed trace for chip ExpReverseBitsLen in 35.273463ms
2025-10-28T16:20:41.312172Z DEBUG compress:prove:batch:Setup compress program:setup machine:generate preprocessed traces: generated preprocessed trace for chip MemoryConst in 43.857754ms
2025-10-28T16:20:41.358937Z DEBUG compress:prove:batch:Setup compress program:setup machine:generate preprocessed traces: generated preprocessed trace for chip Poseidon2WideDeg3 in 90.445774ms
2025-10-28T16:20:41.358938Z DEBUG compress:prove:batch:Setup compress program:setup machine:generate preprocessed traces: generated preprocessed trace for chip Select in 90.390154ms
2025-10-28T16:20:41.361946Z DEBUG compress:prove:batch:Setup compress program:setup machine:generate preprocessed traces: generated preprocessed trace for chip MemoryVar in 93.52519ms
2025-10-28T16:20:41.411163Z DEBUG compress:prove:batch:Setup compress program:setup machine:generate preprocessed traces: generated preprocessed trace for chip ExtAlu in 142.771942ms
2025-10-28T16:20:41.447378Z DEBUG compress:prove:batch:Setup compress program:setup machine:generate preprocessed traces: generated preprocessed trace for chip BatchFRI in 178.820543ms
2025-10-28T16:20:52.940794Z DEBUG compress:prove:batch:Setup compress program:setup machine:commit to preprocessed traces: close time.busy=10.9s time.idle=8.45µs
2025-10-28T16:20:52.940892Z DEBUG compress:prove:batch:Setup compress program:setup machine:generate preprocessed traces: close time.busy=180ms time.idle=11.5s
2025-10-28T16:20:52.940912Z DEBUG compress:prove:batch:Setup compress program:setup machine: close time.busy=11.7s time.idle=3.47µs
2025-10-28T16:20:52.940929Z DEBUG compress:prove:batch:Setup compress program: close time.busy=11.7s time.idle=3.48µs
2025-10-28T16:20:52.940984Z DEBUG compress:prove:batch:observe proving key: close time.busy=15.9µs time.idle=4.81µs
2025-10-28T16:21:14.142915Z DEBUG compress:prove:batch:commit: close time.busy=21.2s time.idle=5.16µs
2025-10-28T16:21:18.027394Z DEBUG compress:prove:batch:open:generate permutation traces: close time.busy=3.88s time.idle=5.14µs
2025-10-28T16:21:18.027577Z DEBUG compress:prove:batch:open: BatchFRI        | Main Cols = 13    | Pre Cols = 6      | Perm Cols = 12    | Rows = 2097152 | Cells = 65011712  
2025-10-28T16:21:18.027595Z DEBUG compress:prove:batch:open: MemoryVar       | Main Cols = 8     | Pre Cols = 4      | Perm Cols = 8     | Rows = 1048576 | Cells = 20971520  
2025-10-28T16:21:18.027605Z DEBUG compress:prove:batch:open: Select          | Main Cols = 5     | Pre Cols = 8      | Perm Cols = 16    | Rows = 1048576 | Cells = 30408704  
2025-10-28T16:21:18.027614Z DEBUG compress:prove:batch:open: ExtAlu          | Main Cols = 48    | Pre Cols = 32     | Perm Cols = 28    | Rows = 524288 | Cells = 56623104  
2025-10-28T16:21:18.027623Z DEBUG compress:prove:batch:open: ExpReverseBitsLen | Main Cols = 7     | Pre Cols = 10     | Perm Cols = 12    | Rows = 262144 | Cells = 7602176   
2025-10-28T16:21:18.027633Z DEBUG compress:prove:batch:open: MemoryConst     | Main Cols = 1     | Pre Cols = 12     | Perm Cols = 8     | Rows = 262144 | Cells = 5505024   
2025-10-28T16:21:18.027644Z DEBUG compress:prove:batch:open: Poseidon2WideDeg3 | Main Cols = 313   | Pre Cols = 49     | Perm Cols = 68    | Rows = 262144 | Cells = 112721920 
2025-10-28T16:21:18.027653Z DEBUG compress:prove:batch:open: BaseAlu         | Main Cols = 12    | Pre Cols = 32     | Perm Cols = 28    | Rows = 65536 | Cells = 4718592   
2025-10-28T16:21:18.027662Z DEBUG compress:prove:batch:open: PublicValues    | Main Cols = 1     | Pre Cols = 10     | Perm Cols = 8     | Rows = 16    | Cells = 304       
2025-10-28T16:21:19.407611Z DEBUG compress:prove:batch:open:flatten permutation traces and collect domains: close time.busy=1.38s time.idle=5.14µs
2025-10-28T16:21:33.937926Z DEBUG compress:prove:batch:open:commit to permutation traces: close time.busy=14.5s time.idle=14.2µs
2025-10-28T16:21:33.939358Z DEBUG compress:prove:batch:open:compute quotient values:compute quotient values for domain: close time.busy=835µs time.idle=5.38µs
2025-10-28T16:21:35.473015Z DEBUG compress:prove:batch:open:compute quotient values:compute quotient values for domain: close time.busy=1.53s time.idle=7.15µs
2025-10-28T16:21:35.474636Z DEBUG compress:prove:batch:open:compute quotient values:compute quotient values for domain: close time.busy=1.54s time.idle=5.32µs
2025-10-28T16:21:35.485866Z DEBUG compress:prove:batch:open:compute quotient values:compute quotient values for domain: close time.busy=1.55s time.idle=5.79µs
2025-10-28T16:21:53.181590Z DEBUG compress:prove:batch:open:compute quotient values:compute quotient values for domain: close time.busy=19.2s time.idle=6.76µs
2025-10-28T16:21:53.333035Z DEBUG compress:prove:batch:open:compute quotient values:compute quotient values for domain: close time.busy=19.4s time.idle=6.16µs
2025-10-28T16:21:53.338937Z DEBUG compress:prove:batch:open:compute quotient values:compute quotient values for domain: close time.busy=19.4s time.idle=6.68µs
2025-10-28T16:21:53.355518Z DEBUG compress:prove:batch:open:compute quotient values:compute quotient values for domain: close time.busy=19.4s time.idle=8.76µs
2025-10-28T16:21:53.410498Z DEBUG compress:prove:batch:open:compute quotient values:compute quotient values for domain: close time.busy=19.5s time.idle=22.2µs
2025-10-28T16:21:58.571044Z DEBUG compress:prove:batch:open:open multi batches: close time.busy=79.9s time.idle=5.25µs
2025-10-28T16:21:58.636914Z DEBUG compress:prove:batch:open:compute quotient values: close time.busy=19.4s time.idle=92.8s
2025-10-28T16:21:59.280474Z DEBUG compress:prove:batch:open: close time.busy=133s time.idle=6.53µs
2025-10-28T16:21:59.720205Z DEBUG compress:prove:batch: close time.busy=173s time.idle=6.51µs
2025-10-28T16:22:04.269684Z DEBUG compress:prove:batch:open:commit to quotient traces: close time.busy=10.2s time.idle=15.1µs
2025-10-28T16:22:04.269782Z DEBUG compress:prove:batch:open:compute preprocessed opening points: close time.busy=15.4µs time.idle=4.03µs
2025-10-28T16:22:04.269854Z DEBUG compress:prove:batch:open:compute main trace opening points: close time.busy=50.8µs time.idle=3.19µs
2025-10-28T16:22:04.269891Z DEBUG compress:prove:batch:open:compute permutation trace opening points: close time.busy=16.0µs time.idle=3.00µs
2025-10-28T16:22:27.925750Z DEBUG compress:prove:batch:open:open multi batches: close time.busy=23.7s time.idle=5.05µs
2025-10-28T16:22:28.072770Z DEBUG compress:prove:batch:open:compute quotient values: close time.busy=19.5s time.idle=34.7s
2025-10-28T16:22:28.673693Z DEBUG compress:prove:batch:open: close time.busy=74.5s time.idle=5.42µs
2025-10-28T16:22:28.733869Z DEBUG compress:generate next layer inputs: close time.busy=805s time.idle=236µs
2025-10-28T16:22:28.734118Z DEBUG compress:generate records and traces:get program and witness stream: close time.busy=50.0ms time.idle=15.1µs
2025-10-28T16:22:28.861067Z DEBUG compress:prove:batch: close time.busy=108s time.idle=7.68µs
2025-10-28T16:22:29.232064Z DEBUG compress:generate records and traces:execute runtime: close time.busy=498ms time.idle=8.29µs
2025-10-28T16:22:29.232188Z DEBUG compress:generate records and traces:generate dependencies:register nonces: close time.busy=1.47µs time.idle=4.50µs
2025-10-28T16:22:29.232213Z DEBUG compress:generate records and traces:generate dependencies: close time.busy=62.3µs time.idle=5.51µs
2025-10-28T16:22:29.232699Z DEBUG fixed log2 rows can be potentially reduced: got 510704, expected 1048576
2025-10-28T16:22:29.232724Z DEBUG compress:generate records and traces:generate traces:generate traces for shard: generated trace for chip PublicValues in 10.998µs
2025-10-28T16:22:29.233468Z DEBUG compress:generate records and traces:generate traces:generate traces for shard: generated trace for chip MemoryConst in 1.08625ms
2025-10-28T16:22:29.235906Z DEBUG generate batch fri trace: fixed log2 rows can be potentially reduced: got 213200, expected 2097152 rows=213200
2025-10-28T16:22:29.247687Z DEBUG compress:generate records and traces:generate traces:generate traces for shard: generated trace for chip BaseAlu in 15.19458ms
2025-10-28T16:22:29.259583Z DEBUG compress:generate records and traces:generate traces:generate traces for shard: generated trace for chip Select in 26.885345ms
2025-10-28T16:22:29.276257Z DEBUG generate exp reverse bits len trace: close time.busy=43.5ms time.idle=7.70µs rows=9200
2025-10-28T16:22:29.276345Z DEBUG compress:generate records and traces:generate traces:generate traces for shard: generated trace for chip ExpReverseBitsLen in 43.633997ms
2025-10-28T16:22:29.285066Z DEBUG fixed log2 rows can be potentially reduced: got 367020, expected 1048576
2025-10-28T16:22:29.393694Z DEBUG compress:generate records and traces:generate traces:generate traces for shard: generated trace for chip MemoryVar in 161.099813ms
2025-10-28T16:22:29.403489Z DEBUG compress:generate records and traces:generate traces:generate traces for shard: generated trace for chip ExtAlu in 170.708584ms
2025-10-28T16:22:29.649940Z DEBUG generate batch fri trace: close time.busy=417ms time.idle=6.73µs rows=213200
2025-10-28T16:22:29.650019Z DEBUG compress:generate records and traces:generate traces:generate traces for shard: generated trace for chip BatchFRI in 417.499031ms
2025-10-28T16:22:29.817939Z DEBUG generate poseidon2 wide trace: close time.busy=585ms time.idle=6.47µs rows=95402
2025-10-28T16:22:29.817999Z DEBUG compress:generate records and traces:generate traces:generate traces for shard: generated trace for chip Poseidon2WideDeg3 in 585.114031ms
2025-10-28T16:22:29.818117Z DEBUG compress:generate records and traces:generate traces:generate traces for shard: close time.busy=586ms time.idle=3.88µs
2025-10-28T16:22:29.818145Z DEBUG compress:generate records and traces:generate traces: close time.busy=586ms time.idle=4.99µs
2025-10-28T16:22:29.818232Z DEBUG compress:generate records and traces: close time.busy=807s time.idle=327µs
2025-10-28T16:22:29.818501Z DEBUG compress:prove: close time.busy=807s time.idle=325µs
2025-10-28T16:22:29.838096Z DEBUG compress:prove:batch:Setup compress program:setup machine:generate preprocessed traces: generated preprocessed trace for chip PublicValues in 19.317721ms
2025-10-28T16:22:29.842229Z DEBUG compress:prove:batch:Setup compress program:setup machine:generate preprocessed traces: generated preprocessed trace for chip BaseAlu in 23.432339ms
2025-10-28T16:22:29.850030Z DEBUG fixed log2 rows can be potentially reduced: got 213200, expected 2097152
2025-10-28T16:22:29.861268Z DEBUG compress:prove:batch:Setup compress program:setup machine:generate preprocessed traces: generated preprocessed trace for chip MemoryConst in 42.6324ms
2025-10-28T16:22:29.890827Z DEBUG compress:prove:batch:Setup compress program:setup machine:generate preprocessed traces: generated preprocessed trace for chip MemoryVar in 72.139267ms
2025-10-28T16:22:29.893452Z DEBUG compress:prove:batch:Setup compress program:setup machine:generate preprocessed traces: generated preprocessed trace for chip ExpReverseBitsLen in 74.70238ms
2025-10-28T16:22:29.945279Z DEBUG compress:prove:batch:Setup compress program:setup machine:generate preprocessed traces: generated preprocessed trace for chip Poseidon2WideDeg3 in 126.441171ms
2025-10-28T16:22:29.948784Z DEBUG compress:prove:batch:Setup compress program:setup machine:generate preprocessed traces: generated preprocessed trace for chip ExtAlu in 129.985458ms
2025-10-28T16:22:29.958476Z DEBUG compress:prove:batch:Setup compress program:setup machine:generate preprocessed traces: generated preprocessed trace for chip Select in 139.749502ms
2025-10-28T16:22:30.029219Z DEBUG compress:prove:batch:Setup compress program:setup machine:generate preprocessed traces: generated preprocessed trace for chip BatchFRI in 210.393603ms
2025-10-28T16:22:38.063577Z DEBUG compress:prove:batch:Setup compress program:setup machine:commit to preprocessed traces: close time.busy=7.80s time.idle=10.6µs
2025-10-28T16:22:38.063732Z DEBUG compress:prove:batch:Setup compress program:setup machine:generate preprocessed traces: close time.busy=211ms time.idle=8.03s
2025-10-28T16:22:38.063753Z DEBUG compress:prove:batch:Setup compress program:setup machine: close time.busy=8.25s time.idle=12.2µs
2025-10-28T16:22:38.063771Z DEBUG compress:prove:batch:Setup compress program: close time.busy=8.25s time.idle=4.11µs
2025-10-28T16:22:38.063823Z DEBUG compress:prove:batch:observe proving key: close time.busy=16.3µs time.idle=4.83µs
2025-10-28T16:22:57.256813Z DEBUG compress:prove:batch:commit: close time.busy=19.2s time.idle=6.05µs
2025-10-28T16:23:00.706451Z DEBUG compress:prove:batch:open:generate permutation traces: close time.busy=3.45s time.idle=6.82µs
2025-10-28T16:23:00.706525Z DEBUG compress:prove:batch:open: BatchFRI        | Main Cols = 13    | Pre Cols = 6      | Perm Cols = 12    | Rows = 2097152 | Cells = 65011712  
2025-10-28T16:23:00.706542Z DEBUG compress:prove:batch:open: MemoryVar       | Main Cols = 8     | Pre Cols = 4      | Perm Cols = 8     | Rows = 1048576 | Cells = 20971520  
2025-10-28T16:23:00.706555Z DEBUG compress:prove:batch:open: Select          | Main Cols = 5     | Pre Cols = 8      | Perm Cols = 16    | Rows = 1048576 | Cells = 30408704  
2025-10-28T16:23:00.706564Z DEBUG compress:prove:batch:open: ExtAlu          | Main Cols = 48    | Pre Cols = 32     | Perm Cols = 28    | Rows = 524288 | Cells = 56623104  
2025-10-28T16:23:00.706574Z DEBUG compress:prove:batch:open: ExpReverseBitsLen | Main Cols = 7     | Pre Cols = 10     | Perm Cols = 12    | Rows = 262144 | Cells = 7602176   
2025-10-28T16:23:00.706583Z DEBUG compress:prove:batch:open: MemoryConst     | Main Cols = 1     | Pre Cols = 12     | Perm Cols = 8     | Rows = 262144 | Cells = 5505024   
2025-10-28T16:23:00.706595Z DEBUG compress:prove:batch:open: Poseidon2WideDeg3 | Main Cols = 313   | Pre Cols = 49     | Perm Cols = 68    | Rows = 262144 | Cells = 112721920 
2025-10-28T16:23:00.706608Z DEBUG compress:prove:batch:open: BaseAlu         | Main Cols = 12    | Pre Cols = 32     | Perm Cols = 28    | Rows = 65536 | Cells = 4718592   
2025-10-28T16:23:00.706617Z DEBUG compress:prove:batch:open: PublicValues    | Main Cols = 1     | Pre Cols = 10     | Perm Cols = 8     | Rows = 16    | Cells = 304       
2025-10-28T16:23:02.356735Z DEBUG compress:prove:batch:open:flatten permutation traces and collect domains: close time.busy=1.65s time.idle=7.10µs
2025-10-28T16:23:15.620788Z DEBUG compress:prove:batch:open:commit to permutation traces: close time.busy=13.3s time.idle=6.47µs
2025-10-28T16:23:15.621491Z DEBUG compress:prove:batch:open:compute quotient values:compute quotient values for domain: close time.busy=270µs time.idle=7.88µs
2025-10-28T16:23:16.827245Z DEBUG compress:prove:batch:open:compute quotient values:compute quotient values for domain: close time.busy=1.21s time.idle=6.39µs
2025-10-28T16:23:16.841128Z DEBUG compress:prove:batch:open:compute quotient values:compute quotient values for domain: close time.busy=1.22s time.idle=7.85µs
2025-10-28T16:23:16.844215Z DEBUG compress:prove:batch:open:compute quotient values:compute quotient values for domain: close time.busy=1.22s time.idle=9.95µs
2025-10-28T16:23:22.845062Z DEBUG compress:prove:batch:open:compute quotient values:compute quotient values for domain: close time.busy=7.22s time.idle=6.02µs
2025-10-28T16:23:22.858275Z DEBUG compress:prove:batch:open:compute quotient values:compute quotient values for domain: close time.busy=7.24s time.idle=6.31µs
2025-10-28T16:23:22.866669Z DEBUG compress:prove:batch:open:compute quotient values:compute quotient values for domain: close time.busy=7.25s time.idle=7.33µs
2025-10-28T16:23:31.932886Z DEBUG compress:prove:batch:open:compute quotient values:compute quotient values for domain: close time.busy=16.3s time.idle=6.60µs
2025-10-28T16:23:32.025812Z DEBUG compress:prove:batch:open:compute quotient values:compute quotient values for domain: close time.busy=16.4s time.idle=5.84µs
2025-10-28T16:23:41.154285Z DEBUG compress:prove:batch:open:commit to quotient traces: close time.busy=8.31s time.idle=12.9µs
2025-10-28T16:23:41.154485Z DEBUG compress:prove:batch:open:compute preprocessed opening points: close time.busy=24.5µs time.idle=8.28µs
2025-10-28T16:23:41.154534Z DEBUG compress:prove:batch:open:compute main trace opening points: close time.busy=29.8µs time.idle=2.54µs
2025-10-28T16:23:41.154567Z DEBUG compress:prove:batch:open:compute permutation trace opening points: close time.busy=13.7µs time.idle=2.49µs
2025-10-28T16:23:58.637204Z DEBUG compress:prove:batch:open:open multi batches: close time.busy=17.5s time.idle=4.03µs
2025-10-28T16:23:58.696066Z DEBUG compress:prove:batch:open:compute quotient values: close time.busy=16.4s time.idle=26.7s
2025-10-28T16:23:59.244696Z DEBUG compress:prove:batch:open: close time.busy=62.0s time.idle=5.96µs
2025-10-28T16:23:59.402628Z DEBUG compress:prove:batch: close time.busy=89.6s time.idle=7.26µs
2025-10-28T16:23:59.407164Z DEBUG compress:prove: close time.busy=896s time.idle=256µs
2025-10-28T16:23:59.408389Z DEBUG compress: joined handles
2025-10-28T16:23:59.408761Z  INFO compress: close time.busy=896s time.idle=88.4ms
2025-10-28T16:23:59.607719Z DEBUG shrink:build shrink program:assert lookup multiplicities: close time.busy=37.0µs time.idle=7.76µs
2025-10-28T16:23:59.785661Z DEBUG shrink:build shrink program:2adic pcs:verify shape and challenges: close time.busy=136ms time.idle=11.0µs
2025-10-28T16:24:00.040923Z DEBUG shrink:build shrink program:2adic pcs:verify challenges: close time.busy=157ms time.idle=7.21µs
2025-10-28T16:24:00.041128Z DEBUG shrink:build shrink program:2adic pcs: close time.busy=429ms time.idle=4.12µs
2025-10-28T16:24:00.043609Z DEBUG shrink:build shrink program:verify constraints: close time.busy=2.46ms time.idle=4.99µs
2025-10-28T16:24:00.067792Z DEBUG shrink:build shrink program: close time.busy=629ms time.idle=5.66µs
2025-10-28T16:24:00.387165Z DEBUG shrink:compile shrink program:compile raw program: close time.busy=319ms time.idle=5.75µs
2025-10-28T16:24:00.422691Z DEBUG shrink:compile shrink program:backfill mult: close time.busy=35.4ms time.idle=7.18µs
2025-10-28T16:24:00.422813Z DEBUG shrink:compile shrink program:prepend constants: close time.busy=40.8µs time.idle=4.61µs
2025-10-28T16:24:00.422830Z DEBUG shrink:compile shrink program: close time.busy=355ms time.idle=4.57µs
2025-10-28T16:24:00.541458Z DEBUG shrink: total events: 1168792
2025-10-28T16:24:00.541514Z DEBUG shrink:   base_alu_events: 112498
2025-10-28T16:24:00.541524Z DEBUG shrink:   batch_fri_events: 106600
2025-10-28T16:24:00.541531Z DEBUG shrink:   commit_pv_hash_events: 1
2025-10-28T16:24:00.541538Z DEBUG shrink:   exp_reverse_bits_len_events: 4600
2025-10-28T16:24:00.541546Z DEBUG shrink:   ext_alu_events: 133236
2025-10-28T16:24:00.541553Z DEBUG shrink:   fri_fold_events: 0
2025-10-28T16:24:00.541560Z DEBUG shrink:   mem_const_count: 141766
2025-10-28T16:24:00.541567Z DEBUG shrink:   mem_var_events: 367024
2025-10-28T16:24:00.541574Z DEBUG shrink:   poseidon2_events: 47715
2025-10-28T16:24:00.541581Z DEBUG shrink:   select_events: 255352
2025-10-28T16:24:00.541595Z DEBUG shrink: Shrink program executed successfully
2025-10-28T16:24:00.549995Z DEBUG shrink:setup shrink:setup machine:generate preprocessed traces: generated preprocessed trace for chip PublicValues in 7.952344ms
2025-10-28T16:24:00.558198Z DEBUG shrink:setup shrink:setup machine:generate preprocessed traces: generated preprocessed trace for chip ExtAlu in 16.21372ms
2025-10-28T16:24:00.558207Z DEBUG shrink:setup shrink:setup machine:generate preprocessed traces: generated preprocessed trace for chip Poseidon2WideDeg3 in 16.357452ms
2025-10-28T16:24:00.559479Z DEBUG shrink:setup shrink:setup machine:generate preprocessed traces: generated preprocessed trace for chip ExpReverseBitsLen in 17.54399ms
2025-10-28T16:24:00.565788Z DEBUG shrink:setup shrink:setup machine:generate preprocessed traces: generated preprocessed trace for chip BatchFRI in 23.776372ms
2025-10-28T16:24:00.567100Z DEBUG shrink:setup shrink:setup machine:generate preprocessed traces: generated preprocessed trace for chip BaseAlu in 25.123794ms
2025-10-28T16:24:00.567492Z DEBUG shrink:setup shrink:setup machine:generate preprocessed traces: generated preprocessed trace for chip Select in 25.62289ms
2025-10-28T16:24:00.577651Z DEBUG shrink:setup shrink:setup machine:generate preprocessed traces: generated preprocessed trace for chip MemoryVar in 35.685078ms
2025-10-28T16:24:00.579506Z DEBUG shrink:setup shrink:setup machine:generate preprocessed traces: generated preprocessed trace for chip MemoryConst in 37.724615ms
2025-10-28T16:24:04.006468Z DEBUG shrink:setup shrink:setup machine:commit to preprocessed traces: close time.busy=3.33s time.idle=8.48µs
2025-10-28T16:24:04.006548Z DEBUG shrink:setup shrink:setup machine:generate preprocessed traces: close time.busy=38.0ms time.idle=3.43s
2025-10-28T16:24:04.006567Z DEBUG shrink:setup shrink:setup machine: close time.busy=3.46s time.idle=3.04µs
2025-10-28T16:24:04.006588Z DEBUG shrink:setup shrink: close time.busy=3.46s time.idle=5.59µs
2025-10-28T16:24:04.006628Z DEBUG shrink:register nonces: close time.busy=1.82µs time.idle=5.01µs
2025-10-28T16:24:04.006915Z DEBUG shrink:prove_shards:generate traces for shard: generated trace for chip PublicValues in 11.516µs
2025-10-28T16:24:04.006958Z DEBUG shrink:prove_shards:generate traces for shard: generated trace for chip MemoryConst in 204.843µs
2025-10-28T16:24:04.008132Z DEBUG shrink:prove_shards:generate traces for shard: generated trace for chip BaseAlu in 1.301798ms
2025-10-28T16:24:04.012520Z DEBUG generate batch fri trace: close time.busy=5.59ms time.idle=5.17µs rows=106600
2025-10-28T16:24:04.012580Z DEBUG shrink:prove_shards:generate traces for shard: generated trace for chip BatchFRI in 5.665701ms
2025-10-28T16:24:04.014072Z DEBUG shrink:prove_shards:generate traces for shard: generated trace for chip Select in 7.198611ms
2025-10-28T16:24:04.028112Z DEBUG generate exp reverse bits len trace: close time.busy=21.2ms time.idle=5.25µs rows=4600
2025-10-28T16:24:04.028194Z DEBUG shrink:prove_shards:generate traces for shard: generated trace for chip ExpReverseBitsLen in 21.294658ms
2025-10-28T16:24:04.066051Z DEBUG shrink:prove_shards:generate traces for shard: generated trace for chip MemoryVar in 59.121844ms
2025-10-28T16:24:04.084524Z DEBUG shrink:prove_shards:generate traces for shard: generated trace for chip ExtAlu in 77.623778ms
2025-10-28T16:24:04.136119Z DEBUG generate poseidon2 wide trace: close time.busy=129ms time.idle=5.23µs rows=47715
2025-10-28T16:24:04.136165Z DEBUG shrink:prove_shards:generate traces for shard: generated trace for chip Poseidon2WideDeg3 in 129.362545ms
2025-10-28T16:24:04.136378Z DEBUG shrink:prove_shards:generate traces for shard: close time.busy=130ms time.idle=3.99µs
2025-10-28T16:24:11.001696Z DEBUG shrink:prove_shards:generate permutation traces: close time.busy=783ms time.idle=4.99µs
2025-10-28T16:24:11.001750Z DEBUG shrink:prove_shards: ExtAlu          | Main Cols = 48    | Pre Cols = 32     | Perm Cols = 28    | Rows = 262144 | Cells = 28311552  
2025-10-28T16:24:11.001763Z DEBUG shrink:prove_shards: MemoryVar       | Main Cols = 8     | Pre Cols = 4      | Perm Cols = 8     | Rows = 262144 | Cells = 5242880   
2025-10-28T16:24:11.001771Z DEBUG shrink:prove_shards: Select          | Main Cols = 5     | Pre Cols = 8      | Perm Cols = 16    | Rows = 262144 | Cells = 7602176   
2025-10-28T16:24:11.001780Z DEBUG shrink:prove_shards: BaseAlu         | Main Cols = 12    | Pre Cols = 32     | Perm Cols = 28    | Rows = 131072 | Cells = 9437184   
2025-10-28T16:24:11.001788Z DEBUG shrink:prove_shards: BatchFRI        | Main Cols = 13    | Pre Cols = 6      | Perm Cols = 12    | Rows = 131072 | Cells = 4063232   
2025-10-28T16:24:11.001796Z DEBUG shrink:prove_shards: ExpReverseBitsLen | Main Cols = 7     | Pre Cols = 10     | Perm Cols = 12    | Rows = 131072 | Cells = 3801088   
2025-10-28T16:24:11.001804Z DEBUG shrink:prove_shards: MemoryConst     | Main Cols = 1     | Pre Cols = 12     | Perm Cols = 8     | Rows = 131072 | Cells = 2752512   
2025-10-28T16:24:11.001813Z DEBUG shrink:prove_shards: Poseidon2WideDeg3 | Main Cols = 313   | Pre Cols = 49     | Perm Cols = 68    | Rows = 65536 | Cells = 28180480  
2025-10-28T16:24:11.001821Z DEBUG shrink:prove_shards: PublicValues    | Main Cols = 1     | Pre Cols = 10     | Perm Cols = 8     | Rows = 16    | Cells = 304       
2025-10-28T16:24:11.474271Z DEBUG shrink:prove_shards:flatten permutation traces and collect domains: close time.busy=472ms time.idle=4.28µs
2025-10-28T16:24:15.480907Z DEBUG shrink:prove_shards:commit to permutation traces: close time.busy=4.01s time.idle=4.64µs
2025-10-28T16:24:15.481364Z DEBUG shrink:prove_shards:compute quotient values:compute quotient values for domain: close time.busy=188µs time.idle=4.60µs
2025-10-28T16:24:17.072273Z DEBUG shrink:prove_shards:compute quotient values:compute quotient values for domain: close time.busy=1.59s time.idle=5.55µs
2025-10-28T16:24:17.076678Z DEBUG shrink:prove_shards:compute quotient values:compute quotient values for domain: close time.busy=1.60s time.idle=9.28µs
2025-10-28T16:24:17.085502Z DEBUG shrink:prove_shards:compute quotient values:compute quotient values for domain: close time.busy=1.60s time.idle=5.98µs
2025-10-28T16:24:17.094728Z DEBUG shrink:prove_shards:compute quotient values:compute quotient values for domain: close time.busy=1.61s time.idle=5.87µs
2025-10-28T16:24:17.110125Z DEBUG shrink:prove_shards:compute quotient values:compute quotient values for domain: close time.busy=1.63s time.idle=8.39µs
2025-10-28T16:24:17.117926Z DEBUG shrink:prove_shards:compute quotient values:compute quotient values for domain: close time.busy=1.64s time.idle=13.7µs
2025-10-28T16:24:17.580571Z DEBUG shrink:prove_shards:compute quotient values:compute quotient values for domain: close time.busy=2.10s time.idle=23.5µs
2025-10-28T16:24:18.830663Z DEBUG shrink:prove_shards:compute quotient values:compute quotient values for domain: close time.busy=3.35s time.idle=12.4µs
2025-10-28T16:24:21.165325Z DEBUG shrink:prove_shards:commit to quotient traces: close time.busy=2.24s time.idle=6.28µs
2025-10-28T16:24:21.165403Z DEBUG shrink:prove_shards:compute preprocessed opening points: close time.busy=11.4µs time.idle=4.49µs
2025-10-28T16:24:21.165456Z DEBUG shrink:prove_shards:compute main trace opening points: close time.busy=6.08µs time.idle=5.21µs
2025-10-28T16:24:21.165503Z DEBUG shrink:prove_shards:compute permutation trace opening points: close time.busy=26.0µs time.idle=2.45µs
2025-10-28T16:24:25.378639Z DEBUG shrink:prove_shards:open multi batches: close time.busy=4.21s time.idle=4.48µs
2025-10-28T16:24:25.418783Z DEBUG shrink:prove_shards:compute quotient values: close time.busy=3.35s time.idle=6.59s
2025-10-28T16:24:25.647389Z  INFO shrink:prove_shards: close time.busy=21.6s time.idle=4.02µs
2025-10-28T16:24:25.768684Z  INFO shrink: close time.busy=26.3s time.idle=6.28µs
2025-10-28T16:24:25.791202Z DEBUG wrap_bn254:build compress program:assert lookup multiplicities: close time.busy=7.28µs time.idle=5.13µs
2025-10-28T16:24:25.844996Z DEBUG wrap_bn254:build compress program:2adic pcs:verify shape and challenges: close time.busy=38.5ms time.idle=3.48µs
2025-10-28T16:24:26.050856Z DEBUG wrap_bn254:build compress program:2adic pcs:verify challenges: close time.busy=106ms time.idle=6.62µs
2025-10-28T16:24:26.051005Z DEBUG wrap_bn254:build compress program:2adic pcs: close time.busy=258ms time.idle=3.73µs
2025-10-28T16:24:26.052481Z DEBUG wrap_bn254:build compress program:verify constraints: close time.busy=1.45ms time.idle=4.80µs
2025-10-28T16:24:26.079703Z DEBUG wrap_bn254:build compress program: close time.busy=310ms time.idle=5.11µs
2025-10-28T16:24:26.236332Z DEBUG wrap_bn254:compile compress program:compile raw program: close time.busy=157ms time.idle=4.73µs
2025-10-28T16:24:26.259320Z DEBUG wrap_bn254:compile compress program:backfill mult: close time.busy=22.9ms time.idle=4.74µs
2025-10-28T16:24:26.259446Z DEBUG wrap_bn254:compile compress program:prepend constants: close time.busy=69.3µs time.idle=4.98µs
2025-10-28T16:24:26.259462Z DEBUG wrap_bn254:compile compress program: close time.busy=180ms time.idle=4.53µs
2025-10-28T16:24:26.493845Z DEBUG wrap_bn254: total events: 1016207
2025-10-28T16:24:26.493888Z DEBUG wrap_bn254:   base_alu_events: 423964
2025-10-28T16:24:26.493898Z DEBUG wrap_bn254:   batch_fri_events: 0
2025-10-28T16:24:26.493905Z DEBUG wrap_bn254:   commit_pv_hash_events: 1
2025-10-28T16:24:26.493912Z DEBUG wrap_bn254:   exp_reverse_bits_len_events: 0
2025-10-28T16:24:26.493919Z DEBUG wrap_bn254:   ext_alu_events: 232140
2025-10-28T16:24:26.493925Z DEBUG wrap_bn254:   fri_fold_events: 0
2025-10-28T16:24:26.493932Z DEBUG wrap_bn254:   mem_const_count: 65664
2025-10-28T16:24:26.493941Z DEBUG wrap_bn254:   mem_var_events: 165500
2025-10-28T16:24:26.493948Z DEBUG wrap_bn254:   poseidon2_events: 21186
2025-10-28T16:24:26.493954Z DEBUG wrap_bn254:   select_events: 107752
2025-10-28T16:24:26.493963Z DEBUG wrap_bn254: wrap program executed successfully
2025-10-28T16:24:26.501770Z DEBUG wrap_bn254:setup wrap:setup machine:generate preprocessed traces: generated preprocessed trace for chip PublicValues in 7.507186ms
2025-10-28T16:24:26.503751Z DEBUG wrap_bn254:setup wrap:setup machine:generate preprocessed traces: generated preprocessed trace for chip Select in 9.523605ms
2025-10-28T16:24:26.508018Z DEBUG wrap_bn254:setup wrap:setup machine:generate preprocessed traces: generated preprocessed trace for chip ExtAlu in 13.841035ms
2025-10-28T16:24:26.513147Z DEBUG wrap_bn254:setup wrap:setup machine:generate preprocessed traces: generated preprocessed trace for chip MemoryConst in 19.038144ms
2025-10-28T16:24:26.514714Z DEBUG wrap_bn254:setup wrap:setup machine:generate preprocessed traces: generated preprocessed trace for chip MemoryVar in 20.526573ms
2025-10-28T16:24:26.526486Z DEBUG wrap_bn254:setup wrap:setup machine:generate preprocessed traces: generated preprocessed trace for chip BaseAlu in 32.150433ms
2025-10-28T16:24:26.725835Z DEBUG wrap_bn254:setup wrap:setup machine:generate preprocessed traces: generated preprocessed trace for chip Poseidon2SkinnyDeg9 in 231.523513ms
2025-10-28T16:25:42.433886Z DEBUG wrap_bn254:setup wrap:setup machine:commit to preprocessed traces: close time.busy=75.6s time.idle=14.3µs
2025-10-28T16:25:42.434096Z DEBUG wrap_bn254:setup wrap:setup machine:generate preprocessed traces: close time.busy=233ms time.idle=75.7s
2025-10-28T16:25:42.434127Z DEBUG wrap_bn254:setup wrap:setup machine: close time.busy=75.9s time.idle=6.88µs
2025-10-28T16:25:42.434145Z DEBUG wrap_bn254:setup wrap: close time.busy=75.9s time.idle=8.58µs
2025-10-28T16:25:42.434271Z DEBUG wrap_bn254: wrap verifier key set
2025-10-28T16:25:42.434661Z DEBUG wrap_bn254:register nonces: close time.busy=2.86µs time.idle=5.65µs
2025-10-28T16:25:42.435298Z DEBUG wrap_bn254:prove_shards:generate traces for shard: generated trace for chip PublicValues in 33.276µs
2025-10-28T16:25:42.435827Z DEBUG wrap_bn254:prove_shards:generate traces for shard: generated trace for chip MemoryConst in 663.921µs
2025-10-28T16:25:42.442035Z DEBUG wrap_bn254:prove_shards:generate traces for shard: generated trace for chip BaseAlu in 6.725215ms
2025-10-28T16:25:42.444016Z DEBUG wrap_bn254:prove_shards:generate traces for shard: generated trace for chip Select in 8.774155ms
2025-10-28T16:25:42.455066Z DEBUG wrap_bn254:prove_shards:generate traces for shard: generated trace for chip MemoryVar in 19.768538ms
2025-10-28T16:25:42.459687Z DEBUG wrap_bn254:prove_shards:generate traces for shard: generated trace for chip ExtAlu in 24.483853ms
2025-10-28T16:25:42.645149Z DEBUG generate poseidon2 skinny trace: close time.busy=210ms time.idle=5.78µs rows=21186
2025-10-28T16:25:42.645226Z DEBUG wrap_bn254:prove_shards:generate traces for shard: generated trace for chip Poseidon2SkinnyDeg9 in 210.013481ms
2025-10-28T16:25:42.645455Z DEBUG wrap_bn254:prove_shards:generate traces for shard: close time.busy=210ms time.idle=3.40µs
2025-10-28T16:26:37.297836Z DEBUG wrap_bn254:prove_shards:generate permutation traces: close time.busy=629ms time.idle=5.34µs
2025-10-28T16:26:37.297963Z DEBUG wrap_bn254:prove_shards: Poseidon2SkinnyDeg9 | Main Cols = 28    | Pre Cols = 51     | Perm Cols = 12    | Rows = 262144 | Cells = 23855104  
2025-10-28T16:26:37.297976Z DEBUG wrap_bn254:prove_shards: BaseAlu         | Main Cols = 12    | Pre Cols = 32     | Perm Cols = 28    | Rows = 131072 | Cells = 9437184   
2025-10-28T16:26:37.297985Z DEBUG wrap_bn254:prove_shards: MemoryVar       | Main Cols = 8     | Pre Cols = 4      | Perm Cols = 8     | Rows = 131072 | Cells = 2621440   
2025-10-28T16:26:37.297993Z DEBUG wrap_bn254:prove_shards: Select          | Main Cols = 5     | Pre Cols = 8      | Perm Cols = 16    | Rows = 131072 | Cells = 3801088   
2025-10-28T16:26:37.298001Z DEBUG wrap_bn254:prove_shards: ExtAlu          | Main Cols = 48    | Pre Cols = 32     | Perm Cols = 28    | Rows = 65536 | Cells = 7077888   
2025-10-28T16:26:37.298009Z DEBUG wrap_bn254:prove_shards: MemoryConst     | Main Cols = 1     | Pre Cols = 12     | Perm Cols = 8     | Rows = 65536 | Cells = 1376256   
2025-10-28T16:26:37.298018Z DEBUG wrap_bn254:prove_shards: PublicValues    | Main Cols = 1     | Pre Cols = 10     | Perm Cols = 8     | Rows = 16    | Cells = 304       
2025-10-28T16:26:37.405354Z DEBUG wrap_bn254:prove_shards:flatten permutation traces and collect domains: close time.busy=107ms time.idle=4.79µs
2025-10-28T16:27:28.726872Z DEBUG wrap_bn254:prove_shards:commit to permutation traces: close time.busy=51.3s time.idle=15.5µs
2025-10-28T16:27:28.728993Z DEBUG wrap_bn254:prove_shards:compute quotient values:compute quotient values for domain: close time.busy=422µs time.idle=10.4µs
2025-10-28T16:27:29.522023Z DEBUG wrap_bn254:prove_shards:compute quotient values:compute quotient values for domain: close time.busy=793ms time.idle=10.9µs
2025-10-28T16:27:29.523186Z DEBUG wrap_bn254:prove_shards:compute quotient values:compute quotient values for domain: close time.busy=794ms time.idle=13.5µs
2025-10-28T16:27:29.524444Z DEBUG wrap_bn254:prove_shards:compute quotient values:compute quotient values for domain: close time.busy=796ms time.idle=29.9µs
2025-10-28T16:27:29.531589Z DEBUG wrap_bn254:prove_shards:compute quotient values:compute quotient values for domain: close time.busy=803ms time.idle=5.11µs
2025-10-28T16:27:30.200510Z DEBUG wrap_bn254:prove_shards:compute quotient values:compute quotient values for domain: close time.busy=1.47s time.idle=15.1µs
2025-10-28T16:27:36.773375Z DEBUG wrap_bn254:prove_shards:compute quotient values:compute quotient values for domain: close time.busy=8.04s time.idle=26.9µs
2025-10-28T16:28:24.401774Z DEBUG wrap_bn254:prove_shards:commit to quotient traces: close time.busy=47.4s time.idle=20.8µs
2025-10-28T16:28:24.402405Z DEBUG wrap_bn254:prove_shards:compute preprocessed opening points: close time.busy=23.8µs time.idle=5.08µs
2025-10-28T16:28:24.402504Z DEBUG wrap_bn254:prove_shards:compute main trace opening points: close time.busy=35.8µs time.idle=2.53µs
2025-10-28T16:28:24.402557Z DEBUG wrap_bn254:prove_shards:compute permutation trace opening points: close time.busy=37.4µs time.idle=2.25µs
2025-10-28T16:28:51.385679Z DEBUG wrap_bn254:prove_shards:open multi batches: close time.busy=27.0s time.idle=8.55µs
2025-10-28T16:28:51.569545Z DEBUG wrap_bn254:prove_shards:compute quotient values: close time.busy=8.05s time.idle=74.8s
2025-10-28T16:28:51.997252Z  INFO wrap_bn254:prove_shards: close time.busy=190s time.idle=10.5µs
2025-10-28T16:28:51.997350Z DEBUG wrap_bn254: wrap proving time: 189.562763274s
2025-10-28T16:28:52.251785Z DEBUG wrap_bn254:verify:verify shard proofs:verifying shard: close time.busy=254ms time.idle=4.56µs shard=0
2025-10-28T16:28:52.251843Z DEBUG wrap_bn254:verify:verify shard proofs: close time.busy=254ms time.idle=4.25µs
2025-10-28T16:28:52.251908Z DEBUG wrap_bn254:verify:verify global cumulative sum is 0: close time.busy=38.9µs time.idle=4.67µs
2025-10-28T16:28:52.251922Z  INFO wrap_bn254:verify: close time.busy=254ms time.idle=19.0µs
2025-10-28T16:28:52.251934Z DEBUG wrap_bn254: wrapping successful
2025-10-28T16:28:52.608047Z  INFO wrap_bn254: close time.busy=267s time.idle=21.9µs
[sp1] plonk circuit artifacts already seem to exist at /home/ubuntu/.sp1/circuits/plonk/v5.0.0. if you want to re-download them, delete the directory
2025-10-28T16:28:52.701696Z  INFO wrap_plonk_bn254: Running prove in docker
2025-10-28T16:38:56.791343Z  INFO wrap_plonk_bn254: Running verify in docker
2025-10-28T16:38:57.378331Z  INFO wrap_plonk_bn254: close time.busy=605s time.idle=7.04µs
	Command being timed: "cargo run --release -p pessimistic-proof-test-suite --bin ppgen_sabv_lmtr4 -- --n-exits 10 --validator-nodes 3 --proof-dir /home/ubuntu/thanhhuyen/proofs/v4"
	User time (seconds): 20370.53
	System time (seconds): 621.28
	Percent of CPU this job got: 901%
	Elapsed (wall clock) time (h:mm:ss or m:ss): 38:48.10
	Average shared text size (kbytes): 0
	Average unshared data size (kbytes): 0
	Average stack size (kbytes): 0
	Average total size (kbytes): 0
	Maximum resident set size (kbytes): 17769084
	Average resident set size (kbytes): 0
	Major (requiring I/O) page faults: 0
	Minor (reclaiming a frame) page faults: 78391304
	Voluntary context switches: 2116952
	Involuntary context switches: 1166100
	Swaps: 0
	File system inputs: 0
	File system outputs: 6208
	Socket messages sent: 0
	Socket messages received: 0
	Signals delivered: 0
	Page size (bytes): 4096
	Exit status: 0
=== DONE N=10 ===
