=== SP1 LOCAL SERVER STARTING ===
SP1 Environment:
  SP1_PROVER=cpu
  SP1_CIRCUITS_DIR=/home/ubuntu/thanhhuyen/sp1/target/release
  SP1_CARGO_PROVE_PATH=/home/ubuntu/.cargo/bin/cargo-prove

=== TESTING SP1 LOCAL ===
Testing cargo-prove...
✅ SP1 cargo-prove working

=== SP1 LOCAL SERVER READY ===
Endpoint: local://sp1/cpu
Mode: CPU proving
Status: Active
Note: SP1 proving will use system cargo-prove
Mon Nov  3 02:23:09 PM UTC 2025: SP1 local server active
Mon Nov  3 02:24:09 PM UTC 2025: SP1 local server active
Mon Nov  3 02:25:09 PM UTC 2025: SP1 local server active
Mon Nov  3 02:26:09 PM UTC 2025: SP1 local server active
Mon Nov  3 02:27:09 PM UTC 2025: SP1 local server active
Mon Nov  3 02:28:09 PM UTC 2025: SP1 local server active
Mon Nov  3 02:29:09 PM UTC 2025: SP1 local server active
Mon Nov  3 02:30:09 PM UTC 2025: SP1 local server active
Mon Nov  3 02:31:10 PM UTC 2025: SP1 local server active
Mon Nov  3 02:32:10 PM UTC 2025: SP1 local server active
Mon Nov  3 02:33:10 PM UTC 2025: SP1 local server active
Mon Nov  3 02:34:10 PM UTC 2025: SP1 local server active
Mon Nov  3 02:35:10 PM UTC 2025: SP1 local server active
Mon Nov  3 02:36:10 PM UTC 2025: SP1 local server active
Mon Nov  3 02:37:10 PM UTC 2025: SP1 local server active
Mon Nov  3 02:38:10 PM UTC 2025: SP1 local server active
Mon Nov  3 02:39:10 PM UTC 2025: SP1 local server active
Mon Nov  3 02:40:11 PM UTC 2025: SP1 local server active
Mon Nov  3 02:41:11 PM UTC 2025: SP1 local server active
Mon Nov  3 02:42:11 PM UTC 2025: SP1 local server active
Mon Nov  3 02:43:11 PM UTC 2025: SP1 local server active
Mon Nov  3 02:44:11 PM UTC 2025: SP1 local server active
Mon Nov  3 02:45:11 PM UTC 2025: SP1 local server active
Mon Nov  3 02:46:11 PM UTC 2025: SP1 local server active
Mon Nov  3 02:47:11 PM UTC 2025: SP1 local server active
Mon Nov  3 02:48:12 PM UTC 2025: SP1 local server active
Mon Nov  3 02:49:12 PM UTC 2025: SP1 local server active
Mon Nov  3 02:50:12 PM UTC 2025: SP1 local server active
Mon Nov  3 02:51:12 PM UTC 2025: SP1 local server active
Mon Nov  3 02:52:12 PM UTC 2025: SP1 local server active
Mon Nov  3 02:53:13 PM UTC 2025: SP1 local server active
Mon Nov  3 02:54:13 PM UTC 2025: SP1 local server active
Mon Nov  3 02:55:13 PM UTC 2025: SP1 local server active
Mon Nov  3 02:56:13 PM UTC 2025: SP1 local server active
Mon Nov  3 02:57:13 PM UTC 2025: SP1 local server active
Mon Nov  3 02:58:14 PM UTC 2025: SP1 local server active
Mon Nov  3 02:59:14 PM UTC 2025: SP1 local server active
Mon Nov  3 03:00:14 PM UTC 2025: SP1 local server active
Mon Nov  3 03:01:14 PM UTC 2025: SP1 local server active
Mon Nov  3 03:02:14 PM UTC 2025: SP1 local server active
Mon Nov  3 03:03:14 PM UTC 2025: SP1 local server active
Mon Nov  3 03:04:14 PM UTC 2025: SP1 local server active
Mon Nov  3 03:05:15 PM UTC 2025: SP1 local server active
Mon Nov  3 03:06:15 PM UTC 2025: SP1 local server active
Mon Nov  3 03:07:15 PM UTC 2025: SP1 local server active
Mon Nov  3 03:08:15 PM UTC 2025: SP1 local server active
Mon Nov  3 03:09:15 PM UTC 2025: SP1 local server active
Mon Nov  3 03:10:15 PM UTC 2025: SP1 local server active
Mon Nov  3 03:11:15 PM UTC 2025: SP1 local server active
Mon Nov  3 03:12:16 PM UTC 2025: SP1 local server active
Mon Nov  3 03:13:16 PM UTC 2025: SP1 local server active
Mon Nov  3 03:14:16 PM UTC 2025: SP1 local server active
Mon Nov  3 03:15:16 PM UTC 2025: SP1 local server active
Mon Nov  3 03:16:16 PM UTC 2025: SP1 local server active
Mon Nov  3 03:17:16 PM UTC 2025: SP1 local server active
Mon Nov  3 03:18:17 PM UTC 2025: SP1 local server active
Mon Nov  3 03:19:17 PM UTC 2025: SP1 local server active
Mon Nov  3 03:20:17 PM UTC 2025: SP1 local server active
Mon Nov  3 03:21:17 PM UTC 2025: SP1 local server active
Mon Nov  3 03:22:17 PM UTC 2025: SP1 local server active
Mon Nov  3 03:23:17 PM UTC 2025: SP1 local server active
Mon Nov  3 03:24:17 PM UTC 2025: SP1 local server active
Mon Nov  3 03:25:17 PM UTC 2025: SP1 local server active
Mon Nov  3 03:26:17 PM UTC 2025: SP1 local server active
Mon Nov  3 03:27:17 PM UTC 2025: SP1 local server active
Mon Nov  3 03:28:17 PM UTC 2025: SP1 local server active
Mon Nov  3 03:29:17 PM UTC 2025: SP1 local server active
Mon Nov  3 03:30:18 PM UTC 2025: SP1 local server active
Mon Nov  3 03:31:18 PM UTC 2025: SP1 local server active
Mon Nov  3 03:32:18 PM UTC 2025: SP1 local server active
Mon Nov  3 03:33:19 PM UTC 2025: SP1 local server active
Mon Nov  3 03:34:19 PM UTC 2025: SP1 local server active
Mon Nov  3 03:35:19 PM UTC 2025: SP1 local server active
Mon Nov  3 03:36:19 PM UTC 2025: SP1 local server active
Mon Nov  3 03:37:19 PM UTC 2025: SP1 local server active
Mon Nov  3 03:38:19 PM UTC 2025: SP1 local server active
Mon Nov  3 03:39:19 PM UTC 2025: SP1 local server active
Mon Nov  3 03:40:19 PM UTC 2025: SP1 local server active
Mon Nov  3 03:41:19 PM UTC 2025: SP1 local server active
Mon Nov  3 03:42:19 PM UTC 2025: SP1 local server active
Mon Nov  3 03:43:19 PM UTC 2025: SP1 local server active
Mon Nov  3 03:44:19 PM UTC 2025: SP1 local server active
Mon Nov  3 03:45:19 PM UTC 2025: SP1 local server active
Mon Nov  3 03:46:19 PM UTC 2025: SP1 local server active
Mon Nov  3 03:47:19 PM UTC 2025: SP1 local server active
Mon Nov  3 03:48:20 PM UTC 2025: SP1 local server active
Mon Nov  3 03:49:20 PM UTC 2025: SP1 local server active
Mon Nov  3 03:50:20 PM UTC 2025: SP1 local server active
Mon Nov  3 03:51:20 PM UTC 2025: SP1 local server active
Mon Nov  3 03:52:20 PM UTC 2025: SP1 local server active
Mon Nov  3 03:53:20 PM UTC 2025: SP1 local server active
Mon Nov  3 03:54:20 PM UTC 2025: SP1 local server active
Mon Nov  3 03:55:20 PM UTC 2025: SP1 local server active
Mon Nov  3 03:56:20 PM UTC 2025: SP1 local server active
Mon Nov  3 03:57:21 PM UTC 2025: SP1 local server active
Mon Nov  3 03:58:21 PM UTC 2025: SP1 local server active
Mon Nov  3 03:59:21 PM UTC 2025: SP1 local server active
Mon Nov  3 04:00:22 PM UTC 2025: SP1 local server active
Mon Nov  3 04:01:22 PM UTC 2025: SP1 local server active
Mon Nov  3 04:02:22 PM UTC 2025: SP1 local server active
Mon Nov  3 04:03:23 PM UTC 2025: SP1 local server active
Mon Nov  3 04:04:23 PM UTC 2025: SP1 local server active
Mon Nov  3 04:05:23 PM UTC 2025: SP1 local server active
Mon Nov  3 04:06:23 PM UTC 2025: SP1 local server active
Mon Nov  3 04:07:24 PM UTC 2025: SP1 local server active
Mon Nov  3 04:08:24 PM UTC 2025: SP1 local server active
Mon Nov  3 04:09:24 PM UTC 2025: SP1 local server active
Mon Nov  3 04:10:24 PM UTC 2025: SP1 local server active
Mon Nov  3 04:11:24 PM UTC 2025: SP1 local server active
Mon Nov  3 04:12:24 PM UTC 2025: SP1 local server active
Mon Nov  3 04:13:24 PM UTC 2025: SP1 local server active
Mon Nov  3 04:14:25 PM UTC 2025: SP1 local server active
Mon Nov  3 04:15:25 PM UTC 2025: SP1 local server active
Mon Nov  3 04:16:25 PM UTC 2025: SP1 local server active
Mon Nov  3 04:17:25 PM UTC 2025: SP1 local server active
Mon Nov  3 04:18:25 PM UTC 2025: SP1 local server active
Mon Nov  3 04:19:25 PM UTC 2025: SP1 local server active
Mon Nov  3 04:20:26 PM UTC 2025: SP1 local server active
Mon Nov  3 04:21:26 PM UTC 2025: SP1 local server active
Mon Nov  3 04:22:26 PM UTC 2025: SP1 local server active
Mon Nov  3 04:23:26 PM UTC 2025: SP1 local server active
Mon Nov  3 04:24:26 PM UTC 2025: SP1 local server active
Mon Nov  3 04:25:26 PM UTC 2025: SP1 local server active
Mon Nov  3 04:26:27 PM UTC 2025: SP1 local server active
Mon Nov  3 04:27:27 PM UTC 2025: SP1 local server active
Mon Nov  3 04:28:27 PM UTC 2025: SP1 local server active
Mon Nov  3 04:29:27 PM UTC 2025: SP1 local server active
Mon Nov  3 04:30:27 PM UTC 2025: SP1 local server active
Mon Nov  3 04:31:27 PM UTC 2025: SP1 local server active
Mon Nov  3 04:32:27 PM UTC 2025: SP1 local server active
Mon Nov  3 04:33:28 PM UTC 2025: SP1 local server active
Mon Nov  3 04:34:28 PM UTC 2025: SP1 local server active
Mon Nov  3 04:35:28 PM UTC 2025: SP1 local server active
Mon Nov  3 04:36:28 PM UTC 2025: SP1 local server active
Mon Nov  3 04:37:28 PM UTC 2025: SP1 local server active
Mon Nov  3 04:38:28 PM UTC 2025: SP1 local server active
Mon Nov  3 04:39:28 PM UTC 2025: SP1 local server active
Mon Nov  3 04:40:28 PM UTC 2025: SP1 local server active
Mon Nov  3 04:41:29 PM UTC 2025: SP1 local server active
Mon Nov  3 04:42:29 PM UTC 2025: SP1 local server active
Mon Nov  3 04:43:30 PM UTC 2025: SP1 local server active
Mon Nov  3 04:44:30 PM UTC 2025: SP1 local server active
Mon Nov  3 04:45:30 PM UTC 2025: SP1 local server active
Mon Nov  3 04:46:30 PM UTC 2025: SP1 local server active
Mon Nov  3 04:47:30 PM UTC 2025: SP1 local server active
Mon Nov  3 04:48:31 PM UTC 2025: SP1 local server active
Mon Nov  3 04:49:31 PM UTC 2025: SP1 local server active
Mon Nov  3 04:50:31 PM UTC 2025: SP1 local server active
Mon Nov  3 04:51:31 PM UTC 2025: SP1 local server active
Mon Nov  3 04:52:31 PM UTC 2025: SP1 local server active
Mon Nov  3 04:53:31 PM UTC 2025: SP1 local server active
Mon Nov  3 04:54:32 PM UTC 2025: SP1 local server active
Mon Nov  3 04:55:32 PM UTC 2025: SP1 local server active
Mon Nov  3 04:56:32 PM UTC 2025: SP1 local server active
Mon Nov  3 04:57:33 PM UTC 2025: SP1 local server active
Mon Nov  3 04:58:33 PM UTC 2025: SP1 local server active
Mon Nov  3 04:59:33 PM UTC 2025: SP1 local server active
Mon Nov  3 05:00:33 PM UTC 2025: SP1 local server active
Mon Nov  3 05:01:33 PM UTC 2025: SP1 local server active
Mon Nov  3 05:02:33 PM UTC 2025: SP1 local server active
Mon Nov  3 05:03:33 PM UTC 2025: SP1 local server active
Mon Nov  3 05:04:34 PM UTC 2025: SP1 local server active
Mon Nov  3 05:05:34 PM UTC 2025: SP1 local server active
Mon Nov  3 05:06:34 PM UTC 2025: SP1 local server active
Mon Nov  3 05:07:34 PM UTC 2025: SP1 local server active
Mon Nov  3 05:08:34 PM UTC 2025: SP1 local server active
Mon Nov  3 05:09:34 PM UTC 2025: SP1 local server active
Mon Nov  3 05:10:34 PM UTC 2025: SP1 local server active
Mon Nov  3 05:11:34 PM UTC 2025: SP1 local server active
Mon Nov  3 05:12:35 PM UTC 2025: SP1 local server active
Mon Nov  3 05:13:35 PM UTC 2025: SP1 local server active
Mon Nov  3 05:14:35 PM UTC 2025: SP1 local server active
Mon Nov  3 05:15:35 PM UTC 2025: SP1 local server active
Mon Nov  3 05:16:35 PM UTC 2025: SP1 local server active
Mon Nov  3 05:17:35 PM UTC 2025: SP1 local server active
Mon Nov  3 05:18:36 PM UTC 2025: SP1 local server active
Mon Nov  3 05:19:36 PM UTC 2025: SP1 local server active
Mon Nov  3 05:20:36 PM UTC 2025: SP1 local server active
Mon Nov  3 05:21:36 PM UTC 2025: SP1 local server active
Mon Nov  3 05:22:36 PM UTC 2025: SP1 local server active
Mon Nov  3 05:23:36 PM UTC 2025: SP1 local server active
Mon Nov  3 05:24:36 PM UTC 2025: SP1 local server active
Mon Nov  3 05:25:37 PM UTC 2025: SP1 local server active
Mon Nov  3 05:26:37 PM UTC 2025: SP1 local server active
Mon Nov  3 05:27:37 PM UTC 2025: SP1 local server active
Mon Nov  3 05:28:37 PM UTC 2025: SP1 local server active
Mon Nov  3 05:29:37 PM UTC 2025: SP1 local server active
Mon Nov  3 05:30:37 PM UTC 2025: SP1 local server active
Mon Nov  3 05:31:38 PM UTC 2025: SP1 local server active
Mon Nov  3 05:32:38 PM UTC 2025: SP1 local server active
Mon Nov  3 05:33:39 PM UTC 2025: SP1 local server active
Mon Nov  3 05:34:39 PM UTC 2025: SP1 local server active
Mon Nov  3 05:35:39 PM UTC 2025: SP1 local server active
Mon Nov  3 05:36:39 PM UTC 2025: SP1 local server active
Mon Nov  3 05:37:39 PM UTC 2025: SP1 local server active
Mon Nov  3 05:38:40 PM UTC 2025: SP1 local server active
Mon Nov  3 05:39:40 PM UTC 2025: SP1 local server active
Mon Nov  3 05:40:40 PM UTC 2025: SP1 local server active
Mon Nov  3 05:41:40 PM UTC 2025: SP1 local server active
Mon Nov  3 05:42:40 PM UTC 2025: SP1 local server active
Mon Nov  3 05:43:41 PM UTC 2025: SP1 local server active
Mon Nov  3 05:44:41 PM UTC 2025: SP1 local server active
Mon Nov  3 05:45:41 PM UTC 2025: SP1 local server active
Mon Nov  3 05:46:41 PM UTC 2025: SP1 local server active
Mon Nov  3 05:47:41 PM UTC 2025: SP1 local server active
Mon Nov  3 05:48:41 PM UTC 2025: SP1 local server active
Mon Nov  3 05:49:42 PM UTC 2025: SP1 local server active
Mon Nov  3 05:50:42 PM UTC 2025: SP1 local server active
Mon Nov  3 05:51:42 PM UTC 2025: SP1 local server active
Mon Nov  3 05:52:42 PM UTC 2025: SP1 local server active
Mon Nov  3 05:53:42 PM UTC 2025: SP1 local server active
Mon Nov  3 05:54:42 PM UTC 2025: SP1 local server active
Mon Nov  3 05:55:42 PM UTC 2025: SP1 local server active
Mon Nov  3 05:56:43 PM UTC 2025: SP1 local server active
Mon Nov  3 05:57:43 PM UTC 2025: SP1 local server active
Mon Nov  3 05:58:43 PM UTC 2025: SP1 local server active
Mon Nov  3 05:59:43 PM UTC 2025: SP1 local server active
Mon Nov  3 06:00:44 PM UTC 2025: SP1 local server active
Mon Nov  3 06:01:44 PM UTC 2025: SP1 local server active
Mon Nov  3 06:02:44 PM UTC 2025: SP1 local server active
Mon Nov  3 06:03:45 PM UTC 2025: SP1 local server active
Mon Nov  3 06:04:45 PM UTC 2025: SP1 local server active
Mon Nov  3 06:05:45 PM UTC 2025: SP1 local server active
Mon Nov  3 06:06:46 PM UTC 2025: SP1 local server active
Mon Nov  3 06:07:46 PM UTC 2025: SP1 local server active
Mon Nov  3 06:08:46 PM UTC 2025: SP1 local server active
Mon Nov  3 06:09:47 PM UTC 2025: SP1 local server active
Mon Nov  3 06:10:47 PM UTC 2025: SP1 local server active
Mon Nov  3 06:11:47 PM UTC 2025: SP1 local server active
Mon Nov  3 06:12:47 PM UTC 2025: SP1 local server active
Mon Nov  3 06:13:47 PM UTC 2025: SP1 local server active
Mon Nov  3 06:14:47 PM UTC 2025: SP1 local server active
Mon Nov  3 06:15:47 PM UTC 2025: SP1 local server active
Mon Nov  3 06:16:47 PM UTC 2025: SP1 local server active
Mon Nov  3 06:17:47 PM UTC 2025: SP1 local server active
Mon Nov  3 06:18:48 PM UTC 2025: SP1 local server active
Mon Nov  3 06:19:49 PM UTC 2025: SP1 local server active
Mon Nov  3 06:20:49 PM UTC 2025: SP1 local server active
Mon Nov  3 06:21:49 PM UTC 2025: SP1 local server active
Mon Nov  3 06:22:49 PM UTC 2025: SP1 local server active
Mon Nov  3 06:23:49 PM UTC 2025: SP1 local server active
Mon Nov  3 06:24:50 PM UTC 2025: SP1 local server active
Mon Nov  3 06:25:50 PM UTC 2025: SP1 local server active
Mon Nov  3 06:26:50 PM UTC 2025: SP1 local server active
Mon Nov  3 06:27:50 PM UTC 2025: SP1 local server active
Mon Nov  3 06:28:50 PM UTC 2025: SP1 local server active
Mon Nov  3 06:29:50 PM UTC 2025: SP1 local server active
Mon Nov  3 06:30:50 PM UTC 2025: SP1 local server active
Mon Nov  3 06:31:51 PM UTC 2025: SP1 local server active
Mon Nov  3 06:32:51 PM UTC 2025: SP1 local server active
Mon Nov  3 06:33:51 PM UTC 2025: SP1 local server active
Mon Nov  3 06:34:51 PM UTC 2025: SP1 local server active
Mon Nov  3 06:35:52 PM UTC 2025: SP1 local server active
Mon Nov  3 06:36:52 PM UTC 2025: SP1 local server active
Mon Nov  3 06:37:52 PM UTC 2025: SP1 local server active
Mon Nov  3 06:38:52 PM UTC 2025: SP1 local server active
Mon Nov  3 06:39:52 PM UTC 2025: SP1 local server active
Mon Nov  3 06:40:52 PM UTC 2025: SP1 local server active
Mon Nov  3 06:41:52 PM UTC 2025: SP1 local server active
Mon Nov  3 06:42:53 PM UTC 2025: SP1 local server active
Mon Nov  3 06:43:53 PM UTC 2025: SP1 local server active
Mon Nov  3 06:44:53 PM UTC 2025: SP1 local server active
Mon Nov  3 06:45:53 PM UTC 2025: SP1 local server active
Mon Nov  3 06:46:53 PM UTC 2025: SP1 local server active
Mon Nov  3 06:47:53 PM UTC 2025: SP1 local server active
Mon Nov  3 06:48:53 PM UTC 2025: SP1 local server active
Mon Nov  3 06:49:54 PM UTC 2025: SP1 local server active
Mon Nov  3 06:50:54 PM UTC 2025: SP1 local server active
Mon Nov  3 06:51:54 PM UTC 2025: SP1 local server active
Mon Nov  3 06:52:54 PM UTC 2025: SP1 local server active
Mon Nov  3 06:53:54 PM UTC 2025: SP1 local server active
Mon Nov  3 06:54:55 PM UTC 2025: SP1 local server active
Mon Nov  3 06:55:55 PM UTC 2025: SP1 local server active
Mon Nov  3 06:56:55 PM UTC 2025: SP1 local server active
Mon Nov  3 06:57:55 PM UTC 2025: SP1 local server active
Mon Nov  3 06:58:55 PM UTC 2025: SP1 local server active
Mon Nov  3 06:59:56 PM UTC 2025: SP1 local server active
Mon Nov  3 07:00:56 PM UTC 2025: SP1 local server active
Mon Nov  3 07:01:56 PM UTC 2025: SP1 local server active
Mon Nov  3 07:02:56 PM UTC 2025: SP1 local server active
Mon Nov  3 07:03:57 PM UTC 2025: SP1 local server active
Mon Nov  3 07:04:57 PM UTC 2025: SP1 local server active
Mon Nov  3 07:05:58 PM UTC 2025: SP1 local server active
Mon Nov  3 07:06:58 PM UTC 2025: SP1 local server active
Mon Nov  3 07:07:58 PM UTC 2025: SP1 local server active
Mon Nov  3 07:08:58 PM UTC 2025: SP1 local server active
Mon Nov  3 07:09:58 PM UTC 2025: SP1 local server active
Mon Nov  3 07:10:59 PM UTC 2025: SP1 local server active
Mon Nov  3 07:11:59 PM UTC 2025: SP1 local server active
Mon Nov  3 07:12:59 PM UTC 2025: SP1 local server active
Mon Nov  3 07:14:00 PM UTC 2025: SP1 local server active
Mon Nov  3 07:15:00 PM UTC 2025: SP1 local server active
Mon Nov  3 07:16:00 PM UTC 2025: SP1 local server active
Mon Nov  3 07:17:01 PM UTC 2025: SP1 local server active
Mon Nov  3 07:18:01 PM UTC 2025: SP1 local server active
Mon Nov  3 07:19:01 PM UTC 2025: SP1 local server active
Mon Nov  3 07:20:02 PM UTC 2025: SP1 local server active
Mon Nov  3 07:21:02 PM UTC 2025: SP1 local server active
Mon Nov  3 07:22:02 PM UTC 2025: SP1 local server active
Mon Nov  3 07:23:02 PM UTC 2025: SP1 local server active
Mon Nov  3 07:24:02 PM UTC 2025: SP1 local server active
Mon Nov  3 07:25:03 PM UTC 2025: SP1 local server active
Mon Nov  3 07:26:03 PM UTC 2025: SP1 local server active
Mon Nov  3 07:27:03 PM UTC 2025: SP1 local server active
Mon Nov  3 07:28:03 PM UTC 2025: SP1 local server active
Mon Nov  3 07:29:04 PM UTC 2025: SP1 local server active
Mon Nov  3 07:30:04 PM UTC 2025: SP1 local server active
Mon Nov  3 07:31:05 PM UTC 2025: SP1 local server active
Mon Nov  3 07:32:05 PM UTC 2025: SP1 local server active
Mon Nov  3 07:33:05 PM UTC 2025: SP1 local server active
Mon Nov  3 07:34:05 PM UTC 2025: SP1 local server active
Mon Nov  3 07:35:05 PM UTC 2025: SP1 local server active
Mon Nov  3 07:36:05 PM UTC 2025: SP1 local server active
Mon Nov  3 07:37:06 PM UTC 2025: SP1 local server active
Mon Nov  3 07:38:06 PM UTC 2025: SP1 local server active
Mon Nov  3 07:39:06 PM UTC 2025: SP1 local server active
Mon Nov  3 07:40:06 PM UTC 2025: SP1 local server active
Mon Nov  3 07:41:06 PM UTC 2025: SP1 local server active
Mon Nov  3 07:42:06 PM UTC 2025: SP1 local server active
Mon Nov  3 07:43:06 PM UTC 2025: SP1 local server active
Mon Nov  3 07:44:06 PM UTC 2025: SP1 local server active
Mon Nov  3 07:45:06 PM UTC 2025: SP1 local server active
Mon Nov  3 07:46:07 PM UTC 2025: SP1 local server active
Mon Nov  3 07:47:07 PM UTC 2025: SP1 local server active
Mon Nov  3 07:48:07 PM UTC 2025: SP1 local server active
Mon Nov  3 07:49:07 PM UTC 2025: SP1 local server active
Mon Nov  3 07:50:07 PM UTC 2025: SP1 local server active
Mon Nov  3 07:51:07 PM UTC 2025: SP1 local server active
Mon Nov  3 07:52:07 PM UTC 2025: SP1 local server active
Mon Nov  3 07:53:07 PM UTC 2025: SP1 local server active
Mon Nov  3 07:54:08 PM UTC 2025: SP1 local server active
Mon Nov  3 07:55:08 PM UTC 2025: SP1 local server active
Mon Nov  3 07:56:08 PM UTC 2025: SP1 local server active
Mon Nov  3 07:57:08 PM UTC 2025: SP1 local server active
Mon Nov  3 07:58:08 PM UTC 2025: SP1 local server active
Mon Nov  3 07:59:08 PM UTC 2025: SP1 local server active
Mon Nov  3 08:00:09 PM UTC 2025: SP1 local server active
Mon Nov  3 08:01:09 PM UTC 2025: SP1 local server active
Mon Nov  3 08:02:09 PM UTC 2025: SP1 local server active
Mon Nov  3 08:03:09 PM UTC 2025: SP1 local server active
Mon Nov  3 08:04:09 PM UTC 2025: SP1 local server active
Mon Nov  3 08:05:09 PM UTC 2025: SP1 local server active
Mon Nov  3 08:06:10 PM UTC 2025: SP1 local server active
Mon Nov  3 08:07:10 PM UTC 2025: SP1 local server active
Mon Nov  3 08:08:10 PM UTC 2025: SP1 local server active
Mon Nov  3 08:09:10 PM UTC 2025: SP1 local server active
Mon Nov  3 08:10:10 PM UTC 2025: SP1 local server active
Mon Nov  3 08:11:10 PM UTC 2025: SP1 local server active
Mon Nov  3 08:12:10 PM UTC 2025: SP1 local server active
Mon Nov  3 08:13:11 PM UTC 2025: SP1 local server active
Mon Nov  3 08:14:11 PM UTC 2025: SP1 local server active
Mon Nov  3 08:15:11 PM UTC 2025: SP1 local server active
Mon Nov  3 08:16:11 PM UTC 2025: SP1 local server active
Mon Nov  3 08:17:11 PM UTC 2025: SP1 local server active
Mon Nov  3 08:18:11 PM UTC 2025: SP1 local server active
Mon Nov  3 08:19:12 PM UTC 2025: SP1 local server active
Mon Nov  3 08:20:12 PM UTC 2025: SP1 local server active
Mon Nov  3 08:21:12 PM UTC 2025: SP1 local server active
Mon Nov  3 08:22:12 PM UTC 2025: SP1 local server active
Mon Nov  3 08:23:12 PM UTC 2025: SP1 local server active
Mon Nov  3 08:24:12 PM UTC 2025: SP1 local server active
Mon Nov  3 08:25:12 PM UTC 2025: SP1 local server active
Mon Nov  3 08:26:12 PM UTC 2025: SP1 local server active
Mon Nov  3 08:27:12 PM UTC 2025: SP1 local server active
Mon Nov  3 08:28:13 PM UTC 2025: SP1 local server active
Mon Nov  3 08:29:13 PM UTC 2025: SP1 local server active
Mon Nov  3 08:30:13 PM UTC 2025: SP1 local server active
Mon Nov  3 08:31:13 PM UTC 2025: SP1 local server active
Mon Nov  3 08:32:13 PM UTC 2025: SP1 local server active
Mon Nov  3 08:33:13 PM UTC 2025: SP1 local server active
Mon Nov  3 08:34:14 PM UTC 2025: SP1 local server active
Mon Nov  3 08:35:14 PM UTC 2025: SP1 local server active
Mon Nov  3 08:36:14 PM UTC 2025: SP1 local server active
Mon Nov  3 08:37:14 PM UTC 2025: SP1 local server active
Mon Nov  3 08:38:14 PM UTC 2025: SP1 local server active
Mon Nov  3 08:39:14 PM UTC 2025: SP1 local server active
Mon Nov  3 08:40:14 PM UTC 2025: SP1 local server active
Mon Nov  3 08:41:14 PM UTC 2025: SP1 local server active
Mon Nov  3 08:42:14 PM UTC 2025: SP1 local server active
Mon Nov  3 08:43:15 PM UTC 2025: SP1 local server active
Mon Nov  3 08:44:15 PM UTC 2025: SP1 local server active
Mon Nov  3 08:45:15 PM UTC 2025: SP1 local server active
Mon Nov  3 08:46:16 PM UTC 2025: SP1 local server active
Mon Nov  3 08:47:16 PM UTC 2025: SP1 local server active
Mon Nov  3 08:48:16 PM UTC 2025: SP1 local server active
Mon Nov  3 08:49:16 PM UTC 2025: SP1 local server active
Mon Nov  3 08:50:16 PM UTC 2025: SP1 local server active
Mon Nov  3 08:51:16 PM UTC 2025: SP1 local server active
Mon Nov  3 08:52:16 PM UTC 2025: SP1 local server active
Mon Nov  3 08:53:17 PM UTC 2025: SP1 local server active
Mon Nov  3 08:54:17 PM UTC 2025: SP1 local server active
Mon Nov  3 08:55:18 PM UTC 2025: SP1 local server active
Mon Nov  3 08:56:18 PM UTC 2025: SP1 local server active
Mon Nov  3 08:57:18 PM UTC 2025: SP1 local server active
Mon Nov  3 08:58:18 PM UTC 2025: SP1 local server active
Mon Nov  3 08:59:18 PM UTC 2025: SP1 local server active
Mon Nov  3 09:00:18 PM UTC 2025: SP1 local server active
Mon Nov  3 09:01:18 PM UTC 2025: SP1 local server active
Mon Nov  3 09:02:18 PM UTC 2025: SP1 local server active
Mon Nov  3 09:03:18 PM UTC 2025: SP1 local server active
Mon Nov  3 09:04:18 PM UTC 2025: SP1 local server active
Mon Nov  3 09:05:19 PM UTC 2025: SP1 local server active
Mon Nov  3 09:06:19 PM UTC 2025: SP1 local server active
Mon Nov  3 09:07:19 PM UTC 2025: SP1 local server active
Mon Nov  3 09:08:19 PM UTC 2025: SP1 local server active
Mon Nov  3 09:09:19 PM UTC 2025: SP1 local server active
Mon Nov  3 09:10:19 PM UTC 2025: SP1 local server active
Mon Nov  3 09:11:19 PM UTC 2025: SP1 local server active
Mon Nov  3 09:12:20 PM UTC 2025: SP1 local server active
Mon Nov  3 09:13:20 PM UTC 2025: SP1 local server active
Mon Nov  3 09:14:20 PM UTC 2025: SP1 local server active
Mon Nov  3 09:15:20 PM UTC 2025: SP1 local server active
Mon Nov  3 09:16:20 PM UTC 2025: SP1 local server active
Mon Nov  3 09:17:20 PM UTC 2025: SP1 local server active
Mon Nov  3 09:18:20 PM UTC 2025: SP1 local server active
Mon Nov  3 09:19:20 PM UTC 2025: SP1 local server active
Mon Nov  3 09:20:20 PM UTC 2025: SP1 local server active
Mon Nov  3 09:21:21 PM UTC 2025: SP1 local server active
Mon Nov  3 09:22:21 PM UTC 2025: SP1 local server active
Mon Nov  3 09:23:21 PM UTC 2025: SP1 local server active
Mon Nov  3 09:24:21 PM UTC 2025: SP1 local server active
Mon Nov  3 09:25:21 PM UTC 2025: SP1 local server active
Mon Nov  3 09:26:22 PM UTC 2025: SP1 local server active
Mon Nov  3 09:27:22 PM UTC 2025: SP1 local server active
Mon Nov  3 09:28:22 PM UTC 2025: SP1 local server active
Mon Nov  3 09:29:22 PM UTC 2025: SP1 local server active
Mon Nov  3 09:30:22 PM UTC 2025: SP1 local server active
Mon Nov  3 09:31:22 PM UTC 2025: SP1 local server active
Mon Nov  3 09:32:22 PM UTC 2025: SP1 local server active
Mon Nov  3 09:33:22 PM UTC 2025: SP1 local server active
Mon Nov  3 09:34:22 PM UTC 2025: SP1 local server active
Mon Nov  3 09:35:22 PM UTC 2025: SP1 local server active
Mon Nov  3 09:36:22 PM UTC 2025: SP1 local server active
Mon Nov  3 09:37:22 PM UTC 2025: SP1 local server active
Mon Nov  3 09:38:22 PM UTC 2025: SP1 local server active
Mon Nov  3 09:39:23 PM UTC 2025: SP1 local server active
Mon Nov  3 09:40:23 PM UTC 2025: SP1 local server active
Mon Nov  3 09:41:23 PM UTC 2025: SP1 local server active
Mon Nov  3 09:42:24 PM UTC 2025: SP1 local server active
Mon Nov  3 09:43:24 PM UTC 2025: SP1 local server active
Mon Nov  3 09:44:24 PM UTC 2025: SP1 local server active
Mon Nov  3 09:45:24 PM UTC 2025: SP1 local server active
Mon Nov  3 09:46:24 PM UTC 2025: SP1 local server active
Mon Nov  3 09:47:25 PM UTC 2025: SP1 local server active
Mon Nov  3 09:48:25 PM UTC 2025: SP1 local server active
Mon Nov  3 09:49:25 PM UTC 2025: SP1 local server active
Mon Nov  3 09:50:25 PM UTC 2025: SP1 local server active
Mon Nov  3 09:51:26 PM UTC 2025: SP1 local server active
Mon Nov  3 09:52:26 PM UTC 2025: SP1 local server active
Mon Nov  3 09:53:26 PM UTC 2025: SP1 local server active
Mon Nov  3 09:54:26 PM UTC 2025: SP1 local server active
Mon Nov  3 09:55:26 PM UTC 2025: SP1 local server active
Mon Nov  3 09:56:26 PM UTC 2025: SP1 local server active
Mon Nov  3 09:57:26 PM UTC 2025: SP1 local server active
Mon Nov  3 09:58:27 PM UTC 2025: SP1 local server active
Mon Nov  3 09:59:27 PM UTC 2025: SP1 local server active
Mon Nov  3 10:00:27 PM UTC 2025: SP1 local server active
Mon Nov  3 10:01:27 PM UTC 2025: SP1 local server active
Mon Nov  3 10:02:27 PM UTC 2025: SP1 local server active
Mon Nov  3 10:03:27 PM UTC 2025: SP1 local server active
Mon Nov  3 10:04:28 PM UTC 2025: SP1 local server active
Mon Nov  3 10:05:28 PM UTC 2025: SP1 local server active
Mon Nov  3 10:06:28 PM UTC 2025: SP1 local server active
Mon Nov  3 10:07:28 PM UTC 2025: SP1 local server active
Mon Nov  3 10:08:28 PM UTC 2025: SP1 local server active
Mon Nov  3 10:09:29 PM UTC 2025: SP1 local server active
Mon Nov  3 10:10:29 PM UTC 2025: SP1 local server active
Mon Nov  3 10:11:29 PM UTC 2025: SP1 local server active
Mon Nov  3 10:12:30 PM UTC 2025: SP1 local server active
Mon Nov  3 10:13:30 PM UTC 2025: SP1 local server active
Mon Nov  3 10:14:31 PM UTC 2025: SP1 local server active
Mon Nov  3 10:15:31 PM UTC 2025: SP1 local server active
Mon Nov  3 10:16:31 PM UTC 2025: SP1 local server active
Mon Nov  3 10:17:31 PM UTC 2025: SP1 local server active
Mon Nov  3 10:18:31 PM UTC 2025: SP1 local server active
Mon Nov  3 10:19:31 PM UTC 2025: SP1 local server active
Mon Nov  3 10:20:32 PM UTC 2025: SP1 local server active
Mon Nov  3 10:21:32 PM UTC 2025: SP1 local server active
Mon Nov  3 10:22:32 PM UTC 2025: SP1 local server active
Mon Nov  3 10:23:33 PM UTC 2025: SP1 local server active
Mon Nov  3 10:24:33 PM UTC 2025: SP1 local server active
Mon Nov  3 10:25:33 PM UTC 2025: SP1 local server active
Mon Nov  3 10:26:33 PM UTC 2025: SP1 local server active
Mon Nov  3 10:27:34 PM UTC 2025: SP1 local server active
Mon Nov  3 10:28:34 PM UTC 2025: SP1 local server active
Mon Nov  3 10:29:34 PM UTC 2025: SP1 local server active
Mon Nov  3 10:30:35 PM UTC 2025: SP1 local server active
Mon Nov  3 10:31:35 PM UTC 2025: SP1 local server active
Mon Nov  3 10:32:35 PM UTC 2025: SP1 local server active
Mon Nov  3 10:33:35 PM UTC 2025: SP1 local server active
Mon Nov  3 10:34:36 PM UTC 2025: SP1 local server active
Mon Nov  3 10:35:36 PM UTC 2025: SP1 local server active
Mon Nov  3 10:36:36 PM UTC 2025: SP1 local server active
Mon Nov  3 10:37:36 PM UTC 2025: SP1 local server active
Mon Nov  3 10:38:36 PM UTC 2025: SP1 local server active
Mon Nov  3 10:39:36 PM UTC 2025: SP1 local server active
Mon Nov  3 10:40:36 PM UTC 2025: SP1 local server active
Mon Nov  3 10:41:37 PM UTC 2025: SP1 local server active
Mon Nov  3 10:42:37 PM UTC 2025: SP1 local server active
Mon Nov  3 10:43:37 PM UTC 2025: SP1 local server active
Mon Nov  3 10:44:37 PM UTC 2025: SP1 local server active
Mon Nov  3 10:45:37 PM UTC 2025: SP1 local server active
Mon Nov  3 10:46:38 PM UTC 2025: SP1 local server active
Mon Nov  3 10:47:38 PM UTC 2025: SP1 local server active
Mon Nov  3 10:48:38 PM UTC 2025: SP1 local server active
Mon Nov  3 10:49:38 PM UTC 2025: SP1 local server active
Mon Nov  3 10:50:38 PM UTC 2025: SP1 local server active
Mon Nov  3 10:51:38 PM UTC 2025: SP1 local server active
Mon Nov  3 10:52:38 PM UTC 2025: SP1 local server active
Mon Nov  3 10:53:39 PM UTC 2025: SP1 local server active
Mon Nov  3 10:54:39 PM UTC 2025: SP1 local server active
Mon Nov  3 10:55:39 PM UTC 2025: SP1 local server active
Mon Nov  3 10:56:40 PM UTC 2025: SP1 local server active
Mon Nov  3 10:57:40 PM UTC 2025: SP1 local server active
Mon Nov  3 10:58:40 PM UTC 2025: SP1 local server active
Mon Nov  3 10:59:40 PM UTC 2025: SP1 local server active
Mon Nov  3 11:00:40 PM UTC 2025: SP1 local server active
Mon Nov  3 11:01:41 PM UTC 2025: SP1 local server active
Mon Nov  3 11:02:41 PM UTC 2025: SP1 local server active
Mon Nov  3 11:03:41 PM UTC 2025: SP1 local server active
Mon Nov  3 11:04:41 PM UTC 2025: SP1 local server active
Mon Nov  3 11:05:41 PM UTC 2025: SP1 local server active
Mon Nov  3 11:06:42 PM UTC 2025: SP1 local server active
Mon Nov  3 11:07:42 PM UTC 2025: SP1 local server active
Mon Nov  3 11:08:42 PM UTC 2025: SP1 local server active
Mon Nov  3 11:09:42 PM UTC 2025: SP1 local server active
Mon Nov  3 11:10:42 PM UTC 2025: SP1 local server active
Mon Nov  3 11:11:42 PM UTC 2025: SP1 local server active
Mon Nov  3 11:12:43 PM UTC 2025: SP1 local server active
Mon Nov  3 11:13:43 PM UTC 2025: SP1 local server active
Mon Nov  3 11:14:43 PM UTC 2025: SP1 local server active
Mon Nov  3 11:15:43 PM UTC 2025: SP1 local server active
Mon Nov  3 11:16:44 PM UTC 2025: SP1 local server active
Mon Nov  3 11:17:44 PM UTC 2025: SP1 local server active
Mon Nov  3 11:18:44 PM UTC 2025: SP1 local server active
Mon Nov  3 11:19:44 PM UTC 2025: SP1 local server active
Mon Nov  3 11:20:44 PM UTC 2025: SP1 local server active
Mon Nov  3 11:21:44 PM UTC 2025: SP1 local server active
Mon Nov  3 11:22:44 PM UTC 2025: SP1 local server active
Mon Nov  3 11:23:44 PM UTC 2025: SP1 local server active
Mon Nov  3 11:24:44 PM UTC 2025: SP1 local server active
Mon Nov  3 11:25:44 PM UTC 2025: SP1 local server active
Mon Nov  3 11:26:44 PM UTC 2025: SP1 local server active
Mon Nov  3 11:27:44 PM UTC 2025: SP1 local server active
Mon Nov  3 11:28:44 PM UTC 2025: SP1 local server active
Mon Nov  3 11:29:44 PM UTC 2025: SP1 local server active
Mon Nov  3 11:30:44 PM UTC 2025: SP1 local server active
Mon Nov  3 11:31:44 PM UTC 2025: SP1 local server active
Mon Nov  3 11:32:44 PM UTC 2025: SP1 local server active
Mon Nov  3 11:33:44 PM UTC 2025: SP1 local server active
Mon Nov  3 11:34:44 PM UTC 2025: SP1 local server active
Mon Nov  3 11:35:44 PM UTC 2025: SP1 local server active
Mon Nov  3 11:36:44 PM UTC 2025: SP1 local server active
Mon Nov  3 11:37:44 PM UTC 2025: SP1 local server active
Mon Nov  3 11:38:44 PM UTC 2025: SP1 local server active
Mon Nov  3 11:39:44 PM UTC 2025: SP1 local server active
Mon Nov  3 11:40:44 PM UTC 2025: SP1 local server active
Mon Nov  3 11:41:44 PM UTC 2025: SP1 local server active
Mon Nov  3 11:42:44 PM UTC 2025: SP1 local server active
Mon Nov  3 11:43:44 PM UTC 2025: SP1 local server active
Mon Nov  3 11:44:44 PM UTC 2025: SP1 local server active
Mon Nov  3 11:45:44 PM UTC 2025: SP1 local server active
Mon Nov  3 11:46:44 PM UTC 2025: SP1 local server active
Mon Nov  3 11:47:44 PM UTC 2025: SP1 local server active
Mon Nov  3 11:48:44 PM UTC 2025: SP1 local server active
Mon Nov  3 11:49:44 PM UTC 2025: SP1 local server active
Mon Nov  3 11:50:44 PM UTC 2025: SP1 local server active
Mon Nov  3 11:51:44 PM UTC 2025: SP1 local server active
Mon Nov  3 11:52:44 PM UTC 2025: SP1 local server active
Mon Nov  3 11:53:44 PM UTC 2025: SP1 local server active
Mon Nov  3 11:54:44 PM UTC 2025: SP1 local server active
Mon Nov  3 11:55:44 PM UTC 2025: SP1 local server active
Mon Nov  3 11:56:44 PM UTC 2025: SP1 local server active
Mon Nov  3 11:57:44 PM UTC 2025: SP1 local server active
Mon Nov  3 11:58:44 PM UTC 2025: SP1 local server active
Mon Nov  3 11:59:44 PM UTC 2025: SP1 local server active
Tue Nov  4 12:00:44 AM UTC 2025: SP1 local server active
Tue Nov  4 12:01:44 AM UTC 2025: SP1 local server active
Tue Nov  4 12:02:44 AM UTC 2025: SP1 local server active
Tue Nov  4 12:03:44 AM UTC 2025: SP1 local server active
Tue Nov  4 12:04:44 AM UTC 2025: SP1 local server active
Tue Nov  4 12:05:44 AM UTC 2025: SP1 local server active
Tue Nov  4 12:06:44 AM UTC 2025: SP1 local server active
Tue Nov  4 12:07:44 AM UTC 2025: SP1 local server active
Tue Nov  4 12:08:44 AM UTC 2025: SP1 local server active
Tue Nov  4 12:09:44 AM UTC 2025: SP1 local server active
Tue Nov  4 12:10:44 AM UTC 2025: SP1 local server active
Tue Nov  4 12:11:44 AM UTC 2025: SP1 local server active
Tue Nov  4 12:12:44 AM UTC 2025: SP1 local server active
Tue Nov  4 12:13:44 AM UTC 2025: SP1 local server active
Tue Nov  4 12:14:44 AM UTC 2025: SP1 local server active
Tue Nov  4 12:15:44 AM UTC 2025: SP1 local server active
Tue Nov  4 12:16:44 AM UTC 2025: SP1 local server active
Tue Nov  4 12:17:44 AM UTC 2025: SP1 local server active
Tue Nov  4 12:18:44 AM UTC 2025: SP1 local server active
Tue Nov  4 12:19:44 AM UTC 2025: SP1 local server active
Tue Nov  4 12:20:44 AM UTC 2025: SP1 local server active
Tue Nov  4 12:21:44 AM UTC 2025: SP1 local server active
Tue Nov  4 12:22:44 AM UTC 2025: SP1 local server active
Tue Nov  4 12:23:44 AM UTC 2025: SP1 local server active
Tue Nov  4 12:24:44 AM UTC 2025: SP1 local server active
Tue Nov  4 12:25:44 AM UTC 2025: SP1 local server active
Tue Nov  4 12:26:44 AM UTC 2025: SP1 local server active
Tue Nov  4 12:27:44 AM UTC 2025: SP1 local server active
Tue Nov  4 12:28:44 AM UTC 2025: SP1 local server active
Tue Nov  4 12:29:44 AM UTC 2025: SP1 local server active
Tue Nov  4 12:30:44 AM UTC 2025: SP1 local server active
Tue Nov  4 12:31:44 AM UTC 2025: SP1 local server active
Tue Nov  4 12:32:44 AM UTC 2025: SP1 local server active
Tue Nov  4 12:33:44 AM UTC 2025: SP1 local server active
Tue Nov  4 12:34:44 AM UTC 2025: SP1 local server active
Tue Nov  4 12:35:44 AM UTC 2025: SP1 local server active
Tue Nov  4 12:36:44 AM UTC 2025: SP1 local server active
Tue Nov  4 12:37:44 AM UTC 2025: SP1 local server active
Tue Nov  4 12:38:44 AM UTC 2025: SP1 local server active
Tue Nov  4 12:39:44 AM UTC 2025: SP1 local server active
Tue Nov  4 12:40:44 AM UTC 2025: SP1 local server active
Tue Nov  4 12:41:44 AM UTC 2025: SP1 local server active
Tue Nov  4 12:42:44 AM UTC 2025: SP1 local server active
Tue Nov  4 12:43:44 AM UTC 2025: SP1 local server active
Tue Nov  4 12:44:44 AM UTC 2025: SP1 local server active
Tue Nov  4 12:45:44 AM UTC 2025: SP1 local server active
Tue Nov  4 12:46:44 AM UTC 2025: SP1 local server active
Tue Nov  4 12:47:44 AM UTC 2025: SP1 local server active
Tue Nov  4 12:48:44 AM UTC 2025: SP1 local server active
Tue Nov  4 12:49:44 AM UTC 2025: SP1 local server active
Tue Nov  4 12:50:44 AM UTC 2025: SP1 local server active
Tue Nov  4 12:51:44 AM UTC 2025: SP1 local server active
Tue Nov  4 12:52:44 AM UTC 2025: SP1 local server active
Tue Nov  4 12:53:44 AM UTC 2025: SP1 local server active
Tue Nov  4 12:54:45 AM UTC 2025: SP1 local server active
Tue Nov  4 12:55:45 AM UTC 2025: SP1 local server active
Tue Nov  4 12:56:45 AM UTC 2025: SP1 local server active
Tue Nov  4 12:57:45 AM UTC 2025: SP1 local server active
Tue Nov  4 12:58:45 AM UTC 2025: SP1 local server active
Tue Nov  4 12:59:45 AM UTC 2025: SP1 local server active
Tue Nov  4 01:00:45 AM UTC 2025: SP1 local server active
Tue Nov  4 01:01:45 AM UTC 2025: SP1 local server active
Tue Nov  4 01:02:45 AM UTC 2025: SP1 local server active
Tue Nov  4 01:03:45 AM UTC 2025: SP1 local server active
Tue Nov  4 01:04:45 AM UTC 2025: SP1 local server active
Tue Nov  4 01:05:45 AM UTC 2025: SP1 local server active
Tue Nov  4 01:06:45 AM UTC 2025: SP1 local server active
Tue Nov  4 01:07:45 AM UTC 2025: SP1 local server active
Tue Nov  4 01:08:45 AM UTC 2025: SP1 local server active
Tue Nov  4 01:09:45 AM UTC 2025: SP1 local server active
Tue Nov  4 01:10:45 AM UTC 2025: SP1 local server active
Tue Nov  4 01:11:45 AM UTC 2025: SP1 local server active
Tue Nov  4 01:12:45 AM UTC 2025: SP1 local server active
Tue Nov  4 01:13:45 AM UTC 2025: SP1 local server active
Tue Nov  4 01:14:45 AM UTC 2025: SP1 local server active
Tue Nov  4 01:15:45 AM UTC 2025: SP1 local server active
Tue Nov  4 01:16:45 AM UTC 2025: SP1 local server active
Tue Nov  4 01:17:45 AM UTC 2025: SP1 local server active
Tue Nov  4 01:18:45 AM UTC 2025: SP1 local server active
Tue Nov  4 01:19:45 AM UTC 2025: SP1 local server active
Tue Nov  4 01:20:45 AM UTC 2025: SP1 local server active
Tue Nov  4 01:21:45 AM UTC 2025: SP1 local server active
Tue Nov  4 01:22:45 AM UTC 2025: SP1 local server active
Tue Nov  4 01:23:45 AM UTC 2025: SP1 local server active
Tue Nov  4 01:24:45 AM UTC 2025: SP1 local server active
Tue Nov  4 01:25:45 AM UTC 2025: SP1 local server active
Tue Nov  4 01:26:45 AM UTC 2025: SP1 local server active
Tue Nov  4 01:27:45 AM UTC 2025: SP1 local server active
Tue Nov  4 01:28:45 AM UTC 2025: SP1 local server active
Tue Nov  4 01:29:45 AM UTC 2025: SP1 local server active
Tue Nov  4 01:30:45 AM UTC 2025: SP1 local server active
Tue Nov  4 01:31:45 AM UTC 2025: SP1 local server active
Tue Nov  4 01:32:45 AM UTC 2025: SP1 local server active
Tue Nov  4 01:33:45 AM UTC 2025: SP1 local server active
Tue Nov  4 01:34:45 AM UTC 2025: SP1 local server active
Tue Nov  4 01:35:45 AM UTC 2025: SP1 local server active
Tue Nov  4 01:36:45 AM UTC 2025: SP1 local server active
Tue Nov  4 01:37:45 AM UTC 2025: SP1 local server active
Tue Nov  4 01:38:45 AM UTC 2025: SP1 local server active
Tue Nov  4 01:39:45 AM UTC 2025: SP1 local server active
Tue Nov  4 01:40:45 AM UTC 2025: SP1 local server active
Tue Nov  4 01:41:45 AM UTC 2025: SP1 local server active
Tue Nov  4 01:42:45 AM UTC 2025: SP1 local server active
Tue Nov  4 01:43:45 AM UTC 2025: SP1 local server active
Tue Nov  4 01:44:45 AM UTC 2025: SP1 local server active
Tue Nov  4 01:45:45 AM UTC 2025: SP1 local server active
Tue Nov  4 01:46:45 AM UTC 2025: SP1 local server active
Tue Nov  4 01:47:45 AM UTC 2025: SP1 local server active
Tue Nov  4 01:48:45 AM UTC 2025: SP1 local server active
Tue Nov  4 01:49:45 AM UTC 2025: SP1 local server active
Tue Nov  4 01:50:45 AM UTC 2025: SP1 local server active
Tue Nov  4 01:51:45 AM UTC 2025: SP1 local server active
Tue Nov  4 01:52:45 AM UTC 2025: SP1 local server active
Tue Nov  4 01:53:45 AM UTC 2025: SP1 local server active
Tue Nov  4 01:54:45 AM UTC 2025: SP1 local server active
Tue Nov  4 01:55:45 AM UTC 2025: SP1 local server active
Tue Nov  4 01:56:45 AM UTC 2025: SP1 local server active
Tue Nov  4 01:57:45 AM UTC 2025: SP1 local server active
Tue Nov  4 01:58:45 AM UTC 2025: SP1 local server active
Tue Nov  4 01:59:45 AM UTC 2025: SP1 local server active
Tue Nov  4 02:00:45 AM UTC 2025: SP1 local server active
Tue Nov  4 02:01:45 AM UTC 2025: SP1 local server active
Tue Nov  4 02:02:45 AM UTC 2025: SP1 local server active
Tue Nov  4 02:03:45 AM UTC 2025: SP1 local server active
Tue Nov  4 02:04:45 AM UTC 2025: SP1 local server active
Tue Nov  4 02:05:45 AM UTC 2025: SP1 local server active
Tue Nov  4 02:06:45 AM UTC 2025: SP1 local server active
Tue Nov  4 02:07:45 AM UTC 2025: SP1 local server active
Tue Nov  4 02:08:45 AM UTC 2025: SP1 local server active
Tue Nov  4 02:09:45 AM UTC 2025: SP1 local server active
Tue Nov  4 02:10:45 AM UTC 2025: SP1 local server active
Tue Nov  4 02:11:45 AM UTC 2025: SP1 local server active
Tue Nov  4 02:12:45 AM UTC 2025: SP1 local server active
Tue Nov  4 02:13:45 AM UTC 2025: SP1 local server active
Tue Nov  4 02:14:45 AM UTC 2025: SP1 local server active
Tue Nov  4 02:15:45 AM UTC 2025: SP1 local server active
Tue Nov  4 02:16:45 AM UTC 2025: SP1 local server active
Tue Nov  4 02:17:45 AM UTC 2025: SP1 local server active
Tue Nov  4 02:18:45 AM UTC 2025: SP1 local server active
Tue Nov  4 02:19:45 AM UTC 2025: SP1 local server active
Tue Nov  4 02:20:45 AM UTC 2025: SP1 local server active
Tue Nov  4 02:21:45 AM UTC 2025: SP1 local server active
Tue Nov  4 02:22:45 AM UTC 2025: SP1 local server active
Tue Nov  4 02:23:45 AM UTC 2025: SP1 local server active
Tue Nov  4 02:24:45 AM UTC 2025: SP1 local server active
Tue Nov  4 02:25:45 AM UTC 2025: SP1 local server active
Tue Nov  4 02:26:45 AM UTC 2025: SP1 local server active
Tue Nov  4 02:27:45 AM UTC 2025: SP1 local server active
Tue Nov  4 02:28:45 AM UTC 2025: SP1 local server active
Tue Nov  4 02:29:45 AM UTC 2025: SP1 local server active
Tue Nov  4 02:30:45 AM UTC 2025: SP1 local server active
Tue Nov  4 02:31:45 AM UTC 2025: SP1 local server active
Tue Nov  4 02:32:45 AM UTC 2025: SP1 local server active
Tue Nov  4 02:33:45 AM UTC 2025: SP1 local server active
Tue Nov  4 02:34:45 AM UTC 2025: SP1 local server active
Tue Nov  4 02:35:45 AM UTC 2025: SP1 local server active
Tue Nov  4 02:36:45 AM UTC 2025: SP1 local server active
Tue Nov  4 02:37:45 AM UTC 2025: SP1 local server active
Tue Nov  4 02:38:45 AM UTC 2025: SP1 local server active
Tue Nov  4 02:39:45 AM UTC 2025: SP1 local server active
Tue Nov  4 02:40:45 AM UTC 2025: SP1 local server active
Tue Nov  4 02:41:45 AM UTC 2025: SP1 local server active
Tue Nov  4 02:42:45 AM UTC 2025: SP1 local server active
Tue Nov  4 02:43:46 AM UTC 2025: SP1 local server active
Tue Nov  4 02:44:46 AM UTC 2025: SP1 local server active
Tue Nov  4 02:45:46 AM UTC 2025: SP1 local server active
Tue Nov  4 02:46:46 AM UTC 2025: SP1 local server active
Tue Nov  4 02:47:47 AM UTC 2025: SP1 local server active
Tue Nov  4 02:48:47 AM UTC 2025: SP1 local server active
Tue Nov  4 02:49:47 AM UTC 2025: SP1 local server active
Tue Nov  4 02:50:47 AM UTC 2025: SP1 local server active
Tue Nov  4 02:51:47 AM UTC 2025: SP1 local server active
Tue Nov  4 02:52:48 AM UTC 2025: SP1 local server active
Tue Nov  4 02:53:48 AM UTC 2025: SP1 local server active
Tue Nov  4 02:54:48 AM UTC 2025: SP1 local server active
Tue Nov  4 02:55:48 AM UTC 2025: SP1 local server active
Tue Nov  4 02:56:49 AM UTC 2025: SP1 local server active
Tue Nov  4 02:57:49 AM UTC 2025: SP1 local server active
Tue Nov  4 02:58:50 AM UTC 2025: SP1 local server active
Tue Nov  4 02:59:50 AM UTC 2025: SP1 local server active
Tue Nov  4 03:00:50 AM UTC 2025: SP1 local server active
Tue Nov  4 03:01:50 AM UTC 2025: SP1 local server active
Tue Nov  4 03:02:50 AM UTC 2025: SP1 local server active
Tue Nov  4 03:03:50 AM UTC 2025: SP1 local server active
Tue Nov  4 03:04:50 AM UTC 2025: SP1 local server active
Tue Nov  4 03:05:51 AM UTC 2025: SP1 local server active
Tue Nov  4 03:06:51 AM UTC 2025: SP1 local server active
Tue Nov  4 03:07:51 AM UTC 2025: SP1 local server active
Tue Nov  4 03:08:52 AM UTC 2025: SP1 local server active
Tue Nov  4 03:09:52 AM UTC 2025: SP1 local server active
Tue Nov  4 03:10:52 AM UTC 2025: SP1 local server active
Tue Nov  4 03:11:52 AM UTC 2025: SP1 local server active
Tue Nov  4 03:12:52 AM UTC 2025: SP1 local server active
Tue Nov  4 03:13:52 AM UTC 2025: SP1 local server active
Tue Nov  4 03:14:52 AM UTC 2025: SP1 local server active
Tue Nov  4 03:15:52 AM UTC 2025: SP1 local server active
Tue Nov  4 03:16:52 AM UTC 2025: SP1 local server active
Tue Nov  4 03:17:52 AM UTC 2025: SP1 local server active
Tue Nov  4 03:18:53 AM UTC 2025: SP1 local server active
Tue Nov  4 03:19:53 AM UTC 2025: SP1 local server active
Tue Nov  4 03:20:53 AM UTC 2025: SP1 local server active
Tue Nov  4 03:21:53 AM UTC 2025: SP1 local server active
Tue Nov  4 03:22:53 AM UTC 2025: SP1 local server active
Tue Nov  4 03:23:53 AM UTC 2025: SP1 local server active
Tue Nov  4 03:24:53 AM UTC 2025: SP1 local server active
Tue Nov  4 03:25:54 AM UTC 2025: SP1 local server active
Tue Nov  4 03:26:54 AM UTC 2025: SP1 local server active
Tue Nov  4 03:27:54 AM UTC 2025: SP1 local server active
Tue Nov  4 03:28:54 AM UTC 2025: SP1 local server active
Tue Nov  4 03:29:54 AM UTC 2025: SP1 local server active
Tue Nov  4 03:30:54 AM UTC 2025: SP1 local server active
Tue Nov  4 03:31:54 AM UTC 2025: SP1 local server active
Tue Nov  4 03:32:54 AM UTC 2025: SP1 local server active
Tue Nov  4 03:33:54 AM UTC 2025: SP1 local server active
Tue Nov  4 03:34:54 AM UTC 2025: SP1 local server active
Tue Nov  4 03:35:54 AM UTC 2025: SP1 local server active
Tue Nov  4 03:36:54 AM UTC 2025: SP1 local server active
Tue Nov  4 03:37:54 AM UTC 2025: SP1 local server active
Tue Nov  4 03:38:54 AM UTC 2025: SP1 local server active
Tue Nov  4 03:39:54 AM UTC 2025: SP1 local server active
Tue Nov  4 03:40:54 AM UTC 2025: SP1 local server active
Tue Nov  4 03:41:54 AM UTC 2025: SP1 local server active
Tue Nov  4 03:42:54 AM UTC 2025: SP1 local server active
Tue Nov  4 03:43:54 AM UTC 2025: SP1 local server active
Tue Nov  4 03:44:54 AM UTC 2025: SP1 local server active
Tue Nov  4 03:45:54 AM UTC 2025: SP1 local server active
Tue Nov  4 03:46:54 AM UTC 2025: SP1 local server active
Tue Nov  4 03:47:54 AM UTC 2025: SP1 local server active
Tue Nov  4 03:48:54 AM UTC 2025: SP1 local server active
Tue Nov  4 03:49:54 AM UTC 2025: SP1 local server active
Tue Nov  4 03:50:54 AM UTC 2025: SP1 local server active
Tue Nov  4 03:51:54 AM UTC 2025: SP1 local server active
Tue Nov  4 03:52:54 AM UTC 2025: SP1 local server active
Tue Nov  4 03:53:54 AM UTC 2025: SP1 local server active
Tue Nov  4 03:54:54 AM UTC 2025: SP1 local server active
Tue Nov  4 03:55:54 AM UTC 2025: SP1 local server active
Tue Nov  4 03:56:54 AM UTC 2025: SP1 local server active
Tue Nov  4 03:57:54 AM UTC 2025: SP1 local server active
Tue Nov  4 03:58:54 AM UTC 2025: SP1 local server active
Tue Nov  4 03:59:54 AM UTC 2025: SP1 local server active
Tue Nov  4 04:00:54 AM UTC 2025: SP1 local server active
Tue Nov  4 04:01:54 AM UTC 2025: SP1 local server active
Tue Nov  4 04:02:54 AM UTC 2025: SP1 local server active
Tue Nov  4 04:03:54 AM UTC 2025: SP1 local server active
Tue Nov  4 04:04:54 AM UTC 2025: SP1 local server active
Tue Nov  4 04:05:54 AM UTC 2025: SP1 local server active
Tue Nov  4 04:06:54 AM UTC 2025: SP1 local server active
Tue Nov  4 04:07:54 AM UTC 2025: SP1 local server active
Tue Nov  4 04:08:54 AM UTC 2025: SP1 local server active
Tue Nov  4 04:09:54 AM UTC 2025: SP1 local server active
Tue Nov  4 04:10:54 AM UTC 2025: SP1 local server active
Tue Nov  4 04:11:54 AM UTC 2025: SP1 local server active
Tue Nov  4 04:12:54 AM UTC 2025: SP1 local server active
Tue Nov  4 04:13:54 AM UTC 2025: SP1 local server active
Tue Nov  4 04:14:54 AM UTC 2025: SP1 local server active
Tue Nov  4 04:15:54 AM UTC 2025: SP1 local server active
Tue Nov  4 04:16:54 AM UTC 2025: SP1 local server active
Tue Nov  4 04:17:54 AM UTC 2025: SP1 local server active
Tue Nov  4 04:18:54 AM UTC 2025: SP1 local server active
Tue Nov  4 04:19:54 AM UTC 2025: SP1 local server active
Tue Nov  4 04:20:54 AM UTC 2025: SP1 local server active
Tue Nov  4 04:21:54 AM UTC 2025: SP1 local server active
Tue Nov  4 04:22:54 AM UTC 2025: SP1 local server active
Tue Nov  4 04:23:54 AM UTC 2025: SP1 local server active
Tue Nov  4 04:24:54 AM UTC 2025: SP1 local server active
Tue Nov  4 04:25:54 AM UTC 2025: SP1 local server active
Tue Nov  4 04:26:54 AM UTC 2025: SP1 local server active
Tue Nov  4 04:27:54 AM UTC 2025: SP1 local server active
Tue Nov  4 04:28:54 AM UTC 2025: SP1 local server active
Tue Nov  4 04:29:54 AM UTC 2025: SP1 local server active
Tue Nov  4 04:30:54 AM UTC 2025: SP1 local server active
Tue Nov  4 04:31:54 AM UTC 2025: SP1 local server active
Tue Nov  4 04:32:54 AM UTC 2025: SP1 local server active
Tue Nov  4 04:33:54 AM UTC 2025: SP1 local server active
Tue Nov  4 04:34:54 AM UTC 2025: SP1 local server active
Tue Nov  4 04:35:54 AM UTC 2025: SP1 local server active
Tue Nov  4 04:36:54 AM UTC 2025: SP1 local server active
Tue Nov  4 04:37:54 AM UTC 2025: SP1 local server active
Tue Nov  4 04:38:54 AM UTC 2025: SP1 local server active
Tue Nov  4 04:39:54 AM UTC 2025: SP1 local server active
Tue Nov  4 04:40:55 AM UTC 2025: SP1 local server active
Tue Nov  4 04:41:55 AM UTC 2025: SP1 local server active
Tue Nov  4 04:42:55 AM UTC 2025: SP1 local server active
Tue Nov  4 04:43:55 AM UTC 2025: SP1 local server active
Tue Nov  4 04:44:55 AM UTC 2025: SP1 local server active
Tue Nov  4 04:45:55 AM UTC 2025: SP1 local server active
Tue Nov  4 04:46:55 AM UTC 2025: SP1 local server active
Tue Nov  4 04:47:55 AM UTC 2025: SP1 local server active
Tue Nov  4 04:48:55 AM UTC 2025: SP1 local server active
Tue Nov  4 04:49:55 AM UTC 2025: SP1 local server active
Tue Nov  4 04:50:55 AM UTC 2025: SP1 local server active
Tue Nov  4 04:51:55 AM UTC 2025: SP1 local server active
Tue Nov  4 04:52:55 AM UTC 2025: SP1 local server active
Tue Nov  4 04:53:55 AM UTC 2025: SP1 local server active
Tue Nov  4 04:54:55 AM UTC 2025: SP1 local server active
Tue Nov  4 04:55:55 AM UTC 2025: SP1 local server active
Tue Nov  4 04:56:55 AM UTC 2025: SP1 local server active
Tue Nov  4 04:57:55 AM UTC 2025: SP1 local server active
Tue Nov  4 04:58:55 AM UTC 2025: SP1 local server active
Tue Nov  4 04:59:55 AM UTC 2025: SP1 local server active
Tue Nov  4 05:00:55 AM UTC 2025: SP1 local server active
Tue Nov  4 05:01:55 AM UTC 2025: SP1 local server active
Tue Nov  4 05:02:55 AM UTC 2025: SP1 local server active
Tue Nov  4 05:03:55 AM UTC 2025: SP1 local server active
Tue Nov  4 05:04:55 AM UTC 2025: SP1 local server active
Tue Nov  4 05:05:55 AM UTC 2025: SP1 local server active
Tue Nov  4 05:06:55 AM UTC 2025: SP1 local server active
Tue Nov  4 05:07:55 AM UTC 2025: SP1 local server active
Tue Nov  4 05:08:55 AM UTC 2025: SP1 local server active
Tue Nov  4 05:09:55 AM UTC 2025: SP1 local server active
Tue Nov  4 05:10:55 AM UTC 2025: SP1 local server active
Tue Nov  4 05:11:55 AM UTC 2025: SP1 local server active
Tue Nov  4 05:12:55 AM UTC 2025: SP1 local server active
Tue Nov  4 05:13:55 AM UTC 2025: SP1 local server active
Tue Nov  4 05:14:55 AM UTC 2025: SP1 local server active
Tue Nov  4 05:15:55 AM UTC 2025: SP1 local server active
Tue Nov  4 05:16:55 AM UTC 2025: SP1 local server active
Tue Nov  4 05:17:55 AM UTC 2025: SP1 local server active
Tue Nov  4 05:18:55 AM UTC 2025: SP1 local server active
Tue Nov  4 05:19:55 AM UTC 2025: SP1 local server active
Tue Nov  4 05:20:55 AM UTC 2025: SP1 local server active
Tue Nov  4 05:21:55 AM UTC 2025: SP1 local server active
Tue Nov  4 05:22:55 AM UTC 2025: SP1 local server active
Tue Nov  4 05:23:55 AM UTC 2025: SP1 local server active
Tue Nov  4 05:24:55 AM UTC 2025: SP1 local server active
Tue Nov  4 05:25:55 AM UTC 2025: SP1 local server active
Tue Nov  4 05:26:55 AM UTC 2025: SP1 local server active
Tue Nov  4 05:27:55 AM UTC 2025: SP1 local server active
Tue Nov  4 05:28:55 AM UTC 2025: SP1 local server active
Tue Nov  4 05:29:55 AM UTC 2025: SP1 local server active
Tue Nov  4 05:30:55 AM UTC 2025: SP1 local server active
Tue Nov  4 05:31:55 AM UTC 2025: SP1 local server active
Tue Nov  4 05:32:55 AM UTC 2025: SP1 local server active
Tue Nov  4 05:33:55 AM UTC 2025: SP1 local server active
Tue Nov  4 05:34:55 AM UTC 2025: SP1 local server active
Tue Nov  4 05:35:55 AM UTC 2025: SP1 local server active
Tue Nov  4 05:36:55 AM UTC 2025: SP1 local server active
Tue Nov  4 05:37:55 AM UTC 2025: SP1 local server active
Tue Nov  4 05:38:55 AM UTC 2025: SP1 local server active
Tue Nov  4 05:39:55 AM UTC 2025: SP1 local server active
Tue Nov  4 05:40:55 AM UTC 2025: SP1 local server active
Tue Nov  4 05:41:55 AM UTC 2025: SP1 local server active
Tue Nov  4 05:42:55 AM UTC 2025: SP1 local server active
Tue Nov  4 05:43:55 AM UTC 2025: SP1 local server active
Tue Nov  4 05:44:55 AM UTC 2025: SP1 local server active
Tue Nov  4 05:45:55 AM UTC 2025: SP1 local server active
Tue Nov  4 05:46:55 AM UTC 2025: SP1 local server active
Tue Nov  4 05:47:55 AM UTC 2025: SP1 local server active
Tue Nov  4 05:48:55 AM UTC 2025: SP1 local server active
Tue Nov  4 05:49:55 AM UTC 2025: SP1 local server active
Tue Nov  4 05:50:55 AM UTC 2025: SP1 local server active
Tue Nov  4 05:51:55 AM UTC 2025: SP1 local server active
Tue Nov  4 05:52:55 AM UTC 2025: SP1 local server active
Tue Nov  4 05:53:55 AM UTC 2025: SP1 local server active
Tue Nov  4 05:54:55 AM UTC 2025: SP1 local server active
Tue Nov  4 05:55:55 AM UTC 2025: SP1 local server active
Tue Nov  4 05:56:55 AM UTC 2025: SP1 local server active
Tue Nov  4 05:57:55 AM UTC 2025: SP1 local server active
Tue Nov  4 05:58:55 AM UTC 2025: SP1 local server active
Tue Nov  4 05:59:55 AM UTC 2025: SP1 local server active
Tue Nov  4 06:00:55 AM UTC 2025: SP1 local server active
Tue Nov  4 06:01:55 AM UTC 2025: SP1 local server active
Tue Nov  4 06:02:55 AM UTC 2025: SP1 local server active
Tue Nov  4 06:03:55 AM UTC 2025: SP1 local server active
Tue Nov  4 06:04:55 AM UTC 2025: SP1 local server active
Tue Nov  4 06:05:55 AM UTC 2025: SP1 local server active
Tue Nov  4 06:06:55 AM UTC 2025: SP1 local server active
Tue Nov  4 06:07:55 AM UTC 2025: SP1 local server active
Tue Nov  4 06:08:55 AM UTC 2025: SP1 local server active
Tue Nov  4 06:09:55 AM UTC 2025: SP1 local server active
Tue Nov  4 06:10:55 AM UTC 2025: SP1 local server active
Tue Nov  4 06:11:55 AM UTC 2025: SP1 local server active
Tue Nov  4 06:12:55 AM UTC 2025: SP1 local server active
Tue Nov  4 06:13:55 AM UTC 2025: SP1 local server active
Tue Nov  4 06:14:55 AM UTC 2025: SP1 local server active
Tue Nov  4 06:15:55 AM UTC 2025: SP1 local server active
Tue Nov  4 06:16:55 AM UTC 2025: SP1 local server active
Tue Nov  4 06:17:55 AM UTC 2025: SP1 local server active
Tue Nov  4 06:18:55 AM UTC 2025: SP1 local server active
Tue Nov  4 06:19:55 AM UTC 2025: SP1 local server active
Tue Nov  4 06:20:55 AM UTC 2025: SP1 local server active
Tue Nov  4 06:21:55 AM UTC 2025: SP1 local server active
Tue Nov  4 06:22:55 AM UTC 2025: SP1 local server active
Tue Nov  4 06:23:55 AM UTC 2025: SP1 local server active
Tue Nov  4 06:24:55 AM UTC 2025: SP1 local server active
Tue Nov  4 06:25:55 AM UTC 2025: SP1 local server active
Tue Nov  4 06:26:55 AM UTC 2025: SP1 local server active
Tue Nov  4 06:27:55 AM UTC 2025: SP1 local server active
Tue Nov  4 06:28:55 AM UTC 2025: SP1 local server active
Tue Nov  4 06:29:55 AM UTC 2025: SP1 local server active
Tue Nov  4 06:30:55 AM UTC 2025: SP1 local server active
Tue Nov  4 06:31:55 AM UTC 2025: SP1 local server active
Tue Nov  4 06:32:55 AM UTC 2025: SP1 local server active
Tue Nov  4 06:33:55 AM UTC 2025: SP1 local server active
Tue Nov  4 06:34:55 AM UTC 2025: SP1 local server active
Tue Nov  4 06:35:55 AM UTC 2025: SP1 local server active
Tue Nov  4 06:36:55 AM UTC 2025: SP1 local server active
Tue Nov  4 06:37:55 AM UTC 2025: SP1 local server active
Tue Nov  4 06:38:55 AM UTC 2025: SP1 local server active
Tue Nov  4 06:39:55 AM UTC 2025: SP1 local server active
Tue Nov  4 06:40:55 AM UTC 2025: SP1 local server active
Tue Nov  4 06:41:55 AM UTC 2025: SP1 local server active
Tue Nov  4 06:42:55 AM UTC 2025: SP1 local server active
Tue Nov  4 06:43:55 AM UTC 2025: SP1 local server active
Tue Nov  4 06:44:55 AM UTC 2025: SP1 local server active
Tue Nov  4 06:45:55 AM UTC 2025: SP1 local server active
Tue Nov  4 06:46:55 AM UTC 2025: SP1 local server active
Tue Nov  4 06:47:55 AM UTC 2025: SP1 local server active
Tue Nov  4 06:48:55 AM UTC 2025: SP1 local server active
Tue Nov  4 06:49:55 AM UTC 2025: SP1 local server active
Tue Nov  4 06:50:55 AM UTC 2025: SP1 local server active
Tue Nov  4 06:51:55 AM UTC 2025: SP1 local server active
Tue Nov  4 06:52:55 AM UTC 2025: SP1 local server active
Tue Nov  4 06:53:55 AM UTC 2025: SP1 local server active
Tue Nov  4 06:54:56 AM UTC 2025: SP1 local server active
Tue Nov  4 06:55:56 AM UTC 2025: SP1 local server active
Tue Nov  4 06:56:56 AM UTC 2025: SP1 local server active
Tue Nov  4 06:57:56 AM UTC 2025: SP1 local server active
Tue Nov  4 06:58:56 AM UTC 2025: SP1 local server active
Tue Nov  4 06:59:56 AM UTC 2025: SP1 local server active
Tue Nov  4 07:00:56 AM UTC 2025: SP1 local server active
Tue Nov  4 07:01:56 AM UTC 2025: SP1 local server active
Tue Nov  4 07:02:56 AM UTC 2025: SP1 local server active
Tue Nov  4 07:03:56 AM UTC 2025: SP1 local server active
Tue Nov  4 07:04:56 AM UTC 2025: SP1 local server active
Tue Nov  4 07:05:56 AM UTC 2025: SP1 local server active
Tue Nov  4 07:06:56 AM UTC 2025: SP1 local server active
Tue Nov  4 07:07:56 AM UTC 2025: SP1 local server active
Tue Nov  4 07:08:56 AM UTC 2025: SP1 local server active
Tue Nov  4 07:09:56 AM UTC 2025: SP1 local server active
Tue Nov  4 07:10:56 AM UTC 2025: SP1 local server active
Tue Nov  4 07:11:56 AM UTC 2025: SP1 local server active
Tue Nov  4 07:12:56 AM UTC 2025: SP1 local server active
Tue Nov  4 07:13:56 AM UTC 2025: SP1 local server active
Tue Nov  4 07:14:56 AM UTC 2025: SP1 local server active
Tue Nov  4 07:15:56 AM UTC 2025: SP1 local server active
Tue Nov  4 07:16:56 AM UTC 2025: SP1 local server active
Tue Nov  4 07:17:56 AM UTC 2025: SP1 local server active
Tue Nov  4 07:18:56 AM UTC 2025: SP1 local server active
Tue Nov  4 07:19:56 AM UTC 2025: SP1 local server active
Tue Nov  4 07:20:56 AM UTC 2025: SP1 local server active
Tue Nov  4 07:21:56 AM UTC 2025: SP1 local server active
Tue Nov  4 07:22:56 AM UTC 2025: SP1 local server active
Tue Nov  4 07:23:56 AM UTC 2025: SP1 local server active
Tue Nov  4 07:24:56 AM UTC 2025: SP1 local server active
Tue Nov  4 07:25:56 AM UTC 2025: SP1 local server active
Tue Nov  4 07:26:56 AM UTC 2025: SP1 local server active
Tue Nov  4 07:27:56 AM UTC 2025: SP1 local server active
Tue Nov  4 07:28:56 AM UTC 2025: SP1 local server active
Tue Nov  4 07:29:56 AM UTC 2025: SP1 local server active
Tue Nov  4 07:30:56 AM UTC 2025: SP1 local server active
Tue Nov  4 07:31:56 AM UTC 2025: SP1 local server active
Tue Nov  4 07:32:56 AM UTC 2025: SP1 local server active
Tue Nov  4 07:33:56 AM UTC 2025: SP1 local server active
Tue Nov  4 07:34:56 AM UTC 2025: SP1 local server active
Tue Nov  4 07:35:56 AM UTC 2025: SP1 local server active
Tue Nov  4 07:36:56 AM UTC 2025: SP1 local server active
Tue Nov  4 07:37:56 AM UTC 2025: SP1 local server active
Tue Nov  4 07:38:56 AM UTC 2025: SP1 local server active
Tue Nov  4 07:39:56 AM UTC 2025: SP1 local server active
Tue Nov  4 07:40:56 AM UTC 2025: SP1 local server active
Tue Nov  4 07:41:56 AM UTC 2025: SP1 local server active
Tue Nov  4 07:42:56 AM UTC 2025: SP1 local server active
Tue Nov  4 07:43:56 AM UTC 2025: SP1 local server active
Tue Nov  4 07:44:56 AM UTC 2025: SP1 local server active
Tue Nov  4 07:45:56 AM UTC 2025: SP1 local server active
Tue Nov  4 07:46:56 AM UTC 2025: SP1 local server active
Tue Nov  4 07:47:56 AM UTC 2025: SP1 local server active
Tue Nov  4 07:48:56 AM UTC 2025: SP1 local server active
Tue Nov  4 07:49:56 AM UTC 2025: SP1 local server active
Tue Nov  4 07:50:56 AM UTC 2025: SP1 local server active
Tue Nov  4 07:51:56 AM UTC 2025: SP1 local server active
Tue Nov  4 07:52:56 AM UTC 2025: SP1 local server active
Tue Nov  4 07:53:56 AM UTC 2025: SP1 local server active
Tue Nov  4 07:54:56 AM UTC 2025: SP1 local server active
Tue Nov  4 07:55:56 AM UTC 2025: SP1 local server active
Tue Nov  4 07:56:57 AM UTC 2025: SP1 local server active
Tue Nov  4 07:57:57 AM UTC 2025: SP1 local server active
Tue Nov  4 07:58:57 AM UTC 2025: SP1 local server active
Tue Nov  4 07:59:57 AM UTC 2025: SP1 local server active
Tue Nov  4 08:00:58 AM UTC 2025: SP1 local server active
Tue Nov  4 08:01:58 AM UTC 2025: SP1 local server active
Tue Nov  4 08:02:58 AM UTC 2025: SP1 local server active
Tue Nov  4 08:03:58 AM UTC 2025: SP1 local server active
Tue Nov  4 08:04:58 AM UTC 2025: SP1 local server active
Tue Nov  4 08:05:58 AM UTC 2025: SP1 local server active
Tue Nov  4 08:06:59 AM UTC 2025: SP1 local server active
Tue Nov  4 08:07:59 AM UTC 2025: SP1 local server active
Tue Nov  4 08:08:59 AM UTC 2025: SP1 local server active
Tue Nov  4 08:09:59 AM UTC 2025: SP1 local server active
Tue Nov  4 08:10:59 AM UTC 2025: SP1 local server active
Tue Nov  4 08:11:59 AM UTC 2025: SP1 local server active
Tue Nov  4 08:12:59 AM UTC 2025: SP1 local server active
Tue Nov  4 08:14:00 AM UTC 2025: SP1 local server active
Tue Nov  4 08:15:00 AM UTC 2025: SP1 local server active
Tue Nov  4 08:16:01 AM UTC 2025: SP1 local server active
Tue Nov  4 08:17:02 AM UTC 2025: SP1 local server active
Tue Nov  4 08:18:02 AM UTC 2025: SP1 local server active
Tue Nov  4 08:19:02 AM UTC 2025: SP1 local server active
Tue Nov  4 08:20:02 AM UTC 2025: SP1 local server active
Tue Nov  4 08:21:03 AM UTC 2025: SP1 local server active
Tue Nov  4 08:22:03 AM UTC 2025: SP1 local server active
Tue Nov  4 08:23:03 AM UTC 2025: SP1 local server active
Tue Nov  4 08:24:03 AM UTC 2025: SP1 local server active
Tue Nov  4 08:25:04 AM UTC 2025: SP1 local server active
Tue Nov  4 08:26:04 AM UTC 2025: SP1 local server active
Tue Nov  4 08:27:04 AM UTC 2025: SP1 local server active
Tue Nov  4 08:28:04 AM UTC 2025: SP1 local server active
Tue Nov  4 08:29:04 AM UTC 2025: SP1 local server active
Tue Nov  4 08:30:04 AM UTC 2025: SP1 local server active
Tue Nov  4 08:31:04 AM UTC 2025: SP1 local server active
Tue Nov  4 08:32:04 AM UTC 2025: SP1 local server active
Tue Nov  4 08:33:05 AM UTC 2025: SP1 local server active
Tue Nov  4 08:34:05 AM UTC 2025: SP1 local server active
Tue Nov  4 08:35:05 AM UTC 2025: SP1 local server active
Tue Nov  4 08:36:05 AM UTC 2025: SP1 local server active
Tue Nov  4 08:37:05 AM UTC 2025: SP1 local server active
Tue Nov  4 08:38:06 AM UTC 2025: SP1 local server active
Tue Nov  4 08:39:06 AM UTC 2025: SP1 local server active
Tue Nov  4 08:40:06 AM UTC 2025: SP1 local server active
Tue Nov  4 08:41:06 AM UTC 2025: SP1 local server active
Tue Nov  4 08:42:06 AM UTC 2025: SP1 local server active
Tue Nov  4 08:43:06 AM UTC 2025: SP1 local server active
Tue Nov  4 08:44:06 AM UTC 2025: SP1 local server active
Tue Nov  4 08:45:06 AM UTC 2025: SP1 local server active
Tue Nov  4 08:46:06 AM UTC 2025: SP1 local server active
Tue Nov  4 08:47:06 AM UTC 2025: SP1 local server active
Tue Nov  4 08:48:06 AM UTC 2025: SP1 local server active
Tue Nov  4 08:49:06 AM UTC 2025: SP1 local server active
Tue Nov  4 08:50:06 AM UTC 2025: SP1 local server active
Tue Nov  4 08:51:06 AM UTC 2025: SP1 local server active
Tue Nov  4 08:52:06 AM UTC 2025: SP1 local server active
Tue Nov  4 08:53:06 AM UTC 2025: SP1 local server active
Tue Nov  4 08:54:06 AM UTC 2025: SP1 local server active
Tue Nov  4 08:55:06 AM UTC 2025: SP1 local server active
Tue Nov  4 08:56:06 AM UTC 2025: SP1 local server active
Tue Nov  4 08:57:06 AM UTC 2025: SP1 local server active
Tue Nov  4 08:58:06 AM UTC 2025: SP1 local server active
Tue Nov  4 08:59:06 AM UTC 2025: SP1 local server active
Tue Nov  4 09:00:06 AM UTC 2025: SP1 local server active
Tue Nov  4 09:01:06 AM UTC 2025: SP1 local server active
Tue Nov  4 09:02:06 AM UTC 2025: SP1 local server active
Tue Nov  4 09:03:06 AM UTC 2025: SP1 local server active
Tue Nov  4 09:04:06 AM UTC 2025: SP1 local server active
Tue Nov  4 09:05:06 AM UTC 2025: SP1 local server active
Tue Nov  4 09:06:06 AM UTC 2025: SP1 local server active
Tue Nov  4 09:07:06 AM UTC 2025: SP1 local server active
Tue Nov  4 09:08:06 AM UTC 2025: SP1 local server active
Tue Nov  4 09:09:06 AM UTC 2025: SP1 local server active
Tue Nov  4 09:10:06 AM UTC 2025: SP1 local server active
Tue Nov  4 09:11:06 AM UTC 2025: SP1 local server active
Tue Nov  4 09:12:06 AM UTC 2025: SP1 local server active
Tue Nov  4 09:13:06 AM UTC 2025: SP1 local server active
Tue Nov  4 09:14:06 AM UTC 2025: SP1 local server active
Tue Nov  4 09:15:06 AM UTC 2025: SP1 local server active
Tue Nov  4 09:16:06 AM UTC 2025: SP1 local server active
Tue Nov  4 09:17:06 AM UTC 2025: SP1 local server active
Tue Nov  4 09:18:06 AM UTC 2025: SP1 local server active
Tue Nov  4 09:19:06 AM UTC 2025: SP1 local server active
Tue Nov  4 09:20:06 AM UTC 2025: SP1 local server active
Tue Nov  4 09:21:06 AM UTC 2025: SP1 local server active
Tue Nov  4 09:22:06 AM UTC 2025: SP1 local server active
Tue Nov  4 09:23:06 AM UTC 2025: SP1 local server active
Tue Nov  4 09:24:06 AM UTC 2025: SP1 local server active
Tue Nov  4 09:25:06 AM UTC 2025: SP1 local server active
Tue Nov  4 09:26:06 AM UTC 2025: SP1 local server active
Tue Nov  4 09:27:06 AM UTC 2025: SP1 local server active
Tue Nov  4 09:28:06 AM UTC 2025: SP1 local server active
Tue Nov  4 09:29:06 AM UTC 2025: SP1 local server active
Tue Nov  4 09:30:06 AM UTC 2025: SP1 local server active
Tue Nov  4 09:31:06 AM UTC 2025: SP1 local server active
Tue Nov  4 09:32:06 AM UTC 2025: SP1 local server active
Tue Nov  4 09:33:06 AM UTC 2025: SP1 local server active
Tue Nov  4 09:34:06 AM UTC 2025: SP1 local server active
Tue Nov  4 09:35:06 AM UTC 2025: SP1 local server active
Tue Nov  4 09:36:06 AM UTC 2025: SP1 local server active
Tue Nov  4 09:37:06 AM UTC 2025: SP1 local server active
Tue Nov  4 09:38:07 AM UTC 2025: SP1 local server active
Tue Nov  4 09:39:07 AM UTC 2025: SP1 local server active
Tue Nov  4 09:40:07 AM UTC 2025: SP1 local server active
Tue Nov  4 09:41:07 AM UTC 2025: SP1 local server active
Tue Nov  4 09:42:07 AM UTC 2025: SP1 local server active
Tue Nov  4 09:43:07 AM UTC 2025: SP1 local server active
Tue Nov  4 09:44:07 AM UTC 2025: SP1 local server active
Tue Nov  4 09:45:07 AM UTC 2025: SP1 local server active
Tue Nov  4 09:46:07 AM UTC 2025: SP1 local server active
Tue Nov  4 09:47:07 AM UTC 2025: SP1 local server active
Tue Nov  4 09:48:07 AM UTC 2025: SP1 local server active
Tue Nov  4 09:49:07 AM UTC 2025: SP1 local server active
Tue Nov  4 09:50:07 AM UTC 2025: SP1 local server active
Tue Nov  4 09:51:07 AM UTC 2025: SP1 local server active
Tue Nov  4 09:52:07 AM UTC 2025: SP1 local server active
Tue Nov  4 09:53:07 AM UTC 2025: SP1 local server active
Tue Nov  4 09:54:07 AM UTC 2025: SP1 local server active
Tue Nov  4 09:55:07 AM UTC 2025: SP1 local server active
Tue Nov  4 09:56:07 AM UTC 2025: SP1 local server active
Tue Nov  4 09:57:07 AM UTC 2025: SP1 local server active
Tue Nov  4 09:58:07 AM UTC 2025: SP1 local server active
Tue Nov  4 09:59:07 AM UTC 2025: SP1 local server active
Tue Nov  4 10:00:07 AM UTC 2025: SP1 local server active
Tue Nov  4 10:01:07 AM UTC 2025: SP1 local server active
Tue Nov  4 10:02:07 AM UTC 2025: SP1 local server active
Tue Nov  4 10:03:07 AM UTC 2025: SP1 local server active
Tue Nov  4 10:04:07 AM UTC 2025: SP1 local server active
Tue Nov  4 10:05:07 AM UTC 2025: SP1 local server active
Tue Nov  4 10:06:07 AM UTC 2025: SP1 local server active
Tue Nov  4 10:07:07 AM UTC 2025: SP1 local server active
Tue Nov  4 10:08:07 AM UTC 2025: SP1 local server active
Tue Nov  4 10:09:07 AM UTC 2025: SP1 local server active
Tue Nov  4 10:10:07 AM UTC 2025: SP1 local server active
Tue Nov  4 10:11:07 AM UTC 2025: SP1 local server active
Tue Nov  4 10:12:07 AM UTC 2025: SP1 local server active
Tue Nov  4 10:13:07 AM UTC 2025: SP1 local server active
Tue Nov  4 10:14:07 AM UTC 2025: SP1 local server active
Tue Nov  4 10:15:07 AM UTC 2025: SP1 local server active
Tue Nov  4 10:16:07 AM UTC 2025: SP1 local server active
Tue Nov  4 10:17:07 AM UTC 2025: SP1 local server active
Tue Nov  4 10:18:07 AM UTC 2025: SP1 local server active
Tue Nov  4 10:19:07 AM UTC 2025: SP1 local server active
Tue Nov  4 10:20:07 AM UTC 2025: SP1 local server active
Tue Nov  4 10:21:07 AM UTC 2025: SP1 local server active
Tue Nov  4 10:22:07 AM UTC 2025: SP1 local server active
Tue Nov  4 10:23:07 AM UTC 2025: SP1 local server active
Tue Nov  4 10:24:07 AM UTC 2025: SP1 local server active
Tue Nov  4 10:25:07 AM UTC 2025: SP1 local server active
Tue Nov  4 10:26:07 AM UTC 2025: SP1 local server active
Tue Nov  4 10:27:07 AM UTC 2025: SP1 local server active
Tue Nov  4 10:28:07 AM UTC 2025: SP1 local server active
Tue Nov  4 10:29:07 AM UTC 2025: SP1 local server active
Tue Nov  4 10:30:07 AM UTC 2025: SP1 local server active
Tue Nov  4 10:31:07 AM UTC 2025: SP1 local server active
Tue Nov  4 10:32:07 AM UTC 2025: SP1 local server active
Tue Nov  4 10:33:07 AM UTC 2025: SP1 local server active
Tue Nov  4 10:34:07 AM UTC 2025: SP1 local server active
Tue Nov  4 10:35:07 AM UTC 2025: SP1 local server active
Tue Nov  4 10:36:07 AM UTC 2025: SP1 local server active
Tue Nov  4 10:37:07 AM UTC 2025: SP1 local server active
Tue Nov  4 10:38:07 AM UTC 2025: SP1 local server active
Tue Nov  4 10:39:07 AM UTC 2025: SP1 local server active
Tue Nov  4 10:40:07 AM UTC 2025: SP1 local server active
Tue Nov  4 10:41:07 AM UTC 2025: SP1 local server active
Tue Nov  4 10:42:07 AM UTC 2025: SP1 local server active
Tue Nov  4 10:43:07 AM UTC 2025: SP1 local server active
Tue Nov  4 10:44:07 AM UTC 2025: SP1 local server active
Tue Nov  4 10:45:07 AM UTC 2025: SP1 local server active
Tue Nov  4 10:46:07 AM UTC 2025: SP1 local server active
Tue Nov  4 10:47:07 AM UTC 2025: SP1 local server active
Tue Nov  4 10:48:07 AM UTC 2025: SP1 local server active
Tue Nov  4 10:49:07 AM UTC 2025: SP1 local server active
Tue Nov  4 10:50:07 AM UTC 2025: SP1 local server active
Tue Nov  4 10:51:07 AM UTC 2025: SP1 local server active
Tue Nov  4 10:52:07 AM UTC 2025: SP1 local server active
Tue Nov  4 10:53:07 AM UTC 2025: SP1 local server active
Tue Nov  4 10:54:07 AM UTC 2025: SP1 local server active
Tue Nov  4 10:55:07 AM UTC 2025: SP1 local server active
Tue Nov  4 10:56:07 AM UTC 2025: SP1 local server active
Tue Nov  4 10:57:07 AM UTC 2025: SP1 local server active
Tue Nov  4 10:58:07 AM UTC 2025: SP1 local server active
Tue Nov  4 10:59:07 AM UTC 2025: SP1 local server active
Tue Nov  4 11:00:07 AM UTC 2025: SP1 local server active
Tue Nov  4 11:01:07 AM UTC 2025: SP1 local server active
Tue Nov  4 11:02:07 AM UTC 2025: SP1 local server active
Tue Nov  4 11:03:07 AM UTC 2025: SP1 local server active
Tue Nov  4 11:04:07 AM UTC 2025: SP1 local server active
Tue Nov  4 11:05:07 AM UTC 2025: SP1 local server active
Tue Nov  4 11:06:07 AM UTC 2025: SP1 local server active
Tue Nov  4 11:07:07 AM UTC 2025: SP1 local server active
Tue Nov  4 11:08:07 AM UTC 2025: SP1 local server active
Tue Nov  4 11:09:07 AM UTC 2025: SP1 local server active
Tue Nov  4 11:10:07 AM UTC 2025: SP1 local server active
Tue Nov  4 11:11:07 AM UTC 2025: SP1 local server active
Tue Nov  4 11:12:07 AM UTC 2025: SP1 local server active
Tue Nov  4 11:13:07 AM UTC 2025: SP1 local server active
Tue Nov  4 11:14:07 AM UTC 2025: SP1 local server active
Tue Nov  4 11:15:07 AM UTC 2025: SP1 local server active
Tue Nov  4 11:16:07 AM UTC 2025: SP1 local server active
Tue Nov  4 11:17:07 AM UTC 2025: SP1 local server active
Tue Nov  4 11:18:07 AM UTC 2025: SP1 local server active
Tue Nov  4 11:19:07 AM UTC 2025: SP1 local server active
Tue Nov  4 11:20:07 AM UTC 2025: SP1 local server active
Tue Nov  4 11:21:07 AM UTC 2025: SP1 local server active
Tue Nov  4 11:22:07 AM UTC 2025: SP1 local server active
Tue Nov  4 11:23:07 AM UTC 2025: SP1 local server active
Tue Nov  4 11:24:07 AM UTC 2025: SP1 local server active
Tue Nov  4 11:25:07 AM UTC 2025: SP1 local server active
Tue Nov  4 11:26:07 AM UTC 2025: SP1 local server active
Tue Nov  4 11:27:07 AM UTC 2025: SP1 local server active
Tue Nov  4 11:28:07 AM UTC 2025: SP1 local server active
Tue Nov  4 11:29:07 AM UTC 2025: SP1 local server active
Tue Nov  4 11:30:07 AM UTC 2025: SP1 local server active
Tue Nov  4 11:31:07 AM UTC 2025: SP1 local server active
Tue Nov  4 11:32:07 AM UTC 2025: SP1 local server active
Tue Nov  4 11:33:07 AM UTC 2025: SP1 local server active
Tue Nov  4 11:34:07 AM UTC 2025: SP1 local server active
Tue Nov  4 11:35:07 AM UTC 2025: SP1 local server active
Tue Nov  4 11:36:07 AM UTC 2025: SP1 local server active
Tue Nov  4 11:37:07 AM UTC 2025: SP1 local server active
Tue Nov  4 11:38:07 AM UTC 2025: SP1 local server active
Tue Nov  4 11:39:07 AM UTC 2025: SP1 local server active
Tue Nov  4 11:40:07 AM UTC 2025: SP1 local server active
Tue Nov  4 11:41:07 AM UTC 2025: SP1 local server active
Tue Nov  4 11:42:07 AM UTC 2025: SP1 local server active
Tue Nov  4 11:43:07 AM UTC 2025: SP1 local server active
Tue Nov  4 11:44:07 AM UTC 2025: SP1 local server active
Tue Nov  4 11:45:07 AM UTC 2025: SP1 local server active
Tue Nov  4 11:46:07 AM UTC 2025: SP1 local server active
Tue Nov  4 11:47:07 AM UTC 2025: SP1 local server active
Tue Nov  4 11:48:07 AM UTC 2025: SP1 local server active
Tue Nov  4 11:49:07 AM UTC 2025: SP1 local server active
Tue Nov  4 11:50:07 AM UTC 2025: SP1 local server active
Tue Nov  4 11:51:07 AM UTC 2025: SP1 local server active
Tue Nov  4 11:52:07 AM UTC 2025: SP1 local server active
Tue Nov  4 11:53:07 AM UTC 2025: SP1 local server active
Tue Nov  4 11:54:07 AM UTC 2025: SP1 local server active
Tue Nov  4 11:55:07 AM UTC 2025: SP1 local server active
Tue Nov  4 11:56:07 AM UTC 2025: SP1 local server active
Tue Nov  4 11:57:07 AM UTC 2025: SP1 local server active
Tue Nov  4 11:58:07 AM UTC 2025: SP1 local server active
Tue Nov  4 11:59:07 AM UTC 2025: SP1 local server active
Tue Nov  4 12:00:07 PM UTC 2025: SP1 local server active
Tue Nov  4 12:01:07 PM UTC 2025: SP1 local server active
Tue Nov  4 12:02:07 PM UTC 2025: SP1 local server active
Tue Nov  4 12:03:07 PM UTC 2025: SP1 local server active
Tue Nov  4 12:04:07 PM UTC 2025: SP1 local server active
Tue Nov  4 12:05:07 PM UTC 2025: SP1 local server active
Tue Nov  4 12:06:07 PM UTC 2025: SP1 local server active
Tue Nov  4 12:07:07 PM UTC 2025: SP1 local server active
Tue Nov  4 12:08:08 PM UTC 2025: SP1 local server active
Tue Nov  4 12:09:08 PM UTC 2025: SP1 local server active
Tue Nov  4 12:10:08 PM UTC 2025: SP1 local server active
Tue Nov  4 12:11:08 PM UTC 2025: SP1 local server active
Tue Nov  4 12:12:08 PM UTC 2025: SP1 local server active
Tue Nov  4 12:13:08 PM UTC 2025: SP1 local server active
Tue Nov  4 12:14:08 PM UTC 2025: SP1 local server active
Tue Nov  4 12:15:08 PM UTC 2025: SP1 local server active
Tue Nov  4 12:16:08 PM UTC 2025: SP1 local server active
Tue Nov  4 12:17:08 PM UTC 2025: SP1 local server active
Tue Nov  4 12:18:08 PM UTC 2025: SP1 local server active
Tue Nov  4 12:19:08 PM UTC 2025: SP1 local server active
Tue Nov  4 12:20:08 PM UTC 2025: SP1 local server active
Tue Nov  4 12:21:08 PM UTC 2025: SP1 local server active
Tue Nov  4 12:22:08 PM UTC 2025: SP1 local server active
Tue Nov  4 12:23:08 PM UTC 2025: SP1 local server active
Tue Nov  4 12:24:08 PM UTC 2025: SP1 local server active
Tue Nov  4 12:25:08 PM UTC 2025: SP1 local server active
Tue Nov  4 12:26:08 PM UTC 2025: SP1 local server active
Tue Nov  4 12:27:08 PM UTC 2025: SP1 local server active
Tue Nov  4 12:28:08 PM UTC 2025: SP1 local server active
Tue Nov  4 12:29:08 PM UTC 2025: SP1 local server active
Tue Nov  4 12:30:08 PM UTC 2025: SP1 local server active
Tue Nov  4 12:31:08 PM UTC 2025: SP1 local server active
Tue Nov  4 12:32:08 PM UTC 2025: SP1 local server active
Tue Nov  4 12:33:08 PM UTC 2025: SP1 local server active
Tue Nov  4 12:34:08 PM UTC 2025: SP1 local server active
Tue Nov  4 12:35:08 PM UTC 2025: SP1 local server active
Tue Nov  4 12:36:08 PM UTC 2025: SP1 local server active
Tue Nov  4 12:37:08 PM UTC 2025: SP1 local server active
Tue Nov  4 12:38:08 PM UTC 2025: SP1 local server active
Tue Nov  4 12:39:08 PM UTC 2025: SP1 local server active
Tue Nov  4 12:40:08 PM UTC 2025: SP1 local server active
Tue Nov  4 12:41:08 PM UTC 2025: SP1 local server active
Tue Nov  4 12:42:08 PM UTC 2025: SP1 local server active
Tue Nov  4 12:43:08 PM UTC 2025: SP1 local server active
Tue Nov  4 12:44:08 PM UTC 2025: SP1 local server active
Tue Nov  4 12:45:08 PM UTC 2025: SP1 local server active
Tue Nov  4 12:46:08 PM UTC 2025: SP1 local server active
Tue Nov  4 12:47:08 PM UTC 2025: SP1 local server active
Tue Nov  4 12:48:08 PM UTC 2025: SP1 local server active
Tue Nov  4 12:49:08 PM UTC 2025: SP1 local server active
Tue Nov  4 12:50:08 PM UTC 2025: SP1 local server active
Tue Nov  4 12:51:08 PM UTC 2025: SP1 local server active
Tue Nov  4 12:52:08 PM UTC 2025: SP1 local server active
Tue Nov  4 12:53:08 PM UTC 2025: SP1 local server active
Tue Nov  4 12:54:08 PM UTC 2025: SP1 local server active
Tue Nov  4 12:55:08 PM UTC 2025: SP1 local server active
Tue Nov  4 12:56:08 PM UTC 2025: SP1 local server active
Tue Nov  4 12:57:08 PM UTC 2025: SP1 local server active
Tue Nov  4 12:58:08 PM UTC 2025: SP1 local server active
Tue Nov  4 12:59:08 PM UTC 2025: SP1 local server active
Tue Nov  4 01:00:08 PM UTC 2025: SP1 local server active
Tue Nov  4 01:01:08 PM UTC 2025: SP1 local server active
Tue Nov  4 01:02:08 PM UTC 2025: SP1 local server active
Tue Nov  4 01:03:08 PM UTC 2025: SP1 local server active
Tue Nov  4 01:04:08 PM UTC 2025: SP1 local server active
Tue Nov  4 01:05:08 PM UTC 2025: SP1 local server active
Tue Nov  4 01:06:08 PM UTC 2025: SP1 local server active
Tue Nov  4 01:07:08 PM UTC 2025: SP1 local server active
Tue Nov  4 01:08:08 PM UTC 2025: SP1 local server active
Tue Nov  4 01:09:08 PM UTC 2025: SP1 local server active
Tue Nov  4 01:10:08 PM UTC 2025: SP1 local server active
Tue Nov  4 01:11:08 PM UTC 2025: SP1 local server active
Tue Nov  4 01:12:08 PM UTC 2025: SP1 local server active
Tue Nov  4 01:13:08 PM UTC 2025: SP1 local server active
Tue Nov  4 01:14:08 PM UTC 2025: SP1 local server active
Tue Nov  4 01:15:08 PM UTC 2025: SP1 local server active
Tue Nov  4 01:16:08 PM UTC 2025: SP1 local server active
Tue Nov  4 01:17:08 PM UTC 2025: SP1 local server active
Tue Nov  4 01:18:08 PM UTC 2025: SP1 local server active
Tue Nov  4 01:19:08 PM UTC 2025: SP1 local server active
Tue Nov  4 01:20:08 PM UTC 2025: SP1 local server active
Tue Nov  4 01:21:08 PM UTC 2025: SP1 local server active
Tue Nov  4 01:22:08 PM UTC 2025: SP1 local server active
Tue Nov  4 01:23:08 PM UTC 2025: SP1 local server active
Tue Nov  4 01:24:08 PM UTC 2025: SP1 local server active
Tue Nov  4 01:25:08 PM UTC 2025: SP1 local server active
Tue Nov  4 01:26:08 PM UTC 2025: SP1 local server active
Tue Nov  4 01:27:08 PM UTC 2025: SP1 local server active
Tue Nov  4 01:28:08 PM UTC 2025: SP1 local server active
Tue Nov  4 01:29:08 PM UTC 2025: SP1 local server active
Tue Nov  4 01:30:08 PM UTC 2025: SP1 local server active
Tue Nov  4 01:31:08 PM UTC 2025: SP1 local server active
Tue Nov  4 01:32:08 PM UTC 2025: SP1 local server active
Tue Nov  4 01:33:08 PM UTC 2025: SP1 local server active
Tue Nov  4 01:34:08 PM UTC 2025: SP1 local server active
Tue Nov  4 01:35:08 PM UTC 2025: SP1 local server active
Tue Nov  4 01:36:08 PM UTC 2025: SP1 local server active
Tue Nov  4 01:37:08 PM UTC 2025: SP1 local server active
Tue Nov  4 01:38:08 PM UTC 2025: SP1 local server active
Tue Nov  4 01:39:08 PM UTC 2025: SP1 local server active
Tue Nov  4 01:40:08 PM UTC 2025: SP1 local server active
Tue Nov  4 01:41:08 PM UTC 2025: SP1 local server active
Tue Nov  4 01:42:08 PM UTC 2025: SP1 local server active
Tue Nov  4 01:43:08 PM UTC 2025: SP1 local server active
Tue Nov  4 01:44:08 PM UTC 2025: SP1 local server active
Tue Nov  4 01:45:08 PM UTC 2025: SP1 local server active
Tue Nov  4 01:46:08 PM UTC 2025: SP1 local server active
Tue Nov  4 01:47:08 PM UTC 2025: SP1 local server active
Tue Nov  4 01:48:08 PM UTC 2025: SP1 local server active
Tue Nov  4 01:49:08 PM UTC 2025: SP1 local server active
Tue Nov  4 01:50:08 PM UTC 2025: SP1 local server active
Tue Nov  4 01:51:08 PM UTC 2025: SP1 local server active
Tue Nov  4 01:52:08 PM UTC 2025: SP1 local server active
Tue Nov  4 01:53:08 PM UTC 2025: SP1 local server active
Tue Nov  4 01:54:08 PM UTC 2025: SP1 local server active
Tue Nov  4 01:55:08 PM UTC 2025: SP1 local server active
Tue Nov  4 01:56:08 PM UTC 2025: SP1 local server active
Tue Nov  4 01:57:08 PM UTC 2025: SP1 local server active
Tue Nov  4 01:58:08 PM UTC 2025: SP1 local server active
Tue Nov  4 01:59:08 PM UTC 2025: SP1 local server active
Tue Nov  4 02:00:08 PM UTC 2025: SP1 local server active
Tue Nov  4 02:01:08 PM UTC 2025: SP1 local server active
Tue Nov  4 02:02:08 PM UTC 2025: SP1 local server active
Tue Nov  4 02:03:08 PM UTC 2025: SP1 local server active
Tue Nov  4 02:04:08 PM UTC 2025: SP1 local server active
Tue Nov  4 02:05:08 PM UTC 2025: SP1 local server active
Tue Nov  4 02:06:08 PM UTC 2025: SP1 local server active
Tue Nov  4 02:07:08 PM UTC 2025: SP1 local server active
Tue Nov  4 02:08:08 PM UTC 2025: SP1 local server active
Tue Nov  4 02:09:08 PM UTC 2025: SP1 local server active
Tue Nov  4 02:10:08 PM UTC 2025: SP1 local server active
Tue Nov  4 02:11:08 PM UTC 2025: SP1 local server active
Tue Nov  4 02:12:08 PM UTC 2025: SP1 local server active
Tue Nov  4 02:13:08 PM UTC 2025: SP1 local server active
Tue Nov  4 02:14:08 PM UTC 2025: SP1 local server active
Tue Nov  4 02:15:08 PM UTC 2025: SP1 local server active
Tue Nov  4 02:16:08 PM UTC 2025: SP1 local server active
Tue Nov  4 02:17:08 PM UTC 2025: SP1 local server active
Tue Nov  4 02:18:08 PM UTC 2025: SP1 local server active
Tue Nov  4 02:19:08 PM UTC 2025: SP1 local server active
Tue Nov  4 02:20:08 PM UTC 2025: SP1 local server active
Tue Nov  4 02:21:08 PM UTC 2025: SP1 local server active
Tue Nov  4 02:22:08 PM UTC 2025: SP1 local server active
Tue Nov  4 02:23:08 PM UTC 2025: SP1 local server active
Tue Nov  4 02:24:08 PM UTC 2025: SP1 local server active
Tue Nov  4 02:25:08 PM UTC 2025: SP1 local server active
Tue Nov  4 02:26:08 PM UTC 2025: SP1 local server active
Tue Nov  4 02:27:08 PM UTC 2025: SP1 local server active
Tue Nov  4 02:28:08 PM UTC 2025: SP1 local server active
Tue Nov  4 02:29:08 PM UTC 2025: SP1 local server active
Tue Nov  4 02:30:08 PM UTC 2025: SP1 local server active
Tue Nov  4 02:31:08 PM UTC 2025: SP1 local server active
Tue Nov  4 02:32:08 PM UTC 2025: SP1 local server active
Tue Nov  4 02:33:08 PM UTC 2025: SP1 local server active
Tue Nov  4 02:34:08 PM UTC 2025: SP1 local server active
Tue Nov  4 02:35:08 PM UTC 2025: SP1 local server active
Tue Nov  4 02:36:08 PM UTC 2025: SP1 local server active
Tue Nov  4 02:37:08 PM UTC 2025: SP1 local server active
Tue Nov  4 02:38:08 PM UTC 2025: SP1 local server active
Tue Nov  4 02:39:08 PM UTC 2025: SP1 local server active
Tue Nov  4 02:40:08 PM UTC 2025: SP1 local server active
Tue Nov  4 02:41:08 PM UTC 2025: SP1 local server active
Tue Nov  4 02:42:08 PM UTC 2025: SP1 local server active
Tue Nov  4 02:43:08 PM UTC 2025: SP1 local server active
Tue Nov  4 02:44:09 PM UTC 2025: SP1 local server active
Tue Nov  4 02:45:09 PM UTC 2025: SP1 local server active
Tue Nov  4 02:46:09 PM UTC 2025: SP1 local server active
Tue Nov  4 02:47:09 PM UTC 2025: SP1 local server active
Tue Nov  4 02:48:09 PM UTC 2025: SP1 local server active
Tue Nov  4 02:49:09 PM UTC 2025: SP1 local server active
Tue Nov  4 02:50:09 PM UTC 2025: SP1 local server active
Tue Nov  4 02:51:09 PM UTC 2025: SP1 local server active
Tue Nov  4 02:52:09 PM UTC 2025: SP1 local server active
Tue Nov  4 02:53:09 PM UTC 2025: SP1 local server active
Tue Nov  4 02:54:09 PM UTC 2025: SP1 local server active
Tue Nov  4 02:55:09 PM UTC 2025: SP1 local server active
Tue Nov  4 02:56:09 PM UTC 2025: SP1 local server active
Tue Nov  4 02:57:09 PM UTC 2025: SP1 local server active
Tue Nov  4 02:58:09 PM UTC 2025: SP1 local server active
Tue Nov  4 02:59:09 PM UTC 2025: SP1 local server active
Tue Nov  4 03:00:09 PM UTC 2025: SP1 local server active
Tue Nov  4 03:01:09 PM UTC 2025: SP1 local server active
Tue Nov  4 03:02:09 PM UTC 2025: SP1 local server active
Tue Nov  4 03:03:09 PM UTC 2025: SP1 local server active
Tue Nov  4 03:04:09 PM UTC 2025: SP1 local server active
Tue Nov  4 03:05:09 PM UTC 2025: SP1 local server active
Tue Nov  4 03:06:09 PM UTC 2025: SP1 local server active
Tue Nov  4 03:07:09 PM UTC 2025: SP1 local server active
Tue Nov  4 03:08:09 PM UTC 2025: SP1 local server active
Tue Nov  4 03:09:09 PM UTC 2025: SP1 local server active
Tue Nov  4 03:10:09 PM UTC 2025: SP1 local server active
Tue Nov  4 03:11:09 PM UTC 2025: SP1 local server active
Tue Nov  4 03:12:09 PM UTC 2025: SP1 local server active
Tue Nov  4 03:13:09 PM UTC 2025: SP1 local server active
Tue Nov  4 03:14:09 PM UTC 2025: SP1 local server active
Tue Nov  4 03:15:09 PM UTC 2025: SP1 local server active
Tue Nov  4 03:16:09 PM UTC 2025: SP1 local server active
Tue Nov  4 03:17:09 PM UTC 2025: SP1 local server active
Tue Nov  4 03:18:09 PM UTC 2025: SP1 local server active
Tue Nov  4 03:19:09 PM UTC 2025: SP1 local server active
Tue Nov  4 03:20:09 PM UTC 2025: SP1 local server active
Tue Nov  4 03:21:09 PM UTC 2025: SP1 local server active
Tue Nov  4 03:22:09 PM UTC 2025: SP1 local server active
Tue Nov  4 03:23:09 PM UTC 2025: SP1 local server active
Tue Nov  4 03:24:09 PM UTC 2025: SP1 local server active
Tue Nov  4 03:25:09 PM UTC 2025: SP1 local server active
Tue Nov  4 03:26:09 PM UTC 2025: SP1 local server active
Tue Nov  4 03:27:09 PM UTC 2025: SP1 local server active
Tue Nov  4 03:28:09 PM UTC 2025: SP1 local server active
Tue Nov  4 03:29:09 PM UTC 2025: SP1 local server active
Tue Nov  4 03:30:10 PM UTC 2025: SP1 local server active
Tue Nov  4 03:31:10 PM UTC 2025: SP1 local server active
Tue Nov  4 03:32:10 PM UTC 2025: SP1 local server active
Tue Nov  4 03:33:10 PM UTC 2025: SP1 local server active
Tue Nov  4 03:34:10 PM UTC 2025: SP1 local server active
Tue Nov  4 03:35:10 PM UTC 2025: SP1 local server active
Tue Nov  4 03:36:10 PM UTC 2025: SP1 local server active
Tue Nov  4 03:37:10 PM UTC 2025: SP1 local server active
Tue Nov  4 03:38:10 PM UTC 2025: SP1 local server active
Tue Nov  4 03:39:10 PM UTC 2025: SP1 local server active
Tue Nov  4 03:40:10 PM UTC 2025: SP1 local server active
Tue Nov  4 03:41:10 PM UTC 2025: SP1 local server active
Tue Nov  4 03:42:10 PM UTC 2025: SP1 local server active
Tue Nov  4 03:43:11 PM UTC 2025: SP1 local server active
Tue Nov  4 03:44:11 PM UTC 2025: SP1 local server active
Tue Nov  4 03:45:11 PM UTC 2025: SP1 local server active
Tue Nov  4 03:46:11 PM UTC 2025: SP1 local server active
Tue Nov  4 03:47:11 PM UTC 2025: SP1 local server active
Tue Nov  4 03:48:12 PM UTC 2025: SP1 local server active
Tue Nov  4 03:49:12 PM UTC 2025: SP1 local server active
Tue Nov  4 03:50:12 PM UTC 2025: SP1 local server active
Tue Nov  4 03:51:12 PM UTC 2025: SP1 local server active
Tue Nov  4 03:52:12 PM UTC 2025: SP1 local server active
Tue Nov  4 03:53:12 PM UTC 2025: SP1 local server active
Tue Nov  4 03:54:12 PM UTC 2025: SP1 local server active
Tue Nov  4 03:55:12 PM UTC 2025: SP1 local server active
Tue Nov  4 03:56:13 PM UTC 2025: SP1 local server active
Tue Nov  4 03:57:13 PM UTC 2025: SP1 local server active
Tue Nov  4 03:58:13 PM UTC 2025: SP1 local server active
Tue Nov  4 03:59:13 PM UTC 2025: SP1 local server active
Tue Nov  4 04:00:13 PM UTC 2025: SP1 local server active
Tue Nov  4 04:01:13 PM UTC 2025: SP1 local server active
Tue Nov  4 04:02:13 PM UTC 2025: SP1 local server active
Tue Nov  4 04:03:13 PM UTC 2025: SP1 local server active
Tue Nov  4 04:04:14 PM UTC 2025: SP1 local server active
Tue Nov  4 04:05:14 PM UTC 2025: SP1 local server active
Tue Nov  4 04:06:14 PM UTC 2025: SP1 local server active
Tue Nov  4 04:07:15 PM UTC 2025: SP1 local server active
Tue Nov  4 04:08:15 PM UTC 2025: SP1 local server active
Tue Nov  4 04:09:15 PM UTC 2025: SP1 local server active
Tue Nov  4 04:10:15 PM UTC 2025: SP1 local server active
Tue Nov  4 04:11:15 PM UTC 2025: SP1 local server active
Tue Nov  4 04:12:16 PM UTC 2025: SP1 local server active
Tue Nov  4 04:13:16 PM UTC 2025: SP1 local server active
Tue Nov  4 04:14:16 PM UTC 2025: SP1 local server active
Tue Nov  4 04:15:16 PM UTC 2025: SP1 local server active
Tue Nov  4 04:16:17 PM UTC 2025: SP1 local server active
Tue Nov  4 04:17:17 PM UTC 2025: SP1 local server active
Tue Nov  4 04:18:18 PM UTC 2025: SP1 local server active
Tue Nov  4 04:19:18 PM UTC 2025: SP1 local server active
Tue Nov  4 04:20:18 PM UTC 2025: SP1 local server active
Tue Nov  4 04:21:18 PM UTC 2025: SP1 local server active
Tue Nov  4 04:22:18 PM UTC 2025: SP1 local server active
Tue Nov  4 04:23:18 PM UTC 2025: SP1 local server active
Tue Nov  4 04:24:18 PM UTC 2025: SP1 local server active
Tue Nov  4 04:25:18 PM UTC 2025: SP1 local server active
Tue Nov  4 04:26:18 PM UTC 2025: SP1 local server active
Tue Nov  4 04:27:18 PM UTC 2025: SP1 local server active
Tue Nov  4 04:28:18 PM UTC 2025: SP1 local server active
Tue Nov  4 04:29:19 PM UTC 2025: SP1 local server active
Tue Nov  4 04:30:19 PM UTC 2025: SP1 local server active
Tue Nov  4 04:31:19 PM UTC 2025: SP1 local server active
Tue Nov  4 04:32:19 PM UTC 2025: SP1 local server active
Tue Nov  4 04:33:19 PM UTC 2025: SP1 local server active
Tue Nov  4 04:34:19 PM UTC 2025: SP1 local server active
Tue Nov  4 04:35:20 PM UTC 2025: SP1 local server active
Tue Nov  4 04:36:20 PM UTC 2025: SP1 local server active
Tue Nov  4 04:37:20 PM UTC 2025: SP1 local server active
Tue Nov  4 04:38:20 PM UTC 2025: SP1 local server active
Tue Nov  4 04:39:20 PM UTC 2025: SP1 local server active
Tue Nov  4 04:40:20 PM UTC 2025: SP1 local server active
Tue Nov  4 04:41:20 PM UTC 2025: SP1 local server active
Tue Nov  4 04:42:20 PM UTC 2025: SP1 local server active
Tue Nov  4 04:43:21 PM UTC 2025: SP1 local server active
Tue Nov  4 04:44:21 PM UTC 2025: SP1 local server active
Tue Nov  4 04:45:21 PM UTC 2025: SP1 local server active
Tue Nov  4 04:46:21 PM UTC 2025: SP1 local server active
Tue Nov  4 04:47:21 PM UTC 2025: SP1 local server active
Tue Nov  4 04:48:21 PM UTC 2025: SP1 local server active
Tue Nov  4 04:49:21 PM UTC 2025: SP1 local server active
Tue Nov  4 04:50:21 PM UTC 2025: SP1 local server active
Tue Nov  4 04:51:21 PM UTC 2025: SP1 local server active
Tue Nov  4 04:52:22 PM UTC 2025: SP1 local server active
Tue Nov  4 04:53:22 PM UTC 2025: SP1 local server active
Tue Nov  4 04:54:22 PM UTC 2025: SP1 local server active
Tue Nov  4 04:55:22 PM UTC 2025: SP1 local server active
Tue Nov  4 04:56:22 PM UTC 2025: SP1 local server active
Tue Nov  4 04:57:22 PM UTC 2025: SP1 local server active
Tue Nov  4 04:58:22 PM UTC 2025: SP1 local server active
Tue Nov  4 04:59:22 PM UTC 2025: SP1 local server active
Tue Nov  4 05:00:22 PM UTC 2025: SP1 local server active
Tue Nov  4 05:01:22 PM UTC 2025: SP1 local server active
Tue Nov  4 05:02:23 PM UTC 2025: SP1 local server active
Tue Nov  4 05:03:23 PM UTC 2025: SP1 local server active
Tue Nov  4 05:04:23 PM UTC 2025: SP1 local server active
Tue Nov  4 05:05:23 PM UTC 2025: SP1 local server active
Tue Nov  4 05:06:24 PM UTC 2025: SP1 local server active
Tue Nov  4 05:07:24 PM UTC 2025: SP1 local server active
Tue Nov  4 05:08:24 PM UTC 2025: SP1 local server active
Tue Nov  4 05:09:24 PM UTC 2025: SP1 local server active
Tue Nov  4 05:10:24 PM UTC 2025: SP1 local server active
Tue Nov  4 05:11:24 PM UTC 2025: SP1 local server active
Tue Nov  4 05:12:24 PM UTC 2025: SP1 local server active
Tue Nov  4 05:13:24 PM UTC 2025: SP1 local server active
Tue Nov  4 05:14:25 PM UTC 2025: SP1 local server active
Tue Nov  4 05:15:25 PM UTC 2025: SP1 local server active
Tue Nov  4 05:16:25 PM UTC 2025: SP1 local server active
Tue Nov  4 05:17:25 PM UTC 2025: SP1 local server active
Tue Nov  4 05:18:25 PM UTC 2025: SP1 local server active
Tue Nov  4 05:19:25 PM UTC 2025: SP1 local server active
Tue Nov  4 05:20:25 PM UTC 2025: SP1 local server active
Tue Nov  4 05:21:25 PM UTC 2025: SP1 local server active
Tue Nov  4 05:22:25 PM UTC 2025: SP1 local server active
Tue Nov  4 05:23:25 PM UTC 2025: SP1 local server active
Tue Nov  4 05:24:25 PM UTC 2025: SP1 local server active
Tue Nov  4 05:25:25 PM UTC 2025: SP1 local server active
Tue Nov  4 05:26:25 PM UTC 2025: SP1 local server active
Tue Nov  4 05:27:25 PM UTC 2025: SP1 local server active
Tue Nov  4 05:28:25 PM UTC 2025: SP1 local server active
Tue Nov  4 05:29:25 PM UTC 2025: SP1 local server active
Tue Nov  4 05:30:25 PM UTC 2025: SP1 local server active
Tue Nov  4 05:31:25 PM UTC 2025: SP1 local server active
Tue Nov  4 05:32:25 PM UTC 2025: SP1 local server active
Tue Nov  4 05:33:25 PM UTC 2025: SP1 local server active
Tue Nov  4 05:34:25 PM UTC 2025: SP1 local server active
Tue Nov  4 05:35:25 PM UTC 2025: SP1 local server active
Tue Nov  4 05:36:25 PM UTC 2025: SP1 local server active
Tue Nov  4 05:37:25 PM UTC 2025: SP1 local server active
Tue Nov  4 05:38:25 PM UTC 2025: SP1 local server active
Tue Nov  4 05:39:25 PM UTC 2025: SP1 local server active
Tue Nov  4 05:40:25 PM UTC 2025: SP1 local server active
Tue Nov  4 05:41:25 PM UTC 2025: SP1 local server active
Tue Nov  4 05:42:25 PM UTC 2025: SP1 local server active
Tue Nov  4 05:43:25 PM UTC 2025: SP1 local server active
Tue Nov  4 05:44:25 PM UTC 2025: SP1 local server active
Tue Nov  4 05:45:25 PM UTC 2025: SP1 local server active
Tue Nov  4 05:46:25 PM UTC 2025: SP1 local server active
Tue Nov  4 05:47:25 PM UTC 2025: SP1 local server active
Tue Nov  4 05:48:25 PM UTC 2025: SP1 local server active
Tue Nov  4 05:49:25 PM UTC 2025: SP1 local server active
Tue Nov  4 05:50:25 PM UTC 2025: SP1 local server active
Tue Nov  4 05:51:25 PM UTC 2025: SP1 local server active
Tue Nov  4 05:52:25 PM UTC 2025: SP1 local server active
Tue Nov  4 05:53:25 PM UTC 2025: SP1 local server active
Tue Nov  4 05:54:25 PM UTC 2025: SP1 local server active
Tue Nov  4 05:55:25 PM UTC 2025: SP1 local server active
Tue Nov  4 05:56:25 PM UTC 2025: SP1 local server active
Tue Nov  4 05:57:25 PM UTC 2025: SP1 local server active
Tue Nov  4 05:58:25 PM UTC 2025: SP1 local server active
Tue Nov  4 05:59:25 PM UTC 2025: SP1 local server active
Tue Nov  4 06:00:25 PM UTC 2025: SP1 local server active
Tue Nov  4 06:01:25 PM UTC 2025: SP1 local server active
Tue Nov  4 06:02:25 PM UTC 2025: SP1 local server active
Tue Nov  4 06:03:25 PM UTC 2025: SP1 local server active
Tue Nov  4 06:04:25 PM UTC 2025: SP1 local server active
Tue Nov  4 06:05:25 PM UTC 2025: SP1 local server active
Tue Nov  4 06:06:25 PM UTC 2025: SP1 local server active
Tue Nov  4 06:07:25 PM UTC 2025: SP1 local server active
Tue Nov  4 06:08:25 PM UTC 2025: SP1 local server active
Tue Nov  4 06:09:25 PM UTC 2025: SP1 local server active
Tue Nov  4 06:10:25 PM UTC 2025: SP1 local server active
Tue Nov  4 06:11:25 PM UTC 2025: SP1 local server active
Tue Nov  4 06:12:25 PM UTC 2025: SP1 local server active
Tue Nov  4 06:13:25 PM UTC 2025: SP1 local server active
Tue Nov  4 06:14:25 PM UTC 2025: SP1 local server active
Tue Nov  4 06:15:25 PM UTC 2025: SP1 local server active
Tue Nov  4 06:16:25 PM UTC 2025: SP1 local server active
Tue Nov  4 06:17:25 PM UTC 2025: SP1 local server active
Tue Nov  4 06:18:25 PM UTC 2025: SP1 local server active
Tue Nov  4 06:19:25 PM UTC 2025: SP1 local server active
Tue Nov  4 06:20:25 PM UTC 2025: SP1 local server active
Tue Nov  4 06:21:25 PM UTC 2025: SP1 local server active
Tue Nov  4 06:22:25 PM UTC 2025: SP1 local server active
Tue Nov  4 06:23:25 PM UTC 2025: SP1 local server active
Tue Nov  4 06:24:25 PM UTC 2025: SP1 local server active
Tue Nov  4 06:25:25 PM UTC 2025: SP1 local server active
Tue Nov  4 06:26:25 PM UTC 2025: SP1 local server active
Tue Nov  4 06:27:25 PM UTC 2025: SP1 local server active
Tue Nov  4 06:28:25 PM UTC 2025: SP1 local server active
Tue Nov  4 06:29:26 PM UTC 2025: SP1 local server active
Tue Nov  4 06:30:26 PM UTC 2025: SP1 local server active
Tue Nov  4 06:31:26 PM UTC 2025: SP1 local server active
Tue Nov  4 06:32:26 PM UTC 2025: SP1 local server active
Tue Nov  4 06:33:26 PM UTC 2025: SP1 local server active
Tue Nov  4 06:34:26 PM UTC 2025: SP1 local server active
Tue Nov  4 06:35:26 PM UTC 2025: SP1 local server active
Tue Nov  4 06:36:26 PM UTC 2025: SP1 local server active
Tue Nov  4 06:37:26 PM UTC 2025: SP1 local server active
Tue Nov  4 06:38:26 PM UTC 2025: SP1 local server active
Tue Nov  4 06:39:26 PM UTC 2025: SP1 local server active
Tue Nov  4 06:40:26 PM UTC 2025: SP1 local server active
Tue Nov  4 06:41:26 PM UTC 2025: SP1 local server active
Tue Nov  4 06:42:26 PM UTC 2025: SP1 local server active
Tue Nov  4 06:43:26 PM UTC 2025: SP1 local server active
Tue Nov  4 06:44:26 PM UTC 2025: SP1 local server active
Tue Nov  4 06:45:26 PM UTC 2025: SP1 local server active
Tue Nov  4 06:46:26 PM UTC 2025: SP1 local server active
Tue Nov  4 06:47:26 PM UTC 2025: SP1 local server active
Tue Nov  4 06:48:26 PM UTC 2025: SP1 local server active
Tue Nov  4 06:49:26 PM UTC 2025: SP1 local server active
Tue Nov  4 06:50:26 PM UTC 2025: SP1 local server active
Tue Nov  4 06:51:26 PM UTC 2025: SP1 local server active
Tue Nov  4 06:52:26 PM UTC 2025: SP1 local server active
Tue Nov  4 06:53:26 PM UTC 2025: SP1 local server active
Tue Nov  4 06:54:26 PM UTC 2025: SP1 local server active
Tue Nov  4 06:55:26 PM UTC 2025: SP1 local server active
Tue Nov  4 06:56:26 PM UTC 2025: SP1 local server active
Tue Nov  4 06:57:26 PM UTC 2025: SP1 local server active
Tue Nov  4 06:58:26 PM UTC 2025: SP1 local server active
Tue Nov  4 06:59:26 PM UTC 2025: SP1 local server active
Tue Nov  4 07:00:26 PM UTC 2025: SP1 local server active
Tue Nov  4 07:01:26 PM UTC 2025: SP1 local server active
Tue Nov  4 07:02:26 PM UTC 2025: SP1 local server active
Tue Nov  4 07:03:26 PM UTC 2025: SP1 local server active
Tue Nov  4 07:04:26 PM UTC 2025: SP1 local server active
Tue Nov  4 07:05:26 PM UTC 2025: SP1 local server active
Tue Nov  4 07:06:26 PM UTC 2025: SP1 local server active
Tue Nov  4 07:07:26 PM UTC 2025: SP1 local server active
Tue Nov  4 07:08:26 PM UTC 2025: SP1 local server active
Tue Nov  4 07:09:26 PM UTC 2025: SP1 local server active
Tue Nov  4 07:10:26 PM UTC 2025: SP1 local server active
Tue Nov  4 07:11:26 PM UTC 2025: SP1 local server active
Tue Nov  4 07:12:26 PM UTC 2025: SP1 local server active
Tue Nov  4 07:13:26 PM UTC 2025: SP1 local server active
Tue Nov  4 07:14:26 PM UTC 2025: SP1 local server active
Tue Nov  4 07:15:26 PM UTC 2025: SP1 local server active
Tue Nov  4 07:16:26 PM UTC 2025: SP1 local server active
Tue Nov  4 07:17:26 PM UTC 2025: SP1 local server active
Tue Nov  4 07:18:26 PM UTC 2025: SP1 local server active
Tue Nov  4 07:19:26 PM UTC 2025: SP1 local server active
Tue Nov  4 07:20:26 PM UTC 2025: SP1 local server active
Tue Nov  4 07:21:26 PM UTC 2025: SP1 local server active
Tue Nov  4 07:22:26 PM UTC 2025: SP1 local server active
Tue Nov  4 07:23:26 PM UTC 2025: SP1 local server active
Tue Nov  4 07:24:26 PM UTC 2025: SP1 local server active
Tue Nov  4 07:25:26 PM UTC 2025: SP1 local server active
Tue Nov  4 07:26:26 PM UTC 2025: SP1 local server active
Tue Nov  4 07:27:26 PM UTC 2025: SP1 local server active
Tue Nov  4 07:28:26 PM UTC 2025: SP1 local server active
Tue Nov  4 07:29:26 PM UTC 2025: SP1 local server active
Tue Nov  4 07:30:26 PM UTC 2025: SP1 local server active
Tue Nov  4 07:31:26 PM UTC 2025: SP1 local server active
Tue Nov  4 07:32:26 PM UTC 2025: SP1 local server active
Tue Nov  4 07:33:26 PM UTC 2025: SP1 local server active
Tue Nov  4 07:34:26 PM UTC 2025: SP1 local server active
Tue Nov  4 07:35:26 PM UTC 2025: SP1 local server active
Tue Nov  4 07:36:26 PM UTC 2025: SP1 local server active
Tue Nov  4 07:37:26 PM UTC 2025: SP1 local server active
Tue Nov  4 07:38:26 PM UTC 2025: SP1 local server active
Tue Nov  4 07:39:26 PM UTC 2025: SP1 local server active
Tue Nov  4 07:40:26 PM UTC 2025: SP1 local server active
Tue Nov  4 07:41:26 PM UTC 2025: SP1 local server active
Tue Nov  4 07:42:26 PM UTC 2025: SP1 local server active
Tue Nov  4 07:43:26 PM UTC 2025: SP1 local server active
Tue Nov  4 07:44:26 PM UTC 2025: SP1 local server active
Tue Nov  4 07:45:26 PM UTC 2025: SP1 local server active
Tue Nov  4 07:46:26 PM UTC 2025: SP1 local server active
Tue Nov  4 07:47:26 PM UTC 2025: SP1 local server active
Tue Nov  4 07:48:26 PM UTC 2025: SP1 local server active
Tue Nov  4 07:49:26 PM UTC 2025: SP1 local server active
Tue Nov  4 07:50:26 PM UTC 2025: SP1 local server active
Tue Nov  4 07:51:26 PM UTC 2025: SP1 local server active
Tue Nov  4 07:52:26 PM UTC 2025: SP1 local server active
Tue Nov  4 07:53:26 PM UTC 2025: SP1 local server active
Tue Nov  4 07:54:26 PM UTC 2025: SP1 local server active
Tue Nov  4 07:55:26 PM UTC 2025: SP1 local server active
Tue Nov  4 07:56:26 PM UTC 2025: SP1 local server active
Tue Nov  4 07:57:26 PM UTC 2025: SP1 local server active
Tue Nov  4 07:58:26 PM UTC 2025: SP1 local server active
Tue Nov  4 07:59:26 PM UTC 2025: SP1 local server active
Tue Nov  4 08:00:26 PM UTC 2025: SP1 local server active
Tue Nov  4 08:01:26 PM UTC 2025: SP1 local server active
Tue Nov  4 08:02:26 PM UTC 2025: SP1 local server active
Tue Nov  4 08:03:26 PM UTC 2025: SP1 local server active
Tue Nov  4 08:04:26 PM UTC 2025: SP1 local server active
Tue Nov  4 08:05:26 PM UTC 2025: SP1 local server active
Tue Nov  4 08:06:26 PM UTC 2025: SP1 local server active
Tue Nov  4 08:07:26 PM UTC 2025: SP1 local server active
Tue Nov  4 08:08:26 PM UTC 2025: SP1 local server active
Tue Nov  4 08:09:26 PM UTC 2025: SP1 local server active
Tue Nov  4 08:10:26 PM UTC 2025: SP1 local server active
Tue Nov  4 08:11:26 PM UTC 2025: SP1 local server active
Tue Nov  4 08:12:26 PM UTC 2025: SP1 local server active
Tue Nov  4 08:13:26 PM UTC 2025: SP1 local server active
Tue Nov  4 08:14:26 PM UTC 2025: SP1 local server active
Tue Nov  4 08:15:26 PM UTC 2025: SP1 local server active
Tue Nov  4 08:16:26 PM UTC 2025: SP1 local server active
Tue Nov  4 08:17:26 PM UTC 2025: SP1 local server active
Tue Nov  4 08:18:26 PM UTC 2025: SP1 local server active
Tue Nov  4 08:19:26 PM UTC 2025: SP1 local server active
Tue Nov  4 08:20:26 PM UTC 2025: SP1 local server active
Tue Nov  4 08:21:26 PM UTC 2025: SP1 local server active
Tue Nov  4 08:22:26 PM UTC 2025: SP1 local server active
Tue Nov  4 08:23:26 PM UTC 2025: SP1 local server active
Tue Nov  4 08:24:26 PM UTC 2025: SP1 local server active
Tue Nov  4 08:25:26 PM UTC 2025: SP1 local server active
Tue Nov  4 08:26:26 PM UTC 2025: SP1 local server active
Tue Nov  4 08:27:26 PM UTC 2025: SP1 local server active
Tue Nov  4 08:28:26 PM UTC 2025: SP1 local server active
Tue Nov  4 08:29:26 PM UTC 2025: SP1 local server active
Tue Nov  4 08:30:26 PM UTC 2025: SP1 local server active
Tue Nov  4 08:31:26 PM UTC 2025: SP1 local server active
Tue Nov  4 08:32:26 PM UTC 2025: SP1 local server active
Tue Nov  4 08:33:26 PM UTC 2025: SP1 local server active
Tue Nov  4 08:34:26 PM UTC 2025: SP1 local server active
Tue Nov  4 08:35:26 PM UTC 2025: SP1 local server active
Tue Nov  4 08:36:26 PM UTC 2025: SP1 local server active
Tue Nov  4 08:37:26 PM UTC 2025: SP1 local server active
Tue Nov  4 08:38:26 PM UTC 2025: SP1 local server active
Tue Nov  4 08:39:26 PM UTC 2025: SP1 local server active
Tue Nov  4 08:40:26 PM UTC 2025: SP1 local server active
Tue Nov  4 08:41:26 PM UTC 2025: SP1 local server active
Tue Nov  4 08:42:26 PM UTC 2025: SP1 local server active
Tue Nov  4 08:43:26 PM UTC 2025: SP1 local server active
Tue Nov  4 08:44:26 PM UTC 2025: SP1 local server active
Tue Nov  4 08:45:26 PM UTC 2025: SP1 local server active
Tue Nov  4 08:46:26 PM UTC 2025: SP1 local server active
Tue Nov  4 08:47:26 PM UTC 2025: SP1 local server active
Tue Nov  4 08:48:26 PM UTC 2025: SP1 local server active
Tue Nov  4 08:49:26 PM UTC 2025: SP1 local server active
Tue Nov  4 08:50:26 PM UTC 2025: SP1 local server active
Tue Nov  4 08:51:26 PM UTC 2025: SP1 local server active
Tue Nov  4 08:52:26 PM UTC 2025: SP1 local server active
Tue Nov  4 08:53:27 PM UTC 2025: SP1 local server active
Tue Nov  4 08:54:27 PM UTC 2025: SP1 local server active
Tue Nov  4 08:55:27 PM UTC 2025: SP1 local server active
Tue Nov  4 08:56:27 PM UTC 2025: SP1 local server active
Tue Nov  4 08:57:27 PM UTC 2025: SP1 local server active
Tue Nov  4 08:58:27 PM UTC 2025: SP1 local server active
Tue Nov  4 08:59:27 PM UTC 2025: SP1 local server active
Tue Nov  4 09:00:27 PM UTC 2025: SP1 local server active
Tue Nov  4 09:01:27 PM UTC 2025: SP1 local server active
Tue Nov  4 09:02:27 PM UTC 2025: SP1 local server active
Tue Nov  4 09:03:27 PM UTC 2025: SP1 local server active
Tue Nov  4 09:04:27 PM UTC 2025: SP1 local server active
Tue Nov  4 09:05:27 PM UTC 2025: SP1 local server active
Tue Nov  4 09:06:27 PM UTC 2025: SP1 local server active
Tue Nov  4 09:07:27 PM UTC 2025: SP1 local server active
Tue Nov  4 09:08:27 PM UTC 2025: SP1 local server active
Tue Nov  4 09:09:27 PM UTC 2025: SP1 local server active
Tue Nov  4 09:10:27 PM UTC 2025: SP1 local server active
Tue Nov  4 09:11:27 PM UTC 2025: SP1 local server active
Tue Nov  4 09:12:27 PM UTC 2025: SP1 local server active
Tue Nov  4 09:13:27 PM UTC 2025: SP1 local server active
Tue Nov  4 09:14:27 PM UTC 2025: SP1 local server active
Tue Nov  4 09:15:27 PM UTC 2025: SP1 local server active
Tue Nov  4 09:16:27 PM UTC 2025: SP1 local server active
Tue Nov  4 09:17:27 PM UTC 2025: SP1 local server active
Tue Nov  4 09:18:27 PM UTC 2025: SP1 local server active
Tue Nov  4 09:19:27 PM UTC 2025: SP1 local server active
Tue Nov  4 09:20:27 PM UTC 2025: SP1 local server active
Tue Nov  4 09:21:27 PM UTC 2025: SP1 local server active
Tue Nov  4 09:22:27 PM UTC 2025: SP1 local server active
Tue Nov  4 09:23:27 PM UTC 2025: SP1 local server active
Tue Nov  4 09:24:27 PM UTC 2025: SP1 local server active
Tue Nov  4 09:25:27 PM UTC 2025: SP1 local server active
Tue Nov  4 09:26:27 PM UTC 2025: SP1 local server active
Tue Nov  4 09:27:27 PM UTC 2025: SP1 local server active
Tue Nov  4 09:28:27 PM UTC 2025: SP1 local server active
Tue Nov  4 09:29:27 PM UTC 2025: SP1 local server active
Tue Nov  4 09:30:27 PM UTC 2025: SP1 local server active
Tue Nov  4 09:31:27 PM UTC 2025: SP1 local server active
Tue Nov  4 09:32:27 PM UTC 2025: SP1 local server active
Tue Nov  4 09:33:27 PM UTC 2025: SP1 local server active
Tue Nov  4 09:34:27 PM UTC 2025: SP1 local server active
Tue Nov  4 09:35:27 PM UTC 2025: SP1 local server active
Tue Nov  4 09:36:27 PM UTC 2025: SP1 local server active
Tue Nov  4 09:37:27 PM UTC 2025: SP1 local server active
Tue Nov  4 09:38:27 PM UTC 2025: SP1 local server active
Tue Nov  4 09:39:27 PM UTC 2025: SP1 local server active
Tue Nov  4 09:40:27 PM UTC 2025: SP1 local server active
Tue Nov  4 09:41:27 PM UTC 2025: SP1 local server active
Tue Nov  4 09:42:27 PM UTC 2025: SP1 local server active
Tue Nov  4 09:43:27 PM UTC 2025: SP1 local server active
Tue Nov  4 09:44:27 PM UTC 2025: SP1 local server active
Tue Nov  4 09:45:27 PM UTC 2025: SP1 local server active
Tue Nov  4 09:46:27 PM UTC 2025: SP1 local server active
Tue Nov  4 09:47:27 PM UTC 2025: SP1 local server active
Tue Nov  4 09:48:27 PM UTC 2025: SP1 local server active
Tue Nov  4 09:49:27 PM UTC 2025: SP1 local server active
Tue Nov  4 09:50:27 PM UTC 2025: SP1 local server active
Tue Nov  4 09:51:27 PM UTC 2025: SP1 local server active
Tue Nov  4 09:52:27 PM UTC 2025: SP1 local server active
Tue Nov  4 09:53:27 PM UTC 2025: SP1 local server active
Tue Nov  4 09:54:27 PM UTC 2025: SP1 local server active
Tue Nov  4 09:55:27 PM UTC 2025: SP1 local server active
Tue Nov  4 09:56:27 PM UTC 2025: SP1 local server active
Tue Nov  4 09:57:27 PM UTC 2025: SP1 local server active
Tue Nov  4 09:58:27 PM UTC 2025: SP1 local server active
Tue Nov  4 09:59:27 PM UTC 2025: SP1 local server active
Tue Nov  4 10:00:27 PM UTC 2025: SP1 local server active
Tue Nov  4 10:01:27 PM UTC 2025: SP1 local server active
Tue Nov  4 10:02:27 PM UTC 2025: SP1 local server active
Tue Nov  4 10:03:27 PM UTC 2025: SP1 local server active
Tue Nov  4 10:04:27 PM UTC 2025: SP1 local server active
Tue Nov  4 10:05:27 PM UTC 2025: SP1 local server active
Tue Nov  4 10:06:27 PM UTC 2025: SP1 local server active
Tue Nov  4 10:07:27 PM UTC 2025: SP1 local server active
Tue Nov  4 10:08:27 PM UTC 2025: SP1 local server active
Tue Nov  4 10:09:27 PM UTC 2025: SP1 local server active
Tue Nov  4 10:10:27 PM UTC 2025: SP1 local server active
Tue Nov  4 10:11:27 PM UTC 2025: SP1 local server active
Tue Nov  4 10:12:27 PM UTC 2025: SP1 local server active
Tue Nov  4 10:13:27 PM UTC 2025: SP1 local server active
Tue Nov  4 10:14:27 PM UTC 2025: SP1 local server active
Tue Nov  4 10:15:27 PM UTC 2025: SP1 local server active
Tue Nov  4 10:16:27 PM UTC 2025: SP1 local server active
Tue Nov  4 10:17:27 PM UTC 2025: SP1 local server active
Tue Nov  4 10:18:27 PM UTC 2025: SP1 local server active
Tue Nov  4 10:19:27 PM UTC 2025: SP1 local server active
Tue Nov  4 10:20:27 PM UTC 2025: SP1 local server active
Tue Nov  4 10:21:27 PM UTC 2025: SP1 local server active
Tue Nov  4 10:22:27 PM UTC 2025: SP1 local server active
Tue Nov  4 10:23:27 PM UTC 2025: SP1 local server active
Tue Nov  4 10:24:27 PM UTC 2025: SP1 local server active
Tue Nov  4 10:25:27 PM UTC 2025: SP1 local server active
Tue Nov  4 10:26:27 PM UTC 2025: SP1 local server active
Tue Nov  4 10:27:27 PM UTC 2025: SP1 local server active
Tue Nov  4 10:28:27 PM UTC 2025: SP1 local server active
Tue Nov  4 10:29:27 PM UTC 2025: SP1 local server active
Tue Nov  4 10:30:27 PM UTC 2025: SP1 local server active
Tue Nov  4 10:31:27 PM UTC 2025: SP1 local server active
Tue Nov  4 10:32:27 PM UTC 2025: SP1 local server active
Tue Nov  4 10:33:27 PM UTC 2025: SP1 local server active
Tue Nov  4 10:34:27 PM UTC 2025: SP1 local server active
Tue Nov  4 10:35:27 PM UTC 2025: SP1 local server active
Tue Nov  4 10:36:27 PM UTC 2025: SP1 local server active
Tue Nov  4 10:37:27 PM UTC 2025: SP1 local server active
Tue Nov  4 10:38:27 PM UTC 2025: SP1 local server active
Tue Nov  4 10:39:27 PM UTC 2025: SP1 local server active
Tue Nov  4 10:40:27 PM UTC 2025: SP1 local server active
Tue Nov  4 10:41:27 PM UTC 2025: SP1 local server active
Tue Nov  4 10:42:27 PM UTC 2025: SP1 local server active
Tue Nov  4 10:43:27 PM UTC 2025: SP1 local server active
Tue Nov  4 10:44:27 PM UTC 2025: SP1 local server active
Tue Nov  4 10:45:27 PM UTC 2025: SP1 local server active
Tue Nov  4 10:46:27 PM UTC 2025: SP1 local server active
Tue Nov  4 10:47:27 PM UTC 2025: SP1 local server active
Tue Nov  4 10:48:27 PM UTC 2025: SP1 local server active
Tue Nov  4 10:49:27 PM UTC 2025: SP1 local server active
Tue Nov  4 10:50:27 PM UTC 2025: SP1 local server active
Tue Nov  4 10:51:27 PM UTC 2025: SP1 local server active
Tue Nov  4 10:52:27 PM UTC 2025: SP1 local server active
Tue Nov  4 10:53:27 PM UTC 2025: SP1 local server active
Tue Nov  4 10:54:27 PM UTC 2025: SP1 local server active
Tue Nov  4 10:55:27 PM UTC 2025: SP1 local server active
Tue Nov  4 10:56:27 PM UTC 2025: SP1 local server active
Tue Nov  4 10:57:27 PM UTC 2025: SP1 local server active
Tue Nov  4 10:58:27 PM UTC 2025: SP1 local server active
Tue Nov  4 10:59:27 PM UTC 2025: SP1 local server active
Tue Nov  4 11:00:27 PM UTC 2025: SP1 local server active
Tue Nov  4 11:01:27 PM UTC 2025: SP1 local server active
Tue Nov  4 11:02:27 PM UTC 2025: SP1 local server active
Tue Nov  4 11:03:27 PM UTC 2025: SP1 local server active
Tue Nov  4 11:04:27 PM UTC 2025: SP1 local server active
Tue Nov  4 11:05:27 PM UTC 2025: SP1 local server active
Tue Nov  4 11:06:27 PM UTC 2025: SP1 local server active
Tue Nov  4 11:07:27 PM UTC 2025: SP1 local server active
Tue Nov  4 11:08:27 PM UTC 2025: SP1 local server active
Tue Nov  4 11:09:27 PM UTC 2025: SP1 local server active
Tue Nov  4 11:10:27 PM UTC 2025: SP1 local server active
Tue Nov  4 11:11:27 PM UTC 2025: SP1 local server active
Tue Nov  4 11:12:27 PM UTC 2025: SP1 local server active
Tue Nov  4 11:13:27 PM UTC 2025: SP1 local server active
Tue Nov  4 11:14:27 PM UTC 2025: SP1 local server active
Tue Nov  4 11:15:28 PM UTC 2025: SP1 local server active
Tue Nov  4 11:16:28 PM UTC 2025: SP1 local server active
Tue Nov  4 11:17:28 PM UTC 2025: SP1 local server active
Tue Nov  4 11:18:28 PM UTC 2025: SP1 local server active
Tue Nov  4 11:19:28 PM UTC 2025: SP1 local server active
Tue Nov  4 11:20:28 PM UTC 2025: SP1 local server active
Tue Nov  4 11:21:28 PM UTC 2025: SP1 local server active
Tue Nov  4 11:22:28 PM UTC 2025: SP1 local server active
Tue Nov  4 11:23:28 PM UTC 2025: SP1 local server active
Tue Nov  4 11:24:28 PM UTC 2025: SP1 local server active
Tue Nov  4 11:25:28 PM UTC 2025: SP1 local server active
Tue Nov  4 11:26:28 PM UTC 2025: SP1 local server active
Tue Nov  4 11:27:28 PM UTC 2025: SP1 local server active
Tue Nov  4 11:28:28 PM UTC 2025: SP1 local server active
Tue Nov  4 11:29:28 PM UTC 2025: SP1 local server active
Tue Nov  4 11:30:28 PM UTC 2025: SP1 local server active
Tue Nov  4 11:31:28 PM UTC 2025: SP1 local server active
Tue Nov  4 11:32:28 PM UTC 2025: SP1 local server active
Tue Nov  4 11:33:28 PM UTC 2025: SP1 local server active
Tue Nov  4 11:34:28 PM UTC 2025: SP1 local server active
Tue Nov  4 11:35:28 PM UTC 2025: SP1 local server active
Tue Nov  4 11:36:28 PM UTC 2025: SP1 local server active
Tue Nov  4 11:37:28 PM UTC 2025: SP1 local server active
Tue Nov  4 11:38:28 PM UTC 2025: SP1 local server active
Tue Nov  4 11:39:28 PM UTC 2025: SP1 local server active
Tue Nov  4 11:40:28 PM UTC 2025: SP1 local server active
Tue Nov  4 11:41:28 PM UTC 2025: SP1 local server active
Tue Nov  4 11:42:28 PM UTC 2025: SP1 local server active
Tue Nov  4 11:43:28 PM UTC 2025: SP1 local server active
Tue Nov  4 11:44:28 PM UTC 2025: SP1 local server active
Tue Nov  4 11:45:28 PM UTC 2025: SP1 local server active
Tue Nov  4 11:46:28 PM UTC 2025: SP1 local server active
Tue Nov  4 11:47:28 PM UTC 2025: SP1 local server active
Tue Nov  4 11:48:28 PM UTC 2025: SP1 local server active
Tue Nov  4 11:49:28 PM UTC 2025: SP1 local server active
Tue Nov  4 11:50:28 PM UTC 2025: SP1 local server active
Tue Nov  4 11:51:28 PM UTC 2025: SP1 local server active
Tue Nov  4 11:52:28 PM UTC 2025: SP1 local server active
Tue Nov  4 11:53:28 PM UTC 2025: SP1 local server active
Tue Nov  4 11:54:28 PM UTC 2025: SP1 local server active
Tue Nov  4 11:55:28 PM UTC 2025: SP1 local server active
Tue Nov  4 11:56:28 PM UTC 2025: SP1 local server active
Tue Nov  4 11:57:28 PM UTC 2025: SP1 local server active
Tue Nov  4 11:58:28 PM UTC 2025: SP1 local server active
Tue Nov  4 11:59:28 PM UTC 2025: SP1 local server active
Wed Nov  5 12:00:28 AM UTC 2025: SP1 local server active
Wed Nov  5 12:01:28 AM UTC 2025: SP1 local server active
Wed Nov  5 12:02:28 AM UTC 2025: SP1 local server active
Wed Nov  5 12:03:28 AM UTC 2025: SP1 local server active
Wed Nov  5 12:04:28 AM UTC 2025: SP1 local server active
Wed Nov  5 12:05:28 AM UTC 2025: SP1 local server active
Wed Nov  5 12:06:28 AM UTC 2025: SP1 local server active
Wed Nov  5 12:07:28 AM UTC 2025: SP1 local server active
Wed Nov  5 12:08:28 AM UTC 2025: SP1 local server active
Wed Nov  5 12:09:28 AM UTC 2025: SP1 local server active
Wed Nov  5 12:10:28 AM UTC 2025: SP1 local server active
Wed Nov  5 12:11:28 AM UTC 2025: SP1 local server active
Wed Nov  5 12:12:28 AM UTC 2025: SP1 local server active
Wed Nov  5 12:13:28 AM UTC 2025: SP1 local server active
Wed Nov  5 12:14:29 AM UTC 2025: SP1 local server active
Wed Nov  5 12:15:29 AM UTC 2025: SP1 local server active
Wed Nov  5 12:16:29 AM UTC 2025: SP1 local server active
Wed Nov  5 12:17:29 AM UTC 2025: SP1 local server active
Wed Nov  5 12:18:30 AM UTC 2025: SP1 local server active
Wed Nov  5 12:19:30 AM UTC 2025: SP1 local server active
Wed Nov  5 12:20:30 AM UTC 2025: SP1 local server active
Wed Nov  5 12:21:30 AM UTC 2025: SP1 local server active
Wed Nov  5 12:22:31 AM UTC 2025: SP1 local server active
Wed Nov  5 12:23:31 AM UTC 2025: SP1 local server active
Wed Nov  5 12:24:31 AM UTC 2025: SP1 local server active
Wed Nov  5 12:25:31 AM UTC 2025: SP1 local server active
Wed Nov  5 12:26:32 AM UTC 2025: SP1 local server active
Wed Nov  5 12:27:32 AM UTC 2025: SP1 local server active
Wed Nov  5 12:28:32 AM UTC 2025: SP1 local server active
Wed Nov  5 12:29:32 AM UTC 2025: SP1 local server active
Wed Nov  5 12:30:32 AM UTC 2025: SP1 local server active
Wed Nov  5 12:31:32 AM UTC 2025: SP1 local server active
Wed Nov  5 12:32:32 AM UTC 2025: SP1 local server active
Wed Nov  5 12:33:32 AM UTC 2025: SP1 local server active
Wed Nov  5 12:34:32 AM UTC 2025: SP1 local server active
Wed Nov  5 12:35:32 AM UTC 2025: SP1 local server active
Wed Nov  5 12:36:33 AM UTC 2025: SP1 local server active
Wed Nov  5 12:37:33 AM UTC 2025: SP1 local server active
Wed Nov  5 12:38:33 AM UTC 2025: SP1 local server active
Wed Nov  5 12:39:33 AM UTC 2025: SP1 local server active
Wed Nov  5 12:40:33 AM UTC 2025: SP1 local server active
Wed Nov  5 12:41:33 AM UTC 2025: SP1 local server active
Wed Nov  5 12:42:34 AM UTC 2025: SP1 local server active
Wed Nov  5 12:43:34 AM UTC 2025: SP1 local server active
Wed Nov  5 12:44:34 AM UTC 2025: SP1 local server active
Wed Nov  5 12:45:34 AM UTC 2025: SP1 local server active
Wed Nov  5 12:46:35 AM UTC 2025: SP1 local server active
Wed Nov  5 12:47:35 AM UTC 2025: SP1 local server active
Wed Nov  5 12:48:35 AM UTC 2025: SP1 local server active
Wed Nov  5 12:49:35 AM UTC 2025: SP1 local server active
Wed Nov  5 12:50:35 AM UTC 2025: SP1 local server active
Wed Nov  5 12:51:35 AM UTC 2025: SP1 local server active
Wed Nov  5 12:52:35 AM UTC 2025: SP1 local server active
Wed Nov  5 12:53:36 AM UTC 2025: SP1 local server active
Wed Nov  5 12:54:36 AM UTC 2025: SP1 local server active
Wed Nov  5 12:55:36 AM UTC 2025: SP1 local server active
Wed Nov  5 12:56:36 AM UTC 2025: SP1 local server active
Wed Nov  5 12:57:36 AM UTC 2025: SP1 local server active
Wed Nov  5 12:58:36 AM UTC 2025: SP1 local server active
Wed Nov  5 12:59:36 AM UTC 2025: SP1 local server active
Wed Nov  5 01:00:37 AM UTC 2025: SP1 local server active
Wed Nov  5 01:01:37 AM UTC 2025: SP1 local server active
Wed Nov  5 01:02:37 AM UTC 2025: SP1 local server active
Wed Nov  5 01:03:37 AM UTC 2025: SP1 local server active
Wed Nov  5 01:04:37 AM UTC 2025: SP1 local server active
Wed Nov  5 01:05:37 AM UTC 2025: SP1 local server active
Wed Nov  5 01:06:37 AM UTC 2025: SP1 local server active
Wed Nov  5 01:07:37 AM UTC 2025: SP1 local server active
Wed Nov  5 01:08:38 AM UTC 2025: SP1 local server active
Wed Nov  5 01:09:38 AM UTC 2025: SP1 local server active
Wed Nov  5 01:10:38 AM UTC 2025: SP1 local server active
Wed Nov  5 01:11:38 AM UTC 2025: SP1 local server active
Wed Nov  5 01:12:38 AM UTC 2025: SP1 local server active
Wed Nov  5 01:13:38 AM UTC 2025: SP1 local server active
Wed Nov  5 01:14:39 AM UTC 2025: SP1 local server active
Wed Nov  5 01:15:39 AM UTC 2025: SP1 local server active
Wed Nov  5 01:16:39 AM UTC 2025: SP1 local server active
Wed Nov  5 01:17:40 AM UTC 2025: SP1 local server active
Wed Nov  5 01:18:40 AM UTC 2025: SP1 local server active
Wed Nov  5 01:19:40 AM UTC 2025: SP1 local server active
Wed Nov  5 01:20:40 AM UTC 2025: SP1 local server active
Wed Nov  5 01:21:41 AM UTC 2025: SP1 local server active
Wed Nov  5 01:22:41 AM UTC 2025: SP1 local server active
Wed Nov  5 01:23:41 AM UTC 2025: SP1 local server active
Wed Nov  5 01:24:41 AM UTC 2025: SP1 local server active
Wed Nov  5 01:25:41 AM UTC 2025: SP1 local server active
Wed Nov  5 01:26:42 AM UTC 2025: SP1 local server active
Wed Nov  5 01:27:42 AM UTC 2025: SP1 local server active
Wed Nov  5 01:28:42 AM UTC 2025: SP1 local server active
Wed Nov  5 01:29:42 AM UTC 2025: SP1 local server active
Wed Nov  5 01:30:42 AM UTC 2025: SP1 local server active
Wed Nov  5 01:31:42 AM UTC 2025: SP1 local server active
Wed Nov  5 01:32:42 AM UTC 2025: SP1 local server active
Wed Nov  5 01:33:43 AM UTC 2025: SP1 local server active
Wed Nov  5 01:34:43 AM UTC 2025: SP1 local server active
Wed Nov  5 01:35:43 AM UTC 2025: SP1 local server active
Wed Nov  5 01:36:43 AM UTC 2025: SP1 local server active
Wed Nov  5 01:37:43 AM UTC 2025: SP1 local server active
Wed Nov  5 01:38:43 AM UTC 2025: SP1 local server active
Wed Nov  5 01:39:43 AM UTC 2025: SP1 local server active
Wed Nov  5 01:40:43 AM UTC 2025: SP1 local server active
Wed Nov  5 01:41:43 AM UTC 2025: SP1 local server active
Wed Nov  5 01:42:43 AM UTC 2025: SP1 local server active
Wed Nov  5 01:43:44 AM UTC 2025: SP1 local server active
Wed Nov  5 01:44:44 AM UTC 2025: SP1 local server active
Wed Nov  5 01:45:44 AM UTC 2025: SP1 local server active
Wed Nov  5 01:46:44 AM UTC 2025: SP1 local server active
Wed Nov  5 01:47:44 AM UTC 2025: SP1 local server active
Wed Nov  5 01:48:44 AM UTC 2025: SP1 local server active
Wed Nov  5 01:49:44 AM UTC 2025: SP1 local server active
Wed Nov  5 01:50:45 AM UTC 2025: SP1 local server active
Wed Nov  5 01:51:45 AM UTC 2025: SP1 local server active
Wed Nov  5 01:52:45 AM UTC 2025: SP1 local server active
Wed Nov  5 01:53:45 AM UTC 2025: SP1 local server active
Wed Nov  5 01:54:45 AM UTC 2025: SP1 local server active
Wed Nov  5 01:55:46 AM UTC 2025: SP1 local server active
Wed Nov  5 01:56:46 AM UTC 2025: SP1 local server active
Wed Nov  5 01:57:46 AM UTC 2025: SP1 local server active
Wed Nov  5 01:58:46 AM UTC 2025: SP1 local server active
Wed Nov  5 01:59:46 AM UTC 2025: SP1 local server active
Wed Nov  5 02:00:46 AM UTC 2025: SP1 local server active
Wed Nov  5 02:01:46 AM UTC 2025: SP1 local server active
Wed Nov  5 02:02:46 AM UTC 2025: SP1 local server active
Wed Nov  5 02:03:46 AM UTC 2025: SP1 local server active
Wed Nov  5 02:04:46 AM UTC 2025: SP1 local server active
Wed Nov  5 02:05:47 AM UTC 2025: SP1 local server active
Wed Nov  5 02:06:47 AM UTC 2025: SP1 local server active
Wed Nov  5 02:07:47 AM UTC 2025: SP1 local server active
Wed Nov  5 02:08:47 AM UTC 2025: SP1 local server active
Wed Nov  5 02:09:47 AM UTC 2025: SP1 local server active
Wed Nov  5 02:10:48 AM UTC 2025: SP1 local server active
Wed Nov  5 02:11:48 AM UTC 2025: SP1 local server active
Wed Nov  5 02:12:48 AM UTC 2025: SP1 local server active
Wed Nov  5 02:13:48 AM UTC 2025: SP1 local server active
Wed Nov  5 02:14:48 AM UTC 2025: SP1 local server active
Wed Nov  5 02:15:48 AM UTC 2025: SP1 local server active
Wed Nov  5 02:16:48 AM UTC 2025: SP1 local server active
Wed Nov  5 02:17:49 AM UTC 2025: SP1 local server active
Wed Nov  5 02:18:49 AM UTC 2025: SP1 local server active
Wed Nov  5 02:19:49 AM UTC 2025: SP1 local server active
Wed Nov  5 02:20:49 AM UTC 2025: SP1 local server active
Wed Nov  5 02:21:50 AM UTC 2025: SP1 local server active
Wed Nov  5 02:22:50 AM UTC 2025: SP1 local server active
Wed Nov  5 02:23:50 AM UTC 2025: SP1 local server active
Wed Nov  5 02:24:50 AM UTC 2025: SP1 local server active
Wed Nov  5 02:25:51 AM UTC 2025: SP1 local server active
Wed Nov  5 02:26:51 AM UTC 2025: SP1 local server active
Wed Nov  5 02:27:51 AM UTC 2025: SP1 local server active
Wed Nov  5 02:28:51 AM UTC 2025: SP1 local server active
Wed Nov  5 02:29:51 AM UTC 2025: SP1 local server active
Wed Nov  5 02:30:51 AM UTC 2025: SP1 local server active
Wed Nov  5 02:31:51 AM UTC 2025: SP1 local server active
Wed Nov  5 02:32:51 AM UTC 2025: SP1 local server active
Wed Nov  5 02:33:52 AM UTC 2025: SP1 local server active
Wed Nov  5 02:34:52 AM UTC 2025: SP1 local server active
Wed Nov  5 02:35:52 AM UTC 2025: SP1 local server active
Wed Nov  5 02:36:52 AM UTC 2025: SP1 local server active
Wed Nov  5 02:37:52 AM UTC 2025: SP1 local server active
Wed Nov  5 02:38:53 AM UTC 2025: SP1 local server active
Wed Nov  5 02:39:53 AM UTC 2025: SP1 local server active
Wed Nov  5 02:40:53 AM UTC 2025: SP1 local server active
Wed Nov  5 02:41:53 AM UTC 2025: SP1 local server active
Wed Nov  5 02:42:53 AM UTC 2025: SP1 local server active
Wed Nov  5 02:43:53 AM UTC 2025: SP1 local server active
Wed Nov  5 02:44:53 AM UTC 2025: SP1 local server active
Wed Nov  5 02:45:53 AM UTC 2025: SP1 local server active
Wed Nov  5 02:46:53 AM UTC 2025: SP1 local server active
Wed Nov  5 02:47:53 AM UTC 2025: SP1 local server active
Wed Nov  5 02:48:53 AM UTC 2025: SP1 local server active
Wed Nov  5 02:49:53 AM UTC 2025: SP1 local server active
Wed Nov  5 02:50:53 AM UTC 2025: SP1 local server active
Wed Nov  5 02:51:54 AM UTC 2025: SP1 local server active
Wed Nov  5 02:52:54 AM UTC 2025: SP1 local server active
Wed Nov  5 02:53:54 AM UTC 2025: SP1 local server active
Wed Nov  5 02:54:55 AM UTC 2025: SP1 local server active
Wed Nov  5 02:55:55 AM UTC 2025: SP1 local server active
Wed Nov  5 02:56:55 AM UTC 2025: SP1 local server active
Wed Nov  5 02:57:56 AM UTC 2025: SP1 local server active
Wed Nov  5 02:58:56 AM UTC 2025: SP1 local server active
Wed Nov  5 02:59:56 AM UTC 2025: SP1 local server active
Wed Nov  5 03:00:56 AM UTC 2025: SP1 local server active
Wed Nov  5 03:01:56 AM UTC 2025: SP1 local server active
Wed Nov  5 03:02:56 AM UTC 2025: SP1 local server active
Wed Nov  5 03:03:56 AM UTC 2025: SP1 local server active
Wed Nov  5 03:04:56 AM UTC 2025: SP1 local server active
Wed Nov  5 03:05:56 AM UTC 2025: SP1 local server active
Wed Nov  5 03:06:56 AM UTC 2025: SP1 local server active
Wed Nov  5 03:07:57 AM UTC 2025: SP1 local server active
Wed Nov  5 03:08:57 AM UTC 2025: SP1 local server active
Wed Nov  5 03:09:57 AM UTC 2025: SP1 local server active
Wed Nov  5 03:10:57 AM UTC 2025: SP1 local server active
Wed Nov  5 03:11:57 AM UTC 2025: SP1 local server active
Wed Nov  5 03:12:57 AM UTC 2025: SP1 local server active
Wed Nov  5 03:13:57 AM UTC 2025: SP1 local server active
Wed Nov  5 03:14:58 AM UTC 2025: SP1 local server active
Wed Nov  5 03:15:58 AM UTC 2025: SP1 local server active
Wed Nov  5 03:16:58 AM UTC 2025: SP1 local server active
Wed Nov  5 03:17:58 AM UTC 2025: SP1 local server active
Wed Nov  5 03:18:58 AM UTC 2025: SP1 local server active
Wed Nov  5 03:19:58 AM UTC 2025: SP1 local server active
Wed Nov  5 03:20:58 AM UTC 2025: SP1 local server active
Wed Nov  5 03:21:59 AM UTC 2025: SP1 local server active
Wed Nov  5 03:22:59 AM UTC 2025: SP1 local server active
Wed Nov  5 03:23:59 AM UTC 2025: SP1 local server active
Wed Nov  5 03:24:59 AM UTC 2025: SP1 local server active
Wed Nov  5 03:25:59 AM UTC 2025: SP1 local server active
Wed Nov  5 03:26:59 AM UTC 2025: SP1 local server active
Wed Nov  5 03:27:59 AM UTC 2025: SP1 local server active
Wed Nov  5 03:28:59 AM UTC 2025: SP1 local server active
Wed Nov  5 03:29:59 AM UTC 2025: SP1 local server active
Wed Nov  5 03:30:59 AM UTC 2025: SP1 local server active
Wed Nov  5 03:31:59 AM UTC 2025: SP1 local server active
Wed Nov  5 03:32:59 AM UTC 2025: SP1 local server active
Wed Nov  5 03:34:00 AM UTC 2025: SP1 local server active
Wed Nov  5 03:35:00 AM UTC 2025: SP1 local server active
Wed Nov  5 03:36:01 AM UTC 2025: SP1 local server active
Wed Nov  5 03:37:01 AM UTC 2025: SP1 local server active
Wed Nov  5 03:38:01 AM UTC 2025: SP1 local server active
Wed Nov  5 03:39:01 AM UTC 2025: SP1 local server active
Wed Nov  5 03:40:01 AM UTC 2025: SP1 local server active
Wed Nov  5 03:41:01 AM UTC 2025: SP1 local server active
Wed Nov  5 03:42:01 AM UTC 2025: SP1 local server active
Wed Nov  5 03:43:01 AM UTC 2025: SP1 local server active
Wed Nov  5 03:44:02 AM UTC 2025: SP1 local server active
Wed Nov  5 03:45:02 AM UTC 2025: SP1 local server active
Wed Nov  5 03:46:02 AM UTC 2025: SP1 local server active
Wed Nov  5 03:47:02 AM UTC 2025: SP1 local server active
Wed Nov  5 03:48:02 AM UTC 2025: SP1 local server active
Wed Nov  5 03:49:03 AM UTC 2025: SP1 local server active
Wed Nov  5 03:50:03 AM UTC 2025: SP1 local server active
Wed Nov  5 03:51:03 AM UTC 2025: SP1 local server active
Wed Nov  5 03:52:03 AM UTC 2025: SP1 local server active
Wed Nov  5 03:53:03 AM UTC 2025: SP1 local server active
Wed Nov  5 03:54:03 AM UTC 2025: SP1 local server active
Wed Nov  5 03:55:04 AM UTC 2025: SP1 local server active
Wed Nov  5 03:56:04 AM UTC 2025: SP1 local server active
Wed Nov  5 03:57:04 AM UTC 2025: SP1 local server active
Wed Nov  5 03:58:04 AM UTC 2025: SP1 local server active
Wed Nov  5 03:59:04 AM UTC 2025: SP1 local server active
Wed Nov  5 04:00:04 AM UTC 2025: SP1 local server active
Wed Nov  5 04:01:05 AM UTC 2025: SP1 local server active
Wed Nov  5 04:02:05 AM UTC 2025: SP1 local server active
Wed Nov  5 04:03:05 AM UTC 2025: SP1 local server active
Wed Nov  5 04:04:05 AM UTC 2025: SP1 local server active
Wed Nov  5 04:05:05 AM UTC 2025: SP1 local server active
Wed Nov  5 04:06:05 AM UTC 2025: SP1 local server active
Wed Nov  5 04:07:05 AM UTC 2025: SP1 local server active
Wed Nov  5 04:08:06 AM UTC 2025: SP1 local server active
Wed Nov  5 04:09:06 AM UTC 2025: SP1 local server active
Wed Nov  5 04:10:06 AM UTC 2025: SP1 local server active
Wed Nov  5 04:11:07 AM UTC 2025: SP1 local server active
Wed Nov  5 04:12:07 AM UTC 2025: SP1 local server active
Wed Nov  5 04:13:07 AM UTC 2025: SP1 local server active
Wed Nov  5 04:14:07 AM UTC 2025: SP1 local server active
Wed Nov  5 04:15:08 AM UTC 2025: SP1 local server active
Wed Nov  5 04:16:08 AM UTC 2025: SP1 local server active
Wed Nov  5 04:17:08 AM UTC 2025: SP1 local server active
Wed Nov  5 04:18:08 AM UTC 2025: SP1 local server active
Wed Nov  5 04:19:08 AM UTC 2025: SP1 local server active
Wed Nov  5 04:20:08 AM UTC 2025: SP1 local server active
Wed Nov  5 04:21:08 AM UTC 2025: SP1 local server active
Wed Nov  5 04:22:09 AM UTC 2025: SP1 local server active
Wed Nov  5 04:23:09 AM UTC 2025: SP1 local server active
Wed Nov  5 04:24:09 AM UTC 2025: SP1 local server active
Wed Nov  5 04:25:09 AM UTC 2025: SP1 local server active
Wed Nov  5 04:26:09 AM UTC 2025: SP1 local server active
Wed Nov  5 04:27:09 AM UTC 2025: SP1 local server active
Wed Nov  5 04:28:09 AM UTC 2025: SP1 local server active
Wed Nov  5 04:29:09 AM UTC 2025: SP1 local server active
Wed Nov  5 04:30:10 AM UTC 2025: SP1 local server active
Wed Nov  5 04:31:10 AM UTC 2025: SP1 local server active
Wed Nov  5 04:32:10 AM UTC 2025: SP1 local server active
Wed Nov  5 04:33:11 AM UTC 2025: SP1 local server active
Wed Nov  5 04:34:11 AM UTC 2025: SP1 local server active
Wed Nov  5 04:35:11 AM UTC 2025: SP1 local server active
Wed Nov  5 04:36:11 AM UTC 2025: SP1 local server active
Wed Nov  5 04:37:11 AM UTC 2025: SP1 local server active
Wed Nov  5 04:38:11 AM UTC 2025: SP1 local server active
Wed Nov  5 04:39:11 AM UTC 2025: SP1 local server active
Wed Nov  5 04:40:11 AM UTC 2025: SP1 local server active
Wed Nov  5 04:41:11 AM UTC 2025: SP1 local server active
Wed Nov  5 04:42:11 AM UTC 2025: SP1 local server active
Wed Nov  5 04:43:11 AM UTC 2025: SP1 local server active
Wed Nov  5 04:44:11 AM UTC 2025: SP1 local server active
Wed Nov  5 04:45:11 AM UTC 2025: SP1 local server active
Wed Nov  5 04:46:11 AM UTC 2025: SP1 local server active
Wed Nov  5 04:47:12 AM UTC 2025: SP1 local server active
Wed Nov  5 04:48:12 AM UTC 2025: SP1 local server active
Wed Nov  5 04:49:12 AM UTC 2025: SP1 local server active
Wed Nov  5 04:50:12 AM UTC 2025: SP1 local server active
Wed Nov  5 04:51:12 AM UTC 2025: SP1 local server active
Wed Nov  5 04:52:12 AM UTC 2025: SP1 local server active
Wed Nov  5 04:53:12 AM UTC 2025: SP1 local server active
Wed Nov  5 04:54:12 AM UTC 2025: SP1 local server active
Wed Nov  5 04:55:12 AM UTC 2025: SP1 local server active
Wed Nov  5 04:56:12 AM UTC 2025: SP1 local server active
Wed Nov  5 04:57:13 AM UTC 2025: SP1 local server active
Wed Nov  5 04:58:13 AM UTC 2025: SP1 local server active
Wed Nov  5 04:59:13 AM UTC 2025: SP1 local server active
Wed Nov  5 05:00:13 AM UTC 2025: SP1 local server active
Wed Nov  5 05:01:13 AM UTC 2025: SP1 local server active
Wed Nov  5 05:02:13 AM UTC 2025: SP1 local server active
Wed Nov  5 05:03:13 AM UTC 2025: SP1 local server active
Wed Nov  5 05:04:14 AM UTC 2025: SP1 local server active
Wed Nov  5 05:05:14 AM UTC 2025: SP1 local server active
Wed Nov  5 05:06:14 AM UTC 2025: SP1 local server active
Wed Nov  5 05:07:14 AM UTC 2025: SP1 local server active
Wed Nov  5 05:08:15 AM UTC 2025: SP1 local server active
Wed Nov  5 05:09:15 AM UTC 2025: SP1 local server active
Wed Nov  5 05:10:16 AM UTC 2025: SP1 local server active
Wed Nov  5 05:11:16 AM UTC 2025: SP1 local server active
Wed Nov  5 05:12:16 AM UTC 2025: SP1 local server active
Wed Nov  5 05:13:16 AM UTC 2025: SP1 local server active
Wed Nov  5 05:14:16 AM UTC 2025: SP1 local server active
Wed Nov  5 05:15:16 AM UTC 2025: SP1 local server active
Wed Nov  5 05:16:16 AM UTC 2025: SP1 local server active
Wed Nov  5 05:17:16 AM UTC 2025: SP1 local server active
Wed Nov  5 05:18:16 AM UTC 2025: SP1 local server active
Wed Nov  5 05:19:16 AM UTC 2025: SP1 local server active
Wed Nov  5 05:20:16 AM UTC 2025: SP1 local server active
Wed Nov  5 05:21:16 AM UTC 2025: SP1 local server active
Wed Nov  5 05:22:17 AM UTC 2025: SP1 local server active
Wed Nov  5 05:23:17 AM UTC 2025: SP1 local server active
Wed Nov  5 05:24:17 AM UTC 2025: SP1 local server active
Wed Nov  5 05:25:17 AM UTC 2025: SP1 local server active
Wed Nov  5 05:26:17 AM UTC 2025: SP1 local server active
Wed Nov  5 05:27:18 AM UTC 2025: SP1 local server active
Wed Nov  5 05:28:18 AM UTC 2025: SP1 local server active
Wed Nov  5 05:29:18 AM UTC 2025: SP1 local server active
Wed Nov  5 05:30:18 AM UTC 2025: SP1 local server active
Wed Nov  5 05:31:18 AM UTC 2025: SP1 local server active
Wed Nov  5 05:32:18 AM UTC 2025: SP1 local server active
Wed Nov  5 05:33:19 AM UTC 2025: SP1 local server active
Wed Nov  5 05:34:19 AM UTC 2025: SP1 local server active
Wed Nov  5 05:35:19 AM UTC 2025: SP1 local server active
Wed Nov  5 05:36:19 AM UTC 2025: SP1 local server active
Wed Nov  5 05:37:19 AM UTC 2025: SP1 local server active
Wed Nov  5 05:38:19 AM UTC 2025: SP1 local server active
Wed Nov  5 05:39:19 AM UTC 2025: SP1 local server active
Wed Nov  5 05:40:19 AM UTC 2025: SP1 local server active
Wed Nov  5 05:41:19 AM UTC 2025: SP1 local server active
Wed Nov  5 05:42:19 AM UTC 2025: SP1 local server active
Wed Nov  5 05:43:19 AM UTC 2025: SP1 local server active
Wed Nov  5 05:44:19 AM UTC 2025: SP1 local server active
Wed Nov  5 05:45:19 AM UTC 2025: SP1 local server active
Wed Nov  5 05:46:19 AM UTC 2025: SP1 local server active
Wed Nov  5 05:47:19 AM UTC 2025: SP1 local server active
Wed Nov  5 05:48:19 AM UTC 2025: SP1 local server active
Wed Nov  5 05:49:20 AM UTC 2025: SP1 local server active
Wed Nov  5 05:50:20 AM UTC 2025: SP1 local server active
Wed Nov  5 05:51:20 AM UTC 2025: SP1 local server active
Wed Nov  5 05:52:20 AM UTC 2025: SP1 local server active
Wed Nov  5 05:53:20 AM UTC 2025: SP1 local server active
Wed Nov  5 05:54:20 AM UTC 2025: SP1 local server active
Wed Nov  5 05:55:21 AM UTC 2025: SP1 local server active
Wed Nov  5 05:56:21 AM UTC 2025: SP1 local server active
Wed Nov  5 05:57:22 AM UTC 2025: SP1 local server active
Wed Nov  5 05:58:22 AM UTC 2025: SP1 local server active
Wed Nov  5 05:59:23 AM UTC 2025: SP1 local server active
Wed Nov  5 06:00:23 AM UTC 2025: SP1 local server active
Wed Nov  5 06:01:23 AM UTC 2025: SP1 local server active
Wed Nov  5 06:02:23 AM UTC 2025: SP1 local server active
Wed Nov  5 06:03:23 AM UTC 2025: SP1 local server active
Wed Nov  5 06:04:23 AM UTC 2025: SP1 local server active
Wed Nov  5 06:05:23 AM UTC 2025: SP1 local server active
Wed Nov  5 06:06:23 AM UTC 2025: SP1 local server active
Wed Nov  5 06:07:23 AM UTC 2025: SP1 local server active
Wed Nov  5 06:08:23 AM UTC 2025: SP1 local server active
Wed Nov  5 06:09:23 AM UTC 2025: SP1 local server active
Wed Nov  5 06:10:23 AM UTC 2025: SP1 local server active
Wed Nov  5 06:11:24 AM UTC 2025: SP1 local server active
Wed Nov  5 06:12:24 AM UTC 2025: SP1 local server active
Wed Nov  5 06:13:24 AM UTC 2025: SP1 local server active
Wed Nov  5 06:14:24 AM UTC 2025: SP1 local server active
Wed Nov  5 06:15:24 AM UTC 2025: SP1 local server active
Wed Nov  5 06:16:24 AM UTC 2025: SP1 local server active
Wed Nov  5 06:17:24 AM UTC 2025: SP1 local server active
Wed Nov  5 06:18:24 AM UTC 2025: SP1 local server active
Wed Nov  5 06:19:24 AM UTC 2025: SP1 local server active
Wed Nov  5 06:20:24 AM UTC 2025: SP1 local server active
Wed Nov  5 06:21:25 AM UTC 2025: SP1 local server active
Wed Nov  5 06:22:25 AM UTC 2025: SP1 local server active
Wed Nov  5 06:23:25 AM UTC 2025: SP1 local server active
Wed Nov  5 06:24:25 AM UTC 2025: SP1 local server active
Wed Nov  5 06:25:25 AM UTC 2025: SP1 local server active
Wed Nov  5 06:26:25 AM UTC 2025: SP1 local server active
Wed Nov  5 06:27:26 AM UTC 2025: SP1 local server active
Wed Nov  5 06:28:26 AM UTC 2025: SP1 local server active
Wed Nov  5 06:29:26 AM UTC 2025: SP1 local server active
Wed Nov  5 06:30:26 AM UTC 2025: SP1 local server active
Wed Nov  5 06:31:26 AM UTC 2025: SP1 local server active
Wed Nov  5 06:32:27 AM UTC 2025: SP1 local server active
Wed Nov  5 06:33:27 AM UTC 2025: SP1 local server active
Wed Nov  5 06:34:27 AM UTC 2025: SP1 local server active
Wed Nov  5 06:35:27 AM UTC 2025: SP1 local server active
Wed Nov  5 06:36:27 AM UTC 2025: SP1 local server active
Wed Nov  5 06:37:27 AM UTC 2025: SP1 local server active
Wed Nov  5 06:38:27 AM UTC 2025: SP1 local server active
Wed Nov  5 06:39:28 AM UTC 2025: SP1 local server active
Wed Nov  5 06:40:28 AM UTC 2025: SP1 local server active
Wed Nov  5 06:41:28 AM UTC 2025: SP1 local server active
Wed Nov  5 06:42:28 AM UTC 2025: SP1 local server active
Wed Nov  5 06:43:28 AM UTC 2025: SP1 local server active
Wed Nov  5 06:44:28 AM UTC 2025: SP1 local server active
Wed Nov  5 06:45:28 AM UTC 2025: SP1 local server active
Wed Nov  5 06:46:29 AM UTC 2025: SP1 local server active
Wed Nov  5 06:47:29 AM UTC 2025: SP1 local server active
Wed Nov  5 06:48:29 AM UTC 2025: SP1 local server active
Wed Nov  5 06:49:29 AM UTC 2025: SP1 local server active
Wed Nov  5 06:50:29 AM UTC 2025: SP1 local server active
Wed Nov  5 06:51:29 AM UTC 2025: SP1 local server active
Wed Nov  5 06:52:29 AM UTC 2025: SP1 local server active
Wed Nov  5 06:53:29 AM UTC 2025: SP1 local server active
Wed Nov  5 06:54:30 AM UTC 2025: SP1 local server active
Wed Nov  5 06:55:30 AM UTC 2025: SP1 local server active
Wed Nov  5 06:56:30 AM UTC 2025: SP1 local server active
Wed Nov  5 06:57:30 AM UTC 2025: SP1 local server active
Wed Nov  5 06:58:30 AM UTC 2025: SP1 local server active
Wed Nov  5 06:59:30 AM UTC 2025: SP1 local server active
Wed Nov  5 07:00:30 AM UTC 2025: SP1 local server active
Wed Nov  5 07:01:31 AM UTC 2025: SP1 local server active
Wed Nov  5 07:02:31 AM UTC 2025: SP1 local server active
Wed Nov  5 07:03:31 AM UTC 2025: SP1 local server active
Wed Nov  5 07:04:31 AM UTC 2025: SP1 local server active
Wed Nov  5 07:05:32 AM UTC 2025: SP1 local server active
Wed Nov  5 07:06:32 AM UTC 2025: SP1 local server active
Wed Nov  5 07:07:32 AM UTC 2025: SP1 local server active
Wed Nov  5 07:08:32 AM UTC 2025: SP1 local server active
Wed Nov  5 07:09:32 AM UTC 2025: SP1 local server active
Wed Nov  5 07:10:32 AM UTC 2025: SP1 local server active
Wed Nov  5 07:11:32 AM UTC 2025: SP1 local server active
Wed Nov  5 07:12:33 AM UTC 2025: SP1 local server active
Wed Nov  5 07:13:33 AM UTC 2025: SP1 local server active
Wed Nov  5 07:14:33 AM UTC 2025: SP1 local server active
Wed Nov  5 07:15:33 AM UTC 2025: SP1 local server active
Wed Nov  5 07:16:33 AM UTC 2025: SP1 local server active
Wed Nov  5 07:17:34 AM UTC 2025: SP1 local server active
Wed Nov  5 07:18:34 AM UTC 2025: SP1 local server active
Wed Nov  5 07:19:34 AM UTC 2025: SP1 local server active
Wed Nov  5 07:20:35 AM UTC 2025: SP1 local server active
Wed Nov  5 07:21:35 AM UTC 2025: SP1 local server active
Wed Nov  5 07:22:35 AM UTC 2025: SP1 local server active
Wed Nov  5 07:23:36 AM UTC 2025: SP1 local server active
Wed Nov  5 07:24:36 AM UTC 2025: SP1 local server active
Wed Nov  5 07:25:36 AM UTC 2025: SP1 local server active
Wed Nov  5 07:26:36 AM UTC 2025: SP1 local server active
Wed Nov  5 07:27:36 AM UTC 2025: SP1 local server active
Wed Nov  5 07:28:36 AM UTC 2025: SP1 local server active
Wed Nov  5 07:29:37 AM UTC 2025: SP1 local server active
Wed Nov  5 07:30:37 AM UTC 2025: SP1 local server active
Wed Nov  5 07:31:37 AM UTC 2025: SP1 local server active
Wed Nov  5 07:32:37 AM UTC 2025: SP1 local server active
Wed Nov  5 07:33:37 AM UTC 2025: SP1 local server active
Wed Nov  5 07:34:37 AM UTC 2025: SP1 local server active
Wed Nov  5 07:35:37 AM UTC 2025: SP1 local server active
Wed Nov  5 07:36:38 AM UTC 2025: SP1 local server active
Wed Nov  5 07:37:38 AM UTC 2025: SP1 local server active
Wed Nov  5 07:38:38 AM UTC 2025: SP1 local server active
Wed Nov  5 07:39:38 AM UTC 2025: SP1 local server active
Wed Nov  5 07:40:38 AM UTC 2025: SP1 local server active
Wed Nov  5 07:41:38 AM UTC 2025: SP1 local server active
Wed Nov  5 07:42:38 AM UTC 2025: SP1 local server active
Wed Nov  5 07:43:38 AM UTC 2025: SP1 local server active
Wed Nov  5 07:44:38 AM UTC 2025: SP1 local server active
Wed Nov  5 07:45:38 AM UTC 2025: SP1 local server active
Wed Nov  5 07:46:38 AM UTC 2025: SP1 local server active
Wed Nov  5 07:47:38 AM UTC 2025: SP1 local server active
Wed Nov  5 07:48:38 AM UTC 2025: SP1 local server active
Wed Nov  5 07:49:38 AM UTC 2025: SP1 local server active
Wed Nov  5 07:50:38 AM UTC 2025: SP1 local server active
Wed Nov  5 07:51:38 AM UTC 2025: SP1 local server active
Wed Nov  5 07:52:38 AM UTC 2025: SP1 local server active
Wed Nov  5 07:53:39 AM UTC 2025: SP1 local server active
Wed Nov  5 07:54:39 AM UTC 2025: SP1 local server active
Wed Nov  5 07:55:39 AM UTC 2025: SP1 local server active
Wed Nov  5 07:56:39 AM UTC 2025: SP1 local server active
Wed Nov  5 07:57:40 AM UTC 2025: SP1 local server active
Wed Nov  5 07:58:40 AM UTC 2025: SP1 local server active
Wed Nov  5 07:59:40 AM UTC 2025: SP1 local server active
Wed Nov  5 08:00:40 AM UTC 2025: SP1 local server active
Wed Nov  5 08:01:40 AM UTC 2025: SP1 local server active
Wed Nov  5 08:02:40 AM UTC 2025: SP1 local server active
Wed Nov  5 08:03:40 AM UTC 2025: SP1 local server active
Wed Nov  5 08:04:41 AM UTC 2025: SP1 local server active
Wed Nov  5 08:05:41 AM UTC 2025: SP1 local server active
Wed Nov  5 08:06:41 AM UTC 2025: SP1 local server active
Wed Nov  5 08:07:41 AM UTC 2025: SP1 local server active
Wed Nov  5 08:08:41 AM UTC 2025: SP1 local server active
Wed Nov  5 08:09:41 AM UTC 2025: SP1 local server active
Wed Nov  5 08:10:41 AM UTC 2025: SP1 local server active
Wed Nov  5 08:11:41 AM UTC 2025: SP1 local server active
Wed Nov  5 08:12:41 AM UTC 2025: SP1 local server active
Wed Nov  5 08:13:41 AM UTC 2025: SP1 local server active
Wed Nov  5 08:14:42 AM UTC 2025: SP1 local server active
Wed Nov  5 08:15:42 AM UTC 2025: SP1 local server active
Wed Nov  5 08:16:43 AM UTC 2025: SP1 local server active
Wed Nov  5 08:17:43 AM UTC 2025: SP1 local server active
Wed Nov  5 08:18:43 AM UTC 2025: SP1 local server active
Wed Nov  5 08:19:43 AM UTC 2025: SP1 local server active
Wed Nov  5 08:20:43 AM UTC 2025: SP1 local server active
Wed Nov  5 08:21:44 AM UTC 2025: SP1 local server active
Wed Nov  5 08:22:44 AM UTC 2025: SP1 local server active
Wed Nov  5 08:23:44 AM UTC 2025: SP1 local server active
Wed Nov  5 08:24:44 AM UTC 2025: SP1 local server active
Wed Nov  5 08:25:44 AM UTC 2025: SP1 local server active
Wed Nov  5 08:26:44 AM UTC 2025: SP1 local server active
Wed Nov  5 08:27:44 AM UTC 2025: SP1 local server active
Wed Nov  5 08:28:44 AM UTC 2025: SP1 local server active
Wed Nov  5 08:29:44 AM UTC 2025: SP1 local server active
Wed Nov  5 08:30:44 AM UTC 2025: SP1 local server active
Wed Nov  5 08:31:44 AM UTC 2025: SP1 local server active
Wed Nov  5 08:32:44 AM UTC 2025: SP1 local server active
Wed Nov  5 08:33:44 AM UTC 2025: SP1 local server active
Wed Nov  5 08:34:44 AM UTC 2025: SP1 local server active
Wed Nov  5 08:35:44 AM UTC 2025: SP1 local server active
Wed Nov  5 08:36:44 AM UTC 2025: SP1 local server active
Wed Nov  5 08:37:44 AM UTC 2025: SP1 local server active
Wed Nov  5 08:38:44 AM UTC 2025: SP1 local server active
Wed Nov  5 08:39:44 AM UTC 2025: SP1 local server active
Wed Nov  5 08:40:44 AM UTC 2025: SP1 local server active
Wed Nov  5 08:41:44 AM UTC 2025: SP1 local server active
Wed Nov  5 08:42:44 AM UTC 2025: SP1 local server active
Wed Nov  5 08:43:44 AM UTC 2025: SP1 local server active
Wed Nov  5 08:44:44 AM UTC 2025: SP1 local server active
Wed Nov  5 08:45:44 AM UTC 2025: SP1 local server active
Wed Nov  5 08:46:44 AM UTC 2025: SP1 local server active
Wed Nov  5 08:47:44 AM UTC 2025: SP1 local server active
Wed Nov  5 08:48:44 AM UTC 2025: SP1 local server active
Wed Nov  5 08:49:44 AM UTC 2025: SP1 local server active
Wed Nov  5 08:50:44 AM UTC 2025: SP1 local server active
Wed Nov  5 08:51:44 AM UTC 2025: SP1 local server active
Wed Nov  5 08:52:44 AM UTC 2025: SP1 local server active
Wed Nov  5 08:53:44 AM UTC 2025: SP1 local server active
Wed Nov  5 08:54:44 AM UTC 2025: SP1 local server active
Wed Nov  5 08:55:44 AM UTC 2025: SP1 local server active
Wed Nov  5 08:56:44 AM UTC 2025: SP1 local server active
Wed Nov  5 08:57:45 AM UTC 2025: SP1 local server active
Wed Nov  5 08:58:45 AM UTC 2025: SP1 local server active
Wed Nov  5 08:59:45 AM UTC 2025: SP1 local server active
Wed Nov  5 09:00:45 AM UTC 2025: SP1 local server active
Wed Nov  5 09:01:45 AM UTC 2025: SP1 local server active
Wed Nov  5 09:02:45 AM UTC 2025: SP1 local server active
Wed Nov  5 09:03:45 AM UTC 2025: SP1 local server active
Wed Nov  5 09:04:45 AM UTC 2025: SP1 local server active
Wed Nov  5 09:05:45 AM UTC 2025: SP1 local server active
Wed Nov  5 09:06:45 AM UTC 2025: SP1 local server active
Wed Nov  5 09:07:45 AM UTC 2025: SP1 local server active
Wed Nov  5 09:08:45 AM UTC 2025: SP1 local server active
Wed Nov  5 09:09:45 AM UTC 2025: SP1 local server active
Wed Nov  5 09:10:45 AM UTC 2025: SP1 local server active
Wed Nov  5 09:11:45 AM UTC 2025: SP1 local server active
Wed Nov  5 09:12:45 AM UTC 2025: SP1 local server active
Wed Nov  5 09:13:45 AM UTC 2025: SP1 local server active
Wed Nov  5 09:14:45 AM UTC 2025: SP1 local server active
Wed Nov  5 09:15:45 AM UTC 2025: SP1 local server active
Wed Nov  5 09:16:45 AM UTC 2025: SP1 local server active
Wed Nov  5 09:17:45 AM UTC 2025: SP1 local server active
Wed Nov  5 09:18:45 AM UTC 2025: SP1 local server active
Wed Nov  5 09:19:45 AM UTC 2025: SP1 local server active
Wed Nov  5 09:20:45 AM UTC 2025: SP1 local server active
Wed Nov  5 09:21:45 AM UTC 2025: SP1 local server active
Wed Nov  5 09:22:45 AM UTC 2025: SP1 local server active
Wed Nov  5 09:23:45 AM UTC 2025: SP1 local server active
Wed Nov  5 09:24:45 AM UTC 2025: SP1 local server active
Wed Nov  5 09:25:45 AM UTC 2025: SP1 local server active
Wed Nov  5 09:26:45 AM UTC 2025: SP1 local server active
Wed Nov  5 09:27:45 AM UTC 2025: SP1 local server active
Wed Nov  5 09:28:45 AM UTC 2025: SP1 local server active
Wed Nov  5 09:29:45 AM UTC 2025: SP1 local server active
Wed Nov  5 09:30:45 AM UTC 2025: SP1 local server active
Wed Nov  5 09:31:45 AM UTC 2025: SP1 local server active
Wed Nov  5 09:32:45 AM UTC 2025: SP1 local server active
Wed Nov  5 09:33:45 AM UTC 2025: SP1 local server active
Wed Nov  5 09:34:45 AM UTC 2025: SP1 local server active
Wed Nov  5 09:35:45 AM UTC 2025: SP1 local server active
Wed Nov  5 09:36:45 AM UTC 2025: SP1 local server active
Wed Nov  5 09:37:45 AM UTC 2025: SP1 local server active
Wed Nov  5 09:38:45 AM UTC 2025: SP1 local server active
Wed Nov  5 09:39:45 AM UTC 2025: SP1 local server active
Wed Nov  5 09:40:45 AM UTC 2025: SP1 local server active
Wed Nov  5 09:41:45 AM UTC 2025: SP1 local server active
Wed Nov  5 09:42:45 AM UTC 2025: SP1 local server active
Wed Nov  5 09:43:45 AM UTC 2025: SP1 local server active
Wed Nov  5 09:44:45 AM UTC 2025: SP1 local server active
Wed Nov  5 09:45:45 AM UTC 2025: SP1 local server active
Wed Nov  5 09:46:45 AM UTC 2025: SP1 local server active
