=== SP1 LOCAL SERVER STARTING ===
SP1 Environment:
  SP1_PROVER=cpu
  SP1_CIRCUITS_DIR=/home/ubuntu/thanhhuyen/sp1/target/release
  SP1_CARGO_PROVE_PATH=/home/ubuntu/.cargo/bin/cargo-prove

=== TESTING SP1 LOCAL ===
Testing cargo-prove...
✅ SP1 cargo-prove working

=== SP1 LOCAL SERVER READY ===
Endpoint: local://sp1/cpu
Mode: CPU proving
Status: Active
Note: SP1 proving will use system cargo-prove
Thu Oct 23 05:48:44 PM UTC 2025: SP1 local server active
Thu Oct 23 05:49:44 PM UTC 2025: SP1 local server active
Thu Oct 23 05:50:44 PM UTC 2025: SP1 local server active
Thu Oct 23 05:51:44 PM UTC 2025: SP1 local server active
Thu Oct 23 05:52:44 PM UTC 2025: SP1 local server active
Thu Oct 23 05:53:44 PM UTC 2025: SP1 local server active
Thu Oct 23 05:54:44 PM UTC 2025: SP1 local server active
Thu Oct 23 05:55:48 PM UTC 2025: SP1 local server active
Thu Oct 23 05:56:50 PM UTC 2025: SP1 local server active
Thu Oct 23 05:57:50 PM UTC 2025: SP1 local server active
Thu Oct 23 05:58:50 PM UTC 2025: SP1 local server active
Thu Oct 23 05:59:50 PM UTC 2025: SP1 local server active
Thu Oct 23 06:00:50 PM UTC 2025: SP1 local server active
Thu Oct 23 06:01:50 PM UTC 2025: SP1 local server active
Thu Oct 23 06:02:50 PM UTC 2025: SP1 local server active
Thu Oct 23 06:03:50 PM UTC 2025: SP1 local server active
Thu Oct 23 06:04:50 PM UTC 2025: SP1 local server active
Thu Oct 23 06:05:50 PM UTC 2025: SP1 local server active
Thu Oct 23 06:06:50 PM UTC 2025: SP1 local server active
Thu Oct 23 06:07:50 PM UTC 2025: SP1 local server active
Thu Oct 23 06:08:50 PM UTC 2025: SP1 local server active
Thu Oct 23 06:09:50 PM UTC 2025: SP1 local server active
Thu Oct 23 06:10:50 PM UTC 2025: SP1 local server active
Thu Oct 23 06:11:50 PM UTC 2025: SP1 local server active
Thu Oct 23 06:12:50 PM UTC 2025: SP1 local server active
Thu Oct 23 06:13:50 PM UTC 2025: SP1 local server active
Thu Oct 23 06:14:50 PM UTC 2025: SP1 local server active
Thu Oct 23 06:15:50 PM UTC 2025: SP1 local server active
Thu Oct 23 06:16:50 PM UTC 2025: SP1 local server active
Thu Oct 23 06:17:50 PM UTC 2025: SP1 local server active
Thu Oct 23 06:18:50 PM UTC 2025: SP1 local server active
Thu Oct 23 06:19:50 PM UTC 2025: SP1 local server active
Thu Oct 23 06:20:50 PM UTC 2025: SP1 local server active
Thu Oct 23 06:21:50 PM UTC 2025: SP1 local server active
Thu Oct 23 06:22:50 PM UTC 2025: SP1 local server active
Thu Oct 23 06:23:50 PM UTC 2025: SP1 local server active
Thu Oct 23 06:24:50 PM UTC 2025: SP1 local server active
Thu Oct 23 06:25:50 PM UTC 2025: SP1 local server active
Thu Oct 23 06:26:50 PM UTC 2025: SP1 local server active
Thu Oct 23 06:27:50 PM UTC 2025: SP1 local server active
Thu Oct 23 06:28:50 PM UTC 2025: SP1 local server active
Thu Oct 23 06:29:50 PM UTC 2025: SP1 local server active
Thu Oct 23 06:30:50 PM UTC 2025: SP1 local server active
Thu Oct 23 06:31:50 PM UTC 2025: SP1 local server active
Thu Oct 23 06:32:50 PM UTC 2025: SP1 local server active
Thu Oct 23 06:33:50 PM UTC 2025: SP1 local server active
Thu Oct 23 06:34:50 PM UTC 2025: SP1 local server active
Thu Oct 23 06:35:50 PM UTC 2025: SP1 local server active
Thu Oct 23 06:36:50 PM UTC 2025: SP1 local server active
Thu Oct 23 06:37:50 PM UTC 2025: SP1 local server active
Thu Oct 23 06:38:50 PM UTC 2025: SP1 local server active
Thu Oct 23 06:39:50 PM UTC 2025: SP1 local server active
Thu Oct 23 06:40:50 PM UTC 2025: SP1 local server active
Thu Oct 23 06:41:50 PM UTC 2025: SP1 local server active
Thu Oct 23 06:42:50 PM UTC 2025: SP1 local server active
Thu Oct 23 06:43:50 PM UTC 2025: SP1 local server active
Thu Oct 23 06:44:50 PM UTC 2025: SP1 local server active
Thu Oct 23 06:45:50 PM UTC 2025: SP1 local server active
Thu Oct 23 06:46:50 PM UTC 2025: SP1 local server active
Thu Oct 23 06:47:50 PM UTC 2025: SP1 local server active
Thu Oct 23 06:48:50 PM UTC 2025: SP1 local server active
Thu Oct 23 06:49:50 PM UTC 2025: SP1 local server active
Thu Oct 23 06:50:50 PM UTC 2025: SP1 local server active
Thu Oct 23 06:51:50 PM UTC 2025: SP1 local server active
Thu Oct 23 06:52:50 PM UTC 2025: SP1 local server active
Thu Oct 23 06:53:50 PM UTC 2025: SP1 local server active
Thu Oct 23 06:54:50 PM UTC 2025: SP1 local server active
Thu Oct 23 06:55:50 PM UTC 2025: SP1 local server active
Thu Oct 23 06:56:50 PM UTC 2025: SP1 local server active
Thu Oct 23 06:57:50 PM UTC 2025: SP1 local server active
Thu Oct 23 06:58:50 PM UTC 2025: SP1 local server active
Thu Oct 23 06:59:50 PM UTC 2025: SP1 local server active
Thu Oct 23 07:00:50 PM UTC 2025: SP1 local server active
Thu Oct 23 07:01:50 PM UTC 2025: SP1 local server active
Thu Oct 23 07:02:50 PM UTC 2025: SP1 local server active
Thu Oct 23 07:03:50 PM UTC 2025: SP1 local server active
Thu Oct 23 07:04:50 PM UTC 2025: SP1 local server active
Thu Oct 23 07:05:50 PM UTC 2025: SP1 local server active
Thu Oct 23 07:06:50 PM UTC 2025: SP1 local server active
Thu Oct 23 07:07:50 PM UTC 2025: SP1 local server active
Thu Oct 23 07:08:50 PM UTC 2025: SP1 local server active
Thu Oct 23 07:09:50 PM UTC 2025: SP1 local server active
Thu Oct 23 07:10:50 PM UTC 2025: SP1 local server active
Thu Oct 23 07:11:50 PM UTC 2025: SP1 local server active
Thu Oct 23 07:12:50 PM UTC 2025: SP1 local server active
Thu Oct 23 07:13:50 PM UTC 2025: SP1 local server active
Thu Oct 23 07:14:50 PM UTC 2025: SP1 local server active
Thu Oct 23 07:15:50 PM UTC 2025: SP1 local server active
Thu Oct 23 07:16:50 PM UTC 2025: SP1 local server active
Thu Oct 23 07:17:50 PM UTC 2025: SP1 local server active
Thu Oct 23 07:18:50 PM UTC 2025: SP1 local server active
Thu Oct 23 07:19:51 PM UTC 2025: SP1 local server active
Thu Oct 23 07:20:51 PM UTC 2025: SP1 local server active
Thu Oct 23 07:21:51 PM UTC 2025: SP1 local server active
Thu Oct 23 07:22:51 PM UTC 2025: SP1 local server active
Thu Oct 23 07:23:51 PM UTC 2025: SP1 local server active
Thu Oct 23 07:24:51 PM UTC 2025: SP1 local server active
Thu Oct 23 07:25:51 PM UTC 2025: SP1 local server active
Thu Oct 23 07:26:51 PM UTC 2025: SP1 local server active
Thu Oct 23 07:27:51 PM UTC 2025: SP1 local server active
Thu Oct 23 07:28:51 PM UTC 2025: SP1 local server active
Thu Oct 23 07:29:51 PM UTC 2025: SP1 local server active
Thu Oct 23 07:30:51 PM UTC 2025: SP1 local server active
Thu Oct 23 07:31:51 PM UTC 2025: SP1 local server active
Thu Oct 23 07:32:51 PM UTC 2025: SP1 local server active
Thu Oct 23 07:33:51 PM UTC 2025: SP1 local server active
Thu Oct 23 07:34:51 PM UTC 2025: SP1 local server active
Thu Oct 23 07:35:51 PM UTC 2025: SP1 local server active
Thu Oct 23 07:36:51 PM UTC 2025: SP1 local server active
Thu Oct 23 07:37:51 PM UTC 2025: SP1 local server active
Thu Oct 23 07:38:51 PM UTC 2025: SP1 local server active
Thu Oct 23 07:39:51 PM UTC 2025: SP1 local server active
Thu Oct 23 07:40:51 PM UTC 2025: SP1 local server active
Thu Oct 23 07:41:51 PM UTC 2025: SP1 local server active
Thu Oct 23 07:42:51 PM UTC 2025: SP1 local server active
Thu Oct 23 07:43:51 PM UTC 2025: SP1 local server active
Thu Oct 23 07:44:51 PM UTC 2025: SP1 local server active
Thu Oct 23 07:45:51 PM UTC 2025: SP1 local server active
Thu Oct 23 07:46:51 PM UTC 2025: SP1 local server active
Thu Oct 23 07:47:51 PM UTC 2025: SP1 local server active
Thu Oct 23 07:48:51 PM UTC 2025: SP1 local server active
Thu Oct 23 07:49:51 PM UTC 2025: SP1 local server active
Thu Oct 23 07:50:51 PM UTC 2025: SP1 local server active
Thu Oct 23 07:51:51 PM UTC 2025: SP1 local server active
Thu Oct 23 07:52:51 PM UTC 2025: SP1 local server active
Thu Oct 23 07:53:51 PM UTC 2025: SP1 local server active
Thu Oct 23 07:54:51 PM UTC 2025: SP1 local server active
Thu Oct 23 07:55:51 PM UTC 2025: SP1 local server active
Thu Oct 23 07:56:51 PM UTC 2025: SP1 local server active
Thu Oct 23 07:57:51 PM UTC 2025: SP1 local server active
Thu Oct 23 07:58:51 PM UTC 2025: SP1 local server active
Thu Oct 23 07:59:51 PM UTC 2025: SP1 local server active
Thu Oct 23 08:00:51 PM UTC 2025: SP1 local server active
Thu Oct 23 08:01:51 PM UTC 2025: SP1 local server active
Thu Oct 23 08:02:51 PM UTC 2025: SP1 local server active
Thu Oct 23 08:03:51 PM UTC 2025: SP1 local server active
Thu Oct 23 08:04:51 PM UTC 2025: SP1 local server active
Thu Oct 23 08:05:51 PM UTC 2025: SP1 local server active
Thu Oct 23 08:06:51 PM UTC 2025: SP1 local server active
Thu Oct 23 08:07:51 PM UTC 2025: SP1 local server active
Thu Oct 23 08:08:51 PM UTC 2025: SP1 local server active
Thu Oct 23 08:09:51 PM UTC 2025: SP1 local server active
Thu Oct 23 08:10:51 PM UTC 2025: SP1 local server active
Thu Oct 23 08:11:51 PM UTC 2025: SP1 local server active
Thu Oct 23 08:12:51 PM UTC 2025: SP1 local server active
Thu Oct 23 08:13:51 PM UTC 2025: SP1 local server active
Thu Oct 23 08:14:51 PM UTC 2025: SP1 local server active
Thu Oct 23 08:15:51 PM UTC 2025: SP1 local server active
Thu Oct 23 08:16:51 PM UTC 2025: SP1 local server active
Thu Oct 23 08:17:51 PM UTC 2025: SP1 local server active
Thu Oct 23 08:18:51 PM UTC 2025: SP1 local server active
Thu Oct 23 08:19:51 PM UTC 2025: SP1 local server active
Thu Oct 23 08:20:51 PM UTC 2025: SP1 local server active
Thu Oct 23 08:21:51 PM UTC 2025: SP1 local server active
Thu Oct 23 08:22:51 PM UTC 2025: SP1 local server active
Thu Oct 23 08:23:51 PM UTC 2025: SP1 local server active
Thu Oct 23 08:24:51 PM UTC 2025: SP1 local server active
Thu Oct 23 08:25:51 PM UTC 2025: SP1 local server active
Thu Oct 23 08:26:51 PM UTC 2025: SP1 local server active
Thu Oct 23 08:27:51 PM UTC 2025: SP1 local server active
Thu Oct 23 08:28:51 PM UTC 2025: SP1 local server active
Thu Oct 23 08:29:51 PM UTC 2025: SP1 local server active
Thu Oct 23 08:30:51 PM UTC 2025: SP1 local server active
Thu Oct 23 08:31:51 PM UTC 2025: SP1 local server active
Thu Oct 23 08:32:51 PM UTC 2025: SP1 local server active
Thu Oct 23 08:33:51 PM UTC 2025: SP1 local server active
Thu Oct 23 08:34:51 PM UTC 2025: SP1 local server active
Thu Oct 23 08:35:51 PM UTC 2025: SP1 local server active
Thu Oct 23 08:36:51 PM UTC 2025: SP1 local server active
Thu Oct 23 08:37:51 PM UTC 2025: SP1 local server active
Thu Oct 23 08:38:51 PM UTC 2025: SP1 local server active
Thu Oct 23 08:39:51 PM UTC 2025: SP1 local server active
Thu Oct 23 08:40:51 PM UTC 2025: SP1 local server active
Thu Oct 23 08:41:51 PM UTC 2025: SP1 local server active
Thu Oct 23 08:42:51 PM UTC 2025: SP1 local server active
Thu Oct 23 08:43:51 PM UTC 2025: SP1 local server active
Thu Oct 23 08:44:52 PM UTC 2025: SP1 local server active
Thu Oct 23 08:45:52 PM UTC 2025: SP1 local server active
Thu Oct 23 08:46:52 PM UTC 2025: SP1 local server active
Thu Oct 23 08:47:52 PM UTC 2025: SP1 local server active
Thu Oct 23 08:48:52 PM UTC 2025: SP1 local server active
Thu Oct 23 08:49:52 PM UTC 2025: SP1 local server active
Thu Oct 23 08:50:52 PM UTC 2025: SP1 local server active
Thu Oct 23 08:51:52 PM UTC 2025: SP1 local server active
Thu Oct 23 08:52:52 PM UTC 2025: SP1 local server active
Thu Oct 23 08:53:52 PM UTC 2025: SP1 local server active
Thu Oct 23 08:54:52 PM UTC 2025: SP1 local server active
Thu Oct 23 08:55:52 PM UTC 2025: SP1 local server active
Thu Oct 23 08:56:52 PM UTC 2025: SP1 local server active
Thu Oct 23 08:57:52 PM UTC 2025: SP1 local server active
Thu Oct 23 08:58:52 PM UTC 2025: SP1 local server active
Thu Oct 23 08:59:52 PM UTC 2025: SP1 local server active
Thu Oct 23 09:00:52 PM UTC 2025: SP1 local server active
Thu Oct 23 09:01:52 PM UTC 2025: SP1 local server active
Thu Oct 23 09:02:52 PM UTC 2025: SP1 local server active
Thu Oct 23 09:03:52 PM UTC 2025: SP1 local server active
Thu Oct 23 09:04:52 PM UTC 2025: SP1 local server active
Thu Oct 23 09:05:52 PM UTC 2025: SP1 local server active
Thu Oct 23 09:06:52 PM UTC 2025: SP1 local server active
Thu Oct 23 09:07:52 PM UTC 2025: SP1 local server active
Thu Oct 23 09:08:52 PM UTC 2025: SP1 local server active
Thu Oct 23 09:09:52 PM UTC 2025: SP1 local server active
Thu Oct 23 09:10:52 PM UTC 2025: SP1 local server active
Thu Oct 23 09:11:52 PM UTC 2025: SP1 local server active
Thu Oct 23 09:12:52 PM UTC 2025: SP1 local server active
Thu Oct 23 09:13:52 PM UTC 2025: SP1 local server active
Thu Oct 23 09:14:52 PM UTC 2025: SP1 local server active
Thu Oct 23 09:15:52 PM UTC 2025: SP1 local server active
Thu Oct 23 09:16:52 PM UTC 2025: SP1 local server active
Thu Oct 23 09:17:52 PM UTC 2025: SP1 local server active
Thu Oct 23 09:18:52 PM UTC 2025: SP1 local server active
Thu Oct 23 09:19:52 PM UTC 2025: SP1 local server active
Thu Oct 23 09:20:52 PM UTC 2025: SP1 local server active
Thu Oct 23 09:21:52 PM UTC 2025: SP1 local server active
Thu Oct 23 09:22:52 PM UTC 2025: SP1 local server active
Thu Oct 23 09:23:52 PM UTC 2025: SP1 local server active
Thu Oct 23 09:24:52 PM UTC 2025: SP1 local server active
Thu Oct 23 09:25:52 PM UTC 2025: SP1 local server active
Thu Oct 23 09:26:52 PM UTC 2025: SP1 local server active
Thu Oct 23 09:27:52 PM UTC 2025: SP1 local server active
Thu Oct 23 09:28:52 PM UTC 2025: SP1 local server active
Thu Oct 23 09:29:52 PM UTC 2025: SP1 local server active
Thu Oct 23 09:30:52 PM UTC 2025: SP1 local server active
Thu Oct 23 09:31:52 PM UTC 2025: SP1 local server active
Thu Oct 23 09:32:52 PM UTC 2025: SP1 local server active
Thu Oct 23 09:33:52 PM UTC 2025: SP1 local server active
Thu Oct 23 09:34:52 PM UTC 2025: SP1 local server active
Thu Oct 23 09:35:52 PM UTC 2025: SP1 local server active
Thu Oct 23 09:36:52 PM UTC 2025: SP1 local server active
Thu Oct 23 09:37:52 PM UTC 2025: SP1 local server active
Thu Oct 23 09:38:52 PM UTC 2025: SP1 local server active
Thu Oct 23 09:39:52 PM UTC 2025: SP1 local server active
Thu Oct 23 09:40:52 PM UTC 2025: SP1 local server active
Thu Oct 23 09:41:52 PM UTC 2025: SP1 local server active
Thu Oct 23 09:42:52 PM UTC 2025: SP1 local server active
Thu Oct 23 09:43:52 PM UTC 2025: SP1 local server active
Thu Oct 23 09:44:52 PM UTC 2025: SP1 local server active
Thu Oct 23 09:45:52 PM UTC 2025: SP1 local server active
Thu Oct 23 09:46:52 PM UTC 2025: SP1 local server active
Thu Oct 23 09:47:52 PM UTC 2025: SP1 local server active
Thu Oct 23 09:48:52 PM UTC 2025: SP1 local server active
Thu Oct 23 09:49:52 PM UTC 2025: SP1 local server active
Thu Oct 23 09:50:52 PM UTC 2025: SP1 local server active
Thu Oct 23 09:51:52 PM UTC 2025: SP1 local server active
Thu Oct 23 09:52:52 PM UTC 2025: SP1 local server active
Thu Oct 23 09:53:52 PM UTC 2025: SP1 local server active
Thu Oct 23 09:54:52 PM UTC 2025: SP1 local server active
Thu Oct 23 09:55:52 PM UTC 2025: SP1 local server active
Thu Oct 23 09:56:52 PM UTC 2025: SP1 local server active
Thu Oct 23 09:57:52 PM UTC 2025: SP1 local server active
Thu Oct 23 09:58:52 PM UTC 2025: SP1 local server active
Thu Oct 23 09:59:52 PM UTC 2025: SP1 local server active
Thu Oct 23 10:00:52 PM UTC 2025: SP1 local server active
Thu Oct 23 10:01:52 PM UTC 2025: SP1 local server active
Thu Oct 23 10:02:52 PM UTC 2025: SP1 local server active
Thu Oct 23 10:03:52 PM UTC 2025: SP1 local server active
Thu Oct 23 10:04:52 PM UTC 2025: SP1 local server active
Thu Oct 23 10:05:52 PM UTC 2025: SP1 local server active
Thu Oct 23 10:06:52 PM UTC 2025: SP1 local server active
Thu Oct 23 10:07:52 PM UTC 2025: SP1 local server active
Thu Oct 23 10:08:52 PM UTC 2025: SP1 local server active
Thu Oct 23 10:09:52 PM UTC 2025: SP1 local server active
Thu Oct 23 10:10:52 PM UTC 2025: SP1 local server active
Thu Oct 23 10:11:53 PM UTC 2025: SP1 local server active
Thu Oct 23 10:12:53 PM UTC 2025: SP1 local server active
Thu Oct 23 10:13:53 PM UTC 2025: SP1 local server active
Thu Oct 23 10:14:53 PM UTC 2025: SP1 local server active
Thu Oct 23 10:15:53 PM UTC 2025: SP1 local server active
Thu Oct 23 10:16:53 PM UTC 2025: SP1 local server active
Thu Oct 23 10:17:53 PM UTC 2025: SP1 local server active
Thu Oct 23 10:18:53 PM UTC 2025: SP1 local server active
Thu Oct 23 10:19:53 PM UTC 2025: SP1 local server active
Thu Oct 23 10:20:53 PM UTC 2025: SP1 local server active
Thu Oct 23 10:21:53 PM UTC 2025: SP1 local server active
Thu Oct 23 10:22:53 PM UTC 2025: SP1 local server active
Thu Oct 23 10:23:53 PM UTC 2025: SP1 local server active
Thu Oct 23 10:24:53 PM UTC 2025: SP1 local server active
Thu Oct 23 10:25:53 PM UTC 2025: SP1 local server active
Thu Oct 23 10:26:53 PM UTC 2025: SP1 local server active
Thu Oct 23 10:27:53 PM UTC 2025: SP1 local server active
Thu Oct 23 10:28:53 PM UTC 2025: SP1 local server active
Thu Oct 23 10:29:53 PM UTC 2025: SP1 local server active
Thu Oct 23 10:30:53 PM UTC 2025: SP1 local server active
Thu Oct 23 10:31:53 PM UTC 2025: SP1 local server active
Thu Oct 23 10:32:53 PM UTC 2025: SP1 local server active
Thu Oct 23 10:33:53 PM UTC 2025: SP1 local server active
Thu Oct 23 10:34:53 PM UTC 2025: SP1 local server active
Thu Oct 23 10:35:53 PM UTC 2025: SP1 local server active
Thu Oct 23 10:36:53 PM UTC 2025: SP1 local server active
Thu Oct 23 10:37:53 PM UTC 2025: SP1 local server active
Thu Oct 23 10:38:53 PM UTC 2025: SP1 local server active
Thu Oct 23 10:39:53 PM UTC 2025: SP1 local server active
Thu Oct 23 10:40:53 PM UTC 2025: SP1 local server active
Thu Oct 23 10:41:53 PM UTC 2025: SP1 local server active
Thu Oct 23 10:42:53 PM UTC 2025: SP1 local server active
Thu Oct 23 10:43:53 PM UTC 2025: SP1 local server active
Thu Oct 23 10:44:53 PM UTC 2025: SP1 local server active
Thu Oct 23 10:45:53 PM UTC 2025: SP1 local server active
Thu Oct 23 10:46:53 PM UTC 2025: SP1 local server active
Thu Oct 23 10:47:53 PM UTC 2025: SP1 local server active
Thu Oct 23 10:48:53 PM UTC 2025: SP1 local server active
Thu Oct 23 10:49:53 PM UTC 2025: SP1 local server active
Thu Oct 23 10:50:53 PM UTC 2025: SP1 local server active
Thu Oct 23 10:51:53 PM UTC 2025: SP1 local server active
Thu Oct 23 10:52:53 PM UTC 2025: SP1 local server active
Thu Oct 23 10:53:53 PM UTC 2025: SP1 local server active
Thu Oct 23 10:54:53 PM UTC 2025: SP1 local server active
Thu Oct 23 10:55:53 PM UTC 2025: SP1 local server active
Thu Oct 23 10:56:53 PM UTC 2025: SP1 local server active
Thu Oct 23 10:57:53 PM UTC 2025: SP1 local server active
Thu Oct 23 10:58:53 PM UTC 2025: SP1 local server active
Thu Oct 23 10:59:53 PM UTC 2025: SP1 local server active
Thu Oct 23 11:00:53 PM UTC 2025: SP1 local server active
Thu Oct 23 11:01:53 PM UTC 2025: SP1 local server active
Thu Oct 23 11:02:53 PM UTC 2025: SP1 local server active
Thu Oct 23 11:03:53 PM UTC 2025: SP1 local server active
Thu Oct 23 11:04:53 PM UTC 2025: SP1 local server active
Thu Oct 23 11:05:53 PM UTC 2025: SP1 local server active
Thu Oct 23 11:06:53 PM UTC 2025: SP1 local server active
Thu Oct 23 11:07:53 PM UTC 2025: SP1 local server active
Thu Oct 23 11:08:53 PM UTC 2025: SP1 local server active
Thu Oct 23 11:09:53 PM UTC 2025: SP1 local server active
Thu Oct 23 11:10:53 PM UTC 2025: SP1 local server active
Thu Oct 23 11:11:53 PM UTC 2025: SP1 local server active
Thu Oct 23 11:12:53 PM UTC 2025: SP1 local server active
Thu Oct 23 11:13:53 PM UTC 2025: SP1 local server active
Thu Oct 23 11:14:53 PM UTC 2025: SP1 local server active
Thu Oct 23 11:15:53 PM UTC 2025: SP1 local server active
Thu Oct 23 11:16:53 PM UTC 2025: SP1 local server active
Thu Oct 23 11:17:53 PM UTC 2025: SP1 local server active
Thu Oct 23 11:18:53 PM UTC 2025: SP1 local server active
Thu Oct 23 11:19:53 PM UTC 2025: SP1 local server active
Thu Oct 23 11:20:53 PM UTC 2025: SP1 local server active
Thu Oct 23 11:21:53 PM UTC 2025: SP1 local server active
Thu Oct 23 11:22:53 PM UTC 2025: SP1 local server active
Thu Oct 23 11:23:53 PM UTC 2025: SP1 local server active
Thu Oct 23 11:24:53 PM UTC 2025: SP1 local server active
Thu Oct 23 11:25:53 PM UTC 2025: SP1 local server active
Thu Oct 23 11:26:53 PM UTC 2025: SP1 local server active
Thu Oct 23 11:27:53 PM UTC 2025: SP1 local server active
Thu Oct 23 11:28:53 PM UTC 2025: SP1 local server active
Thu Oct 23 11:29:53 PM UTC 2025: SP1 local server active
Thu Oct 23 11:30:53 PM UTC 2025: SP1 local server active
Thu Oct 23 11:31:53 PM UTC 2025: SP1 local server active
Thu Oct 23 11:32:53 PM UTC 2025: SP1 local server active
Thu Oct 23 11:33:53 PM UTC 2025: SP1 local server active
Thu Oct 23 11:34:53 PM UTC 2025: SP1 local server active
Thu Oct 23 11:35:53 PM UTC 2025: SP1 local server active
Thu Oct 23 11:36:53 PM UTC 2025: SP1 local server active
Thu Oct 23 11:37:54 PM UTC 2025: SP1 local server active
Thu Oct 23 11:38:54 PM UTC 2025: SP1 local server active
Thu Oct 23 11:39:54 PM UTC 2025: SP1 local server active
Thu Oct 23 11:40:54 PM UTC 2025: SP1 local server active
Thu Oct 23 11:41:54 PM UTC 2025: SP1 local server active
Thu Oct 23 11:42:54 PM UTC 2025: SP1 local server active
Thu Oct 23 11:43:54 PM UTC 2025: SP1 local server active
Thu Oct 23 11:44:54 PM UTC 2025: SP1 local server active
Thu Oct 23 11:45:54 PM UTC 2025: SP1 local server active
Thu Oct 23 11:46:54 PM UTC 2025: SP1 local server active
Thu Oct 23 11:47:54 PM UTC 2025: SP1 local server active
Thu Oct 23 11:48:54 PM UTC 2025: SP1 local server active
Thu Oct 23 11:49:54 PM UTC 2025: SP1 local server active
Thu Oct 23 11:50:54 PM UTC 2025: SP1 local server active
Thu Oct 23 11:51:54 PM UTC 2025: SP1 local server active
Thu Oct 23 11:52:54 PM UTC 2025: SP1 local server active
Thu Oct 23 11:53:54 PM UTC 2025: SP1 local server active
Thu Oct 23 11:54:54 PM UTC 2025: SP1 local server active
Thu Oct 23 11:55:54 PM UTC 2025: SP1 local server active
Thu Oct 23 11:56:54 PM UTC 2025: SP1 local server active
Thu Oct 23 11:57:54 PM UTC 2025: SP1 local server active
Thu Oct 23 11:58:54 PM UTC 2025: SP1 local server active
Thu Oct 23 11:59:54 PM UTC 2025: SP1 local server active
Fri Oct 24 12:00:54 AM UTC 2025: SP1 local server active
Fri Oct 24 12:01:54 AM UTC 2025: SP1 local server active
Fri Oct 24 12:02:54 AM UTC 2025: SP1 local server active
Fri Oct 24 12:03:54 AM UTC 2025: SP1 local server active
Fri Oct 24 12:04:54 AM UTC 2025: SP1 local server active
Fri Oct 24 12:05:54 AM UTC 2025: SP1 local server active
Fri Oct 24 12:06:54 AM UTC 2025: SP1 local server active
Fri Oct 24 12:07:54 AM UTC 2025: SP1 local server active
Fri Oct 24 12:08:54 AM UTC 2025: SP1 local server active
Fri Oct 24 12:09:54 AM UTC 2025: SP1 local server active
Fri Oct 24 12:10:54 AM UTC 2025: SP1 local server active
Fri Oct 24 12:11:54 AM UTC 2025: SP1 local server active
Fri Oct 24 12:12:54 AM UTC 2025: SP1 local server active
Fri Oct 24 12:13:54 AM UTC 2025: SP1 local server active
Fri Oct 24 12:14:54 AM UTC 2025: SP1 local server active
Fri Oct 24 12:15:54 AM UTC 2025: SP1 local server active
Fri Oct 24 12:16:54 AM UTC 2025: SP1 local server active
Fri Oct 24 12:17:54 AM UTC 2025: SP1 local server active
Fri Oct 24 12:18:54 AM UTC 2025: SP1 local server active
Fri Oct 24 12:19:54 AM UTC 2025: SP1 local server active
Fri Oct 24 12:20:54 AM UTC 2025: SP1 local server active
Fri Oct 24 12:21:54 AM UTC 2025: SP1 local server active
Fri Oct 24 12:22:54 AM UTC 2025: SP1 local server active
Fri Oct 24 12:23:54 AM UTC 2025: SP1 local server active
Fri Oct 24 12:24:54 AM UTC 2025: SP1 local server active
Fri Oct 24 12:25:54 AM UTC 2025: SP1 local server active
Fri Oct 24 12:26:54 AM UTC 2025: SP1 local server active
Fri Oct 24 12:27:54 AM UTC 2025: SP1 local server active
Fri Oct 24 12:28:54 AM UTC 2025: SP1 local server active
Fri Oct 24 12:29:54 AM UTC 2025: SP1 local server active
Fri Oct 24 12:30:54 AM UTC 2025: SP1 local server active
Fri Oct 24 12:31:54 AM UTC 2025: SP1 local server active
Fri Oct 24 12:32:54 AM UTC 2025: SP1 local server active
Fri Oct 24 12:33:54 AM UTC 2025: SP1 local server active
Fri Oct 24 12:34:54 AM UTC 2025: SP1 local server active
Fri Oct 24 12:35:54 AM UTC 2025: SP1 local server active
Fri Oct 24 12:36:54 AM UTC 2025: SP1 local server active
Fri Oct 24 12:37:54 AM UTC 2025: SP1 local server active
Fri Oct 24 12:38:54 AM UTC 2025: SP1 local server active
Fri Oct 24 12:39:54 AM UTC 2025: SP1 local server active
Fri Oct 24 12:40:54 AM UTC 2025: SP1 local server active
Fri Oct 24 12:41:54 AM UTC 2025: SP1 local server active
Fri Oct 24 12:42:54 AM UTC 2025: SP1 local server active
Fri Oct 24 12:43:54 AM UTC 2025: SP1 local server active
Fri Oct 24 12:44:54 AM UTC 2025: SP1 local server active
Fri Oct 24 12:45:54 AM UTC 2025: SP1 local server active
Fri Oct 24 12:46:54 AM UTC 2025: SP1 local server active
Fri Oct 24 12:47:54 AM UTC 2025: SP1 local server active
Fri Oct 24 12:48:54 AM UTC 2025: SP1 local server active
Fri Oct 24 12:49:54 AM UTC 2025: SP1 local server active
Fri Oct 24 12:50:54 AM UTC 2025: SP1 local server active
Fri Oct 24 12:51:54 AM UTC 2025: SP1 local server active
Fri Oct 24 12:52:54 AM UTC 2025: SP1 local server active
Fri Oct 24 12:53:54 AM UTC 2025: SP1 local server active
Fri Oct 24 12:54:54 AM UTC 2025: SP1 local server active
Fri Oct 24 12:55:54 AM UTC 2025: SP1 local server active
Fri Oct 24 12:56:54 AM UTC 2025: SP1 local server active
Fri Oct 24 12:57:54 AM UTC 2025: SP1 local server active
Fri Oct 24 12:58:54 AM UTC 2025: SP1 local server active
Fri Oct 24 12:59:54 AM UTC 2025: SP1 local server active
Fri Oct 24 01:00:54 AM UTC 2025: SP1 local server active
Fri Oct 24 01:01:54 AM UTC 2025: SP1 local server active
Fri Oct 24 01:02:54 AM UTC 2025: SP1 local server active
Fri Oct 24 01:03:54 AM UTC 2025: SP1 local server active
Fri Oct 24 01:04:54 AM UTC 2025: SP1 local server active
Fri Oct 24 01:05:54 AM UTC 2025: SP1 local server active
Fri Oct 24 01:06:54 AM UTC 2025: SP1 local server active
Fri Oct 24 01:07:54 AM UTC 2025: SP1 local server active
Fri Oct 24 01:08:54 AM UTC 2025: SP1 local server active
Fri Oct 24 01:09:54 AM UTC 2025: SP1 local server active
Fri Oct 24 01:10:54 AM UTC 2025: SP1 local server active
Fri Oct 24 01:11:54 AM UTC 2025: SP1 local server active
Fri Oct 24 01:12:54 AM UTC 2025: SP1 local server active
Fri Oct 24 01:13:54 AM UTC 2025: SP1 local server active
Fri Oct 24 01:14:54 AM UTC 2025: SP1 local server active
Fri Oct 24 01:15:54 AM UTC 2025: SP1 local server active
Fri Oct 24 01:16:54 AM UTC 2025: SP1 local server active
Fri Oct 24 01:17:54 AM UTC 2025: SP1 local server active
Fri Oct 24 01:18:54 AM UTC 2025: SP1 local server active
Fri Oct 24 01:19:54 AM UTC 2025: SP1 local server active
Fri Oct 24 01:20:55 AM UTC 2025: SP1 local server active
Fri Oct 24 01:21:55 AM UTC 2025: SP1 local server active
Fri Oct 24 01:22:55 AM UTC 2025: SP1 local server active
Fri Oct 24 01:23:55 AM UTC 2025: SP1 local server active
Fri Oct 24 01:24:55 AM UTC 2025: SP1 local server active
Fri Oct 24 01:25:55 AM UTC 2025: SP1 local server active
Fri Oct 24 01:26:55 AM UTC 2025: SP1 local server active
Fri Oct 24 01:27:55 AM UTC 2025: SP1 local server active
Fri Oct 24 01:28:55 AM UTC 2025: SP1 local server active
Fri Oct 24 01:29:55 AM UTC 2025: SP1 local server active
Fri Oct 24 01:30:55 AM UTC 2025: SP1 local server active
Fri Oct 24 01:31:55 AM UTC 2025: SP1 local server active
Fri Oct 24 01:32:55 AM UTC 2025: SP1 local server active
Fri Oct 24 01:33:55 AM UTC 2025: SP1 local server active
Fri Oct 24 01:34:55 AM UTC 2025: SP1 local server active
Fri Oct 24 01:35:55 AM UTC 2025: SP1 local server active
Fri Oct 24 01:36:55 AM UTC 2025: SP1 local server active
Fri Oct 24 01:37:55 AM UTC 2025: SP1 local server active
Fri Oct 24 01:38:55 AM UTC 2025: SP1 local server active
Fri Oct 24 01:39:55 AM UTC 2025: SP1 local server active
Fri Oct 24 01:40:55 AM UTC 2025: SP1 local server active
Fri Oct 24 01:41:55 AM UTC 2025: SP1 local server active
Fri Oct 24 01:42:55 AM UTC 2025: SP1 local server active
Fri Oct 24 01:43:55 AM UTC 2025: SP1 local server active
Fri Oct 24 01:44:55 AM UTC 2025: SP1 local server active
Fri Oct 24 01:45:55 AM UTC 2025: SP1 local server active
Fri Oct 24 01:46:55 AM UTC 2025: SP1 local server active
Fri Oct 24 01:47:55 AM UTC 2025: SP1 local server active
Fri Oct 24 01:48:55 AM UTC 2025: SP1 local server active
Fri Oct 24 01:49:55 AM UTC 2025: SP1 local server active
Fri Oct 24 01:50:55 AM UTC 2025: SP1 local server active
Fri Oct 24 01:51:55 AM UTC 2025: SP1 local server active
Fri Oct 24 01:52:55 AM UTC 2025: SP1 local server active
Fri Oct 24 01:53:55 AM UTC 2025: SP1 local server active
Fri Oct 24 01:54:55 AM UTC 2025: SP1 local server active
Fri Oct 24 01:55:55 AM UTC 2025: SP1 local server active
Fri Oct 24 01:56:55 AM UTC 2025: SP1 local server active
Fri Oct 24 01:57:55 AM UTC 2025: SP1 local server active
Fri Oct 24 01:58:55 AM UTC 2025: SP1 local server active
Fri Oct 24 01:59:55 AM UTC 2025: SP1 local server active
Fri Oct 24 02:00:55 AM UTC 2025: SP1 local server active
Fri Oct 24 02:01:55 AM UTC 2025: SP1 local server active
Fri Oct 24 02:02:55 AM UTC 2025: SP1 local server active
Fri Oct 24 02:03:55 AM UTC 2025: SP1 local server active
Fri Oct 24 02:04:55 AM UTC 2025: SP1 local server active
Fri Oct 24 02:05:55 AM UTC 2025: SP1 local server active
Fri Oct 24 02:06:55 AM UTC 2025: SP1 local server active
Fri Oct 24 02:07:55 AM UTC 2025: SP1 local server active
Fri Oct 24 02:08:55 AM UTC 2025: SP1 local server active
Fri Oct 24 02:09:55 AM UTC 2025: SP1 local server active
Fri Oct 24 02:10:55 AM UTC 2025: SP1 local server active
Fri Oct 24 02:11:55 AM UTC 2025: SP1 local server active
Fri Oct 24 02:12:55 AM UTC 2025: SP1 local server active
Fri Oct 24 02:13:55 AM UTC 2025: SP1 local server active
Fri Oct 24 02:14:55 AM UTC 2025: SP1 local server active
Fri Oct 24 02:15:55 AM UTC 2025: SP1 local server active
Fri Oct 24 02:16:55 AM UTC 2025: SP1 local server active
Fri Oct 24 02:17:55 AM UTC 2025: SP1 local server active
Fri Oct 24 02:18:55 AM UTC 2025: SP1 local server active
Fri Oct 24 02:19:55 AM UTC 2025: SP1 local server active
Fri Oct 24 02:20:55 AM UTC 2025: SP1 local server active
Fri Oct 24 02:21:55 AM UTC 2025: SP1 local server active
Fri Oct 24 02:22:55 AM UTC 2025: SP1 local server active
Fri Oct 24 02:23:55 AM UTC 2025: SP1 local server active
Fri Oct 24 02:24:55 AM UTC 2025: SP1 local server active
Fri Oct 24 02:25:55 AM UTC 2025: SP1 local server active
Fri Oct 24 02:26:55 AM UTC 2025: SP1 local server active
Fri Oct 24 02:27:55 AM UTC 2025: SP1 local server active
Fri Oct 24 02:28:55 AM UTC 2025: SP1 local server active
Fri Oct 24 02:29:55 AM UTC 2025: SP1 local server active
Fri Oct 24 02:30:55 AM UTC 2025: SP1 local server active
Fri Oct 24 02:31:55 AM UTC 2025: SP1 local server active
Fri Oct 24 02:32:55 AM UTC 2025: SP1 local server active
Fri Oct 24 02:33:55 AM UTC 2025: SP1 local server active
Fri Oct 24 02:34:55 AM UTC 2025: SP1 local server active
Fri Oct 24 02:35:55 AM UTC 2025: SP1 local server active
Fri Oct 24 02:36:55 AM UTC 2025: SP1 local server active
Fri Oct 24 02:37:55 AM UTC 2025: SP1 local server active
Fri Oct 24 02:38:55 AM UTC 2025: SP1 local server active
Fri Oct 24 02:39:55 AM UTC 2025: SP1 local server active
Fri Oct 24 02:40:55 AM UTC 2025: SP1 local server active
Fri Oct 24 02:41:55 AM UTC 2025: SP1 local server active
Fri Oct 24 02:42:55 AM UTC 2025: SP1 local server active
Fri Oct 24 02:43:55 AM UTC 2025: SP1 local server active
Fri Oct 24 02:44:55 AM UTC 2025: SP1 local server active
Fri Oct 24 02:45:55 AM UTC 2025: SP1 local server active
Fri Oct 24 02:46:55 AM UTC 2025: SP1 local server active
Fri Oct 24 02:47:55 AM UTC 2025: SP1 local server active
Fri Oct 24 02:48:55 AM UTC 2025: SP1 local server active
Fri Oct 24 02:49:56 AM UTC 2025: SP1 local server active
Fri Oct 24 02:50:56 AM UTC 2025: SP1 local server active
Fri Oct 24 02:51:56 AM UTC 2025: SP1 local server active
Fri Oct 24 02:52:56 AM UTC 2025: SP1 local server active
Fri Oct 24 02:53:56 AM UTC 2025: SP1 local server active
Fri Oct 24 02:54:56 AM UTC 2025: SP1 local server active
Fri Oct 24 02:55:56 AM UTC 2025: SP1 local server active
Fri Oct 24 02:56:56 AM UTC 2025: SP1 local server active
Fri Oct 24 02:57:56 AM UTC 2025: SP1 local server active
Fri Oct 24 02:58:56 AM UTC 2025: SP1 local server active
Fri Oct 24 02:59:56 AM UTC 2025: SP1 local server active
Fri Oct 24 03:00:56 AM UTC 2025: SP1 local server active
Fri Oct 24 03:01:56 AM UTC 2025: SP1 local server active
Fri Oct 24 03:02:56 AM UTC 2025: SP1 local server active
Fri Oct 24 03:03:56 AM UTC 2025: SP1 local server active
Fri Oct 24 03:04:56 AM UTC 2025: SP1 local server active
Fri Oct 24 03:05:56 AM UTC 2025: SP1 local server active
Fri Oct 24 03:06:56 AM UTC 2025: SP1 local server active
Fri Oct 24 03:07:56 AM UTC 2025: SP1 local server active
Fri Oct 24 03:08:56 AM UTC 2025: SP1 local server active
Fri Oct 24 03:09:56 AM UTC 2025: SP1 local server active
Fri Oct 24 03:10:56 AM UTC 2025: SP1 local server active
Fri Oct 24 03:11:56 AM UTC 2025: SP1 local server active
Fri Oct 24 03:12:56 AM UTC 2025: SP1 local server active
Fri Oct 24 03:13:56 AM UTC 2025: SP1 local server active
Fri Oct 24 03:14:56 AM UTC 2025: SP1 local server active
Fri Oct 24 03:15:56 AM UTC 2025: SP1 local server active
Fri Oct 24 03:16:56 AM UTC 2025: SP1 local server active
Fri Oct 24 03:17:56 AM UTC 2025: SP1 local server active
Fri Oct 24 03:18:56 AM UTC 2025: SP1 local server active
Fri Oct 24 03:19:56 AM UTC 2025: SP1 local server active
Fri Oct 24 03:20:56 AM UTC 2025: SP1 local server active
Fri Oct 24 03:21:56 AM UTC 2025: SP1 local server active
Fri Oct 24 03:22:56 AM UTC 2025: SP1 local server active
Fri Oct 24 03:23:56 AM UTC 2025: SP1 local server active
Fri Oct 24 03:24:56 AM UTC 2025: SP1 local server active
Fri Oct 24 03:25:56 AM UTC 2025: SP1 local server active
Fri Oct 24 03:26:56 AM UTC 2025: SP1 local server active
Fri Oct 24 03:27:56 AM UTC 2025: SP1 local server active
Fri Oct 24 03:28:56 AM UTC 2025: SP1 local server active
Fri Oct 24 03:29:56 AM UTC 2025: SP1 local server active
Fri Oct 24 03:30:56 AM UTC 2025: SP1 local server active
Fri Oct 24 03:31:56 AM UTC 2025: SP1 local server active
Fri Oct 24 03:32:56 AM UTC 2025: SP1 local server active
Fri Oct 24 03:33:56 AM UTC 2025: SP1 local server active
Fri Oct 24 03:34:56 AM UTC 2025: SP1 local server active
Fri Oct 24 03:35:56 AM UTC 2025: SP1 local server active
Fri Oct 24 03:36:56 AM UTC 2025: SP1 local server active
Fri Oct 24 03:37:56 AM UTC 2025: SP1 local server active
Fri Oct 24 03:38:56 AM UTC 2025: SP1 local server active
Fri Oct 24 03:39:56 AM UTC 2025: SP1 local server active
Fri Oct 24 03:40:56 AM UTC 2025: SP1 local server active
Fri Oct 24 03:41:56 AM UTC 2025: SP1 local server active
Fri Oct 24 03:42:56 AM UTC 2025: SP1 local server active
Fri Oct 24 03:43:56 AM UTC 2025: SP1 local server active
Fri Oct 24 03:44:56 AM UTC 2025: SP1 local server active
Fri Oct 24 03:45:56 AM UTC 2025: SP1 local server active
Fri Oct 24 03:46:56 AM UTC 2025: SP1 local server active
Fri Oct 24 03:47:56 AM UTC 2025: SP1 local server active
Fri Oct 24 03:48:56 AM UTC 2025: SP1 local server active
Fri Oct 24 03:49:56 AM UTC 2025: SP1 local server active
Fri Oct 24 03:50:56 AM UTC 2025: SP1 local server active
Fri Oct 24 03:51:56 AM UTC 2025: SP1 local server active
Fri Oct 24 03:52:56 AM UTC 2025: SP1 local server active
Fri Oct 24 03:53:56 AM UTC 2025: SP1 local server active
Fri Oct 24 03:54:56 AM UTC 2025: SP1 local server active
Fri Oct 24 03:55:56 AM UTC 2025: SP1 local server active
Fri Oct 24 03:56:56 AM UTC 2025: SP1 local server active
Fri Oct 24 03:57:56 AM UTC 2025: SP1 local server active
Fri Oct 24 03:58:56 AM UTC 2025: SP1 local server active
Fri Oct 24 03:59:56 AM UTC 2025: SP1 local server active
Fri Oct 24 04:00:56 AM UTC 2025: SP1 local server active
Fri Oct 24 04:01:56 AM UTC 2025: SP1 local server active
Fri Oct 24 04:02:56 AM UTC 2025: SP1 local server active
Fri Oct 24 04:03:56 AM UTC 2025: SP1 local server active
Fri Oct 24 04:04:56 AM UTC 2025: SP1 local server active
Fri Oct 24 04:05:56 AM UTC 2025: SP1 local server active
Fri Oct 24 04:06:56 AM UTC 2025: SP1 local server active
Fri Oct 24 04:07:56 AM UTC 2025: SP1 local server active
Fri Oct 24 04:08:56 AM UTC 2025: SP1 local server active
Fri Oct 24 04:09:56 AM UTC 2025: SP1 local server active
Fri Oct 24 04:10:56 AM UTC 2025: SP1 local server active
Fri Oct 24 04:11:56 AM UTC 2025: SP1 local server active
Fri Oct 24 04:12:56 AM UTC 2025: SP1 local server active
Fri Oct 24 04:13:56 AM UTC 2025: SP1 local server active
Fri Oct 24 04:14:56 AM UTC 2025: SP1 local server active
Fri Oct 24 04:15:56 AM UTC 2025: SP1 local server active
Fri Oct 24 04:16:56 AM UTC 2025: SP1 local server active
Fri Oct 24 04:17:56 AM UTC 2025: SP1 local server active
Fri Oct 24 04:18:56 AM UTC 2025: SP1 local server active
Fri Oct 24 04:19:56 AM UTC 2025: SP1 local server active
Fri Oct 24 04:20:56 AM UTC 2025: SP1 local server active
Fri Oct 24 04:21:56 AM UTC 2025: SP1 local server active
Fri Oct 24 04:22:56 AM UTC 2025: SP1 local server active
Fri Oct 24 04:23:56 AM UTC 2025: SP1 local server active
Fri Oct 24 04:24:56 AM UTC 2025: SP1 local server active
Fri Oct 24 04:25:56 AM UTC 2025: SP1 local server active
Fri Oct 24 04:26:56 AM UTC 2025: SP1 local server active
Fri Oct 24 04:27:57 AM UTC 2025: SP1 local server active
Fri Oct 24 04:28:57 AM UTC 2025: SP1 local server active
Fri Oct 24 04:29:57 AM UTC 2025: SP1 local server active
Fri Oct 24 04:30:57 AM UTC 2025: SP1 local server active
Fri Oct 24 04:31:57 AM UTC 2025: SP1 local server active
Fri Oct 24 04:32:57 AM UTC 2025: SP1 local server active
Fri Oct 24 04:33:57 AM UTC 2025: SP1 local server active
Fri Oct 24 04:34:57 AM UTC 2025: SP1 local server active
Fri Oct 24 04:35:57 AM UTC 2025: SP1 local server active
Fri Oct 24 04:36:57 AM UTC 2025: SP1 local server active
Fri Oct 24 04:37:57 AM UTC 2025: SP1 local server active
Fri Oct 24 04:38:57 AM UTC 2025: SP1 local server active
Fri Oct 24 04:39:57 AM UTC 2025: SP1 local server active
Fri Oct 24 04:40:57 AM UTC 2025: SP1 local server active
Fri Oct 24 04:41:57 AM UTC 2025: SP1 local server active
Fri Oct 24 04:42:57 AM UTC 2025: SP1 local server active
Fri Oct 24 04:43:57 AM UTC 2025: SP1 local server active
Fri Oct 24 04:44:57 AM UTC 2025: SP1 local server active
Fri Oct 24 04:45:57 AM UTC 2025: SP1 local server active
Fri Oct 24 04:46:57 AM UTC 2025: SP1 local server active
Fri Oct 24 04:47:57 AM UTC 2025: SP1 local server active
Fri Oct 24 04:48:57 AM UTC 2025: SP1 local server active
Fri Oct 24 04:49:57 AM UTC 2025: SP1 local server active
Fri Oct 24 04:50:57 AM UTC 2025: SP1 local server active
Fri Oct 24 04:51:57 AM UTC 2025: SP1 local server active
Fri Oct 24 04:52:57 AM UTC 2025: SP1 local server active
Fri Oct 24 04:53:57 AM UTC 2025: SP1 local server active
Fri Oct 24 04:54:57 AM UTC 2025: SP1 local server active
Fri Oct 24 04:55:57 AM UTC 2025: SP1 local server active
Fri Oct 24 04:56:57 AM UTC 2025: SP1 local server active
Fri Oct 24 04:57:57 AM UTC 2025: SP1 local server active
Fri Oct 24 04:58:57 AM UTC 2025: SP1 local server active
Fri Oct 24 04:59:57 AM UTC 2025: SP1 local server active
Fri Oct 24 05:00:57 AM UTC 2025: SP1 local server active
Fri Oct 24 05:01:57 AM UTC 2025: SP1 local server active
Fri Oct 24 05:02:57 AM UTC 2025: SP1 local server active
Fri Oct 24 05:03:57 AM UTC 2025: SP1 local server active
Fri Oct 24 05:04:57 AM UTC 2025: SP1 local server active
Fri Oct 24 05:05:57 AM UTC 2025: SP1 local server active
Fri Oct 24 05:06:57 AM UTC 2025: SP1 local server active
Fri Oct 24 05:07:57 AM UTC 2025: SP1 local server active
Fri Oct 24 05:08:57 AM UTC 2025: SP1 local server active
Fri Oct 24 05:09:57 AM UTC 2025: SP1 local server active
Fri Oct 24 05:10:57 AM UTC 2025: SP1 local server active
Fri Oct 24 05:11:57 AM UTC 2025: SP1 local server active
Fri Oct 24 05:12:57 AM UTC 2025: SP1 local server active
Fri Oct 24 05:13:57 AM UTC 2025: SP1 local server active
Fri Oct 24 05:14:57 AM UTC 2025: SP1 local server active
Fri Oct 24 05:15:57 AM UTC 2025: SP1 local server active
Fri Oct 24 05:16:57 AM UTC 2025: SP1 local server active
Fri Oct 24 05:17:57 AM UTC 2025: SP1 local server active
Fri Oct 24 05:18:57 AM UTC 2025: SP1 local server active
Fri Oct 24 05:19:57 AM UTC 2025: SP1 local server active
Fri Oct 24 05:20:57 AM UTC 2025: SP1 local server active
Fri Oct 24 05:21:57 AM UTC 2025: SP1 local server active
Fri Oct 24 05:22:57 AM UTC 2025: SP1 local server active
Fri Oct 24 05:23:57 AM UTC 2025: SP1 local server active
Fri Oct 24 05:24:57 AM UTC 2025: SP1 local server active
Fri Oct 24 05:25:57 AM UTC 2025: SP1 local server active
Fri Oct 24 05:26:57 AM UTC 2025: SP1 local server active
Fri Oct 24 05:27:57 AM UTC 2025: SP1 local server active
Fri Oct 24 05:28:57 AM UTC 2025: SP1 local server active
Fri Oct 24 05:29:57 AM UTC 2025: SP1 local server active
Fri Oct 24 05:30:57 AM UTC 2025: SP1 local server active
Fri Oct 24 05:31:57 AM UTC 2025: SP1 local server active
Fri Oct 24 05:32:57 AM UTC 2025: SP1 local server active
Fri Oct 24 05:33:57 AM UTC 2025: SP1 local server active
Fri Oct 24 05:34:57 AM UTC 2025: SP1 local server active
Fri Oct 24 05:35:57 AM UTC 2025: SP1 local server active
Fri Oct 24 05:36:57 AM UTC 2025: SP1 local server active
Fri Oct 24 05:37:57 AM UTC 2025: SP1 local server active
Fri Oct 24 05:38:57 AM UTC 2025: SP1 local server active
Fri Oct 24 05:39:57 AM UTC 2025: SP1 local server active
Fri Oct 24 05:40:57 AM UTC 2025: SP1 local server active
Fri Oct 24 05:41:57 AM UTC 2025: SP1 local server active
Fri Oct 24 05:42:57 AM UTC 2025: SP1 local server active
Fri Oct 24 05:43:57 AM UTC 2025: SP1 local server active
Fri Oct 24 05:44:57 AM UTC 2025: SP1 local server active
Fri Oct 24 05:45:57 AM UTC 2025: SP1 local server active
Fri Oct 24 05:46:57 AM UTC 2025: SP1 local server active
Fri Oct 24 05:47:57 AM UTC 2025: SP1 local server active
Fri Oct 24 05:48:57 AM UTC 2025: SP1 local server active
Fri Oct 24 05:49:57 AM UTC 2025: SP1 local server active
Fri Oct 24 05:50:57 AM UTC 2025: SP1 local server active
Fri Oct 24 05:51:57 AM UTC 2025: SP1 local server active
Fri Oct 24 05:52:57 AM UTC 2025: SP1 local server active
Fri Oct 24 05:53:57 AM UTC 2025: SP1 local server active
Fri Oct 24 05:54:57 AM UTC 2025: SP1 local server active
Fri Oct 24 05:55:57 AM UTC 2025: SP1 local server active
Fri Oct 24 05:56:57 AM UTC 2025: SP1 local server active
Fri Oct 24 05:57:57 AM UTC 2025: SP1 local server active
Fri Oct 24 05:58:57 AM UTC 2025: SP1 local server active
Fri Oct 24 05:59:57 AM UTC 2025: SP1 local server active
Fri Oct 24 06:00:57 AM UTC 2025: SP1 local server active
Fri Oct 24 06:01:58 AM UTC 2025: SP1 local server active
Fri Oct 24 06:02:58 AM UTC 2025: SP1 local server active
Fri Oct 24 06:03:58 AM UTC 2025: SP1 local server active
Fri Oct 24 06:04:58 AM UTC 2025: SP1 local server active
Fri Oct 24 06:05:58 AM UTC 2025: SP1 local server active
Fri Oct 24 06:06:58 AM UTC 2025: SP1 local server active
Fri Oct 24 06:07:58 AM UTC 2025: SP1 local server active
Fri Oct 24 06:08:58 AM UTC 2025: SP1 local server active
Fri Oct 24 06:09:58 AM UTC 2025: SP1 local server active
Fri Oct 24 06:10:58 AM UTC 2025: SP1 local server active
Fri Oct 24 06:11:58 AM UTC 2025: SP1 local server active
Fri Oct 24 06:12:58 AM UTC 2025: SP1 local server active
Fri Oct 24 06:13:58 AM UTC 2025: SP1 local server active
Fri Oct 24 06:14:58 AM UTC 2025: SP1 local server active
Fri Oct 24 06:15:58 AM UTC 2025: SP1 local server active
Fri Oct 24 06:16:58 AM UTC 2025: SP1 local server active
Fri Oct 24 06:17:58 AM UTC 2025: SP1 local server active
Fri Oct 24 06:18:58 AM UTC 2025: SP1 local server active
Fri Oct 24 06:19:58 AM UTC 2025: SP1 local server active
Fri Oct 24 06:20:58 AM UTC 2025: SP1 local server active
Fri Oct 24 06:21:58 AM UTC 2025: SP1 local server active
Fri Oct 24 06:22:58 AM UTC 2025: SP1 local server active
Fri Oct 24 06:23:58 AM UTC 2025: SP1 local server active
Fri Oct 24 06:24:58 AM UTC 2025: SP1 local server active
Fri Oct 24 06:25:58 AM UTC 2025: SP1 local server active
Fri Oct 24 06:26:58 AM UTC 2025: SP1 local server active
Fri Oct 24 06:27:58 AM UTC 2025: SP1 local server active
Fri Oct 24 06:28:58 AM UTC 2025: SP1 local server active
Fri Oct 24 06:29:58 AM UTC 2025: SP1 local server active
Fri Oct 24 06:30:58 AM UTC 2025: SP1 local server active
Fri Oct 24 06:31:58 AM UTC 2025: SP1 local server active
Fri Oct 24 06:32:58 AM UTC 2025: SP1 local server active
Fri Oct 24 06:33:58 AM UTC 2025: SP1 local server active
Fri Oct 24 06:34:58 AM UTC 2025: SP1 local server active
Fri Oct 24 06:35:58 AM UTC 2025: SP1 local server active
Fri Oct 24 06:36:58 AM UTC 2025: SP1 local server active
Fri Oct 24 06:37:58 AM UTC 2025: SP1 local server active
Fri Oct 24 06:38:58 AM UTC 2025: SP1 local server active
Fri Oct 24 06:39:58 AM UTC 2025: SP1 local server active
Fri Oct 24 06:40:58 AM UTC 2025: SP1 local server active
Fri Oct 24 06:41:58 AM UTC 2025: SP1 local server active
Fri Oct 24 06:42:58 AM UTC 2025: SP1 local server active
Fri Oct 24 06:43:58 AM UTC 2025: SP1 local server active
Fri Oct 24 06:44:58 AM UTC 2025: SP1 local server active
Fri Oct 24 06:45:58 AM UTC 2025: SP1 local server active
Fri Oct 24 06:46:58 AM UTC 2025: SP1 local server active
Fri Oct 24 06:47:58 AM UTC 2025: SP1 local server active
Fri Oct 24 06:48:58 AM UTC 2025: SP1 local server active
Fri Oct 24 06:49:58 AM UTC 2025: SP1 local server active
Fri Oct 24 06:50:58 AM UTC 2025: SP1 local server active
Fri Oct 24 06:51:58 AM UTC 2025: SP1 local server active
Fri Oct 24 06:52:58 AM UTC 2025: SP1 local server active
Fri Oct 24 06:53:58 AM UTC 2025: SP1 local server active
Fri Oct 24 06:54:58 AM UTC 2025: SP1 local server active
Fri Oct 24 06:55:58 AM UTC 2025: SP1 local server active
Fri Oct 24 06:56:58 AM UTC 2025: SP1 local server active
Fri Oct 24 06:57:58 AM UTC 2025: SP1 local server active
Fri Oct 24 06:58:58 AM UTC 2025: SP1 local server active
Fri Oct 24 06:59:58 AM UTC 2025: SP1 local server active
Fri Oct 24 07:00:58 AM UTC 2025: SP1 local server active
Fri Oct 24 07:01:58 AM UTC 2025: SP1 local server active
Fri Oct 24 07:02:58 AM UTC 2025: SP1 local server active
Fri Oct 24 07:03:58 AM UTC 2025: SP1 local server active
Fri Oct 24 07:04:58 AM UTC 2025: SP1 local server active
Fri Oct 24 07:05:58 AM UTC 2025: SP1 local server active
Fri Oct 24 07:06:58 AM UTC 2025: SP1 local server active
Fri Oct 24 07:07:58 AM UTC 2025: SP1 local server active
Fri Oct 24 07:08:58 AM UTC 2025: SP1 local server active
Fri Oct 24 07:09:58 AM UTC 2025: SP1 local server active
Fri Oct 24 07:10:58 AM UTC 2025: SP1 local server active
Fri Oct 24 07:11:58 AM UTC 2025: SP1 local server active
Fri Oct 24 07:12:58 AM UTC 2025: SP1 local server active
Fri Oct 24 07:13:58 AM UTC 2025: SP1 local server active
Fri Oct 24 07:14:58 AM UTC 2025: SP1 local server active
Fri Oct 24 07:15:58 AM UTC 2025: SP1 local server active
Fri Oct 24 07:16:58 AM UTC 2025: SP1 local server active
Fri Oct 24 07:17:58 AM UTC 2025: SP1 local server active
Fri Oct 24 07:18:58 AM UTC 2025: SP1 local server active
Fri Oct 24 07:19:58 AM UTC 2025: SP1 local server active
Fri Oct 24 07:20:58 AM UTC 2025: SP1 local server active
Fri Oct 24 07:21:58 AM UTC 2025: SP1 local server active
Fri Oct 24 07:22:58 AM UTC 2025: SP1 local server active
Fri Oct 24 07:23:58 AM UTC 2025: SP1 local server active
Fri Oct 24 07:24:58 AM UTC 2025: SP1 local server active
Fri Oct 24 07:25:58 AM UTC 2025: SP1 local server active
Fri Oct 24 07:26:58 AM UTC 2025: SP1 local server active
Fri Oct 24 07:27:58 AM UTC 2025: SP1 local server active
Fri Oct 24 07:28:58 AM UTC 2025: SP1 local server active
Fri Oct 24 07:29:58 AM UTC 2025: SP1 local server active
Fri Oct 24 07:30:58 AM UTC 2025: SP1 local server active
Fri Oct 24 07:31:58 AM UTC 2025: SP1 local server active
Fri Oct 24 07:32:58 AM UTC 2025: SP1 local server active
Fri Oct 24 07:33:58 AM UTC 2025: SP1 local server active
Fri Oct 24 07:34:58 AM UTC 2025: SP1 local server active
Fri Oct 24 07:35:58 AM UTC 2025: SP1 local server active
Fri Oct 24 07:36:58 AM UTC 2025: SP1 local server active
Fri Oct 24 07:37:58 AM UTC 2025: SP1 local server active
Fri Oct 24 07:38:58 AM UTC 2025: SP1 local server active
Fri Oct 24 07:39:58 AM UTC 2025: SP1 local server active
Fri Oct 24 07:40:59 AM UTC 2025: SP1 local server active
Fri Oct 24 07:41:59 AM UTC 2025: SP1 local server active
Fri Oct 24 07:42:59 AM UTC 2025: SP1 local server active
Fri Oct 24 07:43:59 AM UTC 2025: SP1 local server active
Fri Oct 24 07:44:59 AM UTC 2025: SP1 local server active
Fri Oct 24 07:45:59 AM UTC 2025: SP1 local server active
Fri Oct 24 07:46:59 AM UTC 2025: SP1 local server active
Fri Oct 24 07:47:59 AM UTC 2025: SP1 local server active
Fri Oct 24 07:48:59 AM UTC 2025: SP1 local server active
Fri Oct 24 07:49:59 AM UTC 2025: SP1 local server active
Fri Oct 24 07:50:59 AM UTC 2025: SP1 local server active
Fri Oct 24 07:51:59 AM UTC 2025: SP1 local server active
Fri Oct 24 07:52:59 AM UTC 2025: SP1 local server active
Fri Oct 24 07:53:59 AM UTC 2025: SP1 local server active
Fri Oct 24 07:54:59 AM UTC 2025: SP1 local server active
Fri Oct 24 07:55:59 AM UTC 2025: SP1 local server active
Fri Oct 24 07:56:59 AM UTC 2025: SP1 local server active
Fri Oct 24 07:57:59 AM UTC 2025: SP1 local server active
Fri Oct 24 07:58:59 AM UTC 2025: SP1 local server active
Fri Oct 24 07:59:59 AM UTC 2025: SP1 local server active
Fri Oct 24 08:00:59 AM UTC 2025: SP1 local server active
Fri Oct 24 08:01:59 AM UTC 2025: SP1 local server active
Fri Oct 24 08:02:59 AM UTC 2025: SP1 local server active
Fri Oct 24 08:03:59 AM UTC 2025: SP1 local server active
Fri Oct 24 08:04:59 AM UTC 2025: SP1 local server active
Fri Oct 24 08:05:59 AM UTC 2025: SP1 local server active
Fri Oct 24 08:06:59 AM UTC 2025: SP1 local server active
Fri Oct 24 08:07:59 AM UTC 2025: SP1 local server active
Fri Oct 24 08:08:59 AM UTC 2025: SP1 local server active
Fri Oct 24 08:09:59 AM UTC 2025: SP1 local server active
Fri Oct 24 08:10:59 AM UTC 2025: SP1 local server active
Fri Oct 24 08:11:59 AM UTC 2025: SP1 local server active
Fri Oct 24 08:12:59 AM UTC 2025: SP1 local server active
Fri Oct 24 08:13:59 AM UTC 2025: SP1 local server active
Fri Oct 24 08:14:59 AM UTC 2025: SP1 local server active
Fri Oct 24 08:15:59 AM UTC 2025: SP1 local server active
Fri Oct 24 08:16:59 AM UTC 2025: SP1 local server active
Fri Oct 24 08:17:59 AM UTC 2025: SP1 local server active
Fri Oct 24 08:18:59 AM UTC 2025: SP1 local server active
Fri Oct 24 08:19:59 AM UTC 2025: SP1 local server active
Fri Oct 24 08:20:59 AM UTC 2025: SP1 local server active
Fri Oct 24 08:21:59 AM UTC 2025: SP1 local server active
Fri Oct 24 08:22:59 AM UTC 2025: SP1 local server active
Fri Oct 24 08:23:59 AM UTC 2025: SP1 local server active
Fri Oct 24 08:24:59 AM UTC 2025: SP1 local server active
Fri Oct 24 08:25:59 AM UTC 2025: SP1 local server active
Fri Oct 24 08:26:59 AM UTC 2025: SP1 local server active
Fri Oct 24 08:27:59 AM UTC 2025: SP1 local server active
Fri Oct 24 08:28:59 AM UTC 2025: SP1 local server active
Fri Oct 24 08:29:59 AM UTC 2025: SP1 local server active
Fri Oct 24 08:30:59 AM UTC 2025: SP1 local server active
Fri Oct 24 08:31:59 AM UTC 2025: SP1 local server active
Fri Oct 24 08:32:59 AM UTC 2025: SP1 local server active
Fri Oct 24 08:33:59 AM UTC 2025: SP1 local server active
Fri Oct 24 08:34:59 AM UTC 2025: SP1 local server active
Fri Oct 24 08:35:59 AM UTC 2025: SP1 local server active
Fri Oct 24 08:36:59 AM UTC 2025: SP1 local server active
Fri Oct 24 08:37:59 AM UTC 2025: SP1 local server active
Fri Oct 24 08:38:59 AM UTC 2025: SP1 local server active
Fri Oct 24 08:39:59 AM UTC 2025: SP1 local server active
Fri Oct 24 08:40:59 AM UTC 2025: SP1 local server active
Fri Oct 24 08:41:59 AM UTC 2025: SP1 local server active
Fri Oct 24 08:42:59 AM UTC 2025: SP1 local server active
Fri Oct 24 08:43:59 AM UTC 2025: SP1 local server active
Fri Oct 24 08:44:59 AM UTC 2025: SP1 local server active
Fri Oct 24 08:45:59 AM UTC 2025: SP1 local server active
Fri Oct 24 08:46:59 AM UTC 2025: SP1 local server active
Fri Oct 24 08:47:59 AM UTC 2025: SP1 local server active
Fri Oct 24 08:48:59 AM UTC 2025: SP1 local server active
Fri Oct 24 08:49:59 AM UTC 2025: SP1 local server active
Fri Oct 24 08:50:59 AM UTC 2025: SP1 local server active
Fri Oct 24 08:51:59 AM UTC 2025: SP1 local server active
Fri Oct 24 08:52:59 AM UTC 2025: SP1 local server active
Fri Oct 24 08:53:59 AM UTC 2025: SP1 local server active
Fri Oct 24 08:54:59 AM UTC 2025: SP1 local server active
Fri Oct 24 08:55:59 AM UTC 2025: SP1 local server active
Fri Oct 24 08:56:59 AM UTC 2025: SP1 local server active
Fri Oct 24 08:57:59 AM UTC 2025: SP1 local server active
Fri Oct 24 08:58:59 AM UTC 2025: SP1 local server active
Fri Oct 24 08:59:59 AM UTC 2025: SP1 local server active
Fri Oct 24 09:00:59 AM UTC 2025: SP1 local server active
Fri Oct 24 09:01:59 AM UTC 2025: SP1 local server active
Fri Oct 24 09:02:59 AM UTC 2025: SP1 local server active
Fri Oct 24 09:03:59 AM UTC 2025: SP1 local server active
Fri Oct 24 09:04:59 AM UTC 2025: SP1 local server active
Fri Oct 24 09:05:59 AM UTC 2025: SP1 local server active
Fri Oct 24 09:06:59 AM UTC 2025: SP1 local server active
Fri Oct 24 09:07:59 AM UTC 2025: SP1 local server active
Fri Oct 24 09:08:59 AM UTC 2025: SP1 local server active
Fri Oct 24 09:09:59 AM UTC 2025: SP1 local server active
Fri Oct 24 09:10:59 AM UTC 2025: SP1 local server active
Fri Oct 24 09:11:59 AM UTC 2025: SP1 local server active
Fri Oct 24 09:12:59 AM UTC 2025: SP1 local server active
Fri Oct 24 09:13:59 AM UTC 2025: SP1 local server active
Fri Oct 24 09:14:59 AM UTC 2025: SP1 local server active
Fri Oct 24 09:15:59 AM UTC 2025: SP1 local server active
Fri Oct 24 09:16:59 AM UTC 2025: SP1 local server active
Fri Oct 24 09:17:59 AM UTC 2025: SP1 local server active
Fri Oct 24 09:18:59 AM UTC 2025: SP1 local server active
Fri Oct 24 09:19:59 AM UTC 2025: SP1 local server active
Fri Oct 24 09:20:59 AM UTC 2025: SP1 local server active
Fri Oct 24 09:21:59 AM UTC 2025: SP1 local server active
Fri Oct 24 09:22:59 AM UTC 2025: SP1 local server active
Fri Oct 24 09:23:59 AM UTC 2025: SP1 local server active
Fri Oct 24 09:24:59 AM UTC 2025: SP1 local server active
Fri Oct 24 09:26:00 AM UTC 2025: SP1 local server active
Fri Oct 24 09:27:00 AM UTC 2025: SP1 local server active
Fri Oct 24 09:28:00 AM UTC 2025: SP1 local server active
Fri Oct 24 09:29:00 AM UTC 2025: SP1 local server active
Fri Oct 24 09:30:00 AM UTC 2025: SP1 local server active
Fri Oct 24 09:31:00 AM UTC 2025: SP1 local server active
Fri Oct 24 09:32:00 AM UTC 2025: SP1 local server active
Fri Oct 24 09:33:00 AM UTC 2025: SP1 local server active
Fri Oct 24 09:34:00 AM UTC 2025: SP1 local server active
Fri Oct 24 09:35:00 AM UTC 2025: SP1 local server active
Fri Oct 24 09:36:00 AM UTC 2025: SP1 local server active
Fri Oct 24 09:37:00 AM UTC 2025: SP1 local server active
Fri Oct 24 09:38:00 AM UTC 2025: SP1 local server active
Fri Oct 24 09:39:00 AM UTC 2025: SP1 local server active
Fri Oct 24 09:40:00 AM UTC 2025: SP1 local server active
Fri Oct 24 09:41:00 AM UTC 2025: SP1 local server active
Fri Oct 24 09:42:00 AM UTC 2025: SP1 local server active
Fri Oct 24 09:43:00 AM UTC 2025: SP1 local server active
Fri Oct 24 09:44:00 AM UTC 2025: SP1 local server active
Fri Oct 24 09:45:00 AM UTC 2025: SP1 local server active
Fri Oct 24 09:46:00 AM UTC 2025: SP1 local server active
Fri Oct 24 09:47:00 AM UTC 2025: SP1 local server active
Fri Oct 24 09:48:00 AM UTC 2025: SP1 local server active
Fri Oct 24 09:49:00 AM UTC 2025: SP1 local server active
Fri Oct 24 09:50:00 AM UTC 2025: SP1 local server active
Fri Oct 24 09:51:00 AM UTC 2025: SP1 local server active
Fri Oct 24 09:52:00 AM UTC 2025: SP1 local server active
Fri Oct 24 09:53:00 AM UTC 2025: SP1 local server active
Fri Oct 24 09:54:00 AM UTC 2025: SP1 local server active
Fri Oct 24 09:55:00 AM UTC 2025: SP1 local server active
Fri Oct 24 09:56:00 AM UTC 2025: SP1 local server active
Fri Oct 24 09:57:00 AM UTC 2025: SP1 local server active
Fri Oct 24 09:58:00 AM UTC 2025: SP1 local server active
Fri Oct 24 09:59:00 AM UTC 2025: SP1 local server active
Fri Oct 24 10:00:00 AM UTC 2025: SP1 local server active
Fri Oct 24 10:01:00 AM UTC 2025: SP1 local server active
Fri Oct 24 10:02:00 AM UTC 2025: SP1 local server active
Fri Oct 24 10:03:00 AM UTC 2025: SP1 local server active
Fri Oct 24 10:04:00 AM UTC 2025: SP1 local server active
Fri Oct 24 10:05:00 AM UTC 2025: SP1 local server active
Fri Oct 24 10:06:00 AM UTC 2025: SP1 local server active
Fri Oct 24 10:07:00 AM UTC 2025: SP1 local server active
Fri Oct 24 10:08:00 AM UTC 2025: SP1 local server active
Fri Oct 24 10:09:00 AM UTC 2025: SP1 local server active
Fri Oct 24 10:10:00 AM UTC 2025: SP1 local server active
Fri Oct 24 10:11:00 AM UTC 2025: SP1 local server active
Fri Oct 24 10:12:00 AM UTC 2025: SP1 local server active
Fri Oct 24 10:13:00 AM UTC 2025: SP1 local server active
Fri Oct 24 10:14:00 AM UTC 2025: SP1 local server active
Fri Oct 24 10:15:00 AM UTC 2025: SP1 local server active
Fri Oct 24 10:16:00 AM UTC 2025: SP1 local server active
Fri Oct 24 10:17:00 AM UTC 2025: SP1 local server active
Fri Oct 24 10:18:00 AM UTC 2025: SP1 local server active
Fri Oct 24 10:19:00 AM UTC 2025: SP1 local server active
Fri Oct 24 10:20:00 AM UTC 2025: SP1 local server active
Fri Oct 24 10:21:00 AM UTC 2025: SP1 local server active
Fri Oct 24 10:22:00 AM UTC 2025: SP1 local server active
Fri Oct 24 10:23:00 AM UTC 2025: SP1 local server active
Fri Oct 24 10:24:00 AM UTC 2025: SP1 local server active
Fri Oct 24 10:25:00 AM UTC 2025: SP1 local server active
Fri Oct 24 10:26:00 AM UTC 2025: SP1 local server active
Fri Oct 24 10:27:00 AM UTC 2025: SP1 local server active
Fri Oct 24 10:28:00 AM UTC 2025: SP1 local server active
Fri Oct 24 10:29:00 AM UTC 2025: SP1 local server active
Fri Oct 24 10:30:00 AM UTC 2025: SP1 local server active
Fri Oct 24 10:31:00 AM UTC 2025: SP1 local server active
Fri Oct 24 10:32:00 AM UTC 2025: SP1 local server active
Fri Oct 24 10:33:00 AM UTC 2025: SP1 local server active
Fri Oct 24 10:34:00 AM UTC 2025: SP1 local server active
Fri Oct 24 10:35:00 AM UTC 2025: SP1 local server active
Fri Oct 24 10:36:00 AM UTC 2025: SP1 local server active
Fri Oct 24 10:37:00 AM UTC 2025: SP1 local server active
Fri Oct 24 10:38:00 AM UTC 2025: SP1 local server active
Fri Oct 24 10:39:00 AM UTC 2025: SP1 local server active
Fri Oct 24 10:40:00 AM UTC 2025: SP1 local server active
Fri Oct 24 10:41:00 AM UTC 2025: SP1 local server active
Fri Oct 24 10:42:00 AM UTC 2025: SP1 local server active
Fri Oct 24 10:43:00 AM UTC 2025: SP1 local server active
Fri Oct 24 10:44:00 AM UTC 2025: SP1 local server active
Fri Oct 24 10:45:00 AM UTC 2025: SP1 local server active
Fri Oct 24 10:46:00 AM UTC 2025: SP1 local server active
Fri Oct 24 10:47:00 AM UTC 2025: SP1 local server active
Fri Oct 24 10:48:00 AM UTC 2025: SP1 local server active
Fri Oct 24 10:49:00 AM UTC 2025: SP1 local server active
Fri Oct 24 10:50:00 AM UTC 2025: SP1 local server active
Fri Oct 24 10:51:00 AM UTC 2025: SP1 local server active
Fri Oct 24 10:52:00 AM UTC 2025: SP1 local server active
Fri Oct 24 10:53:00 AM UTC 2025: SP1 local server active
Fri Oct 24 10:54:00 AM UTC 2025: SP1 local server active
Fri Oct 24 10:55:00 AM UTC 2025: SP1 local server active
Fri Oct 24 10:56:00 AM UTC 2025: SP1 local server active
Fri Oct 24 10:57:00 AM UTC 2025: SP1 local server active
Fri Oct 24 10:58:00 AM UTC 2025: SP1 local server active
Fri Oct 24 10:59:00 AM UTC 2025: SP1 local server active
Fri Oct 24 11:00:00 AM UTC 2025: SP1 local server active
Fri Oct 24 11:01:00 AM UTC 2025: SP1 local server active
Fri Oct 24 11:02:00 AM UTC 2025: SP1 local server active
Fri Oct 24 11:03:00 AM UTC 2025: SP1 local server active
Fri Oct 24 11:04:00 AM UTC 2025: SP1 local server active
Fri Oct 24 11:05:00 AM UTC 2025: SP1 local server active
Fri Oct 24 11:06:00 AM UTC 2025: SP1 local server active
Fri Oct 24 11:07:00 AM UTC 2025: SP1 local server active
Fri Oct 24 11:08:00 AM UTC 2025: SP1 local server active
Fri Oct 24 11:09:00 AM UTC 2025: SP1 local server active
Fri Oct 24 11:10:01 AM UTC 2025: SP1 local server active
Fri Oct 24 11:11:01 AM UTC 2025: SP1 local server active
Fri Oct 24 11:12:01 AM UTC 2025: SP1 local server active
Fri Oct 24 11:13:01 AM UTC 2025: SP1 local server active
Fri Oct 24 11:14:01 AM UTC 2025: SP1 local server active
Fri Oct 24 11:15:01 AM UTC 2025: SP1 local server active
Fri Oct 24 11:16:01 AM UTC 2025: SP1 local server active
Fri Oct 24 11:17:01 AM UTC 2025: SP1 local server active
Fri Oct 24 11:18:01 AM UTC 2025: SP1 local server active
Fri Oct 24 11:19:01 AM UTC 2025: SP1 local server active
Fri Oct 24 11:20:01 AM UTC 2025: SP1 local server active
Fri Oct 24 11:21:01 AM UTC 2025: SP1 local server active
Fri Oct 24 11:22:01 AM UTC 2025: SP1 local server active
Fri Oct 24 11:23:01 AM UTC 2025: SP1 local server active
Fri Oct 24 11:24:01 AM UTC 2025: SP1 local server active
Fri Oct 24 11:25:01 AM UTC 2025: SP1 local server active
Fri Oct 24 11:26:01 AM UTC 2025: SP1 local server active
Fri Oct 24 11:27:01 AM UTC 2025: SP1 local server active
Fri Oct 24 11:28:01 AM UTC 2025: SP1 local server active
Fri Oct 24 11:29:01 AM UTC 2025: SP1 local server active
Fri Oct 24 11:30:01 AM UTC 2025: SP1 local server active
Fri Oct 24 11:31:01 AM UTC 2025: SP1 local server active
Fri Oct 24 11:32:01 AM UTC 2025: SP1 local server active
Fri Oct 24 11:33:01 AM UTC 2025: SP1 local server active
Fri Oct 24 11:34:01 AM UTC 2025: SP1 local server active
Fri Oct 24 11:35:01 AM UTC 2025: SP1 local server active
Fri Oct 24 11:36:01 AM UTC 2025: SP1 local server active
Fri Oct 24 11:37:01 AM UTC 2025: SP1 local server active
Fri Oct 24 11:38:01 AM UTC 2025: SP1 local server active
Fri Oct 24 11:39:01 AM UTC 2025: SP1 local server active
Fri Oct 24 11:40:01 AM UTC 2025: SP1 local server active
Fri Oct 24 11:41:01 AM UTC 2025: SP1 local server active
Fri Oct 24 11:42:01 AM UTC 2025: SP1 local server active
Fri Oct 24 11:43:01 AM UTC 2025: SP1 local server active
Fri Oct 24 11:44:01 AM UTC 2025: SP1 local server active
Fri Oct 24 11:45:01 AM UTC 2025: SP1 local server active
Fri Oct 24 11:46:01 AM UTC 2025: SP1 local server active
Fri Oct 24 11:47:01 AM UTC 2025: SP1 local server active
Fri Oct 24 11:48:01 AM UTC 2025: SP1 local server active
Fri Oct 24 11:49:01 AM UTC 2025: SP1 local server active
Fri Oct 24 11:50:01 AM UTC 2025: SP1 local server active
Fri Oct 24 11:51:01 AM UTC 2025: SP1 local server active
Fri Oct 24 11:52:01 AM UTC 2025: SP1 local server active
Fri Oct 24 11:53:01 AM UTC 2025: SP1 local server active
Fri Oct 24 11:54:01 AM UTC 2025: SP1 local server active
Fri Oct 24 11:55:01 AM UTC 2025: SP1 local server active
Fri Oct 24 11:56:01 AM UTC 2025: SP1 local server active
Fri Oct 24 11:57:01 AM UTC 2025: SP1 local server active
Fri Oct 24 11:58:01 AM UTC 2025: SP1 local server active
Fri Oct 24 11:59:01 AM UTC 2025: SP1 local server active
Fri Oct 24 12:00:01 PM UTC 2025: SP1 local server active
Fri Oct 24 12:01:01 PM UTC 2025: SP1 local server active
Fri Oct 24 12:02:01 PM UTC 2025: SP1 local server active
Fri Oct 24 12:03:01 PM UTC 2025: SP1 local server active
Fri Oct 24 12:04:01 PM UTC 2025: SP1 local server active
Fri Oct 24 12:05:01 PM UTC 2025: SP1 local server active
Fri Oct 24 12:06:01 PM UTC 2025: SP1 local server active
Fri Oct 24 12:07:01 PM UTC 2025: SP1 local server active
Fri Oct 24 12:08:01 PM UTC 2025: SP1 local server active
Fri Oct 24 12:09:01 PM UTC 2025: SP1 local server active
Fri Oct 24 12:10:01 PM UTC 2025: SP1 local server active
Fri Oct 24 12:11:01 PM UTC 2025: SP1 local server active
Fri Oct 24 12:12:01 PM UTC 2025: SP1 local server active
Fri Oct 24 12:13:01 PM UTC 2025: SP1 local server active
Fri Oct 24 12:14:01 PM UTC 2025: SP1 local server active
Fri Oct 24 12:15:01 PM UTC 2025: SP1 local server active
Fri Oct 24 12:16:01 PM UTC 2025: SP1 local server active
Fri Oct 24 12:17:01 PM UTC 2025: SP1 local server active
Fri Oct 24 12:18:01 PM UTC 2025: SP1 local server active
Fri Oct 24 12:19:01 PM UTC 2025: SP1 local server active
Fri Oct 24 12:20:01 PM UTC 2025: SP1 local server active
Fri Oct 24 12:21:01 PM UTC 2025: SP1 local server active
Fri Oct 24 12:22:01 PM UTC 2025: SP1 local server active
Fri Oct 24 12:23:01 PM UTC 2025: SP1 local server active
Fri Oct 24 12:24:01 PM UTC 2025: SP1 local server active
Fri Oct 24 12:25:01 PM UTC 2025: SP1 local server active
Fri Oct 24 12:26:01 PM UTC 2025: SP1 local server active
Fri Oct 24 12:27:01 PM UTC 2025: SP1 local server active
Fri Oct 24 12:28:01 PM UTC 2025: SP1 local server active
Fri Oct 24 12:29:01 PM UTC 2025: SP1 local server active
Fri Oct 24 12:30:01 PM UTC 2025: SP1 local server active
Fri Oct 24 12:31:01 PM UTC 2025: SP1 local server active
Fri Oct 24 12:32:01 PM UTC 2025: SP1 local server active
Fri Oct 24 12:33:01 PM UTC 2025: SP1 local server active
Fri Oct 24 12:34:01 PM UTC 2025: SP1 local server active
Fri Oct 24 12:35:01 PM UTC 2025: SP1 local server active
Fri Oct 24 12:36:01 PM UTC 2025: SP1 local server active
Fri Oct 24 12:37:01 PM UTC 2025: SP1 local server active
Fri Oct 24 12:38:01 PM UTC 2025: SP1 local server active
Fri Oct 24 12:39:01 PM UTC 2025: SP1 local server active
Fri Oct 24 12:40:01 PM UTC 2025: SP1 local server active
Fri Oct 24 12:41:01 PM UTC 2025: SP1 local server active
Fri Oct 24 12:42:01 PM UTC 2025: SP1 local server active
Fri Oct 24 12:43:01 PM UTC 2025: SP1 local server active
Fri Oct 24 12:44:01 PM UTC 2025: SP1 local server active
Fri Oct 24 12:45:01 PM UTC 2025: SP1 local server active
Fri Oct 24 12:46:01 PM UTC 2025: SP1 local server active
Fri Oct 24 12:47:01 PM UTC 2025: SP1 local server active
Fri Oct 24 12:48:01 PM UTC 2025: SP1 local server active
Fri Oct 24 12:49:01 PM UTC 2025: SP1 local server active
Fri Oct 24 12:50:01 PM UTC 2025: SP1 local server active
Fri Oct 24 12:51:01 PM UTC 2025: SP1 local server active
Fri Oct 24 12:52:02 PM UTC 2025: SP1 local server active
Fri Oct 24 12:53:02 PM UTC 2025: SP1 local server active
Fri Oct 24 12:54:02 PM UTC 2025: SP1 local server active
Fri Oct 24 12:55:02 PM UTC 2025: SP1 local server active
Fri Oct 24 12:56:02 PM UTC 2025: SP1 local server active
Fri Oct 24 12:57:02 PM UTC 2025: SP1 local server active
Fri Oct 24 12:58:02 PM UTC 2025: SP1 local server active
Fri Oct 24 12:59:02 PM UTC 2025: SP1 local server active
Fri Oct 24 01:00:02 PM UTC 2025: SP1 local server active
Fri Oct 24 01:01:02 PM UTC 2025: SP1 local server active
Fri Oct 24 01:02:02 PM UTC 2025: SP1 local server active
Fri Oct 24 01:03:02 PM UTC 2025: SP1 local server active
Fri Oct 24 01:04:02 PM UTC 2025: SP1 local server active
Fri Oct 24 01:05:02 PM UTC 2025: SP1 local server active
Fri Oct 24 01:06:02 PM UTC 2025: SP1 local server active
Fri Oct 24 01:07:02 PM UTC 2025: SP1 local server active
Fri Oct 24 01:08:02 PM UTC 2025: SP1 local server active
Fri Oct 24 01:09:02 PM UTC 2025: SP1 local server active
Fri Oct 24 01:10:02 PM UTC 2025: SP1 local server active
Fri Oct 24 01:11:02 PM UTC 2025: SP1 local server active
Fri Oct 24 01:12:02 PM UTC 2025: SP1 local server active
Fri Oct 24 01:13:02 PM UTC 2025: SP1 local server active
Fri Oct 24 01:14:02 PM UTC 2025: SP1 local server active
Fri Oct 24 01:15:02 PM UTC 2025: SP1 local server active
Fri Oct 24 01:16:02 PM UTC 2025: SP1 local server active
Fri Oct 24 01:17:02 PM UTC 2025: SP1 local server active
Fri Oct 24 01:18:02 PM UTC 2025: SP1 local server active
Fri Oct 24 01:19:02 PM UTC 2025: SP1 local server active
Fri Oct 24 01:20:02 PM UTC 2025: SP1 local server active
Fri Oct 24 01:21:02 PM UTC 2025: SP1 local server active
Fri Oct 24 01:22:02 PM UTC 2025: SP1 local server active
Fri Oct 24 01:23:02 PM UTC 2025: SP1 local server active
Fri Oct 24 01:24:02 PM UTC 2025: SP1 local server active
Fri Oct 24 01:25:02 PM UTC 2025: SP1 local server active
Fri Oct 24 01:26:02 PM UTC 2025: SP1 local server active
Fri Oct 24 01:27:02 PM UTC 2025: SP1 local server active
Fri Oct 24 01:28:02 PM UTC 2025: SP1 local server active
Fri Oct 24 01:29:02 PM UTC 2025: SP1 local server active
Fri Oct 24 01:30:02 PM UTC 2025: SP1 local server active
Fri Oct 24 01:31:02 PM UTC 2025: SP1 local server active
Fri Oct 24 01:32:02 PM UTC 2025: SP1 local server active
Fri Oct 24 01:33:02 PM UTC 2025: SP1 local server active
Fri Oct 24 01:34:02 PM UTC 2025: SP1 local server active
Fri Oct 24 01:35:02 PM UTC 2025: SP1 local server active
Fri Oct 24 01:36:02 PM UTC 2025: SP1 local server active
Fri Oct 24 01:37:02 PM UTC 2025: SP1 local server active
Fri Oct 24 01:38:02 PM UTC 2025: SP1 local server active
Fri Oct 24 01:39:02 PM UTC 2025: SP1 local server active
Fri Oct 24 01:40:02 PM UTC 2025: SP1 local server active
Fri Oct 24 01:41:02 PM UTC 2025: SP1 local server active
Fri Oct 24 01:42:02 PM UTC 2025: SP1 local server active
Fri Oct 24 01:43:02 PM UTC 2025: SP1 local server active
Fri Oct 24 01:44:02 PM UTC 2025: SP1 local server active
Fri Oct 24 01:45:02 PM UTC 2025: SP1 local server active
Fri Oct 24 01:46:02 PM UTC 2025: SP1 local server active
Fri Oct 24 01:47:02 PM UTC 2025: SP1 local server active
Fri Oct 24 01:48:02 PM UTC 2025: SP1 local server active
Fri Oct 24 01:49:02 PM UTC 2025: SP1 local server active
Fri Oct 24 01:50:02 PM UTC 2025: SP1 local server active
Fri Oct 24 01:51:02 PM UTC 2025: SP1 local server active
Fri Oct 24 01:52:02 PM UTC 2025: SP1 local server active
Fri Oct 24 01:53:02 PM UTC 2025: SP1 local server active
Fri Oct 24 01:54:02 PM UTC 2025: SP1 local server active
Fri Oct 24 01:55:02 PM UTC 2025: SP1 local server active
Fri Oct 24 01:56:02 PM UTC 2025: SP1 local server active
Fri Oct 24 01:57:02 PM UTC 2025: SP1 local server active
Fri Oct 24 01:58:02 PM UTC 2025: SP1 local server active
Fri Oct 24 01:59:02 PM UTC 2025: SP1 local server active
Fri Oct 24 02:00:02 PM UTC 2025: SP1 local server active
Fri Oct 24 02:01:02 PM UTC 2025: SP1 local server active
Fri Oct 24 02:02:02 PM UTC 2025: SP1 local server active
Fri Oct 24 02:03:02 PM UTC 2025: SP1 local server active
Fri Oct 24 02:04:02 PM UTC 2025: SP1 local server active
Fri Oct 24 02:05:02 PM UTC 2025: SP1 local server active
Fri Oct 24 02:06:02 PM UTC 2025: SP1 local server active
Fri Oct 24 02:07:02 PM UTC 2025: SP1 local server active
Fri Oct 24 02:08:02 PM UTC 2025: SP1 local server active
Fri Oct 24 02:09:02 PM UTC 2025: SP1 local server active
Fri Oct 24 02:10:02 PM UTC 2025: SP1 local server active
Fri Oct 24 02:11:02 PM UTC 2025: SP1 local server active
Fri Oct 24 02:12:02 PM UTC 2025: SP1 local server active
Fri Oct 24 02:13:02 PM UTC 2025: SP1 local server active
Fri Oct 24 02:14:02 PM UTC 2025: SP1 local server active
Fri Oct 24 02:15:02 PM UTC 2025: SP1 local server active
Fri Oct 24 02:16:02 PM UTC 2025: SP1 local server active
Fri Oct 24 02:17:02 PM UTC 2025: SP1 local server active
Fri Oct 24 02:18:02 PM UTC 2025: SP1 local server active
Fri Oct 24 02:19:02 PM UTC 2025: SP1 local server active
Fri Oct 24 02:20:02 PM UTC 2025: SP1 local server active
Fri Oct 24 02:21:02 PM UTC 2025: SP1 local server active
Fri Oct 24 02:22:02 PM UTC 2025: SP1 local server active
Fri Oct 24 02:23:02 PM UTC 2025: SP1 local server active
Fri Oct 24 02:24:02 PM UTC 2025: SP1 local server active
Fri Oct 24 02:25:02 PM UTC 2025: SP1 local server active
Fri Oct 24 02:26:02 PM UTC 2025: SP1 local server active
Fri Oct 24 02:27:02 PM UTC 2025: SP1 local server active
Fri Oct 24 02:28:02 PM UTC 2025: SP1 local server active
Fri Oct 24 02:29:02 PM UTC 2025: SP1 local server active
Fri Oct 24 02:30:03 PM UTC 2025: SP1 local server active
Fri Oct 24 02:31:03 PM UTC 2025: SP1 local server active
Fri Oct 24 02:32:03 PM UTC 2025: SP1 local server active
Fri Oct 24 02:33:03 PM UTC 2025: SP1 local server active
Fri Oct 24 02:34:03 PM UTC 2025: SP1 local server active
Fri Oct 24 02:35:03 PM UTC 2025: SP1 local server active
Fri Oct 24 02:36:03 PM UTC 2025: SP1 local server active
Fri Oct 24 02:37:03 PM UTC 2025: SP1 local server active
Fri Oct 24 02:38:03 PM UTC 2025: SP1 local server active
Fri Oct 24 02:39:03 PM UTC 2025: SP1 local server active
Fri Oct 24 02:40:03 PM UTC 2025: SP1 local server active
Fri Oct 24 02:41:03 PM UTC 2025: SP1 local server active
Fri Oct 24 02:42:03 PM UTC 2025: SP1 local server active
Fri Oct 24 02:43:03 PM UTC 2025: SP1 local server active
Fri Oct 24 02:44:03 PM UTC 2025: SP1 local server active
Fri Oct 24 02:45:03 PM UTC 2025: SP1 local server active
Fri Oct 24 02:46:03 PM UTC 2025: SP1 local server active
Fri Oct 24 02:47:03 PM UTC 2025: SP1 local server active
Fri Oct 24 02:48:03 PM UTC 2025: SP1 local server active
Fri Oct 24 02:49:03 PM UTC 2025: SP1 local server active
Fri Oct 24 02:50:03 PM UTC 2025: SP1 local server active
Fri Oct 24 02:51:03 PM UTC 2025: SP1 local server active
Fri Oct 24 02:52:03 PM UTC 2025: SP1 local server active
Fri Oct 24 02:53:03 PM UTC 2025: SP1 local server active
Fri Oct 24 02:54:03 PM UTC 2025: SP1 local server active
Fri Oct 24 02:55:03 PM UTC 2025: SP1 local server active
Fri Oct 24 02:56:03 PM UTC 2025: SP1 local server active
Fri Oct 24 02:57:03 PM UTC 2025: SP1 local server active
Fri Oct 24 02:58:03 PM UTC 2025: SP1 local server active
Fri Oct 24 02:59:03 PM UTC 2025: SP1 local server active
Fri Oct 24 03:00:03 PM UTC 2025: SP1 local server active
Fri Oct 24 03:01:03 PM UTC 2025: SP1 local server active
Fri Oct 24 03:02:03 PM UTC 2025: SP1 local server active
Fri Oct 24 03:03:03 PM UTC 2025: SP1 local server active
Fri Oct 24 03:04:03 PM UTC 2025: SP1 local server active
Fri Oct 24 03:05:03 PM UTC 2025: SP1 local server active
Fri Oct 24 03:06:03 PM UTC 2025: SP1 local server active
Fri Oct 24 03:07:03 PM UTC 2025: SP1 local server active
Fri Oct 24 03:08:03 PM UTC 2025: SP1 local server active
Fri Oct 24 03:09:03 PM UTC 2025: SP1 local server active
Fri Oct 24 03:10:03 PM UTC 2025: SP1 local server active
Fri Oct 24 03:11:03 PM UTC 2025: SP1 local server active
Fri Oct 24 03:12:03 PM UTC 2025: SP1 local server active
Fri Oct 24 03:13:03 PM UTC 2025: SP1 local server active
Fri Oct 24 03:14:03 PM UTC 2025: SP1 local server active
Fri Oct 24 03:15:03 PM UTC 2025: SP1 local server active
Fri Oct 24 03:16:03 PM UTC 2025: SP1 local server active
Fri Oct 24 03:17:03 PM UTC 2025: SP1 local server active
Fri Oct 24 03:18:03 PM UTC 2025: SP1 local server active
Fri Oct 24 03:19:03 PM UTC 2025: SP1 local server active
Fri Oct 24 03:20:03 PM UTC 2025: SP1 local server active
Fri Oct 24 03:21:03 PM UTC 2025: SP1 local server active
Fri Oct 24 03:22:03 PM UTC 2025: SP1 local server active
Fri Oct 24 03:23:03 PM UTC 2025: SP1 local server active
Fri Oct 24 03:24:03 PM UTC 2025: SP1 local server active
Fri Oct 24 03:25:03 PM UTC 2025: SP1 local server active
Fri Oct 24 03:26:03 PM UTC 2025: SP1 local server active
Fri Oct 24 03:27:03 PM UTC 2025: SP1 local server active
Fri Oct 24 03:28:03 PM UTC 2025: SP1 local server active
Fri Oct 24 03:29:03 PM UTC 2025: SP1 local server active
Fri Oct 24 03:30:03 PM UTC 2025: SP1 local server active
Fri Oct 24 03:31:03 PM UTC 2025: SP1 local server active
Fri Oct 24 03:32:03 PM UTC 2025: SP1 local server active
Fri Oct 24 03:33:03 PM UTC 2025: SP1 local server active
Fri Oct 24 03:34:03 PM UTC 2025: SP1 local server active
Fri Oct 24 03:35:03 PM UTC 2025: SP1 local server active
Fri Oct 24 03:36:03 PM UTC 2025: SP1 local server active
Fri Oct 24 03:37:03 PM UTC 2025: SP1 local server active
Fri Oct 24 03:38:03 PM UTC 2025: SP1 local server active
Fri Oct 24 03:39:03 PM UTC 2025: SP1 local server active
Fri Oct 24 03:40:03 PM UTC 2025: SP1 local server active
Fri Oct 24 03:41:03 PM UTC 2025: SP1 local server active
Fri Oct 24 03:42:03 PM UTC 2025: SP1 local server active
Fri Oct 24 03:43:03 PM UTC 2025: SP1 local server active
Fri Oct 24 03:44:03 PM UTC 2025: SP1 local server active
Fri Oct 24 03:45:04 PM UTC 2025: SP1 local server active
Fri Oct 24 03:46:04 PM UTC 2025: SP1 local server active
Fri Oct 24 03:47:04 PM UTC 2025: SP1 local server active
Fri Oct 24 03:48:04 PM UTC 2025: SP1 local server active
Fri Oct 24 03:49:04 PM UTC 2025: SP1 local server active
Fri Oct 24 03:50:04 PM UTC 2025: SP1 local server active
Fri Oct 24 03:51:04 PM UTC 2025: SP1 local server active
Fri Oct 24 03:52:04 PM UTC 2025: SP1 local server active
Fri Oct 24 03:53:04 PM UTC 2025: SP1 local server active
Fri Oct 24 03:54:04 PM UTC 2025: SP1 local server active
Fri Oct 24 03:55:04 PM UTC 2025: SP1 local server active
Fri Oct 24 03:56:04 PM UTC 2025: SP1 local server active
Fri Oct 24 03:57:04 PM UTC 2025: SP1 local server active
Fri Oct 24 03:58:04 PM UTC 2025: SP1 local server active
Fri Oct 24 03:59:04 PM UTC 2025: SP1 local server active
Fri Oct 24 04:00:04 PM UTC 2025: SP1 local server active
Fri Oct 24 04:01:04 PM UTC 2025: SP1 local server active
Fri Oct 24 04:02:04 PM UTC 2025: SP1 local server active
Fri Oct 24 04:03:04 PM UTC 2025: SP1 local server active
Fri Oct 24 04:04:04 PM UTC 2025: SP1 local server active
Fri Oct 24 04:05:04 PM UTC 2025: SP1 local server active
Fri Oct 24 04:06:04 PM UTC 2025: SP1 local server active
Fri Oct 24 04:07:04 PM UTC 2025: SP1 local server active
Fri Oct 24 04:08:04 PM UTC 2025: SP1 local server active
Fri Oct 24 04:09:04 PM UTC 2025: SP1 local server active
Fri Oct 24 04:10:04 PM UTC 2025: SP1 local server active
Fri Oct 24 04:11:04 PM UTC 2025: SP1 local server active
Fri Oct 24 04:12:04 PM UTC 2025: SP1 local server active
Fri Oct 24 04:13:04 PM UTC 2025: SP1 local server active
Fri Oct 24 04:14:04 PM UTC 2025: SP1 local server active
Fri Oct 24 04:15:04 PM UTC 2025: SP1 local server active
Fri Oct 24 04:16:04 PM UTC 2025: SP1 local server active
Fri Oct 24 04:17:04 PM UTC 2025: SP1 local server active
Fri Oct 24 04:18:04 PM UTC 2025: SP1 local server active
Fri Oct 24 04:19:04 PM UTC 2025: SP1 local server active
Fri Oct 24 04:20:04 PM UTC 2025: SP1 local server active
Fri Oct 24 04:21:04 PM UTC 2025: SP1 local server active
Fri Oct 24 04:22:04 PM UTC 2025: SP1 local server active
Fri Oct 24 04:23:04 PM UTC 2025: SP1 local server active
Fri Oct 24 04:24:04 PM UTC 2025: SP1 local server active
Fri Oct 24 04:25:04 PM UTC 2025: SP1 local server active
Fri Oct 24 04:26:04 PM UTC 2025: SP1 local server active
Fri Oct 24 04:27:04 PM UTC 2025: SP1 local server active
Fri Oct 24 04:28:04 PM UTC 2025: SP1 local server active
Fri Oct 24 04:29:04 PM UTC 2025: SP1 local server active
Fri Oct 24 04:30:04 PM UTC 2025: SP1 local server active
Fri Oct 24 04:31:04 PM UTC 2025: SP1 local server active
Fri Oct 24 04:32:04 PM UTC 2025: SP1 local server active
Fri Oct 24 04:33:04 PM UTC 2025: SP1 local server active
Fri Oct 24 04:34:04 PM UTC 2025: SP1 local server active
Fri Oct 24 04:35:04 PM UTC 2025: SP1 local server active
Fri Oct 24 04:36:04 PM UTC 2025: SP1 local server active
Fri Oct 24 04:37:04 PM UTC 2025: SP1 local server active
Fri Oct 24 04:38:04 PM UTC 2025: SP1 local server active
Fri Oct 24 04:39:04 PM UTC 2025: SP1 local server active
Fri Oct 24 04:40:04 PM UTC 2025: SP1 local server active
Fri Oct 24 04:41:04 PM UTC 2025: SP1 local server active
Fri Oct 24 04:42:04 PM UTC 2025: SP1 local server active
Fri Oct 24 04:43:04 PM UTC 2025: SP1 local server active
Fri Oct 24 04:44:04 PM UTC 2025: SP1 local server active
Fri Oct 24 04:45:04 PM UTC 2025: SP1 local server active
Fri Oct 24 04:46:04 PM UTC 2025: SP1 local server active
Fri Oct 24 04:47:04 PM UTC 2025: SP1 local server active
Fri Oct 24 04:48:04 PM UTC 2025: SP1 local server active
Fri Oct 24 04:49:04 PM UTC 2025: SP1 local server active
Fri Oct 24 04:50:04 PM UTC 2025: SP1 local server active
Fri Oct 24 04:51:04 PM UTC 2025: SP1 local server active
Fri Oct 24 04:52:04 PM UTC 2025: SP1 local server active
Fri Oct 24 04:53:04 PM UTC 2025: SP1 local server active
Fri Oct 24 04:54:04 PM UTC 2025: SP1 local server active
Fri Oct 24 04:55:04 PM UTC 2025: SP1 local server active
Fri Oct 24 04:56:04 PM UTC 2025: SP1 local server active
Fri Oct 24 04:57:04 PM UTC 2025: SP1 local server active
Fri Oct 24 04:58:05 PM UTC 2025: SP1 local server active
Fri Oct 24 04:59:05 PM UTC 2025: SP1 local server active
Fri Oct 24 05:00:05 PM UTC 2025: SP1 local server active
Fri Oct 24 05:01:05 PM UTC 2025: SP1 local server active
Fri Oct 24 05:02:05 PM UTC 2025: SP1 local server active
Fri Oct 24 05:03:05 PM UTC 2025: SP1 local server active
Fri Oct 24 05:04:05 PM UTC 2025: SP1 local server active
Fri Oct 24 05:05:05 PM UTC 2025: SP1 local server active
Fri Oct 24 05:06:05 PM UTC 2025: SP1 local server active
Fri Oct 24 05:07:05 PM UTC 2025: SP1 local server active
Fri Oct 24 05:08:05 PM UTC 2025: SP1 local server active
Fri Oct 24 05:09:05 PM UTC 2025: SP1 local server active
Fri Oct 24 05:10:05 PM UTC 2025: SP1 local server active
Fri Oct 24 05:11:05 PM UTC 2025: SP1 local server active
Fri Oct 24 05:12:05 PM UTC 2025: SP1 local server active
Fri Oct 24 05:13:05 PM UTC 2025: SP1 local server active
Fri Oct 24 05:14:05 PM UTC 2025: SP1 local server active
Fri Oct 24 05:15:05 PM UTC 2025: SP1 local server active
Fri Oct 24 05:16:05 PM UTC 2025: SP1 local server active
Fri Oct 24 05:17:05 PM UTC 2025: SP1 local server active
Fri Oct 24 05:18:05 PM UTC 2025: SP1 local server active
Fri Oct 24 05:19:05 PM UTC 2025: SP1 local server active
Fri Oct 24 05:20:05 PM UTC 2025: SP1 local server active
Fri Oct 24 05:21:05 PM UTC 2025: SP1 local server active
Fri Oct 24 05:22:05 PM UTC 2025: SP1 local server active
Fri Oct 24 05:23:05 PM UTC 2025: SP1 local server active
Fri Oct 24 05:24:05 PM UTC 2025: SP1 local server active
Fri Oct 24 05:25:05 PM UTC 2025: SP1 local server active
Fri Oct 24 05:26:05 PM UTC 2025: SP1 local server active
Fri Oct 24 05:27:05 PM UTC 2025: SP1 local server active
Fri Oct 24 05:28:05 PM UTC 2025: SP1 local server active
Fri Oct 24 05:29:05 PM UTC 2025: SP1 local server active
Fri Oct 24 05:30:05 PM UTC 2025: SP1 local server active
Fri Oct 24 05:31:05 PM UTC 2025: SP1 local server active
Fri Oct 24 05:32:05 PM UTC 2025: SP1 local server active
Fri Oct 24 05:33:05 PM UTC 2025: SP1 local server active
Fri Oct 24 05:34:05 PM UTC 2025: SP1 local server active
Fri Oct 24 05:35:05 PM UTC 2025: SP1 local server active
Fri Oct 24 05:36:05 PM UTC 2025: SP1 local server active
Fri Oct 24 05:37:05 PM UTC 2025: SP1 local server active
Fri Oct 24 05:38:05 PM UTC 2025: SP1 local server active
Fri Oct 24 05:39:05 PM UTC 2025: SP1 local server active
Fri Oct 24 05:40:05 PM UTC 2025: SP1 local server active
Fri Oct 24 05:41:05 PM UTC 2025: SP1 local server active
Fri Oct 24 05:42:05 PM UTC 2025: SP1 local server active
Fri Oct 24 05:43:05 PM UTC 2025: SP1 local server active
Fri Oct 24 05:44:05 PM UTC 2025: SP1 local server active
Fri Oct 24 05:45:05 PM UTC 2025: SP1 local server active
Fri Oct 24 05:46:05 PM UTC 2025: SP1 local server active
Fri Oct 24 05:47:05 PM UTC 2025: SP1 local server active
Fri Oct 24 05:48:05 PM UTC 2025: SP1 local server active
Fri Oct 24 05:49:05 PM UTC 2025: SP1 local server active
Fri Oct 24 05:50:05 PM UTC 2025: SP1 local server active
Fri Oct 24 05:51:05 PM UTC 2025: SP1 local server active
Fri Oct 24 05:52:05 PM UTC 2025: SP1 local server active
Fri Oct 24 05:53:05 PM UTC 2025: SP1 local server active
Fri Oct 24 05:54:05 PM UTC 2025: SP1 local server active
Fri Oct 24 05:55:05 PM UTC 2025: SP1 local server active
Fri Oct 24 05:56:05 PM UTC 2025: SP1 local server active
Fri Oct 24 05:57:05 PM UTC 2025: SP1 local server active
Fri Oct 24 05:58:05 PM UTC 2025: SP1 local server active
Fri Oct 24 05:59:05 PM UTC 2025: SP1 local server active
Fri Oct 24 06:00:05 PM UTC 2025: SP1 local server active
Fri Oct 24 06:01:05 PM UTC 2025: SP1 local server active
Fri Oct 24 06:02:05 PM UTC 2025: SP1 local server active
Fri Oct 24 06:03:05 PM UTC 2025: SP1 local server active
Fri Oct 24 06:04:05 PM UTC 2025: SP1 local server active
Fri Oct 24 06:05:05 PM UTC 2025: SP1 local server active
Fri Oct 24 06:06:05 PM UTC 2025: SP1 local server active
Fri Oct 24 06:07:05 PM UTC 2025: SP1 local server active
Fri Oct 24 06:08:05 PM UTC 2025: SP1 local server active
Fri Oct 24 06:09:05 PM UTC 2025: SP1 local server active
Fri Oct 24 06:10:05 PM UTC 2025: SP1 local server active
Fri Oct 24 06:11:05 PM UTC 2025: SP1 local server active
Fri Oct 24 06:12:05 PM UTC 2025: SP1 local server active
Fri Oct 24 06:13:05 PM UTC 2025: SP1 local server active
Fri Oct 24 06:14:05 PM UTC 2025: SP1 local server active
Fri Oct 24 06:15:05 PM UTC 2025: SP1 local server active
Fri Oct 24 06:16:05 PM UTC 2025: SP1 local server active
Fri Oct 24 06:17:05 PM UTC 2025: SP1 local server active
Fri Oct 24 06:18:05 PM UTC 2025: SP1 local server active
Fri Oct 24 06:19:05 PM UTC 2025: SP1 local server active
Fri Oct 24 06:20:05 PM UTC 2025: SP1 local server active
Fri Oct 24 06:21:05 PM UTC 2025: SP1 local server active
Fri Oct 24 06:22:05 PM UTC 2025: SP1 local server active
Fri Oct 24 06:23:05 PM UTC 2025: SP1 local server active
Fri Oct 24 06:24:05 PM UTC 2025: SP1 local server active
Fri Oct 24 06:25:05 PM UTC 2025: SP1 local server active
Fri Oct 24 06:26:05 PM UTC 2025: SP1 local server active
Fri Oct 24 06:27:05 PM UTC 2025: SP1 local server active
Fri Oct 24 06:28:05 PM UTC 2025: SP1 local server active
Fri Oct 24 06:29:05 PM UTC 2025: SP1 local server active
Fri Oct 24 06:30:05 PM UTC 2025: SP1 local server active
Fri Oct 24 06:31:05 PM UTC 2025: SP1 local server active
Fri Oct 24 06:32:05 PM UTC 2025: SP1 local server active
Fri Oct 24 06:33:05 PM UTC 2025: SP1 local server active
Fri Oct 24 06:34:05 PM UTC 2025: SP1 local server active
Fri Oct 24 06:35:05 PM UTC 2025: SP1 local server active
Fri Oct 24 06:36:06 PM UTC 2025: SP1 local server active
Fri Oct 24 06:37:06 PM UTC 2025: SP1 local server active
Fri Oct 24 06:38:06 PM UTC 2025: SP1 local server active
Fri Oct 24 06:39:06 PM UTC 2025: SP1 local server active
Fri Oct 24 06:40:06 PM UTC 2025: SP1 local server active
Fri Oct 24 06:41:06 PM UTC 2025: SP1 local server active
Fri Oct 24 06:42:06 PM UTC 2025: SP1 local server active
Fri Oct 24 06:43:06 PM UTC 2025: SP1 local server active
Fri Oct 24 06:44:06 PM UTC 2025: SP1 local server active
Fri Oct 24 06:45:06 PM UTC 2025: SP1 local server active
Fri Oct 24 06:46:06 PM UTC 2025: SP1 local server active
Fri Oct 24 06:47:06 PM UTC 2025: SP1 local server active
Fri Oct 24 06:48:06 PM UTC 2025: SP1 local server active
Fri Oct 24 06:49:06 PM UTC 2025: SP1 local server active
Fri Oct 24 06:50:06 PM UTC 2025: SP1 local server active
Fri Oct 24 06:51:06 PM UTC 2025: SP1 local server active
Fri Oct 24 06:52:06 PM UTC 2025: SP1 local server active
Fri Oct 24 06:53:06 PM UTC 2025: SP1 local server active
Fri Oct 24 06:54:06 PM UTC 2025: SP1 local server active
Fri Oct 24 06:55:06 PM UTC 2025: SP1 local server active
Fri Oct 24 06:56:06 PM UTC 2025: SP1 local server active
Fri Oct 24 06:57:06 PM UTC 2025: SP1 local server active
Fri Oct 24 06:58:06 PM UTC 2025: SP1 local server active
Fri Oct 24 06:59:06 PM UTC 2025: SP1 local server active
Fri Oct 24 07:00:06 PM UTC 2025: SP1 local server active
Fri Oct 24 07:01:06 PM UTC 2025: SP1 local server active
Fri Oct 24 07:02:06 PM UTC 2025: SP1 local server active
Fri Oct 24 07:03:06 PM UTC 2025: SP1 local server active
Fri Oct 24 07:04:06 PM UTC 2025: SP1 local server active
Fri Oct 24 07:05:06 PM UTC 2025: SP1 local server active
Fri Oct 24 07:06:06 PM UTC 2025: SP1 local server active
Fri Oct 24 07:07:06 PM UTC 2025: SP1 local server active
Fri Oct 24 07:08:06 PM UTC 2025: SP1 local server active
Fri Oct 24 07:09:06 PM UTC 2025: SP1 local server active
Fri Oct 24 07:10:06 PM UTC 2025: SP1 local server active
Fri Oct 24 07:11:06 PM UTC 2025: SP1 local server active
Fri Oct 24 07:12:06 PM UTC 2025: SP1 local server active
Fri Oct 24 07:13:06 PM UTC 2025: SP1 local server active
Fri Oct 24 07:14:06 PM UTC 2025: SP1 local server active
Fri Oct 24 07:15:06 PM UTC 2025: SP1 local server active
Fri Oct 24 07:16:06 PM UTC 2025: SP1 local server active
Fri Oct 24 07:17:06 PM UTC 2025: SP1 local server active
Fri Oct 24 07:18:06 PM UTC 2025: SP1 local server active
Fri Oct 24 07:19:06 PM UTC 2025: SP1 local server active
Fri Oct 24 07:20:06 PM UTC 2025: SP1 local server active
Fri Oct 24 07:21:06 PM UTC 2025: SP1 local server active
Fri Oct 24 07:22:06 PM UTC 2025: SP1 local server active
Fri Oct 24 07:23:06 PM UTC 2025: SP1 local server active
Fri Oct 24 07:24:06 PM UTC 2025: SP1 local server active
Fri Oct 24 07:25:06 PM UTC 2025: SP1 local server active
Fri Oct 24 07:26:06 PM UTC 2025: SP1 local server active
Fri Oct 24 07:27:06 PM UTC 2025: SP1 local server active
Fri Oct 24 07:28:06 PM UTC 2025: SP1 local server active
Fri Oct 24 07:29:06 PM UTC 2025: SP1 local server active
Fri Oct 24 07:30:06 PM UTC 2025: SP1 local server active
Fri Oct 24 07:31:06 PM UTC 2025: SP1 local server active
Fri Oct 24 07:32:06 PM UTC 2025: SP1 local server active
Fri Oct 24 07:33:06 PM UTC 2025: SP1 local server active
Fri Oct 24 07:34:06 PM UTC 2025: SP1 local server active
Fri Oct 24 07:35:06 PM UTC 2025: SP1 local server active
Fri Oct 24 07:36:06 PM UTC 2025: SP1 local server active
Fri Oct 24 07:37:06 PM UTC 2025: SP1 local server active
Fri Oct 24 07:38:06 PM UTC 2025: SP1 local server active
Fri Oct 24 07:39:06 PM UTC 2025: SP1 local server active
Fri Oct 24 07:40:06 PM UTC 2025: SP1 local server active
Fri Oct 24 07:41:06 PM UTC 2025: SP1 local server active
Fri Oct 24 07:42:06 PM UTC 2025: SP1 local server active
Fri Oct 24 07:43:06 PM UTC 2025: SP1 local server active
Fri Oct 24 07:44:06 PM UTC 2025: SP1 local server active
Fri Oct 24 07:45:06 PM UTC 2025: SP1 local server active
Fri Oct 24 07:46:06 PM UTC 2025: SP1 local server active
Fri Oct 24 07:47:06 PM UTC 2025: SP1 local server active
Fri Oct 24 07:48:06 PM UTC 2025: SP1 local server active
Fri Oct 24 07:49:06 PM UTC 2025: SP1 local server active
Fri Oct 24 07:50:06 PM UTC 2025: SP1 local server active
Fri Oct 24 07:51:06 PM UTC 2025: SP1 local server active
Fri Oct 24 07:52:06 PM UTC 2025: SP1 local server active
Fri Oct 24 07:53:06 PM UTC 2025: SP1 local server active
Fri Oct 24 07:54:06 PM UTC 2025: SP1 local server active
Fri Oct 24 07:55:06 PM UTC 2025: SP1 local server active
Fri Oct 24 07:56:06 PM UTC 2025: SP1 local server active
Fri Oct 24 07:57:06 PM UTC 2025: SP1 local server active
Fri Oct 24 07:58:06 PM UTC 2025: SP1 local server active
Fri Oct 24 07:59:06 PM UTC 2025: SP1 local server active
Fri Oct 24 08:00:06 PM UTC 2025: SP1 local server active
Fri Oct 24 08:01:06 PM UTC 2025: SP1 local server active
Fri Oct 24 08:02:06 PM UTC 2025: SP1 local server active
Fri Oct 24 08:03:06 PM UTC 2025: SP1 local server active
Fri Oct 24 08:04:06 PM UTC 2025: SP1 local server active
Fri Oct 24 08:05:06 PM UTC 2025: SP1 local server active
Fri Oct 24 08:06:06 PM UTC 2025: SP1 local server active
Fri Oct 24 08:07:06 PM UTC 2025: SP1 local server active
Fri Oct 24 08:08:06 PM UTC 2025: SP1 local server active
Fri Oct 24 08:09:06 PM UTC 2025: SP1 local server active
Fri Oct 24 08:10:06 PM UTC 2025: SP1 local server active
Fri Oct 24 08:11:06 PM UTC 2025: SP1 local server active
Fri Oct 24 08:12:06 PM UTC 2025: SP1 local server active
Fri Oct 24 08:13:06 PM UTC 2025: SP1 local server active
Fri Oct 24 08:14:06 PM UTC 2025: SP1 local server active
Fri Oct 24 08:15:06 PM UTC 2025: SP1 local server active
Fri Oct 24 08:16:07 PM UTC 2025: SP1 local server active
Fri Oct 24 08:17:07 PM UTC 2025: SP1 local server active
Fri Oct 24 08:18:07 PM UTC 2025: SP1 local server active
Fri Oct 24 08:19:07 PM UTC 2025: SP1 local server active
Fri Oct 24 08:20:07 PM UTC 2025: SP1 local server active
Fri Oct 24 08:21:07 PM UTC 2025: SP1 local server active
Fri Oct 24 08:22:07 PM UTC 2025: SP1 local server active
Fri Oct 24 08:23:07 PM UTC 2025: SP1 local server active
Fri Oct 24 08:24:07 PM UTC 2025: SP1 local server active
Fri Oct 24 08:25:07 PM UTC 2025: SP1 local server active
Fri Oct 24 08:26:07 PM UTC 2025: SP1 local server active
Fri Oct 24 08:27:07 PM UTC 2025: SP1 local server active
Fri Oct 24 08:28:07 PM UTC 2025: SP1 local server active
Fri Oct 24 08:29:07 PM UTC 2025: SP1 local server active
Fri Oct 24 08:30:07 PM UTC 2025: SP1 local server active
Fri Oct 24 08:31:07 PM UTC 2025: SP1 local server active
Fri Oct 24 08:32:07 PM UTC 2025: SP1 local server active
Fri Oct 24 08:33:07 PM UTC 2025: SP1 local server active
Fri Oct 24 08:34:07 PM UTC 2025: SP1 local server active
Fri Oct 24 08:35:07 PM UTC 2025: SP1 local server active
Fri Oct 24 08:36:07 PM UTC 2025: SP1 local server active
Fri Oct 24 08:37:07 PM UTC 2025: SP1 local server active
Fri Oct 24 08:38:07 PM UTC 2025: SP1 local server active
Fri Oct 24 08:39:07 PM UTC 2025: SP1 local server active
Fri Oct 24 08:40:07 PM UTC 2025: SP1 local server active
Fri Oct 24 08:41:07 PM UTC 2025: SP1 local server active
Fri Oct 24 08:42:07 PM UTC 2025: SP1 local server active
Fri Oct 24 08:43:07 PM UTC 2025: SP1 local server active
Fri Oct 24 08:44:07 PM UTC 2025: SP1 local server active
Fri Oct 24 08:45:07 PM UTC 2025: SP1 local server active
Fri Oct 24 08:46:07 PM UTC 2025: SP1 local server active
Fri Oct 24 08:47:07 PM UTC 2025: SP1 local server active
Fri Oct 24 08:48:07 PM UTC 2025: SP1 local server active
Fri Oct 24 08:49:07 PM UTC 2025: SP1 local server active
Fri Oct 24 08:50:07 PM UTC 2025: SP1 local server active
Fri Oct 24 08:51:07 PM UTC 2025: SP1 local server active
Fri Oct 24 08:52:07 PM UTC 2025: SP1 local server active
Fri Oct 24 08:53:07 PM UTC 2025: SP1 local server active
Fri Oct 24 08:54:07 PM UTC 2025: SP1 local server active
Fri Oct 24 08:55:07 PM UTC 2025: SP1 local server active
Fri Oct 24 08:56:07 PM UTC 2025: SP1 local server active
Fri Oct 24 08:57:07 PM UTC 2025: SP1 local server active
Fri Oct 24 08:58:07 PM UTC 2025: SP1 local server active
Fri Oct 24 08:59:07 PM UTC 2025: SP1 local server active
Fri Oct 24 09:00:07 PM UTC 2025: SP1 local server active
Fri Oct 24 09:01:07 PM UTC 2025: SP1 local server active
Fri Oct 24 09:02:07 PM UTC 2025: SP1 local server active
Fri Oct 24 09:03:07 PM UTC 2025: SP1 local server active
Fri Oct 24 09:04:07 PM UTC 2025: SP1 local server active
Fri Oct 24 09:05:07 PM UTC 2025: SP1 local server active
Fri Oct 24 09:06:07 PM UTC 2025: SP1 local server active
Fri Oct 24 09:07:07 PM UTC 2025: SP1 local server active
Fri Oct 24 09:08:07 PM UTC 2025: SP1 local server active
Fri Oct 24 09:09:07 PM UTC 2025: SP1 local server active
Fri Oct 24 09:10:07 PM UTC 2025: SP1 local server active
Fri Oct 24 09:11:07 PM UTC 2025: SP1 local server active
Fri Oct 24 09:12:07 PM UTC 2025: SP1 local server active
Fri Oct 24 09:13:07 PM UTC 2025: SP1 local server active
Fri Oct 24 09:14:07 PM UTC 2025: SP1 local server active
Fri Oct 24 09:15:07 PM UTC 2025: SP1 local server active
Fri Oct 24 09:16:07 PM UTC 2025: SP1 local server active
Fri Oct 24 09:17:07 PM UTC 2025: SP1 local server active
Fri Oct 24 09:18:07 PM UTC 2025: SP1 local server active
Fri Oct 24 09:19:07 PM UTC 2025: SP1 local server active
Fri Oct 24 09:20:07 PM UTC 2025: SP1 local server active
Fri Oct 24 09:21:07 PM UTC 2025: SP1 local server active
Fri Oct 24 09:22:07 PM UTC 2025: SP1 local server active
Fri Oct 24 09:23:07 PM UTC 2025: SP1 local server active
Fri Oct 24 09:24:07 PM UTC 2025: SP1 local server active
Fri Oct 24 09:25:07 PM UTC 2025: SP1 local server active
Fri Oct 24 09:26:07 PM UTC 2025: SP1 local server active
Fri Oct 24 09:27:07 PM UTC 2025: SP1 local server active
Fri Oct 24 09:28:07 PM UTC 2025: SP1 local server active
Fri Oct 24 09:29:07 PM UTC 2025: SP1 local server active
Fri Oct 24 09:30:07 PM UTC 2025: SP1 local server active
Fri Oct 24 09:31:07 PM UTC 2025: SP1 local server active
Fri Oct 24 09:32:07 PM UTC 2025: SP1 local server active
Fri Oct 24 09:33:07 PM UTC 2025: SP1 local server active
Fri Oct 24 09:34:07 PM UTC 2025: SP1 local server active
Fri Oct 24 09:35:07 PM UTC 2025: SP1 local server active
Fri Oct 24 09:36:07 PM UTC 2025: SP1 local server active
Fri Oct 24 09:37:07 PM UTC 2025: SP1 local server active
Fri Oct 24 09:38:07 PM UTC 2025: SP1 local server active
Fri Oct 24 09:39:07 PM UTC 2025: SP1 local server active
Fri Oct 24 09:40:07 PM UTC 2025: SP1 local server active
Fri Oct 24 09:41:07 PM UTC 2025: SP1 local server active
Fri Oct 24 09:42:07 PM UTC 2025: SP1 local server active
Fri Oct 24 09:43:07 PM UTC 2025: SP1 local server active
Fri Oct 24 09:44:07 PM UTC 2025: SP1 local server active
Fri Oct 24 09:45:07 PM UTC 2025: SP1 local server active
Fri Oct 24 09:46:07 PM UTC 2025: SP1 local server active
Fri Oct 24 09:47:07 PM UTC 2025: SP1 local server active
Fri Oct 24 09:48:07 PM UTC 2025: SP1 local server active
Fri Oct 24 09:49:07 PM UTC 2025: SP1 local server active
Fri Oct 24 09:50:07 PM UTC 2025: SP1 local server active
Fri Oct 24 09:51:07 PM UTC 2025: SP1 local server active
Fri Oct 24 09:52:07 PM UTC 2025: SP1 local server active
Fri Oct 24 09:53:07 PM UTC 2025: SP1 local server active
Fri Oct 24 09:54:07 PM UTC 2025: SP1 local server active
Fri Oct 24 09:55:07 PM UTC 2025: SP1 local server active
Fri Oct 24 09:56:07 PM UTC 2025: SP1 local server active
Fri Oct 24 09:57:07 PM UTC 2025: SP1 local server active
Fri Oct 24 09:58:07 PM UTC 2025: SP1 local server active
Fri Oct 24 09:59:08 PM UTC 2025: SP1 local server active
Fri Oct 24 10:00:08 PM UTC 2025: SP1 local server active
Fri Oct 24 10:01:08 PM UTC 2025: SP1 local server active
Fri Oct 24 10:02:08 PM UTC 2025: SP1 local server active
Fri Oct 24 10:03:08 PM UTC 2025: SP1 local server active
Fri Oct 24 10:04:08 PM UTC 2025: SP1 local server active
Fri Oct 24 10:05:08 PM UTC 2025: SP1 local server active
Fri Oct 24 10:06:08 PM UTC 2025: SP1 local server active
Fri Oct 24 10:07:08 PM UTC 2025: SP1 local server active
Fri Oct 24 10:08:08 PM UTC 2025: SP1 local server active
Fri Oct 24 10:09:08 PM UTC 2025: SP1 local server active
Fri Oct 24 10:10:08 PM UTC 2025: SP1 local server active
Fri Oct 24 10:11:08 PM UTC 2025: SP1 local server active
Fri Oct 24 10:12:08 PM UTC 2025: SP1 local server active
Fri Oct 24 10:13:08 PM UTC 2025: SP1 local server active
Fri Oct 24 10:14:08 PM UTC 2025: SP1 local server active
Fri Oct 24 10:15:08 PM UTC 2025: SP1 local server active
Fri Oct 24 10:16:08 PM UTC 2025: SP1 local server active
Fri Oct 24 10:17:08 PM UTC 2025: SP1 local server active
Fri Oct 24 10:18:08 PM UTC 2025: SP1 local server active
Fri Oct 24 10:19:08 PM UTC 2025: SP1 local server active
Fri Oct 24 10:20:08 PM UTC 2025: SP1 local server active
Fri Oct 24 10:21:08 PM UTC 2025: SP1 local server active
Fri Oct 24 10:22:08 PM UTC 2025: SP1 local server active
Fri Oct 24 10:23:08 PM UTC 2025: SP1 local server active
Fri Oct 24 10:24:08 PM UTC 2025: SP1 local server active
Fri Oct 24 10:25:08 PM UTC 2025: SP1 local server active
Fri Oct 24 10:26:08 PM UTC 2025: SP1 local server active
Fri Oct 24 10:27:08 PM UTC 2025: SP1 local server active
Fri Oct 24 10:28:08 PM UTC 2025: SP1 local server active
Fri Oct 24 10:29:08 PM UTC 2025: SP1 local server active
Fri Oct 24 10:30:08 PM UTC 2025: SP1 local server active
Fri Oct 24 10:31:08 PM UTC 2025: SP1 local server active
Fri Oct 24 10:32:08 PM UTC 2025: SP1 local server active
Fri Oct 24 10:33:08 PM UTC 2025: SP1 local server active
Fri Oct 24 10:34:08 PM UTC 2025: SP1 local server active
Fri Oct 24 10:35:08 PM UTC 2025: SP1 local server active
Fri Oct 24 10:36:08 PM UTC 2025: SP1 local server active
Fri Oct 24 10:37:08 PM UTC 2025: SP1 local server active
Fri Oct 24 10:38:08 PM UTC 2025: SP1 local server active
Fri Oct 24 10:39:08 PM UTC 2025: SP1 local server active
Fri Oct 24 10:40:08 PM UTC 2025: SP1 local server active
Fri Oct 24 10:41:08 PM UTC 2025: SP1 local server active
Fri Oct 24 10:42:08 PM UTC 2025: SP1 local server active
Fri Oct 24 10:43:08 PM UTC 2025: SP1 local server active
Fri Oct 24 10:44:08 PM UTC 2025: SP1 local server active
Fri Oct 24 10:45:08 PM UTC 2025: SP1 local server active
Fri Oct 24 10:46:08 PM UTC 2025: SP1 local server active
Fri Oct 24 10:47:08 PM UTC 2025: SP1 local server active
Fri Oct 24 10:48:08 PM UTC 2025: SP1 local server active
Fri Oct 24 10:49:08 PM UTC 2025: SP1 local server active
Fri Oct 24 10:50:08 PM UTC 2025: SP1 local server active
Fri Oct 24 10:51:08 PM UTC 2025: SP1 local server active
Fri Oct 24 10:52:08 PM UTC 2025: SP1 local server active
Fri Oct 24 10:53:08 PM UTC 2025: SP1 local server active
Fri Oct 24 10:54:08 PM UTC 2025: SP1 local server active
Fri Oct 24 10:55:08 PM UTC 2025: SP1 local server active
Fri Oct 24 10:56:08 PM UTC 2025: SP1 local server active
Fri Oct 24 10:57:08 PM UTC 2025: SP1 local server active
Fri Oct 24 10:58:08 PM UTC 2025: SP1 local server active
Fri Oct 24 10:59:08 PM UTC 2025: SP1 local server active
Fri Oct 24 11:00:08 PM UTC 2025: SP1 local server active
Fri Oct 24 11:01:08 PM UTC 2025: SP1 local server active
Fri Oct 24 11:02:08 PM UTC 2025: SP1 local server active
Fri Oct 24 11:03:08 PM UTC 2025: SP1 local server active
Fri Oct 24 11:04:08 PM UTC 2025: SP1 local server active
Fri Oct 24 11:05:08 PM UTC 2025: SP1 local server active
Fri Oct 24 11:06:08 PM UTC 2025: SP1 local server active
Fri Oct 24 11:07:08 PM UTC 2025: SP1 local server active
Fri Oct 24 11:08:08 PM UTC 2025: SP1 local server active
Fri Oct 24 11:09:08 PM UTC 2025: SP1 local server active
Fri Oct 24 11:10:08 PM UTC 2025: SP1 local server active
Fri Oct 24 11:11:08 PM UTC 2025: SP1 local server active
Fri Oct 24 11:12:08 PM UTC 2025: SP1 local server active
Fri Oct 24 11:13:08 PM UTC 2025: SP1 local server active
Fri Oct 24 11:14:08 PM UTC 2025: SP1 local server active
Fri Oct 24 11:15:08 PM UTC 2025: SP1 local server active
Fri Oct 24 11:16:08 PM UTC 2025: SP1 local server active
Fri Oct 24 11:17:08 PM UTC 2025: SP1 local server active
Fri Oct 24 11:18:08 PM UTC 2025: SP1 local server active
Fri Oct 24 11:19:08 PM UTC 2025: SP1 local server active
Fri Oct 24 11:20:08 PM UTC 2025: SP1 local server active
Fri Oct 24 11:21:08 PM UTC 2025: SP1 local server active
Fri Oct 24 11:22:08 PM UTC 2025: SP1 local server active
Fri Oct 24 11:23:08 PM UTC 2025: SP1 local server active
Fri Oct 24 11:24:08 PM UTC 2025: SP1 local server active
Fri Oct 24 11:25:08 PM UTC 2025: SP1 local server active
Fri Oct 24 11:26:08 PM UTC 2025: SP1 local server active
Fri Oct 24 11:27:08 PM UTC 2025: SP1 local server active
Fri Oct 24 11:28:08 PM UTC 2025: SP1 local server active
Fri Oct 24 11:29:08 PM UTC 2025: SP1 local server active
Fri Oct 24 11:30:08 PM UTC 2025: SP1 local server active
Fri Oct 24 11:31:08 PM UTC 2025: SP1 local server active
Fri Oct 24 11:32:08 PM UTC 2025: SP1 local server active
Fri Oct 24 11:33:08 PM UTC 2025: SP1 local server active
Fri Oct 24 11:34:08 PM UTC 2025: SP1 local server active
Fri Oct 24 11:35:08 PM UTC 2025: SP1 local server active
Fri Oct 24 11:36:08 PM UTC 2025: SP1 local server active
Fri Oct 24 11:37:08 PM UTC 2025: SP1 local server active
Fri Oct 24 11:38:08 PM UTC 2025: SP1 local server active
Fri Oct 24 11:39:08 PM UTC 2025: SP1 local server active
Fri Oct 24 11:40:09 PM UTC 2025: SP1 local server active
Fri Oct 24 11:41:09 PM UTC 2025: SP1 local server active
Fri Oct 24 11:42:09 PM UTC 2025: SP1 local server active
Fri Oct 24 11:43:09 PM UTC 2025: SP1 local server active
Fri Oct 24 11:44:09 PM UTC 2025: SP1 local server active
Fri Oct 24 11:45:09 PM UTC 2025: SP1 local server active
Fri Oct 24 11:46:09 PM UTC 2025: SP1 local server active
Fri Oct 24 11:47:09 PM UTC 2025: SP1 local server active
Fri Oct 24 11:48:09 PM UTC 2025: SP1 local server active
Fri Oct 24 11:49:09 PM UTC 2025: SP1 local server active
Fri Oct 24 11:50:09 PM UTC 2025: SP1 local server active
Fri Oct 24 11:51:09 PM UTC 2025: SP1 local server active
Fri Oct 24 11:52:09 PM UTC 2025: SP1 local server active
Fri Oct 24 11:53:09 PM UTC 2025: SP1 local server active
Fri Oct 24 11:54:09 PM UTC 2025: SP1 local server active
Fri Oct 24 11:55:09 PM UTC 2025: SP1 local server active
Fri Oct 24 11:56:09 PM UTC 2025: SP1 local server active
Fri Oct 24 11:57:09 PM UTC 2025: SP1 local server active
Fri Oct 24 11:58:09 PM UTC 2025: SP1 local server active
Fri Oct 24 11:59:09 PM UTC 2025: SP1 local server active
Sat Oct 25 12:00:09 AM UTC 2025: SP1 local server active
Sat Oct 25 12:01:09 AM UTC 2025: SP1 local server active
Sat Oct 25 12:02:09 AM UTC 2025: SP1 local server active
Sat Oct 25 12:03:09 AM UTC 2025: SP1 local server active
Sat Oct 25 12:04:09 AM UTC 2025: SP1 local server active
Sat Oct 25 12:05:09 AM UTC 2025: SP1 local server active
Sat Oct 25 12:06:09 AM UTC 2025: SP1 local server active
Sat Oct 25 12:07:09 AM UTC 2025: SP1 local server active
Sat Oct 25 12:08:09 AM UTC 2025: SP1 local server active
Sat Oct 25 12:09:09 AM UTC 2025: SP1 local server active
Sat Oct 25 12:10:09 AM UTC 2025: SP1 local server active
Sat Oct 25 12:11:09 AM UTC 2025: SP1 local server active
Sat Oct 25 12:12:09 AM UTC 2025: SP1 local server active
Sat Oct 25 12:13:09 AM UTC 2025: SP1 local server active
Sat Oct 25 12:14:09 AM UTC 2025: SP1 local server active
Sat Oct 25 12:15:09 AM UTC 2025: SP1 local server active
Sat Oct 25 12:16:09 AM UTC 2025: SP1 local server active
Sat Oct 25 12:17:09 AM UTC 2025: SP1 local server active
Sat Oct 25 12:18:09 AM UTC 2025: SP1 local server active
Sat Oct 25 12:19:09 AM UTC 2025: SP1 local server active
Sat Oct 25 12:20:09 AM UTC 2025: SP1 local server active
Sat Oct 25 12:21:09 AM UTC 2025: SP1 local server active
Sat Oct 25 12:22:09 AM UTC 2025: SP1 local server active
Sat Oct 25 12:23:09 AM UTC 2025: SP1 local server active
Sat Oct 25 12:24:09 AM UTC 2025: SP1 local server active
Sat Oct 25 12:25:09 AM UTC 2025: SP1 local server active
Sat Oct 25 12:26:09 AM UTC 2025: SP1 local server active
Sat Oct 25 12:27:09 AM UTC 2025: SP1 local server active
Sat Oct 25 12:28:09 AM UTC 2025: SP1 local server active
Sat Oct 25 12:29:09 AM UTC 2025: SP1 local server active
Sat Oct 25 12:30:09 AM UTC 2025: SP1 local server active
Sat Oct 25 12:31:09 AM UTC 2025: SP1 local server active
Sat Oct 25 12:32:09 AM UTC 2025: SP1 local server active
Sat Oct 25 12:33:09 AM UTC 2025: SP1 local server active
Sat Oct 25 12:34:09 AM UTC 2025: SP1 local server active
Sat Oct 25 12:35:09 AM UTC 2025: SP1 local server active
Sat Oct 25 12:36:09 AM UTC 2025: SP1 local server active
Sat Oct 25 12:37:09 AM UTC 2025: SP1 local server active
Sat Oct 25 12:38:09 AM UTC 2025: SP1 local server active
Sat Oct 25 12:39:09 AM UTC 2025: SP1 local server active
Sat Oct 25 12:40:09 AM UTC 2025: SP1 local server active
Sat Oct 25 12:41:09 AM UTC 2025: SP1 local server active
Sat Oct 25 12:42:09 AM UTC 2025: SP1 local server active
Sat Oct 25 12:43:09 AM UTC 2025: SP1 local server active
Sat Oct 25 12:44:09 AM UTC 2025: SP1 local server active
Sat Oct 25 12:45:09 AM UTC 2025: SP1 local server active
Sat Oct 25 12:46:09 AM UTC 2025: SP1 local server active
Sat Oct 25 12:47:09 AM UTC 2025: SP1 local server active
Sat Oct 25 12:48:09 AM UTC 2025: SP1 local server active
Sat Oct 25 12:49:09 AM UTC 2025: SP1 local server active
Sat Oct 25 12:50:09 AM UTC 2025: SP1 local server active
Sat Oct 25 12:51:09 AM UTC 2025: SP1 local server active
Sat Oct 25 12:52:09 AM UTC 2025: SP1 local server active
Sat Oct 25 12:53:09 AM UTC 2025: SP1 local server active
Sat Oct 25 12:54:09 AM UTC 2025: SP1 local server active
Sat Oct 25 12:55:09 AM UTC 2025: SP1 local server active
Sat Oct 25 12:56:09 AM UTC 2025: SP1 local server active
Sat Oct 25 12:57:09 AM UTC 2025: SP1 local server active
Sat Oct 25 12:58:09 AM UTC 2025: SP1 local server active
Sat Oct 25 12:59:09 AM UTC 2025: SP1 local server active
Sat Oct 25 01:00:09 AM UTC 2025: SP1 local server active
Sat Oct 25 01:01:09 AM UTC 2025: SP1 local server active
Sat Oct 25 01:02:09 AM UTC 2025: SP1 local server active
Sat Oct 25 01:03:09 AM UTC 2025: SP1 local server active
Sat Oct 25 01:04:09 AM UTC 2025: SP1 local server active
Sat Oct 25 01:05:09 AM UTC 2025: SP1 local server active
Sat Oct 25 01:06:09 AM UTC 2025: SP1 local server active
Sat Oct 25 01:07:09 AM UTC 2025: SP1 local server active
Sat Oct 25 01:08:09 AM UTC 2025: SP1 local server active
Sat Oct 25 01:09:09 AM UTC 2025: SP1 local server active
Sat Oct 25 01:10:09 AM UTC 2025: SP1 local server active
Sat Oct 25 01:11:09 AM UTC 2025: SP1 local server active
Sat Oct 25 01:12:09 AM UTC 2025: SP1 local server active
Sat Oct 25 01:13:09 AM UTC 2025: SP1 local server active
Sat Oct 25 01:14:09 AM UTC 2025: SP1 local server active
Sat Oct 25 01:15:09 AM UTC 2025: SP1 local server active
Sat Oct 25 01:16:09 AM UTC 2025: SP1 local server active
Sat Oct 25 01:17:09 AM UTC 2025: SP1 local server active
Sat Oct 25 01:18:09 AM UTC 2025: SP1 local server active
Sat Oct 25 01:19:09 AM UTC 2025: SP1 local server active
Sat Oct 25 01:20:10 AM UTC 2025: SP1 local server active
Sat Oct 25 01:21:10 AM UTC 2025: SP1 local server active
Sat Oct 25 01:22:10 AM UTC 2025: SP1 local server active
Sat Oct 25 01:23:10 AM UTC 2025: SP1 local server active
Sat Oct 25 01:24:10 AM UTC 2025: SP1 local server active
Sat Oct 25 01:25:10 AM UTC 2025: SP1 local server active
Sat Oct 25 01:26:10 AM UTC 2025: SP1 local server active
Sat Oct 25 01:27:10 AM UTC 2025: SP1 local server active
Sat Oct 25 01:28:10 AM UTC 2025: SP1 local server active
Sat Oct 25 01:29:10 AM UTC 2025: SP1 local server active
Sat Oct 25 01:30:10 AM UTC 2025: SP1 local server active
Sat Oct 25 01:31:10 AM UTC 2025: SP1 local server active
Sat Oct 25 01:32:10 AM UTC 2025: SP1 local server active
Sat Oct 25 01:33:10 AM UTC 2025: SP1 local server active
Sat Oct 25 01:34:10 AM UTC 2025: SP1 local server active
Sat Oct 25 01:35:10 AM UTC 2025: SP1 local server active
Sat Oct 25 01:36:10 AM UTC 2025: SP1 local server active
Sat Oct 25 01:37:10 AM UTC 2025: SP1 local server active
Sat Oct 25 01:38:10 AM UTC 2025: SP1 local server active
Sat Oct 25 01:39:10 AM UTC 2025: SP1 local server active
Sat Oct 25 01:40:10 AM UTC 2025: SP1 local server active
Sat Oct 25 01:41:10 AM UTC 2025: SP1 local server active
Sat Oct 25 01:42:10 AM UTC 2025: SP1 local server active
Sat Oct 25 01:43:10 AM UTC 2025: SP1 local server active
Sat Oct 25 01:44:10 AM UTC 2025: SP1 local server active
Sat Oct 25 01:45:10 AM UTC 2025: SP1 local server active
Sat Oct 25 01:46:10 AM UTC 2025: SP1 local server active
Sat Oct 25 01:47:10 AM UTC 2025: SP1 local server active
Sat Oct 25 01:48:10 AM UTC 2025: SP1 local server active
Sat Oct 25 01:49:10 AM UTC 2025: SP1 local server active
Sat Oct 25 01:50:10 AM UTC 2025: SP1 local server active
Sat Oct 25 01:51:10 AM UTC 2025: SP1 local server active
Sat Oct 25 01:52:10 AM UTC 2025: SP1 local server active
Sat Oct 25 01:53:10 AM UTC 2025: SP1 local server active
Sat Oct 25 01:54:10 AM UTC 2025: SP1 local server active
Sat Oct 25 01:55:10 AM UTC 2025: SP1 local server active
Sat Oct 25 01:56:10 AM UTC 2025: SP1 local server active
Sat Oct 25 01:57:10 AM UTC 2025: SP1 local server active
Sat Oct 25 01:58:10 AM UTC 2025: SP1 local server active
Sat Oct 25 01:59:10 AM UTC 2025: SP1 local server active
Sat Oct 25 02:00:10 AM UTC 2025: SP1 local server active
Sat Oct 25 02:01:10 AM UTC 2025: SP1 local server active
Sat Oct 25 02:02:10 AM UTC 2025: SP1 local server active
Sat Oct 25 02:03:10 AM UTC 2025: SP1 local server active
Sat Oct 25 02:04:10 AM UTC 2025: SP1 local server active
Sat Oct 25 02:05:10 AM UTC 2025: SP1 local server active
Sat Oct 25 02:06:10 AM UTC 2025: SP1 local server active
Sat Oct 25 02:07:10 AM UTC 2025: SP1 local server active
Sat Oct 25 02:08:10 AM UTC 2025: SP1 local server active
Sat Oct 25 02:09:10 AM UTC 2025: SP1 local server active
Sat Oct 25 02:10:10 AM UTC 2025: SP1 local server active
Sat Oct 25 02:11:10 AM UTC 2025: SP1 local server active
Sat Oct 25 02:12:10 AM UTC 2025: SP1 local server active
Sat Oct 25 02:13:10 AM UTC 2025: SP1 local server active
Sat Oct 25 02:14:10 AM UTC 2025: SP1 local server active
Sat Oct 25 02:15:10 AM UTC 2025: SP1 local server active
Sat Oct 25 02:16:10 AM UTC 2025: SP1 local server active
Sat Oct 25 02:17:10 AM UTC 2025: SP1 local server active
Sat Oct 25 02:18:10 AM UTC 2025: SP1 local server active
Sat Oct 25 02:19:10 AM UTC 2025: SP1 local server active
Sat Oct 25 02:20:10 AM UTC 2025: SP1 local server active
Sat Oct 25 02:21:10 AM UTC 2025: SP1 local server active
Sat Oct 25 02:22:10 AM UTC 2025: SP1 local server active
Sat Oct 25 02:23:10 AM UTC 2025: SP1 local server active
Sat Oct 25 02:24:10 AM UTC 2025: SP1 local server active
Sat Oct 25 02:25:10 AM UTC 2025: SP1 local server active
Sat Oct 25 02:26:10 AM UTC 2025: SP1 local server active
Sat Oct 25 02:27:10 AM UTC 2025: SP1 local server active
Sat Oct 25 02:28:10 AM UTC 2025: SP1 local server active
Sat Oct 25 02:29:10 AM UTC 2025: SP1 local server active
Sat Oct 25 02:30:10 AM UTC 2025: SP1 local server active
Sat Oct 25 02:31:10 AM UTC 2025: SP1 local server active
Sat Oct 25 02:32:10 AM UTC 2025: SP1 local server active
Sat Oct 25 02:33:10 AM UTC 2025: SP1 local server active
Sat Oct 25 02:34:10 AM UTC 2025: SP1 local server active
Sat Oct 25 02:35:10 AM UTC 2025: SP1 local server active
Sat Oct 25 02:36:10 AM UTC 2025: SP1 local server active
Sat Oct 25 02:37:10 AM UTC 2025: SP1 local server active
Sat Oct 25 02:38:11 AM UTC 2025: SP1 local server active
Sat Oct 25 02:39:11 AM UTC 2025: SP1 local server active
Sat Oct 25 02:40:11 AM UTC 2025: SP1 local server active
Sat Oct 25 02:41:11 AM UTC 2025: SP1 local server active
Sat Oct 25 02:42:11 AM UTC 2025: SP1 local server active
Sat Oct 25 02:43:11 AM UTC 2025: SP1 local server active
Sat Oct 25 02:44:11 AM UTC 2025: SP1 local server active
Sat Oct 25 02:45:11 AM UTC 2025: SP1 local server active
Sat Oct 25 02:46:11 AM UTC 2025: SP1 local server active
Sat Oct 25 02:47:11 AM UTC 2025: SP1 local server active
Sat Oct 25 02:48:11 AM UTC 2025: SP1 local server active
Sat Oct 25 02:49:11 AM UTC 2025: SP1 local server active
Sat Oct 25 02:50:11 AM UTC 2025: SP1 local server active
Sat Oct 25 02:51:11 AM UTC 2025: SP1 local server active
Sat Oct 25 02:52:11 AM UTC 2025: SP1 local server active
Sat Oct 25 02:53:11 AM UTC 2025: SP1 local server active
Sat Oct 25 02:54:11 AM UTC 2025: SP1 local server active
Sat Oct 25 02:55:11 AM UTC 2025: SP1 local server active
Sat Oct 25 02:56:11 AM UTC 2025: SP1 local server active
Sat Oct 25 02:57:11 AM UTC 2025: SP1 local server active
Sat Oct 25 02:58:11 AM UTC 2025: SP1 local server active
Sat Oct 25 02:59:11 AM UTC 2025: SP1 local server active
Sat Oct 25 03:00:11 AM UTC 2025: SP1 local server active
