warning: unused import: `keccak::Keccak256Hasher`
 --> crates/pessimistic-proof-core/src/sabv2.rs:2:35
  |
2 | use agglayer_primitives::{Digest, keccak::Keccak256Hasher};
  |                                   ^^^^^^^^^^^^^^^^^^^^^^^
  |
  = note: `#[warn(unused_imports)]` on by default

warning: unused import: `keccak::Keccak256Hasher`
 --> crates/pessimistic-proof-core/src/lmtr2.rs:2:35
  |
2 | use agglayer_primitives::{Digest, keccak::Keccak256Hasher};
  |                                   ^^^^^^^^^^^^^^^^^^^^^^^

warning: unused import: `keccak::Keccak256Hasher`
 --> crates/pessimistic-proof-core/src/sabv3.rs:2:35
  |
2 | use agglayer_primitives::{Digest, keccak::Keccak256Hasher};
  |                                   ^^^^^^^^^^^^^^^^^^^^^^^

warning: unused import: `keccak::Keccak256Hasher`
 --> crates/pessimistic-proof-core/src/lmtr3.rs:2:35
  |
2 | use agglayer_primitives::{Digest, keccak::Keccak256Hasher};
  |                                   ^^^^^^^^^^^^^^^^^^^^^^^

warning: unused import: `keccak::Keccak256Hasher`
 --> crates/pessimistic-proof-core/src/sabv4.rs:2:35
  |
2 | use agglayer_primitives::{Digest, keccak::Keccak256Hasher};
  |                                   ^^^^^^^^^^^^^^^^^^^^^^^

warning: unused import: `keccak::Keccak256Hasher`
 --> crates/pessimistic-proof-core/src/lmtr4.rs:2:35
  |
2 | use agglayer_primitives::{Digest, keccak::Keccak256Hasher};
  |                                   ^^^^^^^^^^^^^^^^^^^^^^^

warning: unused imports: `BridgeExit`, `ImportedBridgeExit`, `NetworkId`, and `TokenInfo`
   --> crates/pessimistic-proof-core/src/lmtr4.rs:245:30
    |
245 |         use unified_bridge::{BridgeExit, ImportedBridgeExit, NetworkId, TokenInfo};
    |                              ^^^^^^^^^^  ^^^^^^^^^^^^^^^^^^  ^^^^^^^^^  ^^^^^^^^^

warning: unused import: `agglayer_primitives::U256`
   --> crates/pessimistic-proof-core/src/lmtr4.rs:247:13
    |
247 |         use agglayer_primitives::U256;
    |             ^^^^^^^^^^^^^^^^^^^^^^^^^

warning: unused import: `crate::nullifier_tree::NullifierPath`
   --> crates/pessimistic-proof-core/src/lmtr4.rs:248:13
    |
248 |         use crate::nullifier_tree::NullifierPath;
    |             ^^^^^^^^^^^^^^^^^^^^^^^^^^^^^^^^^^^^

warning: unused import: `crate::local_balance_tree::LocalBalancePath`
   --> crates/pessimistic-proof-core/src/lmtr4.rs:249:13
    |
249 |         use crate::local_balance_tree::LocalBalancePath;
    |             ^^^^^^^^^^^^^^^^^^^^^^^^^^^^^^^^^^^^^^^^^^^

warning: unused import: `crate::aggchain_proof::AggchainData`
   --> crates/pessimistic-proof-core/src/lmtr4.rs:250:13
    |
250 |         use crate::aggchain_proof::AggchainData;
    |             ^^^^^^^^^^^^^^^^^^^^^^^^^^^^^^^^^^^

warning: unused variable: `branching_factor`
  --> crates/pessimistic-proof-core/src/lmtr.rs:31:9
   |
31 |         branching_factor: usize,
   |         ^^^^^^^^^^^^^^^^ help: if this is intentional, prefix it with an underscore: `_branching_factor`
   |
   = note: `#[warn(unused_variables)]` on by default

warning: unused variable: `block`
  --> crates/pessimistic-proof-core/src/sabv2.rs:72:13
   |
72 |         for block in blocks {
   |             ^^^^^ help: if this is intentional, prefix it with an underscore: `_block`

warning: unused variable: `consensus_result`
  --> crates/pessimistic-proof-core/src/sabv2.rs:79:13
   |
79 |         let consensus_result = self.run_consensus_mechanism(blocks, validator_nodes)?;
   |             ^^^^^^^^^^^^^^^^ help: if this is intentional, prefix it with an underscore: `_consensus_result`

warning: unused variable: `global_root`
  --> crates/pessimistic-proof-core/src/sabv2.rs:63:9
   |
63 |         global_root: &agglayer_primitives::Digest,
   |         ^^^^^^^^^^^ help: if this is intentional, prefix it with an underscore: `_global_root`

warning: unused variable: `computed_hash`
   --> crates/pessimistic-proof-core/src/sabv2.rs:136:13
    |
136 |         let computed_hash = Keccak256::digest(&block_data);
    |             ^^^^^^^^^^^^^ help: if this is intentional, prefix it with an underscore: `_computed_hash`

warning: unused variable: `declared_hash`
   --> crates/pessimistic-proof-core/src/sabv2.rs:139:13
    |
139 |         let declared_hash = self.get_block_declared_hash(block)?;
    |             ^^^^^^^^^^^^^ help: if this is intentional, prefix it with an underscore: `_declared_hash`

warning: unused variable: `block`
   --> crates/pessimistic-proof-core/src/sabv2.rs:229:32
    |
229 |     fn get_block_height(&self, block: &crate::multi_batch_header::MultiBatchHeader<agglayer_primitives::keccak::Keccak256Hasher>) -> Resu...
    |                                ^^^^^ help: if this is intentional, prefix it with an underscore: `_block`

warning: unused variable: `block`
   --> crates/pessimistic-proof-core/src/sabv2.rs:241:39
    |
241 |     fn get_block_declared_hash(&self, block: &crate::multi_batch_header::MultiBatchHeader<agglayer_primitives::keccak::Keccak256Hasher>) ...
    |                                       ^^^^^ help: if this is intentional, prefix it with an underscore: `_block`

warning: unused variable: `block`
   --> crates/pessimistic-proof-core/src/sabv2.rs:247:32
    |
247 |     fn get_block_signer(&self, block: &crate::multi_batch_header::MultiBatchHeader<agglayer_primitives::keccak::Keccak256Hasher>) -> Resu...
    |                                ^^^^^ help: if this is intentional, prefix it with an underscore: `_block`

warning: unused variable: `block`
   --> crates/pessimistic-proof-core/src/sabv2.rs:257:35
    |
257 |     fn get_block_signature(&self, block: &crate::multi_batch_header::MultiBatchHeader<agglayer_primitives::keccak::Keccak256Hasher>) -> R...
    |                                   ^^^^^ help: if this is intentional, prefix it with an underscore: `_block`

warning: unused variable: `hash`
   --> crates/pessimistic-proof-core/src/sabv2.rs:274:13
    |
274 |         let hash = Keccak256::digest(&block_data);
    |             ^^^^ help: if this is intentional, prefix it with an underscore: `_hash`

warning: unused variable: `block`
   --> crates/pessimistic-proof-core/src/sabv2.rs:295:35
    |
295 |     fn estimate_block_size(&self, block: &crate::multi_batch_header::MultiBatchHeader<agglayer_primitives::keccak::Keccak256Hasher>) -> R...
    |                                   ^^^^^ help: if this is intentional, prefix it with an underscore: `_block`

warning: unused variable: `i`
   --> crates/pessimistic-proof-core/src/lmtr2.rs:144:14
    |
144 |         for (i, block) in blocks.iter().enumerate() {
    |              ^ help: if this is intentional, prefix it with an underscore: `_i`

warning: unused variable: `leaf_hash`
   --> crates/pessimistic-proof-core/src/lmtr2.rs:146:17
    |
146 |             let leaf_hash = Keccak256::digest(&block_data);
    |                 ^^^^^^^^^ help: if this is intentional, prefix it with an underscore: `_leaf_hash`

warning: unused variable: `current_efficiency`
   --> crates/pessimistic-proof-core/src/lmtr2.rs:179:13
    |
179 |         let current_efficiency = self.calculate_tree_efficiency(num_blocks, branching_factor)?;
    |             ^^^^^^^^^^^^^^^^^^ help: if this is intentional, prefix it with an underscore: `_current_efficiency`

warning: unused variable: `new_hash`
   --> crates/pessimistic-proof-core/src/lmtr2.rs:229:21
    |
229 |                 let new_hash = Keccak256::digest(&optimized_data);
    |                     ^^^^^^^^ help: if this is intentional, prefix it with an underscore: `_new_hash`

warning: unused variable: `optimal_config`
   --> crates/pessimistic-proof-core/src/lmtr2.rs:217:9
    |
217 |         optimal_config: &OptimalConfig,
    |         ^^^^^^^^^^^^^^ help: if this is intentional, prefix it with an underscore: `_optimal_config`

warning: unused variable: `parent_hash`
   --> crates/pessimistic-proof-core/src/lmtr2.rs:312:21
    |
312 |                 let parent_hash = Keccak256::digest(&parent_data);
    |                     ^^^^^^^^^^^ help: if this is intentional, prefix it with an underscore: `_parent_hash`

warning: unused variable: `tree`
   --> crates/pessimistic-proof-core/src/lmtr2.rs:399:136
    |
399 | ...ves::keccak::Keccak256Hasher>, tree: &MerkleTree) -> Result<crate::multi_batch_header::MultiBatchHeader<agglayer_primitives::keccak::K...
    |                                   ^^^^ help: if this is intentional, prefix it with an underscore: `_tree`

warning: unused variable: `j_star`
   --> crates/pessimistic-proof-core/src/sabv3.rs:305:9
    |
305 |         j_star: usize,
    |         ^^^^^^ help: if this is intentional, prefix it with an underscore: `_j_star`

warning: unused variable: `j_star`
   --> crates/pessimistic-proof-core/src/sabv4.rs:496:9
    |
496 |         j_star: usize,
    |         ^^^^^^ help: if this is intentional, prefix it with an underscore: `_j_star`

warning: unused variable: `expected_root`
   --> crates/pessimistic-proof-core/src/sabv4.rs:603:72
    |
603 | ...mputed_root: &Digest, expected_root: &agglayer_primitives::Digest, signature: &agglayer_primitives::Signature, signer: &agglayer_primi...
    |                          ^^^^^^^^^^^^^ help: if this is intentional, prefix it with an underscore: `_expected_root`

warning: unused variable: `expected_bytes`
   --> crates/pessimistic-proof-core/src/sabv4.rs:744:56
    |
744 |     fn verify_hash_chain(&self, computed_bytes: &[u8], expected_bytes: &[u8]) -> Result<bool, ProofError> {
    |                                                        ^^^^^^^^^^^^^^ help: if this is intentional, prefix it with an underscore: `_expected_bytes`

warning: field `config` is never read
  --> crates/pessimistic-proof-core/src/sabv.rs:13:5
   |
12 | pub struct SabvAlgorithm {
   |            ------------- field in this struct
13 |     config: SabvConfig,
   |     ^^^^^^
   |
   = note: `SabvAlgorithm` has derived impls for the traits `Clone` and `Debug`, but these are intentionally ignored during dead code analysis
   = note: `#[warn(dead_code)]` on by default

warning: field `config` is never read
  --> crates/pessimistic-proof-core/src/lmtr.rs:12:5
   |
11 | pub struct LmtrAlgorithm {
   |            ------------- field in this struct
12 |     config: LmtrConfig,
   |     ^^^^^^
   |
   = note: `LmtrAlgorithm` has derived impls for the traits `Clone` and `Debug`, but these are intentionally ignored during dead code analysis

warning: fields `config` and `consensus_messages` are never read
  --> crates/pessimistic-proof-core/src/sabv2.rs:34:5
   |
33 | pub struct Sabv2Algorithm {
   |            -------------- fields in this struct
34 |     config: Sabv2Config,
   |     ^^^^^^
35 |     validators: Vec<ValidatorNode>,
36 |     consensus_messages: HashMap<Digest, Vec<ConsensusMessage>>,
   |     ^^^^^^^^^^^^^^^^^^
   |
   = note: `Sabv2Algorithm` has derived impls for the traits `Clone` and `Debug`, but these are intentionally ignored during dead code analysis

warning: multiple methods are never used
   --> crates/pessimistic-proof-core/src/sabv2.rs:89:8
    |
 39 | impl Sabv2Algorithm {
    | ------------------- methods in this implementation
...
 89 |     fn validate_block_cryptography(
    |        ^^^^^^^^^^^^^^^^^^^^^^^^^^^
...
112 |     fn verify_merkle_tree_structure(
    |        ^^^^^^^^^^^^^^^^^^^^^^^^^^^^
...
130 |     fn verify_hash_integrity(
    |        ^^^^^^^^^^^^^^^^^^^^^
...
149 |     fn verify_signature_validity(
    |        ^^^^^^^^^^^^^^^^^^^^^^^^^
...
204 |     fn verify_consensus_threshold(
    |        ^^^^^^^^^^^^^^^^^^^^^^^^^^
...
222 |     fn calculate_optimal_height(&self, block: &crate::multi_batch_header::MultiBatchHeader<agglayer_primitives::keccak::Keccak256Hasher>)...
    |        ^^^^^^^^^^^^^^^^^^^^^^^^
...
229 |     fn get_block_height(&self, block: &crate::multi_batch_header::MultiBatchHeader<agglayer_primitives::keccak::Keccak256Hasher>) -> Resu...
    |        ^^^^^^^^^^^^^^^^
...
241 |     fn get_block_declared_hash(&self, block: &crate::multi_batch_header::MultiBatchHeader<agglayer_primitives::keccak::Keccak256Hasher>) ...
    |        ^^^^^^^^^^^^^^^^^^^^^^^
...
247 |     fn get_block_signer(&self, block: &crate::multi_batch_header::MultiBatchHeader<agglayer_primitives::keccak::Keccak256Hasher>) -> Resu...
    |        ^^^^^^^^^^^^^^^^
...
252 |     fn get_block_message(&self, block: &crate::multi_batch_header::MultiBatchHeader<agglayer_primitives::keccak::Keccak256Hasher>) -> Res...
    |        ^^^^^^^^^^^^^^^^^
...
257 |     fn get_block_signature(&self, block: &crate::multi_batch_header::MultiBatchHeader<agglayer_primitives::keccak::Keccak256Hasher>) -> R...
    |        ^^^^^^^^^^^^^^^^^^^
...
262 |     fn compute_expected_signature(&self, signer: &str, message: &[u8]) -> Result<String, ProofError> {
    |        ^^^^^^^^^^^^^^^^^^^^^^^^^^
...
295 |     fn estimate_block_size(&self, block: &crate::multi_batch_header::MultiBatchHeader<agglayer_primitives::keccak::Keccak256Hasher>) -> R...
    |        ^^^^^^^^^^^^^^^^^^^

warning: field `tree_cache` is never read
  --> crates/pessimistic-proof-core/src/lmtr2.rs:53:5
   |
51 | pub struct Lmtr2Algorithm {
   |            -------------- field in this struct
52 |     config: Lmtr2Config,
53 |     tree_cache: HashMap<Digest, MerkleTree>,
   |     ^^^^^^^^^^
   |
   = note: `Lmtr2Algorithm` has derived impls for the traits `Clone` and `Debug`, but these are intentionally ignored during dead code analysis

warning: fields `branching_factor` and `rebalancing_cost` are never read
   --> crates/pessimistic-proof-core/src/lmtr2.rs:415:5
    |
413 | struct OptimalConfig {
    |        ------------- fields in this struct
414 |     optimal_height: usize,
415 |     branching_factor: usize,
    |     ^^^^^^^^^^^^^^^^
416 |     expected_efficiency: f64,
417 |     rebalancing_cost: u64,
    |     ^^^^^^^^^^^^^^^^
    |
    = note: `OptimalConfig` has derived impls for the traits `Clone` and `Debug`, but these are intentionally ignored during dead code analysis

warning: field `validators` is never read
  --> crates/pessimistic-proof-core/src/sabv3.rs:41:5
   |
39 | pub struct Sabv3Algorithm {
   |            -------------- field in this struct
40 |     config: Sabv3Config,
41 |     validators: Vec<ValidatorNode>,
   |     ^^^^^^^^^^
   |
   = note: `Sabv3Algorithm` has derived impls for the traits `Clone` and `Debug`, but these are intentionally ignored during dead code analysis

warning: methods `construct_local_cc_mbmt`, `compute_shard_hash`, `build_merkle_tree`, and `calculate_tree_height` are never used
   --> crates/pessimistic-proof-core/src/sabv3.rs:302:8
    |
 44 | impl Sabv3Algorithm {
    | ------------------- methods in this implementation
...
302 |     fn construct_local_cc_mbmt(
    |        ^^^^^^^^^^^^^^^^^^^^^^^
...
441 |     fn compute_shard_hash(&self, blocks: &[crate::multi_batch_header::MultiBatchHeader<agglayer_primitives::keccak::Keccak256Hasher>]) ->...
    |        ^^^^^^^^^^^^^^^^^^
...
459 |     fn build_merkle_tree(&self, blocks: &[crate::multi_batch_header::MultiBatchHeader<agglayer_primitives::keccak::Keccak256Hasher>], b: ...
    |        ^^^^^^^^^^^^^^^^^
...
526 |     fn calculate_tree_height(&self, num_blocks: usize, b: usize) -> usize {
    |        ^^^^^^^^^^^^^^^^^^^^^

warning: struct `BlockchainMerkleProof` is never constructed
  --> crates/pessimistic-proof-core/src/sabv4.rs:38:8
   |
38 | struct BlockchainMerkleProof {
   |        ^^^^^^^^^^^^^^^^^^^^^

warning: fields `shard_index` and `round` are never read
  --> crates/pessimistic-proof-core/src/sabv4.rs:50:9
   |
47 | struct MPCShareMessage {
   |        --------------- fields in this struct
...
50 |     pub shard_index: usize,
   |         ^^^^^^^^^^^
51 |     pub share: (f64, f64), // (x, y) = share point
52 |     pub round: u64,
   |         ^^^^^
   |
   = note: `MPCShareMessage` has derived impls for the traits `Clone` and `Debug`, but these are intentionally ignored during dead code analysis

warning: field `consensus_reached` is never read
  --> crates/pessimistic-proof-core/src/sabv4.rs:60:9
   |
57 | struct MPCNetworkState {
   |        --------------- field in this struct
...
60 |     pub consensus_reached: bool,
   |         ^^^^^^^^^^^^^^^^^
   |
   = note: `MPCNetworkState` has a derived impl for the trait `Debug`, but this is intentionally ignored during dead code analysis

warning: field `validators` is never read
  --> crates/pessimistic-proof-core/src/sabv4.rs:67:5
   |
65 | pub struct Sabv4Algorithm {
   |            -------------- field in this struct
66 |     config: Sabv4Config,
67 |     validators: Vec<ValidatorNode>,
   |     ^^^^^^^^^^
   |
   = note: `Sabv4Algorithm` has a derived impl for the trait `Debug`, but this is intentionally ignored during dead code analysis

warning: multiple methods are never used
    --> crates/pessimistic-proof-core/src/sabv4.rs:493:8
     |
  71 | impl Sabv4Algorithm {
     | ------------------- methods in this implementation
...
 493 |     fn construct_local_cc_mbmt(
     |        ^^^^^^^^^^^^^^^^^^^^^^^
...
 564 |     fn verify_integrity_with_blocks(&self, computed_root: &Digest, expected_root: &agglayer_primitives::Digest, blocks: &[crate::multi_ba...
     |        ^^^^^^^^^^^^^^^^^^^^^^^^^^^^
...
 603 |     fn verify_blockchain_signature_real(&self, computed_root: &Digest, expected_root: &agglayer_primitives::Digest, signature: &agglayer_...
     |        ^^^^^^^^^^^^^^^^^^^^^^^^^^^^^^^^
...
 618 |     fn extract_blockchain_public_key(&self, computed_bytes: &[u8]) -> Result<Vec<u8>, ProofError> {
     |        ^^^^^^^^^^^^^^^^^^^^^^^^^^^^^
...
 629 |     fn validate_blockchain_signature(&self, signature: &[u8], public_key: &[u8]) -> Result<bool, ProofError> {
     |        ^^^^^^^^^^^^^^^^^^^^^^^^^^^^^
...
 648 |     fn verify_merkle_proof(&self, computed_root: &Digest, expected_root: &agglayer_primitives::Digest) -> Result<bool, ProofError> {
     |        ^^^^^^^^^^^^^^^^^^^
...
 682 |     fn extract_blockchain_merkle_proof(&self, computed_root: &Digest, expected_root: &agglayer_primitives::Digest) -> Result<BlockchainMe...
     |        ^^^^^^^^^^^^^^^^^^^^^^^^^^^^^^^
...
 717 |     fn validate_blockchain_proof(&self, proof: &BlockchainMerkleProof) -> Result<bool, ProofError> {
     |        ^^^^^^^^^^^^^^^^^^^^^^^^^
...
 744 |     fn verify_hash_chain(&self, computed_bytes: &[u8], expected_bytes: &[u8]) -> Result<bool, ProofError> {
     |        ^^^^^^^^^^^^^^^^^
...
 772 |     fn verify_timestamp_freshness(&self) -> Result<bool, ProofError> {
     |        ^^^^^^^^^^^^^^^^^^^^^^^^^^
...
 784 |     fn verify_nonce_uniqueness(&self, computed_bytes: &[u8], expected_bytes: &[u8]) -> Result<bool, ProofError> {
     |        ^^^^^^^^^^^^^^^^^^^^^^^
...
 814 |     fn verify_zero_knowledge_proof(&self, computed_root: &Digest, expected_root: &agglayer_primitives::Digest) -> Result<bool, ProofError> {
     |        ^^^^^^^^^^^^^^^^^^^^^^^^^^^
...
 853 |     fn calculate_signature_strength(&self, signature_bytes: &[u8]) -> f64 {
     |        ^^^^^^^^^^^^^^^^^^^^^^^^^^^^
...
 950 |     fn calculate_entropy(&self, data: &[u8]) -> f64 {
     |        ^^^^^^^^^^^^^^^^^
...
 970 |     fn compute_shard_hash(&self, blocks: &[crate::multi_batch_header::MultiBatchHeader<agglayer_primitives::keccak::Keccak256Hasher>]) ->...
     |        ^^^^^^^^^^^^^^^^^^
...
1037 |     fn build_merkle_tree(&self, blocks: &[crate::multi_batch_header::MultiBatchHeader<agglayer_primitives::keccak::Keccak256Hasher>], b: ...
     |        ^^^^^^^^^^^^^^^^^
...
1104 |     fn calculate_tree_height(&self, num_blocks: usize, b: usize) -> usize {
     |        ^^^^^^^^^^^^^^^^^^^^^
...
1113 |     fn compute_root_from_blocks(
     |        ^^^^^^^^^^^^^^^^^^^^^^^^

warning: method `reconstruct_block_from_bytes` is never used
   --> crates/pessimistic-proof-core/src/lmtr4.rs:241:8
    |
 27 | impl Lmtr4Algorithm {
    | ------------------- method in this implementation
...
241 |     fn reconstruct_block_from_bytes(&self, bytes: &[u8]) -> Result<crate::multi_batch_header::MultiBatchHeader<agglayer_primitives::kecca...
    |        ^^^^^^^^^^^^^^^^^^^^^^^^^^^^

warning: `pessimistic-proof-core` (lib) generated 48 warnings (run `cargo fix --lib -p pessimistic-proof-core` to apply 11 suggestions)
warning: unused variable: `vk`
   --> crates/pessimistic-proof-test-suite/src/bin/ppgen_sabv_lmtr4.rs:184:24
    |
184 |             Ok((proof, vk, new_roots)) => {
    |                        ^^ help: if this is intentional, prefix it with an underscore: `_vk`
    |
    = note: `#[warn(unused_variables)]` on by default

warning: unused variable: `new_roots`
   --> crates/pessimistic-proof-test-suite/src/bin/ppgen_sabv_lmtr4.rs:184:28
    |
184 |             Ok((proof, vk, new_roots)) => {
    |                            ^^^^^^^^^ help: if this is intentional, prefix it with an underscore: `_new_roots`

warning: `pessimistic-proof-test-suite` (bin "ppgen_sabv_lmtr4") generated 2 warnings
    Finished `release` profile [optimized] target(s) in 1.03s
     Running `target/release/ppgen_sabv_lmtr4 --n-exits 1 --validator-nodes 3 --proof-dir /home/ubuntu/thanhhuyen/proofs/v4`
🔍 SABV4: Starting Algorithm 1 - Verify Aggregated Blocks Integrity
   Input: N=1 blocks, branching_factor=3, validators=3
📊 SABV4: Calculated j* = 1 with variance = 179769313486231570814527423731704356798070567525844996598917476803157260780028538760589558632766878171540458953514382464234321326889464182768467546703537516986049910576551282076245490090389328944075868508455133942304583236903222948165808559332123348274797826204144723168738177180919299881250404026184124858368.0000
✅ Step 1: Optimal sharding size j* = 1 (shard_size = 3^1 = 3)
📦 SABV4: Created 1 shards (0 full + 1 remainder)
✅ Step 2: Partitioned 1 blocks into 1 shards (shard_size = 3)
📡 SABV4: REAL MPC Network - 3 validators broadcast shares, 3 received sufficient shares
🔐 SABV4: REAL Shamir secret sharing - Secret: 0.017117, Reconstructed: 0.017117, Match: true
   Polynomial degree: 2, Shares: 3, Threshold: 3/3
   Validator 2 assigned with share value: 2.112880
✅ Step 3: Secret sharing applied (threshold k=3/3)
📊 Step 4: Rebalancing shards with LMTR4 (Algorithm 2)...
🔧 LMTR4: Starting Algorithm 2 rebalancing for 1 blocks
📊 LMTR4: Initial state - Ni = 1, b = 3, htarget = 4
🔄 LMTR4: Fixed branch imbalance by appending last block - Ni = 2
🔄 LMTR4: Fixed branch imbalance by appending last block - Ni = 3
📊 LMTR4: Height adjustment - Current height = 2, Target = 4
⬆️ LMTR4: Added block to increase height - Ni = 4, height = 2
📊 LMTR4: Height adjustment - Current height = 3, Target = 4
⬆️ LMTR4: Added block to increase height - Ni = 5, height = 3
📊 LMTR4: Height adjustment - Current height = 3, Target = 4
⬆️ LMTR4: Added block to increase height - Ni = 6, height = 3
📊 LMTR4: Height adjustment - Current height = 3, Target = 4
⬆️ LMTR4: Added block to increase height - Ni = 7, height = 3
📊 LMTR4: Height adjustment - Current height = 3, Target = 4
⬆️ LMTR4: Added block to increase height - Ni = 8, height = 3
📊 LMTR4: Height adjustment - Current height = 3, Target = 4
⬆️ LMTR4: Added block to increase height - Ni = 9, height = 3
📊 LMTR4: Height adjustment - Current height = 3, Target = 4
⬆️ LMTR4: Added block to increase height - Ni = 10, height = 3
✅ LMTR4: Rebalancing complete - Final Ni = 10, height = 4
   ✅ Shard 0 (validator 2) - 1 → 10 blocks, height=4
🌳 Step 5a: Building REAL Local CC-MBMT from rebalanced blocks...
   ✅ Validator 2 built REAL local CC-MBMT (shard 0) - 10 blocks → tree height=4
🔗 SABV4: Merged 1 local CC-MBMTs into global CC-MBMT using REAL tree structure
✅ Step 5b: Merged 1 local CC-MBMTs into global root r
✅ Step 6: Computed alternative root r' using SAME Merkle tree method as Step 5a
   Using 10 rebalanced blocks, tree height=4
🔐 Step 7: Verifying integrity...
   r  (from merged trees):     4862315217b8776a7c6d8b2e118bd5d13b9fb55a2129739a3e94b836ef730533
   r' (from all blocks):       4862315217b8776a7c6d8b2e118bd5d13b9fb55a2129739a3e94b836ef730533
   R  (global_root expected): 9af6cb2ef58a0e18050508e5dd6e28ba134a25cc84e575b536a191a31f97e4ef
   r == r'? true
✅ SABV4: Verification PASSED - Algorithm executed correctly
   ✅ r == r' (no tampering detected, root consistency verified)
   ✅ Algorithm integrity: SABV4 + LMTR4 working as designed
📝 Note: Blockchain signature verification delegated to SP1 proving
🔧 LMTR4: Starting Algorithm 2 rebalancing for 1 blocks
📊 LMTR4: Initial state - Ni = 1, b = 3, htarget = 4
🔄 LMTR4: Fixed branch imbalance by appending last block - Ni = 2
🔄 LMTR4: Fixed branch imbalance by appending last block - Ni = 3
📊 LMTR4: Height adjustment - Current height = 2, Target = 4
⬆️ LMTR4: Added block to increase height - Ni = 4, height = 2
📊 LMTR4: Height adjustment - Current height = 3, Target = 4
⬆️ LMTR4: Added block to increase height - Ni = 5, height = 3
📊 LMTR4: Height adjustment - Current height = 3, Target = 4
⬆️ LMTR4: Added block to increase height - Ni = 6, height = 3
📊 LMTR4: Height adjustment - Current height = 3, Target = 4
⬆️ LMTR4: Added block to increase height - Ni = 7, height = 3
📊 LMTR4: Height adjustment - Current height = 3, Target = 4
⬆️ LMTR4: Added block to increase height - Ni = 8, height = 3
📊 LMTR4: Height adjustment - Current height = 3, Target = 4
⬆️ LMTR4: Added block to increase height - Ni = 9, height = 3
📊 LMTR4: Height adjustment - Current height = 3, Target = 4
⬆️ LMTR4: Added block to increase height - Ni = 10, height = 3
✅ LMTR4: Rebalancing complete - Final Ni = 10, height = 4
2025-10-28T13:17:12.473377Z DEBUG initialize prover: chip Cpu has 11 byte interactions
2025-10-28T13:17:12.473695Z DEBUG initialize prover: chip Program has 0 byte interactions
2025-10-28T13:17:12.473941Z DEBUG initialize prover: chip ShaExtend has 60 byte interactions
2025-10-28T13:17:12.474420Z DEBUG initialize prover: chip ShaCompress has 112 byte interactions
2025-10-28T13:17:12.482385Z DEBUG initialize prover: chip EdAddAssign has 818 byte interactions
2025-10-28T13:17:12.501477Z DEBUG initialize prover: chip EdDecompress has 710 byte interactions
2025-10-28T13:17:12.514624Z DEBUG initialize prover: chip Secp256k1Decompress has 616 byte interactions
2025-10-28T13:17:12.528419Z DEBUG initialize prover: chip Secp256k1AddAssign has 1006 byte interactions
2025-10-28T13:17:12.545641Z DEBUG initialize prover: chip Secp256k1DoubleAssign has 1068 byte interactions
2025-10-28T13:17:12.558106Z DEBUG initialize prover: chip Secp256r1Decompress has 616 byte interactions
2025-10-28T13:17:12.567631Z DEBUG initialize prover: chip Secp256r1AddAssign has 1006 byte interactions
2025-10-28T13:17:12.580840Z DEBUG initialize prover: chip Secp256r1DoubleAssign has 1068 byte interactions
2025-10-28T13:17:12.593390Z DEBUG initialize prover: chip KeccakPermute has 200 byte interactions
2025-10-28T13:17:12.607928Z DEBUG initialize prover: chip Bn254AddAssign has 1006 byte interactions
2025-10-28T13:17:12.621190Z DEBUG initialize prover: chip Bn254DoubleAssign has 1068 byte interactions
2025-10-28T13:17:12.641984Z DEBUG initialize prover: chip Bls12381AddAssign has 1518 byte interactions
2025-10-28T13:17:12.677868Z DEBUG initialize prover: chip Bls12381DoubleAssign has 1612 byte interactions
2025-10-28T13:17:12.706303Z DEBUG initialize prover: chip Uint256MulMod has 145 byte interactions
2025-10-28T13:17:12.714467Z DEBUG initialize prover: chip U256XU2048Mul has 1060 byte interactions
2025-10-28T13:17:12.728960Z DEBUG initialize prover: chip Bls12381FpOpAssign has 191 byte interactions
2025-10-28T13:17:12.735982Z DEBUG initialize prover: chip Bls12381Fp2AddSubAssign has 382 byte interactions
2025-10-28T13:17:12.748553Z DEBUG initialize prover: chip Bls12381Fp2MulAssign has 950 byte interactions
2025-10-28T13:17:12.760862Z DEBUG initialize prover: chip Bn254FpOpAssign has 127 byte interactions
2025-10-28T13:17:12.764373Z DEBUG initialize prover: chip Bn254Fp2AddSubAssign has 254 byte interactions
2025-10-28T13:17:12.770351Z DEBUG initialize prover: chip Bn254Fp2MulAssign has 630 byte interactions
2025-10-28T13:17:12.782705Z DEBUG initialize prover: chip Bls12381Decompress has 930 byte interactions
2025-10-28T13:17:12.794665Z DEBUG initialize prover: chip SyscallCore has 0 byte interactions
2025-10-28T13:17:12.794706Z DEBUG initialize prover: chip SyscallPrecompile has 0 byte interactions
2025-10-28T13:17:12.794835Z DEBUG initialize prover: chip DivRem has 11 byte interactions
2025-10-28T13:17:12.794981Z DEBUG initialize prover: chip AddSub has 6 byte interactions
2025-10-28T13:17:12.795043Z DEBUG initialize prover: chip Bitwise has 4 byte interactions
2025-10-28T13:17:12.795107Z DEBUG initialize prover: chip Mul has 14 byte interactions
2025-10-28T13:17:12.795209Z DEBUG initialize prover: chip ShiftRight has 25 byte interactions
2025-10-28T13:17:12.795333Z DEBUG initialize prover: chip ShiftLeft has 4 byte interactions
2025-10-28T13:17:12.795416Z DEBUG initialize prover: chip Lt has 3 byte interactions
2025-10-28T13:17:12.795672Z DEBUG initialize prover: chip MemoryInstrs has 7 byte interactions
2025-10-28T13:17:12.795858Z DEBUG initialize prover: chip Auipc has 1 byte interactions
2025-10-28T13:17:12.796001Z DEBUG initialize prover: chip Branch has 2 byte interactions
2025-10-28T13:17:12.796131Z DEBUG initialize prover: chip Jump has 3 byte interactions
2025-10-28T13:17:12.796300Z DEBUG initialize prover: chip SyscallInstrs has 3 byte interactions
2025-10-28T13:17:12.796714Z DEBUG initialize prover: chip MemoryGlobalInit has 0 byte interactions
2025-10-28T13:17:12.797315Z DEBUG initialize prover: chip MemoryGlobalFinalize has 0 byte interactions
2025-10-28T13:17:12.797758Z DEBUG initialize prover: chip MemoryLocal has 0 byte interactions
2025-10-28T13:17:12.798499Z DEBUG initialize prover: chip Global has 1 byte interactions
2025-10-28T13:17:12.799582Z DEBUG initialize prover: chip Byte has 9 byte interactions
2025-10-28T13:17:12.799681Z DEBUG initialize prover: chip MemoryConst has 0 byte interactions
2025-10-28T13:17:12.799706Z DEBUG initialize prover: chip MemoryVar has 0 byte interactions
2025-10-28T13:17:12.799751Z DEBUG initialize prover: chip BaseAlu has 0 byte interactions
2025-10-28T13:17:12.799893Z DEBUG initialize prover: chip ExtAlu has 0 byte interactions
2025-10-28T13:17:12.800488Z DEBUG initialize prover: chip Poseidon2WideDeg3 has 0 byte interactions
2025-10-28T13:17:12.801070Z DEBUG initialize prover: chip BatchFRI has 0 byte interactions
2025-10-28T13:17:12.801244Z DEBUG initialize prover: chip Select has 0 byte interactions
2025-10-28T13:17:12.801296Z DEBUG initialize prover: chip ExpReverseBitsLen has 0 byte interactions
2025-10-28T13:17:12.801330Z DEBUG initialize prover: chip PublicValues has 0 byte interactions
2025-10-28T13:17:12.801366Z DEBUG initialize prover: chip MemoryConst has 0 byte interactions
2025-10-28T13:17:12.801390Z DEBUG initialize prover: chip MemoryVar has 0 byte interactions
2025-10-28T13:17:12.801460Z DEBUG initialize prover: chip BaseAlu has 0 byte interactions
2025-10-28T13:17:12.801591Z DEBUG initialize prover: chip ExtAlu has 0 byte interactions
2025-10-28T13:17:12.802128Z DEBUG initialize prover: chip Poseidon2WideDeg3 has 0 byte interactions
2025-10-28T13:17:12.802731Z DEBUG initialize prover: chip BatchFRI has 0 byte interactions
2025-10-28T13:17:12.802902Z DEBUG initialize prover: chip Select has 0 byte interactions
2025-10-28T13:17:12.802946Z DEBUG initialize prover: chip ExpReverseBitsLen has 0 byte interactions
2025-10-28T13:17:12.802979Z DEBUG initialize prover: chip PublicValues has 0 byte interactions
2025-10-28T13:17:12.803354Z DEBUG initialize prover: chip MemoryConst has 0 byte interactions
2025-10-28T13:17:12.803387Z DEBUG initialize prover: chip MemoryVar has 0 byte interactions
2025-10-28T13:17:12.803460Z DEBUG initialize prover: chip BaseAlu has 0 byte interactions
2025-10-28T13:17:12.803593Z DEBUG initialize prover: chip ExtAlu has 0 byte interactions
2025-10-28T13:17:12.803998Z DEBUG initialize prover: chip Poseidon2SkinnyDeg9 has 0 byte interactions
2025-10-28T13:17:12.804304Z DEBUG initialize prover: chip Select has 0 byte interactions
2025-10-28T13:17:12.804390Z DEBUG initialize prover: chip PublicValues has 0 byte interactions
2025-10-28T13:17:12.840800Z DEBUG initialize prover: chip Cpu has 11 byte interactions
2025-10-28T13:17:12.840985Z DEBUG initialize prover: chip Program has 0 byte interactions
2025-10-28T13:17:12.841157Z DEBUG initialize prover: chip ShaExtend has 60 byte interactions
2025-10-28T13:17:12.841732Z DEBUG initialize prover: chip ShaCompress has 112 byte interactions
2025-10-28T13:17:12.854521Z DEBUG initialize prover: chip EdAddAssign has 818 byte interactions
2025-10-28T13:17:12.883815Z DEBUG initialize prover: chip EdDecompress has 710 byte interactions
2025-10-28T13:17:12.904503Z DEBUG initialize prover: chip Secp256k1Decompress has 616 byte interactions
2025-10-28T13:17:12.926178Z DEBUG initialize prover: chip Secp256k1AddAssign has 1006 byte interactions
2025-10-28T13:17:12.954053Z DEBUG initialize prover: chip Secp256k1DoubleAssign has 1068 byte interactions
2025-10-28T13:17:12.982010Z DEBUG initialize prover: chip Secp256r1Decompress has 616 byte interactions
2025-10-28T13:17:12.997904Z DEBUG initialize prover: chip Secp256r1AddAssign has 1006 byte interactions
2025-10-28T13:17:13.015259Z DEBUG initialize prover: chip Secp256r1DoubleAssign has 1068 byte interactions
2025-10-28T13:17:13.027506Z DEBUG initialize prover: chip KeccakPermute has 200 byte interactions
2025-10-28T13:17:13.041782Z DEBUG initialize prover: chip Bn254AddAssign has 1006 byte interactions
2025-10-28T13:17:13.054933Z DEBUG initialize prover: chip Bn254DoubleAssign has 1068 byte interactions
2025-10-28T13:17:13.075639Z DEBUG initialize prover: chip Bls12381AddAssign has 1518 byte interactions
2025-10-28T13:17:13.112194Z DEBUG initialize prover: chip Bls12381DoubleAssign has 1612 byte interactions
2025-10-28T13:17:13.140621Z DEBUG initialize prover: chip Uint256MulMod has 145 byte interactions
2025-10-28T13:17:13.149012Z DEBUG initialize prover: chip U256XU2048Mul has 1060 byte interactions
2025-10-28T13:17:13.164029Z DEBUG initialize prover: chip Bls12381FpOpAssign has 191 byte interactions
2025-10-28T13:17:13.171229Z DEBUG initialize prover: chip Bls12381Fp2AddSubAssign has 382 byte interactions
2025-10-28T13:17:13.183798Z DEBUG initialize prover: chip Bls12381Fp2MulAssign has 950 byte interactions
2025-10-28T13:17:13.197121Z DEBUG initialize prover: chip Bn254FpOpAssign has 127 byte interactions
2025-10-28T13:17:13.200642Z DEBUG initialize prover: chip Bn254Fp2AddSubAssign has 254 byte interactions
2025-10-28T13:17:13.206741Z DEBUG initialize prover: chip Bn254Fp2MulAssign has 630 byte interactions
2025-10-28T13:17:13.219012Z DEBUG initialize prover: chip Bls12381Decompress has 930 byte interactions
2025-10-28T13:17:13.230299Z DEBUG initialize prover: chip SyscallCore has 0 byte interactions
2025-10-28T13:17:13.230345Z DEBUG initialize prover: chip SyscallPrecompile has 0 byte interactions
2025-10-28T13:17:13.230460Z DEBUG initialize prover: chip DivRem has 11 byte interactions
2025-10-28T13:17:13.230603Z DEBUG initialize prover: chip AddSub has 6 byte interactions
2025-10-28T13:17:13.230669Z DEBUG initialize prover: chip Bitwise has 4 byte interactions
2025-10-28T13:17:13.230733Z DEBUG initialize prover: chip Mul has 14 byte interactions
2025-10-28T13:17:13.230838Z DEBUG initialize prover: chip ShiftRight has 25 byte interactions
2025-10-28T13:17:13.230944Z DEBUG initialize prover: chip ShiftLeft has 4 byte interactions
2025-10-28T13:17:13.231022Z DEBUG initialize prover: chip Lt has 3 byte interactions
2025-10-28T13:17:13.231152Z DEBUG initialize prover: chip MemoryInstrs has 7 byte interactions
2025-10-28T13:17:13.231275Z DEBUG initialize prover: chip Auipc has 1 byte interactions
2025-10-28T13:17:13.231355Z DEBUG initialize prover: chip Branch has 2 byte interactions
2025-10-28T13:17:13.231460Z DEBUG initialize prover: chip Jump has 3 byte interactions
2025-10-28T13:17:13.231551Z DEBUG initialize prover: chip SyscallInstrs has 3 byte interactions
2025-10-28T13:17:13.231767Z DEBUG initialize prover: chip MemoryGlobalInit has 0 byte interactions
2025-10-28T13:17:13.232114Z DEBUG initialize prover: chip MemoryGlobalFinalize has 0 byte interactions
2025-10-28T13:17:13.232357Z DEBUG initialize prover: chip MemoryLocal has 0 byte interactions
2025-10-28T13:17:13.232787Z DEBUG initialize prover: chip Global has 1 byte interactions
2025-10-28T13:17:13.233368Z DEBUG initialize prover: chip Byte has 9 byte interactions
2025-10-28T13:17:13.242292Z DEBUG initialize prover: chip U256XU2048Mul has 1060 byte interactions
2025-10-28T13:17:13.252042Z DEBUG initialize prover: chip Bn254Fp2MulAssign has 630 byte interactions
2025-10-28T13:17:13.259740Z DEBUG initialize prover: chip Secp256r1Decompress has 616 byte interactions
2025-10-28T13:17:13.267640Z DEBUG initialize prover: chip Secp256k1Decompress has 616 byte interactions
2025-10-28T13:17:13.276762Z DEBUG initialize prover: chip Bn254AddAssign has 1006 byte interactions
2025-10-28T13:17:13.285676Z DEBUG initialize prover: chip KeccakPermute has 200 byte interactions
2025-10-28T13:17:13.296579Z DEBUG initialize prover: chip Secp256k1AddAssign has 1006 byte interactions
2025-10-28T13:17:13.302945Z DEBUG initialize prover: chip Bn254FpOpAssign has 127 byte interactions
2025-10-28T13:17:13.304229Z DEBUG initialize prover: chip ShaExtend has 60 byte interactions
2025-10-28T13:17:13.314977Z DEBUG initialize prover: chip Bls12381AddAssign has 1518 byte interactions
2025-10-28T13:17:13.331182Z DEBUG initialize prover: chip Bls12381Fp2AddSubAssign has 382 byte interactions
2025-10-28T13:17:13.340013Z DEBUG initialize prover: chip EdDecompress has 710 byte interactions
2025-10-28T13:17:13.349259Z DEBUG initialize prover: chip Secp256r1AddAssign has 1006 byte interactions
2025-10-28T13:17:13.360040Z DEBUG initialize prover: chip Bn254DoubleAssign has 1068 byte interactions
2025-10-28T13:17:13.366992Z DEBUG initialize prover: chip Uint256MulMod has 145 byte interactions
2025-10-28T13:17:13.380533Z DEBUG initialize prover: chip Bls12381DoubleAssign has 1612 byte interactions
2025-10-28T13:17:13.403941Z DEBUG initialize prover: chip Bls12381Fp2MulAssign has 950 byte interactions
2025-10-28T13:17:13.417449Z DEBUG initialize prover: chip EdAddAssign has 818 byte interactions
2025-10-28T13:17:13.431932Z DEBUG initialize prover: chip Bls12381Decompress has 930 byte interactions
2025-10-28T13:17:13.446620Z DEBUG initialize prover: chip Secp256r1DoubleAssign has 1068 byte interactions
2025-10-28T13:17:13.454919Z DEBUG initialize prover: chip Bn254Fp2AddSubAssign has 254 byte interactions
2025-10-28T13:17:13.459626Z DEBUG initialize prover: chip Bls12381FpOpAssign has 191 byte interactions
2025-10-28T13:17:13.462228Z DEBUG initialize prover: chip ShaCompress has 112 byte interactions
2025-10-28T13:17:13.468627Z DEBUG initialize prover: chip Secp256k1DoubleAssign has 1068 byte interactions
2025-10-28T13:17:13.477267Z DEBUG initialize prover: vk verification: true
2025-10-28T13:17:13.936526Z DEBUG initialize prover:build compress program:assert lookup multiplicities: close time.busy=7.53µs time.idle=19.8µs
2025-10-28T13:17:14.035749Z DEBUG initialize prover:build compress program:2adic pcs:verify shape and challenges: close time.busy=81.3ms time.idle=4.13µs
2025-10-28T13:17:14.301128Z DEBUG initialize prover:build compress program:2adic pcs:verify challenges: close time.busy=186ms time.idle=5.77µs
2025-10-28T13:17:14.301245Z DEBUG initialize prover:build compress program:2adic pcs: close time.busy=363ms time.idle=3.71µs
2025-10-28T13:17:14.304002Z DEBUG initialize prover:build compress program:verify constraints: close time.busy=2.69ms time.idle=4.73µs
2025-10-28T13:17:14.326049Z DEBUG initialize prover:build compress program:assert lookup multiplicities: close time.busy=6.13µs time.idle=4.40µs
2025-10-28T13:17:14.424530Z DEBUG initialize prover:build compress program:2adic pcs:verify shape and challenges: close time.busy=70.3ms time.idle=4.14µs
2025-10-28T13:17:14.650821Z DEBUG initialize prover:build compress program:2adic pcs:verify challenges: close time.busy=141ms time.idle=5.40µs
2025-10-28T13:17:14.650930Z DEBUG initialize prover:build compress program:2adic pcs: close time.busy=321ms time.idle=4.05µs
2025-10-28T13:17:14.653109Z DEBUG initialize prover:build compress program:verify constraints: close time.busy=2.16ms time.idle=4.00µs
2025-10-28T13:17:14.667914Z DEBUG initialize prover:build compress program: close time.busy=849ms time.idle=10.8µs
2025-10-28T13:17:15.197773Z DEBUG initialize prover:compile compress program:compile raw program: close time.busy=530ms time.idle=3.89µs
2025-10-28T13:17:15.234641Z DEBUG initialize prover:compile compress program:backfill mult: close time.busy=36.8ms time.idle=5.13µs
2025-10-28T13:17:15.234809Z DEBUG initialize prover:compile compress program:prepend constants: close time.busy=109µs time.idle=3.49µs
2025-10-28T13:17:15.251512Z DEBUG initialize prover:compile compress program: close time.busy=584ms time.idle=4.51µs
2025-10-28T13:17:15.411213Z DEBUG initialize prover:build compress program:assert lookup multiplicities: close time.busy=41.6µs time.idle=5.48µs
2025-10-28T13:17:15.513459Z DEBUG initialize prover:build compress program:2adic pcs:verify shape and challenges: close time.busy=82.7ms time.idle=4.48µs
2025-10-28T13:17:15.791785Z DEBUG initialize prover:build compress program:2adic pcs:verify challenges: close time.busy=175ms time.idle=6.24µs
2025-10-28T13:17:15.791887Z DEBUG initialize prover:build compress program:2adic pcs: close time.busy=379ms time.idle=3.26µs
2025-10-28T13:17:15.794194Z DEBUG initialize prover:build compress program:verify constraints: close time.busy=2.29ms time.idle=4.02µs
2025-10-28T13:17:15.807871Z DEBUG initialize prover:build compress program:assert lookup multiplicities: close time.busy=13.4µs time.idle=3.33µs
2025-10-28T13:17:15.902076Z DEBUG initialize prover:build compress program:2adic pcs:verify shape and challenges: close time.busy=75.1ms time.idle=3.72µs
2025-10-28T13:17:16.159934Z DEBUG initialize prover:build compress program:2adic pcs:verify challenges: close time.busy=163ms time.idle=5.58µs
2025-10-28T13:17:16.160048Z DEBUG initialize prover:build compress program:2adic pcs: close time.busy=348ms time.idle=3.17µs
2025-10-28T13:17:16.162107Z DEBUG initialize prover:build compress program:verify constraints: close time.busy=2.04ms time.idle=3.86µs
2025-10-28T13:17:16.178465Z DEBUG initialize prover:build compress program: close time.busy=915ms time.idle=4.86µs
2025-10-28T13:17:16.800181Z DEBUG initialize prover:compile compress program:compile raw program: close time.busy=622ms time.idle=10.2µs
2025-10-28T13:17:16.957471Z DEBUG initialize prover:compile compress program:backfill mult: close time.busy=157ms time.idle=5.18µs
2025-10-28T13:17:16.957611Z DEBUG initialize prover:compile compress program:prepend constants: close time.busy=77.5µs time.idle=4.74µs
2025-10-28T13:17:16.981146Z DEBUG initialize prover:compile compress program: close time.busy=803ms time.idle=4.58µs
2025-10-28T13:17:17.145325Z DEBUG initialize prover:build compress program:assert lookup multiplicities: close time.busy=7.05µs time.idle=5.28µs
2025-10-28T13:17:17.236740Z DEBUG initialize prover:build compress program:2adic pcs:verify shape and challenges: close time.busy=74.7ms time.idle=5.27µs
2025-10-28T13:17:17.450265Z DEBUG initialize prover:build compress program:2adic pcs:verify challenges: close time.busy=143ms time.idle=5.67µs
2025-10-28T13:17:17.450363Z DEBUG initialize prover:build compress program:2adic pcs: close time.busy=304ms time.idle=3.42µs
2025-10-28T13:17:17.452489Z DEBUG initialize prover:build compress program:verify constraints: close time.busy=2.11ms time.idle=4.03µs
2025-10-28T13:17:17.466502Z DEBUG initialize prover:build compress program:assert lookup multiplicities: close time.busy=6.41µs time.idle=5.49µs
2025-10-28T13:17:17.585082Z DEBUG initialize prover:build compress program:2adic pcs:verify shape and challenges: close time.busy=100.0ms time.idle=5.45µs
2025-10-28T13:17:17.861087Z DEBUG initialize prover:build compress program:2adic pcs:verify challenges: close time.busy=149ms time.idle=5.88µs
2025-10-28T13:17:17.861224Z DEBUG initialize prover:build compress program:2adic pcs: close time.busy=392ms time.idle=3.37µs
2025-10-28T13:17:17.863377Z DEBUG initialize prover:build compress program:verify constraints: close time.busy=2.13ms time.idle=4.34µs
2025-10-28T13:17:17.879155Z DEBUG initialize prover:build compress program: close time.busy=870ms time.idle=6.03µs
2025-10-28T13:17:18.496910Z DEBUG initialize prover:compile compress program:compile raw program: close time.busy=618ms time.idle=3.67µs
2025-10-28T13:17:18.537638Z DEBUG initialize prover:compile compress program:backfill mult: close time.busy=40.7ms time.idle=4.63µs
2025-10-28T13:17:18.537735Z DEBUG initialize prover:compile compress program:prepend constants: close time.busy=45.0µs time.idle=3.41µs
2025-10-28T13:17:18.555581Z DEBUG initialize prover:compile compress program: close time.busy=676ms time.idle=5.55µs
2025-10-28T13:17:18.705496Z DEBUG initialize prover:build compress program:assert lookup multiplicities: close time.busy=6.81µs time.idle=4.90µs
2025-10-28T13:17:18.792812Z DEBUG initialize prover:build compress program:2adic pcs:verify shape and challenges: close time.busy=70.5ms time.idle=5.23µs
2025-10-28T13:17:19.031478Z DEBUG initialize prover:build compress program:2adic pcs:verify challenges: close time.busy=183ms time.idle=5.98µs
2025-10-28T13:17:19.031586Z DEBUG initialize prover:build compress program:2adic pcs: close time.busy=325ms time.idle=3.33µs
2025-10-28T13:17:19.033710Z DEBUG initialize prover:build compress program:verify constraints: close time.busy=2.10ms time.idle=3.96µs
2025-10-28T13:17:19.047294Z DEBUG initialize prover:build compress program:assert lookup multiplicities: close time.busy=5.93µs time.idle=4.54µs
2025-10-28T13:17:19.143715Z DEBUG initialize prover:build compress program:2adic pcs:verify shape and challenges: close time.busy=78.1ms time.idle=5.57µs
2025-10-28T13:17:19.404445Z DEBUG initialize prover:build compress program:2adic pcs:verify challenges: close time.busy=164ms time.idle=23.2µs
2025-10-28T13:17:19.404613Z DEBUG initialize prover:build compress program:2adic pcs: close time.busy=354ms time.idle=3.69µs
2025-10-28T13:17:19.406776Z DEBUG initialize prover:build compress program:verify constraints: close time.busy=2.12ms time.idle=4.03µs
2025-10-28T13:17:19.422705Z DEBUG initialize prover:build compress program: close time.busy=853ms time.idle=4.95µs
2025-10-28T13:17:19.946658Z DEBUG initialize prover:compile compress program:compile raw program: close time.busy=524ms time.idle=4.13µs
2025-10-28T13:17:19.993681Z DEBUG initialize prover:compile compress program:backfill mult: close time.busy=47.0ms time.idle=4.63µs
2025-10-28T13:17:19.993827Z DEBUG initialize prover:compile compress program:prepend constants: close time.busy=71.1µs time.idle=4.88µs
2025-10-28T13:17:20.013896Z DEBUG initialize prover:compile compress program: close time.busy=591ms time.idle=7.25µs
2025-10-28T13:17:20.025780Z DEBUG initialize prover: close time.busy=7.55s time.idle=4.74µs
2025-10-28T13:17:20.096006Z DEBUG setup:setup machine:generate preprocessed traces: generated preprocessed trace for chip Cpu in 6.963µs
2025-10-28T13:17:20.096031Z DEBUG setup:setup machine:generate preprocessed traces: generated preprocessed trace for chip ShaCompress in 5.847µs
2025-10-28T13:17:20.096005Z DEBUG setup:setup machine:generate preprocessed traces: generated preprocessed trace for chip EdDecompress in 4.983µs
2025-10-28T13:17:20.096076Z DEBUG setup:setup machine:generate preprocessed traces: generated preprocessed trace for chip SyscallPrecompile in 5.411µs
2025-10-28T13:17:20.096083Z DEBUG setup:setup machine:generate preprocessed traces: generated preprocessed trace for chip Secp256k1Decompress in 21.112µs
2025-10-28T13:17:20.096090Z DEBUG setup:setup machine:generate preprocessed traces: generated preprocessed trace for chip ShiftLeft in 5.051µs
2025-10-28T13:17:20.096094Z DEBUG setup:setup machine:generate preprocessed traces: generated preprocessed trace for chip Secp256k1DoubleAssign in 5.028µs
2025-10-28T13:17:20.096115Z DEBUG setup:setup machine:generate preprocessed traces: generated preprocessed trace for chip Bn254Fp2MulAssign in 4.988µs
2025-10-28T13:17:20.096131Z DEBUG setup:setup machine:generate preprocessed traces: generated preprocessed trace for chip Bls12381Decompress in 1.086µs
2025-10-28T13:17:20.096131Z DEBUG setup:setup machine:generate preprocessed traces: generated preprocessed trace for chip MemoryLocal in 7.846µs
2025-10-28T13:17:20.096029Z DEBUG fixed log2 rows can be potentially reduced: got 50022, expected 524288
2025-10-28T13:17:20.096154Z DEBUG setup:setup machine:generate preprocessed traces: generated preprocessed trace for chip DivRem in 1.041µs
2025-10-28T13:17:20.096175Z DEBUG setup:setup machine:generate preprocessed traces: generated preprocessed trace for chip Bn254Fp2AddSubAssign in 1.099µs
2025-10-28T13:17:20.096013Z DEBUG setup:setup machine:generate preprocessed traces: generated preprocessed trace for chip ShaExtend in 5.021µs
2025-10-28T13:17:20.096229Z DEBUG setup:setup machine:generate preprocessed traces: generated preprocessed trace for chip Lt in 1.128µs
2025-10-28T13:17:20.096100Z DEBUG setup:setup machine:generate preprocessed traces: generated preprocessed trace for chip SyscallInstrs in 5.156µs
2025-10-28T13:17:20.096017Z DEBUG setup:setup machine:generate preprocessed traces: generated preprocessed trace for chip EdAddAssign in 4.995µs
2025-10-28T13:17:20.096091Z DEBUG setup:setup machine:generate preprocessed traces: generated preprocessed trace for chip Bn254FpOpAssign in 5.056µs
2025-10-28T13:17:20.096323Z DEBUG setup:setup machine:generate preprocessed traces: generated preprocessed trace for chip MemoryInstrs in 984ns
2025-10-28T13:17:20.096344Z DEBUG setup:setup machine:generate preprocessed traces: generated preprocessed trace for chip Global in 1.569µs
2025-10-28T13:17:20.096411Z DEBUG setup:setup machine:generate preprocessed traces: generated preprocessed trace for chip MemoryGlobalInit in 1.082µs
2025-10-28T13:17:20.096420Z DEBUG setup:setup machine:generate preprocessed traces: generated preprocessed trace for chip Secp256k1AddAssign in 1.196µs
2025-10-28T13:17:20.096418Z DEBUG setup:setup machine:generate preprocessed traces: generated preprocessed trace for chip AddSub in 1.053µs
2025-10-28T13:17:20.096539Z DEBUG setup:setup machine:generate preprocessed traces: generated preprocessed trace for chip Auipc in 1.06µs
2025-10-28T13:17:20.096623Z DEBUG setup:setup machine:generate preprocessed traces: generated preprocessed trace for chip Branch in 4.281µs
2025-10-28T13:17:20.096646Z DEBUG setup:setup machine:generate preprocessed traces: generated preprocessed trace for chip Bitwise in 1.033µs
2025-10-28T13:17:20.096698Z DEBUG setup:setup machine:generate preprocessed traces: generated preprocessed trace for chip Jump in 1.036µs
2025-10-28T13:17:20.096802Z DEBUG setup:setup machine:generate preprocessed traces: generated preprocessed trace for chip Secp256r1Decompress in 978ns
2025-10-28T13:17:20.096851Z DEBUG setup:setup machine:generate preprocessed traces: generated preprocessed trace for chip MemoryGlobalFinalize in 1.158µs
2025-10-28T13:17:20.096961Z DEBUG setup:setup machine:generate preprocessed traces: generated preprocessed trace for chip Mul in 1.032µs
2025-10-28T13:17:20.097109Z DEBUG setup:setup machine:generate preprocessed traces: generated preprocessed trace for chip ShiftRight in 1.007µs
2025-10-28T13:17:20.097178Z DEBUG setup:setup machine:generate preprocessed traces: generated preprocessed trace for chip Secp256r1AddAssign in 1.328µs
2025-10-28T13:17:20.096064Z DEBUG setup:setup machine:generate preprocessed traces: generated preprocessed trace for chip Secp256r1DoubleAssign in 1.304µs
2025-10-28T13:17:20.106502Z DEBUG setup:setup machine:generate preprocessed traces: generated preprocessed trace for chip Byte in 7.190997ms
2025-10-28T13:17:20.106693Z DEBUG setup:setup machine:generate preprocessed traces: generated preprocessed trace for chip Bls12381DoubleAssign in 1.07µs
2025-10-28T13:17:20.107765Z DEBUG setup:setup machine:generate preprocessed traces: generated preprocessed trace for chip Bn254AddAssign in 1.609µs
2025-10-28T13:17:20.113320Z DEBUG setup:setup machine:generate preprocessed traces: generated preprocessed trace for chip Bn254DoubleAssign in 1.802µs
2025-10-28T13:17:20.113344Z DEBUG setup:setup machine:generate preprocessed traces: generated preprocessed trace for chip KeccakPermute in 1.263µs
2025-10-28T13:17:20.113375Z DEBUG setup:setup machine:generate preprocessed traces: generated preprocessed trace for chip Bls12381AddAssign in 1.076µs
2025-10-28T13:17:20.116145Z DEBUG setup:setup machine:generate preprocessed traces: generated preprocessed trace for chip Bls12381FpOpAssign in 1.264µs
2025-10-28T13:17:20.120777Z DEBUG setup:setup machine:generate preprocessed traces: generated preprocessed trace for chip Bls12381Fp2AddSubAssign in 1.287µs
2025-10-28T13:17:20.131213Z DEBUG setup:setup machine:generate preprocessed traces: generated preprocessed trace for chip Uint256MulMod in 1.415µs
2025-10-28T13:17:20.132919Z DEBUG setup:setup machine:generate preprocessed traces: generated preprocessed trace for chip U256XU2048Mul in 1.2µs
2025-10-28T13:17:20.146913Z DEBUG setup:setup machine:generate preprocessed traces: generated preprocessed trace for chip SyscallCore in 1.728µs
2025-10-28T13:17:20.146959Z DEBUG setup:setup machine:generate preprocessed traces: generated preprocessed trace for chip Bls12381Fp2MulAssign in 927ns
2025-10-28T13:17:20.205415Z DEBUG setup:setup machine:generate preprocessed traces: generated preprocessed trace for chip Program in 109.402075ms
2025-10-28T13:17:21.174628Z DEBUG setup:setup machine:commit to preprocessed traces: close time.busy=891ms time.idle=7.35µs
2025-10-28T13:17:21.174691Z DEBUG setup:setup machine:generate preprocessed traces: close time.busy=133ms time.idle=946ms
2025-10-28T13:17:21.174705Z DEBUG setup:setup machine: close time.busy=1.14s time.idle=3.18µs
2025-10-28T13:17:21.708725Z DEBUG setup: close time.busy=1.68s time.idle=4.73µs
2025-10-28T13:17:21.815500Z DEBUG prove_core:checkpoint generator:batch:clone: close time.busy=232µs time.idle=3.56µs
2025-10-28T13:17:21.815556Z DEBUG prove_core:checkpoint generator:batch:execute: loading memory image
2025-10-28T13:17:21.817546Z  INFO prove_core:checkpoint generator:batch:execute: clk = 0 pc = 0x201504
2025-10-28T13:17:22.153184Z DEBUG prove_core:checkpoint generator:batch:execute: close time.busy=338ms time.idle=4.54µs
2025-10-28T13:17:22.157397Z DEBUG prove_core:checkpoint generator:batch:create memory checkpoint: close time.busy=4.13ms time.idle=4.46µs
2025-10-28T13:17:22.161030Z DEBUG prove_core:checkpoint generator:batch: close time.busy=346ms time.idle=3.32µs
2025-10-28T13:17:22.161062Z DEBUG prove_core:checkpoint generator: close time.busy=346ms time.idle=22.7µs
2025-10-28T13:17:22.173589Z DEBUG prove_core:phase 2 trace generation:trace checkpoint: loading memory image
2025-10-28T13:17:22.175840Z  INFO prove_core:phase 2 trace generation:trace checkpoint: clk = 0 pc = 0x201504
2025-10-28T13:17:23.148045Z DEBUG prove_core:phase 2 trace generation:trace checkpoint: close time.busy=987ms time.idle=5.24µs
2025-10-28T13:17:23.457617Z DEBUG prove_core:phase 2 trace generation: deferred 4 records
2025-10-28T13:17:23.546152Z DEBUG prove_core:phase 2 trace generation:generate dependencies:generate cpu dependencies: close time.busy=88.4ms time.idle=4.50µs index=0
2025-10-28T13:17:23.725493Z DEBUG prove_core:phase 2 trace generation:generate dependencies:register nonces: close time.busy=2.63µs time.idle=4.48µs index=0
2025-10-28T13:17:23.725576Z DEBUG prove_core:phase 2 trace generation:generate dependencies:generate cpu dependencies: close time.busy=8.91µs time.idle=11.4µs index=0
2025-10-28T13:17:23.759490Z DEBUG prove_core:phase 2 trace generation:generate dependencies:register nonces: close time.busy=2.10µs time.idle=4.70µs index=0
2025-10-28T13:17:23.759549Z DEBUG prove_core:phase 2 trace generation:generate dependencies:generate cpu dependencies: close time.busy=7.52µs time.idle=2.53µs index=0
2025-10-28T13:17:23.817087Z DEBUG prove_core:phase 2 trace generation:generate dependencies:register nonces: close time.busy=2.21µs time.idle=4.88µs index=0
2025-10-28T13:17:23.817150Z DEBUG prove_core:phase 2 trace generation:generate dependencies:generate cpu dependencies: close time.busy=7.59µs time.idle=2.40µs index=0
2025-10-28T13:17:23.942983Z DEBUG prove_core:phase 2 trace generation:generate dependencies:register nonces: close time.busy=2.87µs time.idle=5.00µs index=0
2025-10-28T13:17:23.943053Z DEBUG prove_core:phase 2 trace generation:generate dependencies:generate cpu dependencies: close time.busy=8.58µs time.idle=2.82µs index=0
2025-10-28T13:17:23.957614Z DEBUG prove_core:phase 2 trace generation:generate dependencies:register nonces: close time.busy=1.76µs time.idle=3.63µs index=0
2025-10-28T13:17:23.957644Z DEBUG prove_core:phase 2 trace generation:generate dependencies: close time.busy=500ms time.idle=3.94µs index=0
2025-10-28T13:17:23.958382Z DEBUG prove_core:phase 2 trace generation: Shard Lifted: Index=1, Cluster=4
2025-10-28T13:17:23.958405Z DEBUG prove_core:phase 2 trace generation: Chip Cpu: 21  -> 21 
2025-10-28T13:17:23.958415Z DEBUG prove_core:phase 2 trace generation: Chip AddSub: 21  -> 21 
2025-10-28T13:17:23.958443Z DEBUG prove_core:phase 2 trace generation: Chip Bitwise: 17  -> 17 
2025-10-28T13:17:23.958453Z DEBUG prove_core:phase 2 trace generation: Chip Mul: 12  -> 17 
2025-10-28T13:17:23.958461Z DEBUG prove_core:phase 2 trace generation: Chip ShiftRight: 14  -> 17 
2025-10-28T13:17:23.958469Z DEBUG prove_core:phase 2 trace generation: Chip ShiftLeft: 14  -> 17 
2025-10-28T13:17:23.958477Z DEBUG prove_core:phase 2 trace generation: Chip Lt: 19  -> 19 
2025-10-28T13:17:23.958485Z DEBUG prove_core:phase 2 trace generation: Chip MemoryLocal: 14  -> 18 
2025-10-28T13:17:23.958493Z DEBUG prove_core:phase 2 trace generation: Chip MemoryInstrs: 20  -> 20 
2025-10-28T13:17:23.958500Z DEBUG prove_core:phase 2 trace generation: Chip Auipc: 14  -> 18 
2025-10-28T13:17:23.958508Z DEBUG prove_core:phase 2 trace generation: Chip Branch: 18  -> 18 
2025-10-28T13:17:23.958516Z DEBUG prove_core:phase 2 trace generation: Chip Jump: 16  -> 18 
2025-10-28T13:17:23.958523Z DEBUG prove_core:phase 2 trace generation: Chip Global: 17  -> 17 
2025-10-28T13:17:23.958531Z DEBUG prove_core:phase 2 trace generation: Chip SyscallCore: 12  -> 18 
2025-10-28T13:17:23.958539Z DEBUG prove_core:phase 2 trace generation: Chip SyscallInstrs: 12  -> 18 
2025-10-28T13:17:23.959457Z DEBUG fixed log2 rows can be potentially reduced: got 14408, expected 131072
2025-10-28T13:17:23.959837Z DEBUG generate traces for shard: fixed log2 rows can be potentially reduced: got 50022, expected 524288
2025-10-28T13:17:23.959868Z DEBUG generate traces for shard: fixed log2 rows can be potentially reduced: got 50022, expected 524288
2025-10-28T13:17:23.959878Z DEBUG generate traces for shard: fixed log2 rows can be potentially reduced: got 50022, expected 524288
2025-10-28T13:17:23.960446Z DEBUG generate traces for shard: generated trace for chip MemoryLocal in 1.053474ms
2025-10-28T13:17:23.960742Z DEBUG generate traces for shard: generated trace for chip Program in 1.251729ms
2025-10-28T13:17:23.960818Z DEBUG generate traces for shard: generated trace for chip Program in 1.324456ms
2025-10-28T13:17:23.960964Z DEBUG generate traces for shard: generated trace for chip MemoryLocal in 1.04317ms
2025-10-28T13:17:23.961966Z DEBUG fixed log2 rows can be potentially reduced: got 15258, expected 131072
2025-10-28T13:17:23.962280Z DEBUG prove_core: core cache miss, misses: 0
2025-10-28T13:17:23.962481Z DEBUG fixed log2 rows can be potentially reduced: got 15221, expected 262144
2025-10-28T13:17:23.962497Z DEBUG fixed log2 rows can be potentially reduced: got 33117, expected 262144
2025-10-28T13:17:23.962724Z DEBUG generate traces for shard: generated trace for chip Byte in 3.275222ms
2025-10-28T13:17:23.959870Z DEBUG generate traces for shard: fixed log2 rows can be potentially reduced: got 50022, expected 524288
2025-10-28T13:17:23.965241Z DEBUG generate traces for shard: generated trace for chip Auipc in 2.780048ms
2025-10-28T13:17:23.967192Z DEBUG generate traces for shard: generated trace for chip Program in 7.742469ms
2025-10-28T13:17:23.967963Z DEBUG generate traces for shard: generated trace for chip Jump in 5.479843ms
2025-10-28T13:17:23.968015Z DEBUG fixed log2 rows can be potentially reduced: got 2250, expected 262144
2025-10-28T13:17:23.969369Z DEBUG generate traces for shard: generated trace for chip Program in 10.001918ms
2025-10-28T13:17:23.971000Z DEBUG generate traces for shard: generated trace for chip SyscallInstrs in 3.001317ms
2025-10-28T13:17:23.971252Z DEBUG fixed log2 rows can be potentially reduced: got 13017, expected 262144
2025-10-28T13:17:23.976749Z DEBUG generate traces for shard: generated trace for chip MemoryLocal in 5.728747ms
2025-10-28T13:17:23.977997Z DEBUG generate traces for shard: fixed log2 rows can be potentially reduced: got 18041, expected 65536
2025-10-28T13:17:23.985345Z DEBUG generate traces for shard: generated trace for chip Byte in 18.127149ms
2025-10-28T13:17:23.989227Z DEBUG generate traces for shard: generated trace for chip MemoryLocal in 3.836141ms
2025-10-28T13:17:23.995617Z DEBUG generate traces for shard: fixed log2 rows can be potentially reduced: got 2250, expected 262144
2025-10-28T13:17:23.995701Z DEBUG generate traces for shard: generated trace for chip ShiftRight in 36.252331ms
2025-10-28T13:17:23.995846Z DEBUG generate traces for shard: generated trace for chip SyscallPrecompile in 118.257µs
2025-10-28T13:17:24.000867Z DEBUG generate traces for shard: generated trace for chip Byte in 5.002087ms
2025-10-28T13:17:24.003846Z DEBUG generate traces for shard: generated trace for chip Bitwise in 44.400067ms
2025-10-28T13:17:24.003896Z DEBUG fixed log2 rows can be potentially reduced: got 3907, expected 131072
2025-10-28T13:17:24.006341Z DEBUG generate traces for shard: generated trace for chip Mul in 2.456956ms
2025-10-28T13:17:24.006534Z DEBUG generate traces for shard: generated trace for chip SyscallPrecompile in 167.762µs
2025-10-28T13:17:24.013575Z DEBUG generate traces for shard: generated trace for chip SyscallCore in 18.105162ms
2025-10-28T13:17:24.020196Z DEBUG generate traces for shard: generated trace for chip Branch in 54.924752ms
2025-10-28T13:17:24.031936Z DEBUG generate traces for shard: generated trace for chip ShiftLeft in 72.474894ms
2025-10-28T13:17:24.035417Z DEBUG fixed log2 rows can be potentially reduced: got 74917, expected 262144
2025-10-28T13:17:24.043681Z DEBUG generate traces for shard: generated trace for chip MemoryGlobalInit in 82.920244ms
2025-10-28T13:17:24.048363Z DEBUG fixed log2 rows can be potentially reduced: got 50022, expected 524288
2025-10-28T13:17:24.048993Z DEBUG generate traces for shard: generated trace for chip Program in 48.076426ms
2025-10-28T13:17:24.049142Z DEBUG generate traces for shard: generated trace for chip SyscallPrecompile in 113.772µs
2025-10-28T13:17:24.058139Z DEBUG generate traces for shard: generated trace for chip Secp256k1AddAssign in 98.175528ms
2025-10-28T13:17:24.067488Z DEBUG generate traces for shard: generated trace for chip Lt in 108.012579ms
2025-10-28T13:17:24.073741Z DEBUG prove_core:build recursion program:read input: close time.busy=111ms time.idle=3.69µs
2025-10-28T13:17:24.074542Z DEBUG prove_core:build recursion program:verify:verify shard:assert lookup multiplicities: close time.busy=7.97µs time.idle=3.10µs
2025-10-28T13:17:24.240125Z DEBUG prove_core:build recursion program:verify:verify shard:2adic pcs:verify shape and challenges: close time.busy=124ms time.idle=6.43µs
2025-10-28T13:17:24.395817Z DEBUG generate traces for shard: generated trace for chip Secp256k1DoubleAssign in 433.067044ms
2025-10-28T13:17:24.439681Z DEBUG generate traces for shard: generated trace for chip Byte in 9.791695ms
2025-10-28T13:17:24.445467Z DEBUG generate traces for shard: generated trace for chip Cpu in 485.469828ms
2025-10-28T13:17:24.480044Z DEBUG generate traces for shard: generated trace for chip MemoryGlobalFinalize in 519.565443ms
2025-10-28T13:17:24.490246Z DEBUG generate traces for shard: generated trace for chip Byte in 323.048µs
2025-10-28T13:17:24.526599Z DEBUG prove_core:build recursion program:verify:verify shard:2adic pcs:verify challenges: close time.busy=142ms time.idle=9.75µs
2025-10-28T13:17:24.527476Z DEBUG prove_core:build recursion program:verify:verify shard:2adic pcs: close time.busy=450ms time.idle=3.35µs
2025-10-28T13:17:24.535008Z DEBUG prove_core:build recursion program:verify:verify shard:verify constraints: close time.busy=7.51ms time.idle=4.68µs
2025-10-28T13:17:24.535053Z DEBUG prove_core:build recursion program:verify:verify shard: close time.busy=461ms time.idle=9.81µs
2025-10-28T13:17:24.584695Z DEBUG prove_core:build recursion program:verify: close time.busy=511ms time.idle=4.34µs
2025-10-28T13:17:24.584756Z DEBUG prove_core:build recursion program:build block: close time.busy=7.27µs time.idle=3.14µs
2025-10-28T13:17:24.584770Z DEBUG prove_core:build recursion program: close time.busy=622ms time.idle=3.89µs
2025-10-28T13:17:24.836591Z DEBUG generate traces for shard: generated trace for chip MemoryInstrs in 792.863129ms
2025-10-28T13:17:25.023177Z DEBUG generate traces for shard: generated trace for chip AddSub in 1.009553882s
2025-10-28T13:17:25.023837Z DEBUG generate traces for shard: generated trace for chip Global in 1.062852447s
2025-10-28T13:17:25.066062Z DEBUG generate traces for shard: generated trace for chip KeccakPermute in 1.105225758s
2025-10-28T13:17:25.157112Z DEBUG generate traces for shard: generated trace for chip Global in 1.197684891s
2025-10-28T13:17:25.180316Z DEBUG prove_core:compile recursion program:compile raw program: close time.busy=596ms time.idle=8.28µs
2025-10-28T13:17:25.218516Z DEBUG prove_core:compile recursion program:backfill mult: close time.busy=38.1ms time.idle=5.39µs
2025-10-28T13:17:25.218648Z DEBUG prove_core:compile recursion program:prepend constants: close time.busy=58.6µs time.idle=4.47µs
2025-10-28T13:17:25.233044Z DEBUG prove_core:compile recursion program: close time.busy=648ms time.idle=4.64µs
2025-10-28T13:17:25.262645Z DEBUG prove_core: core cache miss, misses: 1
2025-10-28T13:17:25.280699Z DEBUG generate traces for shard: generated trace for chip Global in 1.291437978s
2025-10-28T13:17:25.280810Z DEBUG generate traces for shard: close time.busy=1.32s time.idle=5.22µs
2025-10-28T13:17:25.280814Z DEBUG generate traces for shard: close time.busy=1.32s time.idle=4.91µs
2025-10-28T13:17:25.370806Z DEBUG generate traces for shard: generated trace for chip Global in 925.278783ms
2025-10-28T13:17:25.370869Z DEBUG generate traces for shard: generated trace for chip Global in 1.394090672s
2025-10-28T13:17:25.371463Z DEBUG generate traces for shard: close time.busy=1.41s time.idle=7.32µs
2025-10-28T13:17:25.372583Z DEBUG generate traces for shard: close time.busy=1.41s time.idle=180µs
2025-10-28T13:17:25.372640Z DEBUG generate traces for shard: close time.busy=1.41s time.idle=7.61µs
2025-10-28T13:17:25.373695Z  INFO prove_core:phase 2 trace generation:generate main traces: close time.busy=1.41s time.idle=5.42µs index=0
2025-10-28T13:17:25.437932Z DEBUG prove_core:build recursion program:read input: close time.busy=175ms time.idle=4.27µs
2025-10-28T13:17:25.438712Z DEBUG prove_core:build recursion program:verify:verify shard:assert lookup multiplicities: close time.busy=19.7µs time.idle=3.06µs
2025-10-28T13:17:25.659656Z DEBUG prove_core:build recursion program:verify:verify shard:2adic pcs:verify shape and challenges: close time.busy=91.8ms time.idle=5.88µs
2025-10-28T13:17:26.072903Z DEBUG prove_core:build recursion program:verify:verify shard:2adic pcs:verify challenges: close time.busy=190ms time.idle=6.61µs
2025-10-28T13:17:26.072997Z DEBUG prove_core:build recursion program:verify:verify shard:2adic pcs: close time.busy=633ms time.idle=3.36µs
2025-10-28T13:17:26.090562Z DEBUG prove_core:build recursion program:verify:verify shard:verify constraints: close time.busy=17.5ms time.idle=4.58µs
2025-10-28T13:17:26.090617Z DEBUG prove_core:build recursion program:verify:verify shard: close time.busy=652ms time.idle=3.92µs
2025-10-28T13:17:26.120473Z DEBUG prove_core:build recursion program:verify: close time.busy=682ms time.idle=4.50µs
2025-10-28T13:17:26.120534Z DEBUG prove_core:build recursion program:build block: close time.busy=2.19µs time.idle=3.41µs
2025-10-28T13:17:26.120548Z DEBUG prove_core:build recursion program: close time.busy=858ms time.idle=4.31µs
2025-10-28T13:17:26.625253Z DEBUG prove_core:compile recursion program:compile raw program: close time.busy=505ms time.idle=4.10µs
2025-10-28T13:17:26.656333Z DEBUG prove_core:compile recursion program:backfill mult: close time.busy=31.0ms time.idle=4.98µs
2025-10-28T13:17:26.656456Z DEBUG prove_core:compile recursion program:prepend constants: close time.busy=60.2µs time.idle=3.94µs
2025-10-28T13:17:26.667731Z DEBUG prove_core:compile recursion program: close time.busy=547ms time.idle=3.81µs
2025-10-28T13:17:26.680590Z DEBUG prove_core: core cache miss, misses: 2
2025-10-28T13:17:26.819915Z DEBUG prove_core:build recursion program:read input: close time.busy=139ms time.idle=3.88µs
2025-10-28T13:17:26.820810Z DEBUG prove_core:build recursion program:verify:verify shard:assert lookup multiplicities: close time.busy=33.0µs time.idle=3.13µs
2025-10-28T13:17:27.027704Z DEBUG prove_core:build recursion program:verify:verify shard:2adic pcs:verify shape and challenges: close time.busy=82.2ms time.idle=5.83µs
2025-10-28T13:17:27.423995Z DEBUG prove_core:build recursion program:verify:verify shard:2adic pcs:verify challenges: close time.busy=167ms time.idle=7.16µs
2025-10-28T13:17:27.424094Z DEBUG prove_core:build recursion program:verify:verify shard:2adic pcs: close time.busy=602ms time.idle=3.69µs
2025-10-28T13:17:27.443105Z DEBUG prove_core:build recursion program:verify:verify shard:verify constraints: close time.busy=19.0ms time.idle=5.63µs
2025-10-28T13:17:27.443176Z DEBUG prove_core:build recursion program:verify:verify shard: close time.busy=622ms time.idle=4.03µs
2025-10-28T13:17:27.474799Z DEBUG prove_core:build recursion program:verify: close time.busy=655ms time.idle=5.24µs
2025-10-28T13:17:27.474859Z DEBUG prove_core:build recursion program:build block: close time.busy=2.07µs time.idle=3.29µs
2025-10-28T13:17:27.474873Z DEBUG prove_core:build recursion program: close time.busy=794ms time.idle=3.62µs
2025-10-28T13:17:27.995706Z DEBUG prove_core:compile recursion program:compile raw program: close time.busy=521ms time.idle=4.16µs
2025-10-28T13:17:28.026615Z DEBUG prove_core:compile recursion program:backfill mult: close time.busy=30.8ms time.idle=4.95µs
2025-10-28T13:17:28.026716Z DEBUG prove_core:compile recursion program:prepend constants: close time.busy=39.6µs time.idle=3.75µs
2025-10-28T13:17:28.037986Z DEBUG prove_core:compile recursion program: close time.busy=563ms time.idle=4.61µs
2025-10-28T13:17:54.919876Z DEBUG prove_core:phase 2 prover:batch:commit: close time.busy=29.5s time.idle=5.31µs shard=1
2025-10-28T13:18:02.750179Z DEBUG prove_core:phase 2 prover:batch:opening:generate permutation traces: close time.busy=7.83s time.idle=5.43µs shard=1
2025-10-28T13:18:02.750319Z DEBUG prove_core:phase 2 prover:batch:opening: AddSub          | Main Cols = 19    | Pre Cols = 0      | Perm Cols = 20    | Rows = 2097152 | Cells = 81788928   shard=1
2025-10-28T13:18:02.750341Z DEBUG prove_core:phase 2 prover:batch:opening: Cpu             | Main Cols = 57    | Pre Cols = 0      | Perm Cols = 44    | Rows = 2097152 | Cells = 211812352  shard=1
2025-10-28T13:18:02.750355Z DEBUG prove_core:phase 2 prover:batch:opening: MemoryInstrs    | Main Cols = 57    | Pre Cols = 0      | Perm Cols = 28    | Rows = 1048576 | Cells = 89128960   shard=1
2025-10-28T13:18:02.750367Z DEBUG prove_core:phase 2 prover:batch:opening: Lt              | Main Cols = 33    | Pre Cols = 0      | Perm Cols = 12    | Rows = 524288 | Cells = 23592960   shard=1
2025-10-28T13:18:02.750387Z DEBUG prove_core:phase 2 prover:batch:opening: Program         | Main Cols = 1     | Pre Cols = 14     | Perm Cols = 8     | Rows = 524288 | Cells = 12058624   shard=1
2025-10-28T13:18:02.750401Z DEBUG prove_core:phase 2 prover:batch:opening: Auipc           | Main Cols = 21    | Pre Cols = 0      | Perm Cols = 12    | Rows = 262144 | Cells = 8650752    shard=1
2025-10-28T13:18:02.750413Z DEBUG prove_core:phase 2 prover:batch:opening: Branch          | Main Cols = 34    | Pre Cols = 0      | Perm Cols = 16    | Rows = 262144 | Cells = 13107200   shard=1
2025-10-28T13:18:02.750457Z DEBUG prove_core:phase 2 prover:batch:opening: Jump            | Main Cols = 26    | Pre Cols = 0      | Perm Cols = 16    | Rows = 262144 | Cells = 11010048   shard=1
2025-10-28T13:18:02.750473Z DEBUG prove_core:phase 2 prover:batch:opening: MemoryLocal     | Main Cols = 56    | Pre Cols = 0      | Perm Cols = 36    | Rows = 262144 | Cells = 24117248   shard=1
2025-10-28T13:18:02.750487Z DEBUG prove_core:phase 2 prover:batch:opening: SyscallCore     | Main Cols = 6     | Pre Cols = 0      | Perm Cols = 8     | Rows = 262144 | Cells = 3670016    shard=1
2025-10-28T13:18:02.750499Z DEBUG prove_core:phase 2 prover:batch:opening: SyscallInstrs   | Main Cols = 52    | Pre Cols = 0      | Perm Cols = 20    | Rows = 262144 | Cells = 18874368   shard=1
2025-10-28T13:18:02.750511Z DEBUG prove_core:phase 2 prover:batch:opening: Bitwise         | Main Cols = 17    | Pre Cols = 0      | Perm Cols = 16    | Rows = 131072 | Cells = 4325376    shard=1
2025-10-28T13:18:02.750523Z DEBUG prove_core:phase 2 prover:batch:opening: Global          | Main Cols = 412   | Pre Cols = 0      | Perm Cols = 8     | Rows = 131072 | Cells = 55050240   shard=1
2025-10-28T13:18:02.750535Z DEBUG prove_core:phase 2 prover:batch:opening: Mul             | Main Cols = 39    | Pre Cols = 0      | Perm Cols = 36    | Rows = 131072 | Cells = 9830400    shard=1
2025-10-28T13:18:02.750547Z DEBUG prove_core:phase 2 prover:batch:opening: ShiftLeft       | Main Cols = 44    | Pre Cols = 0      | Perm Cols = 16    | Rows = 131072 | Cells = 7864320    shard=1
2025-10-28T13:18:02.750558Z DEBUG prove_core:phase 2 prover:batch:opening: ShiftRight      | Main Cols = 70    | Pre Cols = 0      | Perm Cols = 56    | Rows = 131072 | Cells = 16515072   shard=1
2025-10-28T13:18:02.750570Z DEBUG prove_core:phase 2 prover:batch:opening: Byte            | Main Cols = 9     | Pre Cols = 11     | Perm Cols = 24    | Rows = 65536 | Cells = 2883584    shard=1
2025-10-28T13:18:05.876658Z DEBUG prove_core:phase 2 prover:batch:opening:flatten permutation traces and collect domains: close time.busy=3.13s time.idle=5.40µs shard=1
2025-10-28T13:18:23.710220Z DEBUG prove_core:phase 2 prover:batch:opening:commit to permutation traces: close time.busy=17.8s time.idle=9.22µs shard=1
2025-10-28T13:18:27.130019Z DEBUG prove_core:phase 2 prover:batch:opening:compute quotient values:compute quotient values for domain: close time.busy=3.42s time.idle=13.1µs shard=1
2025-10-28T13:18:27.955738Z DEBUG prove_core:phase 2 prover:batch:opening:compute quotient values:compute quotient values for domain: close time.busy=4.24s time.idle=5.80µs shard=1
2025-10-28T13:18:28.628593Z DEBUG prove_core:phase 2 prover:batch:opening:compute quotient values:compute quotient values for domain: close time.busy=4.92s time.idle=6.33µs shard=1
2025-10-28T13:18:30.639422Z DEBUG prove_core:phase 2 prover:batch:opening:compute quotient values:compute quotient values for domain: close time.busy=6.93s time.idle=7.35µs shard=1
2025-10-28T13:18:34.995072Z DEBUG prove_core:phase 2 prover:batch:opening:compute quotient values:compute quotient values for domain: close time.busy=11.3s time.idle=16.2µs shard=1
2025-10-28T13:18:36.954863Z DEBUG prove_core:phase 2 prover:batch:opening:compute quotient values:compute quotient values for domain: close time.busy=13.2s time.idle=5.62µs shard=1
2025-10-28T13:18:40.393469Z DEBUG prove_core:phase 2 prover:batch:opening:compute quotient values:compute quotient values for domain: close time.busy=16.7s time.idle=11.8µs shard=1
2025-10-28T13:18:59.253369Z DEBUG prove_core:phase 2 prover:batch:opening:compute quotient values:compute quotient values for domain: close time.busy=35.5s time.idle=6.20µs shard=1
2025-10-28T13:18:59.897487Z DEBUG prove_core:phase 2 prover:batch:opening:compute quotient values:compute quotient values for domain: close time.busy=29.3s time.idle=6.62µs shard=1
2025-10-28T13:18:59.912940Z DEBUG prove_core:phase 2 prover:batch:opening:compute quotient values:compute quotient values for domain: close time.busy=36.2s time.idle=18.5µs shard=1
2025-10-28T13:18:59.941146Z DEBUG prove_core:phase 2 prover:batch:opening:compute quotient values:compute quotient values for domain: close time.busy=36.2s time.idle=5.82µs shard=1
2025-10-28T13:18:59.949491Z DEBUG prove_core:phase 2 prover:batch:opening:compute quotient values:compute quotient values for domain: close time.busy=36.2s time.idle=23.9µs shard=1
2025-10-28T13:18:59.981860Z DEBUG prove_core:phase 2 prover:batch:opening:compute quotient values:compute quotient values for domain: close time.busy=36.3s time.idle=5.71µs shard=1
2025-10-28T13:19:00.013642Z DEBUG prove_core:phase 2 prover:batch:opening:compute quotient values:compute quotient values for domain: close time.busy=36.3s time.idle=5.23µs shard=1
2025-10-28T13:19:00.164165Z DEBUG prove_core:phase 2 prover:batch:opening:compute quotient values:compute quotient values for domain: close time.busy=36.5s time.idle=13.6µs shard=1
2025-10-28T13:19:00.392775Z DEBUG prove_core:phase 2 prover:batch:opening:compute quotient values:compute quotient values for domain: close time.busy=36.7s time.idle=5.28µs shard=1
2025-10-28T13:19:01.234718Z DEBUG prove_core:phase 2 prover:batch:opening:compute quotient values:compute quotient values for domain: close time.busy=37.5s time.idle=6.69µs shard=1
2025-10-28T13:19:10.583400Z DEBUG prove_core:phase 2 prover:batch:opening:commit to quotient traces: close time.busy=8.28s time.idle=12.7µs shard=1
2025-10-28T13:19:10.583706Z DEBUG prove_core:phase 2 prover:batch:opening:compute preprocessed opening points: close time.busy=46.2µs time.idle=4.46µs shard=1
2025-10-28T13:19:10.583808Z DEBUG prove_core:phase 2 prover:batch:opening:compute main trace opening points: close time.busy=56.6µs time.idle=3.43µs shard=1
2025-10-28T13:19:10.583865Z DEBUG prove_core:phase 2 prover:batch:opening:compute permutation trace opening points: close time.busy=6.52µs time.idle=2.89µs shard=1
2025-10-28T13:19:34.381415Z DEBUG prove_core:phase 2 prover:batch:opening:open multi batches: close time.busy=23.8s time.idle=4.61µs shard=1
2025-10-28T13:19:34.478830Z DEBUG prove_core:phase 2 prover:batch:opening:compute quotient values: close time.busy=37.5s time.idle=33.2s shard=1
2025-10-28T13:19:35.591658Z DEBUG prove_core:phase 2 prover:batch:opening: close time.busy=101s time.idle=9.89µs shard=1
2025-10-28T13:19:35.591747Z DEBUG prove_core:phase 2 prover:batch: proving shard 1 took 130217737273 ns. shape: Some([(Byte, 16), (Global, 17), (ShiftLeft, 17), (Bitwise, 17), (ShiftRight, 17), (Mul, 17), (SyscallCore, 18), (SyscallInstrs, 18), (Jump, 18), (MemoryLocal, 18), (Auipc, 18), (Branch, 18), (Lt, 19), (Program, 19), (MemoryInstrs, 20), (Cpu, 21), (AddSub, 21)])
2025-10-28T13:19:35.591912Z DEBUG prove_core:phase 2 prover:batch: close time.busy=130s time.idle=29.7µs
2025-10-28T13:19:38.306838Z DEBUG prove_core:phase 2 prover:batch:commit: close time.busy=2.71s time.idle=4.84µs shard=2
2025-10-28T13:19:38.695307Z DEBUG prove_core:phase 2 prover:batch:opening:generate permutation traces: close time.busy=388ms time.idle=4.70µs shard=2
2025-10-28T13:19:38.695365Z DEBUG prove_core:phase 2 prover:batch:opening: Program         | Main Cols = 1     | Pre Cols = 14     | Perm Cols = 8     | Rows = 524288 | Cells = 12058624   shard=2
2025-10-28T13:19:38.695379Z DEBUG prove_core:phase 2 prover:batch:opening: Byte            | Main Cols = 9     | Pre Cols = 11     | Perm Cols = 24    | Rows = 65536 | Cells = 2883584    shard=2
2025-10-28T13:19:38.695388Z DEBUG prove_core:phase 2 prover:batch:opening: Global          | Main Cols = 412   | Pre Cols = 0      | Perm Cols = 8     | Rows = 65536 | Cells = 27525120   shard=2
2025-10-28T13:19:38.695398Z DEBUG prove_core:phase 2 prover:batch:opening: MemoryLocal     | Main Cols = 56    | Pre Cols = 0      | Perm Cols = 36    | Rows = 8192  | Cells = 753664     shard=2
2025-10-28T13:19:38.695410Z DEBUG prove_core:phase 2 prover:batch:opening: Secp256k1AddAssign | Main Cols = 2305  | Pre Cols = 0      | Perm Cols = 2148  | Rows = 1024  | Cells = 4559872    shard=2
2025-10-28T13:19:38.695439Z DEBUG prove_core:phase 2 prover:batch:opening: SyscallPrecompile | Main Cols = 6     | Pre Cols = 0      | Perm Cols = 8     | Rows = 1024  | Cells = 14336      shard=2
2025-10-28T13:19:38.833569Z DEBUG prove_core:phase 2 prover:batch:opening:flatten permutation traces and collect domains: close time.busy=138ms time.idle=5.06µs shard=2
2025-10-28T13:19:39.713921Z DEBUG prove_core:phase 2 prover:batch:opening:commit to permutation traces: close time.busy=880ms time.idle=5.48µs shard=2
2025-10-28T13:19:40.938043Z DEBUG prove_core:phase 2 prover:batch:opening:compute quotient values:compute quotient values for domain: close time.busy=1.22s time.idle=4.79µs shard=2
2025-10-28T13:19:40.938284Z DEBUG prove_core:phase 2 prover:batch:opening:compute quotient values:compute quotient values for domain: close time.busy=1.22s time.idle=4.54µs shard=2
2025-10-28T13:19:40.940655Z DEBUG prove_core:phase 2 prover:batch:opening:compute quotient values:compute quotient values for domain: close time.busy=1.23s time.idle=4.50µs shard=2
2025-10-28T13:19:40.973383Z DEBUG prove_core:phase 2 prover:batch:opening:compute quotient values:compute quotient values for domain: close time.busy=1.26s time.idle=4.54µs shard=2
2025-10-28T13:19:40.975514Z DEBUG prove_core:phase 2 prover:batch:opening:compute quotient values:compute quotient values for domain: close time.busy=1.26s time.idle=12.9µs shard=2
2025-10-28T13:19:40.978587Z DEBUG prove_core:phase 2 prover:batch:opening:compute quotient values:compute quotient values for domain: close time.busy=1.26s time.idle=5.64µs shard=2
2025-10-28T13:19:42.042038Z DEBUG prove_core:phase 2 prover:batch:opening:commit to quotient traces: close time.busy=1.03s time.idle=6.38µs shard=2
2025-10-28T13:19:42.042304Z DEBUG prove_core:phase 2 prover:batch:opening:compute preprocessed opening points: close time.busy=4.42µs time.idle=3.49µs shard=2
2025-10-28T13:19:42.042329Z DEBUG prove_core:phase 2 prover:batch:opening:compute main trace opening points: close time.busy=5.83µs time.idle=2.23µs shard=2
2025-10-28T13:19:42.042345Z DEBUG prove_core:phase 2 prover:batch:opening:compute permutation trace opening points: close time.busy=3.52µs time.idle=2.20µs shard=2
2025-10-28T13:19:44.936582Z DEBUG prove_core:phase 2 prover:batch:opening:open multi batches: close time.busy=2.89s time.idle=4.20µs shard=2
2025-10-28T13:19:44.936684Z DEBUG prove_core:phase 2 prover:batch:opening:compute quotient values: close time.busy=1.26s time.idle=3.96s shard=2
2025-10-28T13:19:44.993012Z DEBUG prove_core:phase 2 prover:batch:opening: close time.busy=6.69s time.idle=7.56µs shard=2
2025-10-28T13:19:44.993077Z DEBUG prove_core:phase 2 prover:batch: proving shard 2 took 9401083429 ns. shape: Some([(Secp256k1AddAssign, 10), (SyscallPrecompile, 10), (MemoryLocal, 13), (Byte, 16), (Global, 16), (Program, 19)])
2025-10-28T13:19:44.993246Z DEBUG prove_core:phase 2 prover:batch: close time.busy=9.40s time.idle=21.9µs
2025-10-28T13:19:47.889712Z DEBUG prove_core:phase 2 prover:batch:commit: close time.busy=2.90s time.idle=4.18µs shard=3
2025-10-28T13:19:48.061395Z DEBUG prove_core:phase 2 prover:batch:opening:generate permutation traces: close time.busy=172ms time.idle=4.78µs shard=3
2025-10-28T13:19:48.061472Z DEBUG prove_core:phase 2 prover:batch:opening: Program         | Main Cols = 1     | Pre Cols = 14     | Perm Cols = 8     | Rows = 524288 | Cells = 12058624   shard=3
2025-10-28T13:19:48.061486Z DEBUG prove_core:phase 2 prover:batch:opening: Byte            | Main Cols = 9     | Pre Cols = 11     | Perm Cols = 24    | Rows = 65536 | Cells = 2883584    shard=3
2025-10-28T13:19:48.061496Z DEBUG prove_core:phase 2 prover:batch:opening: Global          | Main Cols = 412   | Pre Cols = 0      | Perm Cols = 8     | Rows = 65536 | Cells = 27525120   shard=3
2025-10-28T13:19:48.061505Z DEBUG prove_core:phase 2 prover:batch:opening: MemoryLocal     | Main Cols = 56    | Pre Cols = 0      | Perm Cols = 36    | Rows = 4096  | Cells = 376832     shard=3
2025-10-28T13:19:48.061514Z DEBUG prove_core:phase 2 prover:batch:opening: Secp256k1DoubleAssign | Main Cols = 2348  | Pre Cols = 0      | Perm Cols = 2208  | Rows = 1024  | Cells = 4665344    shard=3
2025-10-28T13:19:48.061526Z DEBUG prove_core:phase 2 prover:batch:opening: SyscallPrecompile | Main Cols = 6     | Pre Cols = 0      | Perm Cols = 8     | Rows = 1024  | Cells = 14336      shard=3
2025-10-28T13:19:48.087539Z DEBUG prove_core:phase 2 prover:batch:opening:flatten permutation traces and collect domains: close time.busy=26.0ms time.idle=6.19µs shard=3
2025-10-28T13:19:49.016484Z DEBUG prove_core:phase 2 prover:batch:opening:commit to permutation traces: close time.busy=929ms time.idle=4.77µs shard=3
2025-10-28T13:19:49.019069Z DEBUG prove_core:phase 2 prover:batch:opening:compute quotient values:compute quotient values for domain: close time.busy=2.31ms time.idle=4.48µs shard=3
2025-10-28T13:19:50.194168Z DEBUG prove_core:phase 2 prover:batch:opening:compute quotient values:compute quotient values for domain: close time.busy=1.18s time.idle=5.02µs shard=3
2025-10-28T13:19:50.194354Z DEBUG prove_core:phase 2 prover:batch:opening:compute quotient values:compute quotient values for domain: close time.busy=1.18s time.idle=4.62µs shard=3
2025-10-28T13:19:50.201451Z DEBUG prove_core:phase 2 prover:batch:opening:compute quotient values:compute quotient values for domain: close time.busy=1.18s time.idle=5.08µs shard=3
2025-10-28T13:19:50.233919Z DEBUG prove_core:phase 2 prover:batch:opening:compute quotient values:compute quotient values for domain: close time.busy=1.22s time.idle=4.21µs shard=3
2025-10-28T13:19:50.242863Z DEBUG prove_core:phase 2 prover:batch:opening:compute quotient values:compute quotient values for domain: close time.busy=1.23s time.idle=6.44µs shard=3
2025-10-28T13:19:50.963240Z DEBUG prove_core:phase 2 prover:batch:opening:commit to quotient traces: close time.busy=694ms time.idle=13.2µs shard=3
2025-10-28T13:19:50.963315Z DEBUG prove_core:phase 2 prover:batch:opening:compute preprocessed opening points: close time.busy=4.97µs time.idle=4.12µs shard=3
2025-10-28T13:19:50.963334Z DEBUG prove_core:phase 2 prover:batch:opening:compute main trace opening points: close time.busy=4.60µs time.idle=2.35µs shard=3
2025-10-28T13:19:50.963351Z DEBUG prove_core:phase 2 prover:batch:opening:compute permutation trace opening points: close time.busy=3.50µs time.idle=2.30µs shard=3
2025-10-28T13:19:53.486891Z DEBUG prove_core:phase 2 prover:batch:opening:open multi batches: close time.busy=2.52s time.idle=4.18µs shard=3
2025-10-28T13:19:53.486989Z DEBUG prove_core:phase 2 prover:batch:opening:compute quotient values: close time.busy=1.23s time.idle=3.24s shard=3
2025-10-28T13:19:53.543763Z DEBUG prove_core:phase 2 prover:batch:opening: close time.busy=5.65s time.idle=6.00µs shard=3
2025-10-28T13:19:53.543803Z DEBUG prove_core:phase 2 prover:batch: proving shard 3 took 8550453999 ns. shape: Some([(SyscallPrecompile, 10), (Secp256k1DoubleAssign, 10), (MemoryLocal, 12), (Global, 16), (Byte, 16), (Program, 19)])
2025-10-28T13:19:53.543912Z DEBUG prove_core:phase 2 prover:batch: close time.busy=8.55s time.idle=43.2µs
2025-10-28T13:19:53.583833Z DEBUG prove_core:phase 2 trace generation: close time.busy=152s time.idle=14.0µs
2025-10-28T13:20:02.558283Z DEBUG prove_core:phase 2 prover:batch:commit: close time.busy=9.01s time.idle=3.96µs shard=4
2025-10-28T13:20:02.987108Z DEBUG prove_core:phase 2 prover:batch:opening:generate permutation traces: close time.busy=429ms time.idle=4.75µs shard=4
2025-10-28T13:20:02.987187Z DEBUG prove_core:phase 2 prover:batch:opening: Program         | Main Cols = 1     | Pre Cols = 14     | Perm Cols = 8     | Rows = 524288 | Cells = 12058624   shard=4
2025-10-28T13:20:02.987203Z DEBUG prove_core:phase 2 prover:batch:opening: Global          | Main Cols = 412   | Pre Cols = 0      | Perm Cols = 8     | Rows = 131072 | Cells = 55050240   shard=4
2025-10-28T13:20:02.987217Z DEBUG prove_core:phase 2 prover:batch:opening: Byte            | Main Cols = 9     | Pre Cols = 11     | Perm Cols = 24    | Rows = 65536 | Cells = 2883584    shard=4
2025-10-28T13:20:02.987229Z DEBUG prove_core:phase 2 prover:batch:opening: KeccakPermute   | Main Cols = 3289  | Pre Cols = 0      | Perm Cols = 608   | Rows = 16384 | Cells = 63848448   shard=4
2025-10-28T13:20:02.987242Z DEBUG prove_core:phase 2 prover:batch:opening: MemoryLocal     | Main Cols = 56    | Pre Cols = 0      | Perm Cols = 36    | Rows = 16384 | Cells = 1507328    shard=4
2025-10-28T13:20:02.987258Z DEBUG prove_core:phase 2 prover:batch:opening: SyscallPrecompile | Main Cols = 6     | Pre Cols = 0      | Perm Cols = 8     | Rows = 1024  | Cells = 14336      shard=4
2025-10-28T13:20:03.145610Z DEBUG prove_core:phase 2 prover:batch:opening:flatten permutation traces and collect domains: close time.busy=158ms time.idle=5.77µs shard=4
2025-10-28T13:20:04.587336Z DEBUG prove_core:phase 2 prover:batch:opening:commit to permutation traces: close time.busy=1.44s time.idle=6.82µs shard=4
2025-10-28T13:20:04.592148Z DEBUG prove_core:phase 2 prover:batch:opening:compute quotient values:compute quotient values for domain: close time.busy=4.53ms time.idle=6.10µs shard=4
2025-10-28T13:20:04.736973Z DEBUG prove_core:phase 2 prover:batch:opening:compute quotient values:compute quotient values for domain: close time.busy=149ms time.idle=5.81µs shard=4
2025-10-28T13:20:04.903646Z DEBUG prove_core:phase 2 prover:batch:opening:compute quotient values:compute quotient values for domain: close time.busy=316ms time.idle=5.96µs shard=4
2025-10-28T13:20:05.568301Z DEBUG prove_core:phase 2 prover:batch:opening:compute quotient values:compute quotient values for domain: close time.busy=981ms time.idle=13.2µs shard=4
2025-10-28T13:20:06.205515Z DEBUG prove_core:phase 2 prover:batch:opening:compute quotient values:compute quotient values for domain: close time.busy=1.62s time.idle=6.83µs shard=4
2025-10-28T13:20:08.099960Z DEBUG prove_core:phase 2 prover:batch:opening:compute quotient values:compute quotient values for domain: close time.busy=3.51s time.idle=5.78µs shard=4
2025-10-28T13:20:08.966464Z DEBUG prove_core:phase 2 prover:batch:opening:commit to quotient traces: close time.busy=839ms time.idle=7.30µs shard=4
2025-10-28T13:20:08.966547Z DEBUG prove_core:phase 2 prover:batch:opening:compute preprocessed opening points: close time.busy=5.51µs time.idle=4.76µs shard=4
2025-10-28T13:20:08.966575Z DEBUG prove_core:phase 2 prover:batch:opening:compute main trace opening points: close time.busy=6.23µs time.idle=3.04µs shard=4
2025-10-28T13:20:08.966601Z DEBUG prove_core:phase 2 prover:batch:opening:compute permutation trace opening points: close time.busy=6.43µs time.idle=3.04µs shard=4
2025-10-28T13:20:12.080068Z DEBUG prove_core:phase 2 prover:batch:opening:open multi batches: close time.busy=3.11s time.idle=5.34µs shard=4
2025-10-28T13:20:12.080185Z DEBUG prove_core:phase 2 prover:batch:opening:compute quotient values: close time.busy=3.51s time.idle=3.98s shard=4
2025-10-28T13:20:12.354563Z DEBUG prove_core:phase 2 prover:batch:opening: close time.busy=9.80s time.idle=10.6µs shard=4
2025-10-28T13:20:12.354624Z DEBUG prove_core:phase 2 prover:batch: proving shard 4 took 18810672175 ns. shape: Some([(SyscallPrecompile, 10), (KeccakPermute, 14), (MemoryLocal, 14), (Byte, 16), (Global, 17), (Program, 19)])
2025-10-28T13:20:12.354721Z DEBUG prove_core:phase 2 prover:batch: close time.busy=18.8s time.idle=10.1µs
2025-10-28T13:20:19.606135Z DEBUG prove_core:phase 2 prover:batch:commit: close time.busy=7.25s time.idle=4.33µs shard=5
2025-10-28T13:20:19.800162Z DEBUG prove_core:phase 2 prover:batch:opening:generate permutation traces: close time.busy=194ms time.idle=5.04µs shard=5
2025-10-28T13:20:19.800219Z DEBUG prove_core:phase 2 prover:batch:opening: Program         | Main Cols = 1     | Pre Cols = 14     | Perm Cols = 8     | Rows = 524288 | Cells = 12058624   shard=5
2025-10-28T13:20:19.800233Z DEBUG prove_core:phase 2 prover:batch:opening: MemoryGlobalFinalize | Main Cols = 108   | Pre Cols = 0      | Perm Cols = 8     | Rows = 262144 | Cells = 30408704   shard=5
2025-10-28T13:20:19.800242Z DEBUG prove_core:phase 2 prover:batch:opening: Global          | Main Cols = 412   | Pre Cols = 0      | Perm Cols = 8     | Rows = 131072 | Cells = 55050240   shard=5
2025-10-28T13:20:19.800250Z DEBUG prove_core:phase 2 prover:batch:opening: Byte            | Main Cols = 9     | Pre Cols = 11     | Perm Cols = 24    | Rows = 65536 | Cells = 2883584    shard=5
2025-10-28T13:20:19.800259Z DEBUG prove_core:phase 2 prover:batch:opening: MemoryGlobalInit | Main Cols = 108   | Pre Cols = 0      | Perm Cols = 8     | Rows = 65536 | Cells = 7602176    shard=5
2025-10-28T13:20:19.829624Z DEBUG prove_core:phase 2 prover:batch:opening:flatten permutation traces and collect domains: close time.busy=29.3ms time.idle=4.49µs shard=5
2025-10-28T13:20:20.967060Z DEBUG prove_core:phase 2 prover:batch:opening:commit to permutation traces: close time.busy=1.14s time.idle=4.44µs shard=5
2025-10-28T13:20:21.343454Z DEBUG prove_core:phase 2 prover:batch:opening:compute quotient values:compute quotient values for domain: close time.busy=376ms time.idle=25.5µs shard=5
2025-10-28T13:20:21.349209Z DEBUG prove_core:phase 2 prover:batch:opening:compute quotient values:compute quotient values for domain: close time.busy=382ms time.idle=4.76µs shard=5
2025-10-28T13:20:23.002396Z DEBUG prove_core:phase 2 prover:batch:opening:compute quotient values:compute quotient values for domain: close time.busy=2.03s time.idle=5.17µs shard=5
2025-10-28T13:20:23.043089Z DEBUG prove_core:phase 2 prover:batch:opening:compute quotient values:compute quotient values for domain: close time.busy=2.08s time.idle=6.43µs shard=5
2025-10-28T13:20:23.061383Z DEBUG prove_core:phase 2 prover:batch:opening:compute quotient values:compute quotient values for domain: close time.busy=2.09s time.idle=9.59µs shard=5
2025-10-28T13:20:24.120885Z DEBUG prove_core:phase 2 prover:batch:opening:commit to quotient traces: close time.busy=1.00s time.idle=6.39µs shard=5
2025-10-28T13:20:24.121056Z DEBUG prove_core:phase 2 prover:batch:opening:compute preprocessed opening points: close time.busy=105µs time.idle=5.46µs shard=5
2025-10-28T13:20:24.121107Z DEBUG prove_core:phase 2 prover:batch:opening:compute main trace opening points: close time.busy=6.65µs time.idle=3.18µs shard=5
2025-10-28T13:20:24.121125Z DEBUG prove_core:phase 2 prover:batch:opening:compute permutation trace opening points: close time.busy=3.69µs time.idle=2.33µs shard=5
2025-10-28T13:20:27.791324Z DEBUG prove_core:phase 2 prover:batch:opening:open multi batches: close time.busy=3.67s time.idle=4.08µs shard=5
2025-10-28T13:20:27.791471Z DEBUG prove_core:phase 2 prover:batch:opening:compute quotient values: close time.busy=2.09s time.idle=4.73s shard=5
2025-10-28T13:20:27.961093Z DEBUG prove_core:phase 2 prover:batch:opening: close time.busy=8.35s time.idle=7.04µs shard=5
2025-10-28T13:20:27.961160Z DEBUG prove_core:phase 2 prover:batch: proving shard 5 took 15606401303 ns. shape: Some([(Byte, 16), (MemoryGlobalInit, 16), (Global, 17), (MemoryGlobalFinalize, 18), (Program, 19)])
2025-10-28T13:20:27.961269Z DEBUG prove_core:phase 2 prover:batch: close time.busy=15.6s time.idle=9.96µs
2025-10-28T13:20:27.961292Z DEBUG prove_core:phase 2 prover: close time.busy=186s time.idle=7.38µs
2025-10-28T13:20:27.966519Z DEBUG prove_core: execution report (totals): total_cycles=1316594, total_syscall_cycles=2250, touched_memory_addresses=74916
2025-10-28T13:20:27.966586Z DEBUG prove_core: execution report (opcode counts):
2025-10-28T13:20:27.966609Z DEBUG prove_core:   339647 add
2025-10-28T13:20:27.966622Z DEBUG prove_core:   211017 sw
2025-10-28T13:20:27.966635Z DEBUG prove_core:   176158 lw
2025-10-28T13:20:27.966646Z DEBUG prove_core:   136736 lbu
2025-10-28T13:20:27.966657Z DEBUG prove_core:   100169 sb
2025-10-28T13:20:27.966665Z DEBUG prove_core:    57095 bne
2025-10-28T13:20:27.966673Z DEBUG prove_core:    55788 beq
2025-10-28T13:20:27.966680Z DEBUG prove_core:    46895 xor
2025-10-28T13:20:27.966688Z DEBUG prove_core:    42142 bltu
2025-10-28T13:20:27.966696Z DEBUG prove_core:    30433 jalr
2025-10-28T13:20:27.966704Z DEBUG prove_core:    21320 and
2025-10-28T13:20:27.966711Z DEBUG prove_core:    17668 or
2025-10-28T13:20:27.966719Z DEBUG prove_core:    15258 sll
2025-10-28T13:20:27.966726Z DEBUG prove_core:    15221 auipc
2025-10-28T13:20:27.966733Z DEBUG prove_core:    14300 srl
2025-10-28T13:20:27.966741Z DEBUG prove_core:     9436 lb
2025-10-28T13:20:27.966748Z DEBUG prove_core:     8341 sltu
2025-10-28T13:20:27.966756Z DEBUG prove_core:     6607 sub
2025-10-28T13:20:27.966763Z DEBUG prove_core:     2684 jal
2025-10-28T13:20:27.966791Z DEBUG prove_core:     2315 mul
2025-10-28T13:20:27.966799Z DEBUG prove_core:     2250 ecall
2025-10-28T13:20:27.966806Z DEBUG prove_core:     2196 bgeu
2025-10-28T13:20:27.966813Z DEBUG prove_core:     1592 mulhu
2025-10-28T13:20:27.966866Z DEBUG prove_core:     1119 sh
2025-10-28T13:20:27.966877Z DEBUG prove_core:      108 sra
2025-10-28T13:20:27.966884Z DEBUG prove_core:       49 lh
2025-10-28T13:20:27.966892Z DEBUG prove_core:       38 lhu
2025-10-28T13:20:27.966902Z DEBUG prove_core:        6 blt
2025-10-28T13:20:27.966913Z DEBUG prove_core:        6 bge
2025-10-28T13:20:27.966925Z DEBUG prove_core:        0 slt
2025-10-28T13:20:27.966936Z DEBUG prove_core:        0 mulh
2025-10-28T13:20:27.966948Z DEBUG prove_core:        0 mulhsu
2025-10-28T13:20:27.966958Z DEBUG prove_core:        0 div
2025-10-28T13:20:27.966966Z DEBUG prove_core:        0 divu
2025-10-28T13:20:27.966973Z DEBUG prove_core:        0 rem
2025-10-28T13:20:27.966981Z DEBUG prove_core:        0 remu
2025-10-28T13:20:27.966989Z DEBUG prove_core:        0 ebreak
2025-10-28T13:20:27.966996Z DEBUG prove_core:        0 unimp
2025-10-28T13:20:27.967004Z DEBUG prove_core: execution report (syscall counts):
2025-10-28T13:20:27.967020Z DEBUG prove_core:   1024 secp256k1_double
2025-10-28T13:20:27.967028Z DEBUG prove_core:    657 keccak_permute
2025-10-28T13:20:27.967035Z DEBUG prove_core:    531 secp256k1_add
2025-10-28T13:20:27.967043Z DEBUG prove_core:      8 commit
2025-10-28T13:20:27.967055Z DEBUG prove_core:      8 commit_deferred_proofs
2025-10-28T13:20:27.967065Z DEBUG prove_core:      8 hint_len
2025-10-28T13:20:27.967073Z DEBUG prove_core:      8 hint_read
2025-10-28T13:20:27.967081Z DEBUG prove_core:      4 enter_unconstrained
2025-10-28T13:20:27.967089Z DEBUG prove_core:      1 halt
2025-10-28T13:20:27.967096Z DEBUG prove_core:      1 write
2025-10-28T13:20:27.967106Z DEBUG prove_core:      0 exit_unconstrained
2025-10-28T13:20:27.967118Z DEBUG prove_core:      0 verify_sp1_proof
2025-10-28T13:20:27.967129Z DEBUG prove_core:      0 ed_decompress
2025-10-28T13:20:27.967141Z DEBUG prove_core:      0 secp256k1_decompress
2025-10-28T13:20:27.967153Z DEBUG prove_core:      0 bn254_double
2025-10-28T13:20:27.967165Z DEBUG prove_core:      0 bls12381_decompress
2025-10-28T13:20:27.967176Z DEBUG prove_core:      0 bls12381_double
2025-10-28T13:20:27.967184Z DEBUG prove_core:      0 secp256r1_double
2025-10-28T13:20:27.967192Z DEBUG prove_core:      0 secp256r1_decompress
2025-10-28T13:20:27.967199Z DEBUG prove_core:      0 sha_compress
2025-10-28T13:20:27.967207Z DEBUG prove_core:      0 ed_add
2025-10-28T13:20:27.967215Z DEBUG prove_core:      0 bn254_add
2025-10-28T13:20:27.967223Z DEBUG prove_core:      0 uint256_mul
2025-10-28T13:20:27.967230Z DEBUG prove_core:      0 bls12381_add
2025-10-28T13:20:27.967238Z DEBUG prove_core:      0 bls12381_fp_add
2025-10-28T13:20:27.967246Z DEBUG prove_core:      0 bls12381_fp_sub
2025-10-28T13:20:27.967253Z DEBUG prove_core:      0 bls12381_fp_mul
2025-10-28T13:20:27.967261Z DEBUG prove_core:      0 bls12381_fp2_add
2025-10-28T13:20:27.967269Z DEBUG prove_core:      0 bls12381_fp2_sub
2025-10-28T13:20:27.967276Z DEBUG prove_core:      0 bls12381_fp2_mul
2025-10-28T13:20:27.967285Z DEBUG prove_core:      0 bn254_fp_add
2025-10-28T13:20:27.967298Z DEBUG prove_core:      0 bn254_fp_sub
2025-10-28T13:20:27.967309Z DEBUG prove_core:      0 bn254_fp_mul
2025-10-28T13:20:27.967320Z DEBUG prove_core:      0 bn254_fp2_add
2025-10-28T13:20:27.967332Z DEBUG prove_core:      0 bn254_fp2_sub
2025-10-28T13:20:27.967344Z DEBUG prove_core:      0 bn254_fp2_mul
2025-10-28T13:20:27.967353Z DEBUG prove_core:      0 secp256r1_add
2025-10-28T13:20:27.967360Z DEBUG prove_core:      0 u256xu2048_mul
2025-10-28T13:20:27.967368Z DEBUG prove_core:      0 sha_extend
2025-10-28T13:20:27.967383Z DEBUG prove_core: summary: cycles=1316594, e2e=186.15263789s, khz=7.07
2025-10-28T13:20:27.980075Z  INFO prove_core: close time.busy=186s time.idle=9.85ms
2025-10-28T13:20:28.044351Z DEBUG compress:generate records and traces:get program and witness stream: core cache miss, misses: 3
2025-10-28T13:20:28.080349Z DEBUG compress:generate records and traces:get program and witness stream:build recursion program:read input: close time.busy=35.9ms time.idle=3.51µs
2025-10-28T13:20:28.081082Z DEBUG compress:generate records and traces:get program and witness stream:build recursion program:verify:verify shard:assert lookup multiplicities: close time.busy=80.0µs time.idle=3.55µs
2025-10-28T13:20:28.161091Z DEBUG compress:generate records and traces:get program and witness stream:build recursion program:verify:verify shard:2adic pcs:verify shape and challenges: close time.busy=55.4ms time.idle=4.26µs
2025-10-28T13:20:28.372137Z DEBUG compress:generate records and traces:get program and witness stream:build recursion program:verify:verify shard:2adic pcs:verify challenges: close time.busy=117ms time.idle=7.47µs
2025-10-28T13:20:28.372315Z DEBUG compress:generate records and traces:get program and witness stream:build recursion program:verify:verify shard:2adic pcs: close time.busy=289ms time.idle=3.88µs
2025-10-28T13:20:28.375257Z DEBUG compress:generate records and traces:get program and witness stream:build recursion program:verify:verify shard:verify constraints: close time.busy=2.91ms time.idle=4.80µs
2025-10-28T13:20:28.375302Z DEBUG compress:generate records and traces:get program and witness stream:build recursion program:verify:verify shard: close time.busy=294ms time.idle=5.66µs
2025-10-28T13:20:28.387722Z DEBUG compress:generate records and traces:get program and witness stream:build recursion program:verify: close time.busy=307ms time.idle=4.33µs
2025-10-28T13:20:28.387765Z DEBUG compress:generate records and traces:get program and witness stream:build recursion program:build block: close time.busy=1.95µs time.idle=2.82µs
2025-10-28T13:20:28.387779Z DEBUG compress:generate records and traces:get program and witness stream:build recursion program: close time.busy=343ms time.idle=3.26µs
2025-10-28T13:20:28.543761Z DEBUG compress:generate records and traces:get program and witness stream:compile recursion program:compile raw program: close time.busy=156ms time.idle=4.12µs
2025-10-28T13:20:28.569234Z DEBUG compress:generate records and traces:get program and witness stream:compile recursion program:backfill mult: close time.busy=25.4ms time.idle=5.29µs
2025-10-28T13:20:28.569353Z DEBUG compress:generate records and traces:get program and witness stream:compile recursion program:prepend constants: close time.busy=55.7µs time.idle=3.83µs
2025-10-28T13:20:28.581530Z DEBUG compress:generate records and traces:get program and witness stream:compile recursion program: close time.busy=194ms time.idle=4.32µs
2025-10-28T13:20:28.582634Z DEBUG compress:generate records and traces:get program and witness stream: close time.busy=542ms time.idle=4.54µs
2025-10-28T13:20:28.664786Z DEBUG compress:generate records and traces:execute runtime: close time.busy=82.1ms time.idle=5.42µs
2025-10-28T13:20:28.664858Z DEBUG compress:generate records and traces:generate dependencies:register nonces: close time.busy=1.19µs time.idle=2.96µs
2025-10-28T13:20:28.664873Z DEBUG compress:generate records and traces:generate dependencies: close time.busy=26.6µs time.idle=3.40µs
2025-10-28T13:20:28.665666Z DEBUG fixed log2 rows can be potentially reduced: got 253600, expected 524288
2025-10-28T13:20:28.665666Z DEBUG compress:generate records and traces:generate traces:generate traces for shard: generated trace for chip MemoryConst in 137.826µs
2025-10-28T13:20:28.665724Z DEBUG compress:generate records and traces:generate traces:generate traces for shard: generated trace for chip PublicValues in 6.668µs
2025-10-28T13:20:28.666892Z DEBUG compress:generate records and traces:generate traces:generate traces for shard: generated trace for chip BaseAlu in 1.323383ms
2025-10-28T13:20:28.669300Z DEBUG fixed log2 rows can be potentially reduced: got 219146, expected 524288
2025-10-28T13:20:28.669782Z DEBUG compress:generate records and traces:generate traces:generate traces for shard: generated trace for chip ExtAlu in 3.81328ms
2025-10-28T13:20:28.669967Z DEBUG compress:generate records and traces:generate traces:generate traces for shard: generated trace for chip Select in 4.307227ms
2025-10-28T13:20:28.675882Z DEBUG compress:generate records and traces:generate traces:generate traces for shard: generated trace for chip MemoryVar in 9.94201ms
2025-10-28T13:20:28.679055Z DEBUG generate batch fri trace: fixed log2 rows can be potentially reduced: got 248400, expected 524288 rows=248400
2025-10-28T13:20:28.688986Z DEBUG generate exp reverse bits len trace: close time.busy=23.3ms time.idle=5.70µs rows=7100
2025-10-28T13:20:28.689052Z DEBUG compress:generate records and traces:generate traces:generate traces for shard: generated trace for chip ExpReverseBitsLen in 23.335532ms
2025-10-28T13:20:28.714199Z DEBUG generate batch fri trace: close time.busy=48.5ms time.idle=4.21µs rows=248400
2025-10-28T13:20:28.714252Z DEBUG compress:generate records and traces:generate traces:generate traces for shard: generated trace for chip BatchFRI in 48.541736ms
2025-10-28T13:20:28.892901Z DEBUG generate poseidon2 wide trace: close time.busy=227ms time.idle=5.04µs rows=56071
2025-10-28T13:20:28.892955Z DEBUG compress:generate records and traces:generate traces:generate traces for shard: generated trace for chip Poseidon2WideDeg3 in 227.338243ms
2025-10-28T13:20:28.893036Z DEBUG compress:generate records and traces:generate traces:generate traces for shard: close time.busy=228ms time.idle=3.69µs
2025-10-28T13:20:28.893060Z DEBUG compress:generate records and traces:generate traces: close time.busy=228ms time.idle=3.04µs
2025-10-28T13:20:28.900213Z DEBUG compress:generate records and traces:get program and witness stream: core cache miss, misses: 4
2025-10-28T13:20:28.902931Z DEBUG compress:prove:batch:Setup compress program:setup machine:generate preprocessed traces: generated preprocessed trace for chip PublicValues in 9.561979ms
2025-10-28T13:20:28.910871Z DEBUG compress:prove:batch:Setup compress program:setup machine:generate preprocessed traces: generated preprocessed trace for chip MemoryConst in 17.638118ms
2025-10-28T13:20:28.911588Z DEBUG compress:prove:batch:Setup compress program:setup machine:generate preprocessed traces: generated preprocessed trace for chip Select in 18.221394ms
2025-10-28T13:20:28.911689Z DEBUG compress:prove:batch:Setup compress program:setup machine:generate preprocessed traces: generated preprocessed trace for chip ExpReverseBitsLen in 18.326461ms
2025-10-28T13:20:28.912238Z DEBUG compress:prove:batch:Setup compress program:setup machine:generate preprocessed traces: generated preprocessed trace for chip BaseAlu in 18.975257ms
2025-10-28T13:20:28.912315Z DEBUG compress:prove:batch:Setup compress program:setup machine:generate preprocessed traces: generated preprocessed trace for chip ExtAlu in 19.003202ms
2025-10-28T13:20:28.915397Z DEBUG fixed log2 rows can be potentially reduced: got 248400, expected 524288
2025-10-28T13:20:28.923529Z DEBUG compress:prove:batch:Setup compress program:setup machine:generate preprocessed traces: generated preprocessed trace for chip BatchFRI in 30.175766ms
2025-10-28T13:20:28.941236Z DEBUG compress:prove:batch:Setup compress program:setup machine:generate preprocessed traces: generated preprocessed trace for chip MemoryVar in 47.330705ms
2025-10-28T13:20:28.980054Z DEBUG compress:prove:batch:Setup compress program:setup machine:generate preprocessed traces: generated preprocessed trace for chip Poseidon2WideDeg3 in 86.743756ms
2025-10-28T13:20:29.130219Z DEBUG compress:generate records and traces:get program and witness stream:build recursion program:read input: close time.busy=230ms time.idle=4.15µs
2025-10-28T13:20:29.131265Z DEBUG compress:generate records and traces:get program and witness stream:build recursion program:verify:verify shard:assert lookup multiplicities: close time.busy=116µs time.idle=4.17µs
2025-10-28T13:20:29.317722Z DEBUG compress:generate records and traces:get program and witness stream:build recursion program:verify:verify shard:2adic pcs:verify shape and challenges: close time.busy=72.0ms time.idle=6.03µs
2025-10-28T13:20:29.537903Z DEBUG compress:generate records and traces:get program and witness stream:build recursion program:verify:verify shard:2adic pcs:verify challenges: close time.busy=64.3ms time.idle=6.09µs
2025-10-28T13:20:29.537992Z DEBUG compress:generate records and traces:get program and witness stream:build recursion program:verify:verify shard:2adic pcs: close time.busy=405ms time.idle=3.99µs
2025-10-28T13:20:29.565155Z DEBUG compress:generate records and traces:get program and witness stream:build recursion program:verify:verify shard:verify constraints: close time.busy=27.1ms time.idle=6.64µs
2025-10-28T13:20:29.565233Z DEBUG compress:generate records and traces:get program and witness stream:build recursion program:verify:verify shard: close time.busy=434ms time.idle=4.63µs
2025-10-28T13:20:29.608574Z DEBUG compress:generate records and traces:get program and witness stream:build recursion program:verify: close time.busy=478ms time.idle=5.81µs
2025-10-28T13:20:29.608653Z DEBUG compress:generate records and traces:get program and witness stream:build recursion program:build block: close time.busy=4.01µs time.idle=5.89µs
2025-10-28T13:20:29.608673Z DEBUG compress:generate records and traces:get program and witness stream:build recursion program: close time.busy=708ms time.idle=4.97µs
2025-10-28T13:20:29.912600Z DEBUG compress:generate records and traces:get program and witness stream:compile recursion program:compile raw program: close time.busy=304ms time.idle=5.11µs
2025-10-28T13:20:29.944596Z DEBUG compress:generate records and traces:get program and witness stream:compile recursion program:backfill mult: close time.busy=31.9ms time.idle=4.83µs
2025-10-28T13:20:29.944699Z DEBUG compress:generate records and traces:get program and witness stream:compile recursion program:prepend constants: close time.busy=39.6µs time.idle=3.56µs
2025-10-28T13:20:29.956940Z DEBUG compress:generate records and traces:get program and witness stream:compile recursion program: close time.busy=348ms time.idle=4.53µs
2025-10-28T13:20:29.958232Z DEBUG compress:generate records and traces:get program and witness stream: close time.busy=1.07s time.idle=4.57µs
2025-10-28T13:20:30.928990Z DEBUG compress:generate records and traces:execute runtime: close time.busy=971ms time.idle=5.95µs
2025-10-28T13:20:30.929080Z DEBUG compress:generate records and traces:generate dependencies:register nonces: close time.busy=1.22µs time.idle=3.33µs
2025-10-28T13:20:30.929095Z DEBUG compress:generate records and traces:generate dependencies: close time.busy=34.7µs time.idle=3.48µs
2025-10-28T13:20:31.315102Z DEBUG fixed log2 rows can be potentially reduced: got 216000, expected 1048576
2025-10-28T13:20:31.315112Z DEBUG compress:generate records and traces:generate traces:generate traces for shard: generated trace for chip PublicValues in 14.009µs
2025-10-28T13:20:31.315138Z DEBUG fixed log2 rows can be potentially reduced: got 73032, expected 262144
2025-10-28T13:20:31.315508Z DEBUG compress:generate records and traces:generate traces:generate traces for shard: generated trace for chip MemoryConst in 414.184µs
2025-10-28T13:20:31.315894Z DEBUG compress:generate records and traces:generate traces:generate traces for shard: generated trace for chip BaseAlu in 799.306µs
2025-10-28T13:20:31.317611Z DEBUG generate exp reverse bits len trace: fixed log2 rows can be potentially reduced: got 41700, expected 262144 rows=2700
2025-10-28T13:20:31.319067Z DEBUG fixed log2 rows can be potentially reduced: got 393883, expected 1048576
2025-10-28T13:20:31.319236Z DEBUG compress:generate records and traces:generate traces:generate traces for shard: generated trace for chip Select in 4.141204ms
2025-10-28T13:20:31.335110Z DEBUG generate exp reverse bits len trace: close time.busy=20.0ms time.idle=6.37µs rows=2700
2025-10-28T13:20:31.335167Z DEBUG compress:generate records and traces:generate traces:generate traces for shard: generated trace for chip ExpReverseBitsLen in 20.072792ms
2025-10-28T13:20:31.365780Z DEBUG compress:generate records and traces:generate traces:generate traces for shard: generated trace for chip MemoryVar in 50.683822ms
2025-10-28T13:20:31.372986Z DEBUG generate batch fri trace: fixed log2 rows can be potentially reduced: got 783500, expected 2097152 rows=783500
2025-10-28T13:20:31.450674Z DEBUG compress:generate records and traces:generate traces:generate traces for shard: generated trace for chip ExtAlu in 135.577158ms
2025-10-28T13:20:31.653313Z DEBUG generate batch fri trace: close time.busy=338ms time.idle=5.81µs rows=783500
2025-10-28T13:20:31.653385Z DEBUG compress:generate records and traces:generate traces:generate traces for shard: generated trace for chip BatchFRI in 338.291388ms
2025-10-28T13:20:31.806831Z DEBUG generate poseidon2 wide trace: close time.busy=492ms time.idle=5.46µs rows=97920
2025-10-28T13:20:31.806888Z DEBUG compress:generate records and traces:generate traces:generate traces for shard: generated trace for chip Poseidon2WideDeg3 in 491.792689ms
2025-10-28T13:20:31.807192Z DEBUG compress:generate records and traces:generate traces:generate traces for shard: close time.busy=878ms time.idle=3.13µs
2025-10-28T13:20:31.807216Z DEBUG compress:generate records and traces:generate traces: close time.busy=878ms time.idle=3.12µs
2025-10-28T13:20:31.814827Z DEBUG compress:generate records and traces:get program and witness stream: core cache miss, misses: 5
2025-10-28T13:20:31.819871Z DEBUG compress:prove:batch:Setup compress program:setup machine:generate preprocessed traces: generated preprocessed trace for chip PublicValues in 12.313816ms
2025-10-28T13:20:31.821093Z DEBUG fixed log2 rows can be potentially reduced: got 41700, expected 262144
2025-10-28T13:20:31.822477Z DEBUG compress:prove:batch:Setup compress program:setup machine:generate preprocessed traces: generated preprocessed trace for chip BaseAlu in 15.014053ms
2025-10-28T13:20:31.823162Z DEBUG fixed log2 rows can be potentially reduced: got 73032, expected 262144
2025-10-28T13:20:31.824789Z DEBUG compress:prove:batch:Setup compress program:setup machine:generate preprocessed traces: generated preprocessed trace for chip ExpReverseBitsLen in 17.235863ms
2025-10-28T13:20:31.828104Z DEBUG compress:prove:batch:Setup compress program:setup machine:generate preprocessed traces: generated preprocessed trace for chip MemoryConst in 20.727743ms
2025-10-28T13:20:31.866253Z DEBUG compress:prove:batch:Setup compress program:setup machine:generate preprocessed traces: generated preprocessed trace for chip Select in 58.697787ms
2025-10-28T13:20:31.866373Z DEBUG compress:prove:batch:Setup compress program:setup machine:generate preprocessed traces: generated preprocessed trace for chip MemoryVar in 58.950868ms
2025-10-28T13:20:31.870692Z DEBUG fixed log2 rows can be potentially reduced: got 783500, expected 2097152
2025-10-28T13:20:31.893278Z DEBUG compress:prove:batch:Setup compress program:setup machine:generate preprocessed traces: generated preprocessed trace for chip Poseidon2WideDeg3 in 85.758363ms
2025-10-28T13:20:31.908498Z DEBUG compress:prove:batch:Setup compress program:setup machine:generate preprocessed traces: generated preprocessed trace for chip ExtAlu in 101.01277ms
2025-10-28T13:20:31.984970Z DEBUG compress:generate records and traces:get program and witness stream:build recursion program:read input: close time.busy=170ms time.idle=3.71µs
2025-10-28T13:20:31.985901Z DEBUG compress:generate records and traces:get program and witness stream:build recursion program:verify:verify shard:assert lookup multiplicities: close time.busy=105µs time.idle=3.47µs
2025-10-28T13:20:32.018818Z DEBUG compress:prove:batch:Setup compress program:setup machine:generate preprocessed traces: generated preprocessed trace for chip BatchFRI in 211.248526ms
2025-10-28T13:20:32.174767Z DEBUG compress:generate records and traces:get program and witness stream:build recursion program:verify:verify shard:2adic pcs:verify shape and challenges: close time.busy=76.6ms time.idle=6.05µs
2025-10-28T13:20:32.275920Z DEBUG compress:prove:batch:Setup compress program:setup machine:commit to preprocessed traces: close time.busy=3.12s time.idle=7.79µs
2025-10-28T13:20:32.276005Z DEBUG compress:prove:batch:Setup compress program:setup machine:generate preprocessed traces: close time.busy=88.1ms time.idle=3.29s
2025-10-28T13:20:32.276025Z DEBUG compress:prove:batch:Setup compress program:setup machine: close time.busy=3.38s time.idle=2.68µs
2025-10-28T13:20:32.276042Z DEBUG compress:prove:batch:Setup compress program: close time.busy=3.38s time.idle=3.45µs
2025-10-28T13:20:32.276084Z DEBUG compress:prove:batch:observe proving key: close time.busy=15.6µs time.idle=3.91µs
2025-10-28T13:20:32.505033Z DEBUG compress:generate records and traces:get program and witness stream:build recursion program:verify:verify shard:2adic pcs:verify challenges: close time.busy=69.3ms time.idle=5.77µs
2025-10-28T13:20:32.505120Z DEBUG compress:generate records and traces:get program and witness stream:build recursion program:verify:verify shard:2adic pcs: close time.busy=518ms time.idle=3.24µs
2025-10-28T13:20:32.524820Z DEBUG compress:generate records and traces:get program and witness stream:build recursion program:verify:verify shard:verify constraints: close time.busy=19.7ms time.idle=5.26µs
2025-10-28T13:20:32.524902Z DEBUG compress:generate records and traces:get program and witness stream:build recursion program:verify:verify shard: close time.busy=539ms time.idle=3.90µs
2025-10-28T13:20:32.552528Z DEBUG compress:generate records and traces:get program and witness stream:build recursion program:verify: close time.busy=567ms time.idle=4.75µs
2025-10-28T13:20:32.552594Z DEBUG compress:generate records and traces:get program and witness stream:build recursion program:build block: close time.busy=8.19µs time.idle=3.60µs
2025-10-28T13:20:32.552609Z DEBUG compress:generate records and traces:get program and witness stream:build recursion program: close time.busy=738ms time.idle=4.88µs
2025-10-28T13:20:32.922944Z DEBUG compress:generate records and traces:get program and witness stream:compile recursion program:compile raw program: close time.busy=370ms time.idle=5.33µs
2025-10-28T13:20:32.994391Z DEBUG compress:generate records and traces:get program and witness stream:compile recursion program:backfill mult: close time.busy=71.4ms time.idle=5.79µs
2025-10-28T13:20:32.994555Z DEBUG compress:generate records and traces:get program and witness stream:compile recursion program:prepend constants: close time.busy=58.9µs time.idle=4.64µs
2025-10-28T13:20:33.009493Z DEBUG compress:generate records and traces:get program and witness stream:compile recursion program: close time.busy=457ms time.idle=4.96µs
2025-10-28T13:20:33.289611Z DEBUG compress:generate records and traces:get program and witness stream: close time.busy=1.48s time.idle=5.42µs
2025-10-28T13:20:33.872544Z DEBUG compress:generate records and traces:execute runtime: close time.busy=583ms time.idle=6.21µs
2025-10-28T13:20:33.872622Z DEBUG compress:generate records and traces:generate dependencies:register nonces: close time.busy=1.12µs time.idle=3.04µs
2025-10-28T13:20:33.872638Z DEBUG compress:generate records and traces:generate dependencies: close time.busy=29.5µs time.idle=3.50µs
2025-10-28T13:20:33.872838Z DEBUG fixed log2 rows can be potentially reduced: got 73440, expected 262144
2025-10-28T13:20:33.873065Z DEBUG fixed log2 rows can be potentially reduced: got 216000, expected 1048576
2025-10-28T13:20:33.873083Z DEBUG compress:generate records and traces:generate traces:generate traces for shard: generated trace for chip PublicValues in 9.401µs
2025-10-28T13:20:33.873130Z DEBUG compress:generate records and traces:generate traces:generate traces for shard: generated trace for chip MemoryConst in 331.77µs
2025-10-28T13:20:33.873795Z DEBUG compress:generate records and traces:generate traces:generate traces for shard: generated trace for chip BaseAlu in 885.23µs
2025-10-28T13:20:33.876039Z DEBUG generate exp reverse bits len trace: fixed log2 rows can be potentially reduced: got 41300, expected 262144 rows=2700
2025-10-28T13:20:33.877209Z DEBUG fixed log2 rows can be potentially reduced: got 399462, expected 1048576
2025-10-28T13:20:33.880458Z DEBUG compress:generate records and traces:generate traces:generate traces for shard: generated trace for chip Select in 7.391719ms
2025-10-28T13:20:33.896411Z DEBUG generate exp reverse bits len trace: close time.busy=23.3ms time.idle=5.67µs rows=2700
2025-10-28T13:20:33.897096Z DEBUG compress:generate records and traces:generate traces:generate traces for shard: generated trace for chip ExpReverseBitsLen in 24.023756ms
2025-10-28T13:20:33.932480Z DEBUG generate batch fri trace: fixed log2 rows can be potentially reduced: got 799800, expected 2097152 rows=799800
2025-10-28T13:20:33.972275Z DEBUG compress:generate records and traces:generate traces:generate traces for shard: generated trace for chip MemoryVar in 99.399687ms
2025-10-28T13:20:33.999636Z DEBUG compress:generate records and traces:generate traces:generate traces for shard: generated trace for chip ExtAlu in 125.720114ms
2025-10-28T13:20:34.208163Z DEBUG generate batch fri trace: close time.busy=335ms time.idle=9.28µs rows=799800
2025-10-28T13:20:34.208339Z DEBUG compress:generate records and traces:generate traces:generate traces for shard: generated trace for chip BatchFRI in 335.258275ms
2025-10-28T13:20:34.413929Z DEBUG generate poseidon2 wide trace: close time.busy=541ms time.idle=5.44µs rows=99301
2025-10-28T13:20:34.413977Z DEBUG compress:generate records and traces:generate traces:generate traces for shard: generated trace for chip Poseidon2WideDeg3 in 540.961533ms
2025-10-28T13:20:34.414082Z DEBUG compress:generate records and traces:generate traces:generate traces for shard: close time.busy=541ms time.idle=3.56µs
2025-10-28T13:20:34.414120Z DEBUG compress:generate records and traces:generate traces: close time.busy=541ms time.idle=3.43µs
2025-10-28T13:20:34.423145Z DEBUG compress:generate records and traces:get program and witness stream: core cache miss, misses: 6
2025-10-28T13:20:34.691681Z DEBUG compress:generate records and traces:get program and witness stream:build recursion program:read input: close time.busy=268ms time.idle=5.21µs
2025-10-28T13:20:34.692604Z DEBUG compress:generate records and traces:get program and witness stream:build recursion program:verify:verify shard:assert lookup multiplicities: close time.busy=44.9µs time.idle=3.77µs
2025-10-28T13:20:34.942125Z DEBUG compress:generate records and traces:get program and witness stream:build recursion program:verify:verify shard:2adic pcs:verify shape and challenges: close time.busy=62.3ms time.idle=6.05µs
2025-10-28T13:20:35.220776Z DEBUG compress:generate records and traces:get program and witness stream:build recursion program:verify:verify shard:2adic pcs:verify challenges: close time.busy=121ms time.idle=5.67µs
2025-10-28T13:20:35.220893Z DEBUG compress:generate records and traces:get program and witness stream:build recursion program:verify:verify shard:2adic pcs: close time.busy=527ms time.idle=3.77µs
2025-10-28T13:20:35.235390Z DEBUG compress:generate records and traces:get program and witness stream:build recursion program:verify:verify shard:verify constraints: close time.busy=14.5ms time.idle=4.59µs
2025-10-28T13:20:35.235459Z DEBUG compress:generate records and traces:get program and witness stream:build recursion program:verify:verify shard: close time.busy=543ms time.idle=4.68µs
2025-10-28T13:20:35.259234Z DEBUG compress:generate records and traces:get program and witness stream:build recursion program:verify: close time.busy=567ms time.idle=5.70µs
2025-10-28T13:20:35.259291Z DEBUG compress:generate records and traces:get program and witness stream:build recursion program:build block: close time.busy=3.41µs time.idle=3.69µs
2025-10-28T13:20:35.259306Z DEBUG compress:generate records and traces:get program and witness stream:build recursion program: close time.busy=836ms time.idle=3.89µs
2025-10-28T13:20:35.892946Z DEBUG compress:generate records and traces:get program and witness stream:compile recursion program:compile raw program: close time.busy=634ms time.idle=4.05µs
2025-10-28T13:20:35.927625Z DEBUG compress:generate records and traces:get program and witness stream:compile recursion program:backfill mult: close time.busy=34.6ms time.idle=5.51µs
2025-10-28T13:20:35.927732Z DEBUG compress:generate records and traces:get program and witness stream:compile recursion program:prepend constants: close time.busy=37.3µs time.idle=4.02µs
2025-10-28T13:20:35.939439Z DEBUG compress:generate records and traces:get program and witness stream:compile recursion program: close time.busy=680ms time.idle=4.53µs
2025-10-28T13:20:36.433466Z DEBUG compress:generate records and traces:get program and witness stream: close time.busy=2.02s time.idle=5.01µs
2025-10-28T13:20:38.573243Z DEBUG compress:prove:batch:commit: close time.busy=6.30s time.idle=3.77µs
2025-10-28T13:20:38.586330Z DEBUG compress:generate records and traces:execute runtime: close time.busy=2.15s time.idle=5.83µs
2025-10-28T13:20:38.586399Z DEBUG compress:generate records and traces:generate dependencies:register nonces: close time.busy=1.14µs time.idle=3.34µs
2025-10-28T13:20:38.586414Z DEBUG compress:generate records and traces:generate dependencies: close time.busy=31.0µs time.idle=3.49µs
2025-10-28T13:20:39.514041Z DEBUG fixed log2 rows can be potentially reduced: got 216000, expected 1048576
2025-10-28T13:20:39.514071Z DEBUG fixed log2 rows can be potentially reduced: got 78580, expected 262144
2025-10-28T13:20:39.514937Z DEBUG compress:generate records and traces:generate traces:generate traces for shard: generated trace for chip MemoryConst in 931.103µs
2025-10-28T13:20:39.515319Z DEBUG compress:generate records and traces:generate traces:generate traces for shard: generated trace for chip BaseAlu in 1.299673ms
2025-10-28T13:20:39.522870Z DEBUG compress:generate records and traces:generate traces:generate traces for shard: generated trace for chip PublicValues in 18.013µs
2025-10-28T13:20:39.524966Z DEBUG fixed log2 rows can be potentially reduced: got 367913, expected 1048576
2025-10-28T13:20:39.525341Z DEBUG generate exp reverse bits len trace: fixed log2 rows can be potentially reduced: got 44100, expected 262144 rows=2700
2025-10-28T13:20:39.541798Z DEBUG compress:generate records and traces:generate traces:generate traces for shard: generated trace for chip Select in 27.766398ms
2025-10-28T13:20:39.543203Z DEBUG generate exp reverse bits len trace: close time.busy=20.6ms time.idle=19.7µs rows=2700
2025-10-28T13:20:39.543251Z DEBUG compress:generate records and traces:generate traces:generate traces for shard: generated trace for chip ExpReverseBitsLen in 20.75757ms
2025-10-28T13:20:39.585767Z DEBUG generate batch fri trace: fixed log2 rows can be potentially reduced: got 902800, expected 2097152 rows=902800
2025-10-28T13:20:39.621914Z DEBUG compress:generate records and traces:generate traces:generate traces for shard: generated trace for chip MemoryVar in 107.887579ms
2025-10-28T13:20:39.655018Z DEBUG compress:generate records and traces:generate traces:generate traces for shard: generated trace for chip ExtAlu in 140.990531ms
2025-10-28T13:20:39.893261Z DEBUG generate batch fri trace: close time.busy=379ms time.idle=10.6µs rows=902800
2025-10-28T13:20:39.893339Z DEBUG compress:generate records and traces:generate traces:generate traces for shard: generated trace for chip BatchFRI in 379.312697ms
2025-10-28T13:20:40.583863Z DEBUG generate poseidon2 wide trace: close time.busy=1.07s time.idle=10.7µs rows=92016
2025-10-28T13:20:40.583913Z DEBUG compress:generate records and traces:generate traces:generate traces for shard: generated trace for chip Poseidon2WideDeg3 in 1.069891069s
2025-10-28T13:20:40.591529Z DEBUG compress:generate records and traces:generate traces:generate traces for shard: close time.busy=2.01s time.idle=3.24µs
2025-10-28T13:20:40.591558Z DEBUG compress:generate records and traces:generate traces: close time.busy=2.01s time.idle=3.33µs
2025-10-28T13:20:40.632924Z DEBUG compress:prove:batch:open:generate permutation traces: close time.busy=2.06s time.idle=5.63µs
2025-10-28T13:20:40.632970Z DEBUG compress:prove:batch:open: BatchFRI        | Main Cols = 13    | Pre Cols = 6      | Perm Cols = 12    | Rows = 524288 | Cells = 16252928  
2025-10-28T13:20:40.632983Z DEBUG compress:prove:batch:open: MemoryVar       | Main Cols = 8     | Pre Cols = 4      | Perm Cols = 8     | Rows = 524288 | Cells = 10485760  
2025-10-28T13:20:40.632992Z DEBUG compress:prove:batch:open: Select          | Main Cols = 5     | Pre Cols = 8      | Perm Cols = 16    | Rows = 524288 | Cells = 15204352  
2025-10-28T13:20:40.633001Z DEBUG compress:prove:batch:open: ExpReverseBitsLen | Main Cols = 7     | Pre Cols = 10     | Perm Cols = 12    | Rows = 262144 | Cells = 7602176   
2025-10-28T13:20:40.633010Z DEBUG compress:prove:batch:open: MemoryConst     | Main Cols = 1     | Pre Cols = 12     | Perm Cols = 8     | Rows = 131072 | Cells = 2752512   
2025-10-28T13:20:40.633019Z DEBUG compress:prove:batch:open: Poseidon2WideDeg3 | Main Cols = 313   | Pre Cols = 49     | Perm Cols = 68    | Rows = 131072 | Cells = 56360960  
2025-10-28T13:20:40.633028Z DEBUG compress:prove:batch:open: BaseAlu         | Main Cols = 12    | Pre Cols = 32     | Perm Cols = 28    | Rows = 65536 | Cells = 4718592   
2025-10-28T13:20:40.633036Z DEBUG compress:prove:batch:open: ExtAlu          | Main Cols = 48    | Pre Cols = 32     | Perm Cols = 28    | Rows = 65536 | Cells = 7077888   
2025-10-28T13:20:40.633044Z DEBUG compress:prove:batch:open: PublicValues    | Main Cols = 1     | Pre Cols = 10     | Perm Cols = 8     | Rows = 16    | Cells = 304       
2025-10-28T13:20:41.346962Z DEBUG compress:prove:batch:open:flatten permutation traces and collect domains: close time.busy=714ms time.idle=5.57µs
2025-10-28T13:20:44.860633Z DEBUG compress:prove:batch:Setup compress program:setup machine:commit to preprocessed traces: close time.busy=12.4s time.idle=7.77µs
2025-10-28T13:20:44.860709Z DEBUG compress:prove:batch:Setup compress program:setup machine:generate preprocessed traces: close time.busy=212ms time.idle=12.8s
2025-10-28T13:20:44.860724Z DEBUG compress:prove:batch:Setup compress program:setup machine: close time.busy=13.1s time.idle=2.44µs
2025-10-28T13:20:44.860743Z DEBUG compress:prove:batch:Setup compress program: close time.busy=13.1s time.idle=8.13µs
2025-10-28T13:20:44.860776Z DEBUG compress:prove:batch:observe proving key: close time.busy=12.0µs time.idle=3.35µs
2025-10-28T13:20:48.324911Z DEBUG compress:prove:batch:open:commit to permutation traces: close time.busy=6.98s time.idle=5.90µs
2025-10-28T13:20:48.325336Z DEBUG compress:prove:batch:open:compute quotient values:compute quotient values for domain: close time.busy=183µs time.idle=4.01µs
2025-10-28T13:20:52.536202Z DEBUG compress:prove:batch:open:compute quotient values:compute quotient values for domain: close time.busy=4.21s time.idle=5.39µs
2025-10-28T13:20:52.539566Z DEBUG compress:prove:batch:open:compute quotient values:compute quotient values for domain: close time.busy=4.21s time.idle=5.73µs
2025-10-28T13:20:52.543631Z DEBUG compress:prove:batch:open:compute quotient values:compute quotient values for domain: close time.busy=4.22s time.idle=5.46µs
2025-10-28T13:20:52.551813Z DEBUG compress:prove:batch:open:compute quotient values:compute quotient values for domain: close time.busy=4.22s time.idle=5.34µs
2025-10-28T13:20:52.715766Z DEBUG compress:prove:batch:open:compute quotient values:compute quotient values for domain: close time.busy=4.39s time.idle=7.03µs
2025-10-28T13:20:52.726687Z DEBUG compress:prove:batch:open:compute quotient values:compute quotient values for domain: close time.busy=4.40s time.idle=4.75µs
2025-10-28T13:20:52.742803Z DEBUG compress:prove:batch:open:compute quotient values:compute quotient values for domain: close time.busy=4.41s time.idle=5.72µs
2025-10-28T13:20:52.751494Z DEBUG compress:prove:batch:open:compute quotient values:compute quotient values for domain: close time.busy=4.43s time.idle=5.01µs
2025-10-28T13:20:55.497503Z DEBUG compress:prove:batch:open:commit to quotient traces: close time.busy=2.63s time.idle=7.35µs
2025-10-28T13:20:55.497571Z DEBUG compress:prove:batch:open:compute preprocessed opening points: close time.busy=6.20µs time.idle=3.65µs
2025-10-28T13:20:55.497591Z DEBUG compress:prove:batch:open:compute main trace opening points: close time.busy=5.19µs time.idle=2.27µs
2025-10-28T13:20:55.497609Z DEBUG compress:prove:batch:open:compute permutation trace opening points: close time.busy=5.34µs time.idle=2.10µs
2025-10-28T13:21:06.110580Z DEBUG compress:prove:batch:commit: close time.busy=21.2s time.idle=5.25µs
2025-10-28T13:21:08.700698Z DEBUG compress:prove:batch:open:generate permutation traces: close time.busy=2.59s time.idle=4.96µs
2025-10-28T13:21:08.700763Z DEBUG compress:prove:batch:open: BatchFRI        | Main Cols = 13    | Pre Cols = 6      | Perm Cols = 12    | Rows = 2097152 | Cells = 65011712  
2025-10-28T13:21:08.700776Z DEBUG compress:prove:batch:open: MemoryVar       | Main Cols = 8     | Pre Cols = 4      | Perm Cols = 8     | Rows = 1048576 | Cells = 20971520  
2025-10-28T13:21:08.700786Z DEBUG compress:prove:batch:open: Select          | Main Cols = 5     | Pre Cols = 8      | Perm Cols = 16    | Rows = 1048576 | Cells = 30408704  
2025-10-28T13:21:08.700795Z DEBUG compress:prove:batch:open: ExtAlu          | Main Cols = 48    | Pre Cols = 32     | Perm Cols = 28    | Rows = 524288 | Cells = 56623104  
2025-10-28T13:21:08.700804Z DEBUG compress:prove:batch:open: ExpReverseBitsLen | Main Cols = 7     | Pre Cols = 10     | Perm Cols = 12    | Rows = 262144 | Cells = 7602176   
2025-10-28T13:21:08.700814Z DEBUG compress:prove:batch:open: MemoryConst     | Main Cols = 1     | Pre Cols = 12     | Perm Cols = 8     | Rows = 262144 | Cells = 5505024   
2025-10-28T13:21:08.700824Z DEBUG compress:prove:batch:open: Poseidon2WideDeg3 | Main Cols = 313   | Pre Cols = 49     | Perm Cols = 68    | Rows = 262144 | Cells = 112721920 
2025-10-28T13:21:08.700833Z DEBUG compress:prove:batch:open: BaseAlu         | Main Cols = 12    | Pre Cols = 32     | Perm Cols = 28    | Rows = 65536 | Cells = 4718592   
2025-10-28T13:21:08.700842Z DEBUG compress:prove:batch:open: PublicValues    | Main Cols = 1     | Pre Cols = 10     | Perm Cols = 8     | Rows = 16    | Cells = 304       
2025-10-28T13:21:10.145346Z DEBUG compress:prove:batch:open:flatten permutation traces and collect domains: close time.busy=1.44s time.idle=4.68µs
2025-10-28T13:21:13.715254Z DEBUG compress:prove:batch:open:open multi batches: close time.busy=18.2s time.idle=4.30µs
2025-10-28T13:21:13.721092Z DEBUG compress:prove:batch:open:compute quotient values: close time.busy=4.43s time.idle=21.0s
2025-10-28T13:21:13.901895Z DEBUG compress:prove:batch:open: close time.busy=35.3s time.idle=5.82µs
2025-10-28T13:21:13.940546Z DEBUG compress:prove:batch: close time.busy=45.0s time.idle=10.4µs
2025-10-28T13:21:13.973195Z DEBUG compress:generate records and traces:get program and witness stream: core cache miss, misses: 7
2025-10-28T13:21:14.097600Z DEBUG compress:generate records and traces:get program and witness stream:build recursion program:read input: close time.busy=124ms time.idle=13.1µs
2025-10-28T13:21:14.099206Z DEBUG compress:generate records and traces:get program and witness stream:build recursion program:verify:verify shard:assert lookup multiplicities: close time.busy=37.1µs time.idle=3.97µs
2025-10-28T13:21:14.225105Z DEBUG compress:generate records and traces:get program and witness stream:build recursion program:verify:verify shard:2adic pcs:verify shape and challenges: close time.busy=93.0ms time.idle=4.40µs
2025-10-28T13:21:14.453366Z DEBUG compress:generate records and traces:get program and witness stream:build recursion program:verify:verify shard:2adic pcs:verify challenges: close time.busy=150ms time.idle=6.71µs
2025-10-28T13:21:14.453498Z DEBUG compress:generate records and traces:get program and witness stream:build recursion program:verify:verify shard:2adic pcs: close time.busy=353ms time.idle=4.13µs
2025-10-28T13:21:14.456711Z DEBUG compress:generate records and traces:get program and witness stream:build recursion program:verify:verify shard:verify constraints: close time.busy=3.18ms time.idle=5.33µs
2025-10-28T13:21:14.456762Z DEBUG compress:generate records and traces:get program and witness stream:build recursion program:verify:verify shard: close time.busy=358ms time.idle=5.46µs
2025-10-28T13:21:14.484331Z DEBUG compress:generate records and traces:get program and witness stream:build recursion program:verify: close time.busy=387ms time.idle=5.62µs
2025-10-28T13:21:14.484457Z DEBUG compress:generate records and traces:get program and witness stream:build recursion program:build block: close time.busy=53.9µs time.idle=4.77µs
2025-10-28T13:21:14.484478Z DEBUG compress:generate records and traces:get program and witness stream:build recursion program: close time.busy=511ms time.idle=6.37µs
2025-10-28T13:21:14.736501Z DEBUG compress:generate records and traces:get program and witness stream:compile recursion program:compile raw program: close time.busy=252ms time.idle=4.75µs
2025-10-28T13:21:14.769714Z DEBUG compress:generate records and traces:get program and witness stream:compile recursion program:backfill mult: close time.busy=33.1ms time.idle=5.99µs
2025-10-28T13:21:14.769829Z DEBUG compress:generate records and traces:get program and witness stream:compile recursion program:prepend constants: close time.busy=50.9µs time.idle=4.47µs
2025-10-28T13:21:14.779747Z DEBUG compress:generate records and traces:get program and witness stream:compile recursion program: close time.busy=295ms time.idle=4.98µs
2025-10-28T13:21:15.232667Z DEBUG compress:generate records and traces:get program and witness stream: close time.busy=1.29s time.idle=10.7µs
2025-10-28T13:21:15.492687Z DEBUG fixed log2 rows can be potentially reduced: got 41300, expected 262144
2025-10-28T13:21:15.492689Z DEBUG fixed log2 rows can be potentially reduced: got 73440, expected 262144
2025-10-28T13:21:15.492704Z DEBUG compress:prove:batch:Setup compress program:setup machine:generate preprocessed traces: generated preprocessed trace for chip PublicValues in 49.059173ms
2025-10-28T13:21:15.495729Z DEBUG compress:prove:batch:Setup compress program:setup machine:generate preprocessed traces: generated preprocessed trace for chip BaseAlu in 60.550876ms
2025-10-28T13:21:15.497200Z DEBUG compress:prove:batch:Setup compress program:setup machine:generate preprocessed traces: generated preprocessed trace for chip ExpReverseBitsLen in 62.022635ms
2025-10-28T13:21:15.499482Z DEBUG compress:prove:batch:Setup compress program:setup machine:generate preprocessed traces: generated preprocessed trace for chip MemoryConst in 64.306792ms
2025-10-28T13:21:15.512193Z DEBUG compress:generate records and traces:execute runtime: close time.busy=279ms time.idle=5.10µs
2025-10-28T13:21:15.512267Z DEBUG compress:generate records and traces:generate dependencies:register nonces: close time.busy=1.10µs time.idle=3.33µs
2025-10-28T13:21:15.512283Z DEBUG compress:generate records and traces:generate dependencies: close time.busy=29.9µs time.idle=3.75µs
2025-10-28T13:21:15.512457Z DEBUG fixed log2 rows can be potentially reduced: got 56929, expected 131072
2025-10-28T13:21:15.512524Z DEBUG fixed log2 rows can be potentially reduced: got 216000, expected 524288
2025-10-28T13:21:15.512668Z DEBUG compress:generate records and traces:generate traces:generate traces for shard: generated trace for chip MemoryConst in 270.049µs
2025-10-28T13:21:15.512700Z DEBUG compress:generate records and traces:generate traces:generate traces for shard: generated trace for chip PublicValues in 6.717µs
2025-10-28T13:21:15.513316Z DEBUG compress:prove:batch:Setup compress program:setup machine:generate preprocessed traces: generated preprocessed trace for chip MemoryVar in 78.13104ms
2025-10-28T13:21:15.514300Z DEBUG fixed log2 rows can be potentially reduced: got 160079, expected 524288
2025-10-28T13:21:15.514970Z DEBUG compress:generate records and traces:generate traces:generate traces for shard: generated trace for chip BaseAlu in 2.509704ms
2025-10-28T13:21:15.515310Z DEBUG generate exp reverse bits len trace: fixed log2 rows can be potentially reduced: got 42100, expected 262144 rows=2300
2025-10-28T13:21:15.515451Z DEBUG generate batch fri trace: fixed log2 rows can be potentially reduced: got 147800, expected 524288 rows=147800
2025-10-28T13:21:15.516885Z DEBUG compress:generate records and traces:generate traces:generate traces for shard: generated trace for chip Select in 4.363999ms
2025-10-28T13:21:15.516981Z DEBUG fixed log2 rows can be potentially reduced: got 799800, expected 2097152
2025-10-28T13:21:15.521385Z DEBUG compress:generate records and traces:generate traces:generate traces for shard: generated trace for chip ExtAlu in 8.87027ms
2025-10-28T13:21:15.535062Z DEBUG generate exp reverse bits len trace: close time.busy=22.5ms time.idle=7.00µs rows=2300
2025-10-28T13:21:15.535134Z DEBUG compress:generate records and traces:generate traces:generate traces for shard: generated trace for chip ExpReverseBitsLen in 22.608642ms
2025-10-28T13:21:15.539449Z DEBUG generate batch fri trace: close time.busy=26.9ms time.idle=5.60µs rows=147800
2025-10-28T13:21:15.539498Z DEBUG compress:generate records and traces:generate traces:generate traces for shard: generated trace for chip BatchFRI in 26.99586ms
2025-10-28T13:21:15.541157Z DEBUG compress:prove:batch:Setup compress program:setup machine:generate preprocessed traces: generated preprocessed trace for chip Select in 105.980527ms
2025-10-28T13:21:15.548950Z DEBUG compress:generate records and traces:generate traces:generate traces for shard: generated trace for chip MemoryVar in 36.459451ms
2025-10-28T13:21:15.565856Z DEBUG compress:prove:batch:Setup compress program:setup machine:generate preprocessed traces: generated preprocessed trace for chip Poseidon2WideDeg3 in 130.675734ms
2025-10-28T13:21:15.598414Z DEBUG compress:prove:batch:Setup compress program:setup machine:generate preprocessed traces: generated preprocessed trace for chip ExtAlu in 163.231665ms
2025-10-28T13:21:15.698607Z DEBUG compress:prove:batch:Setup compress program:setup machine:generate preprocessed traces: generated preprocessed trace for chip BatchFRI in 260.86511ms
2025-10-28T13:21:15.789673Z DEBUG generate poseidon2 wide trace: close time.busy=277ms time.idle=4.74µs rows=40539
2025-10-28T13:21:15.789724Z DEBUG compress:generate records and traces:generate traces:generate traces for shard: generated trace for chip Poseidon2WideDeg3 in 277.242306ms
2025-10-28T13:21:15.789844Z DEBUG compress:generate records and traces:generate traces:generate traces for shard: close time.busy=278ms time.idle=3.75µs
2025-10-28T13:21:15.789869Z DEBUG compress:generate records and traces:generate traces: close time.busy=278ms time.idle=3.33µs
2025-10-28T13:21:20.818490Z DEBUG compress:prove:batch:open:commit to permutation traces: close time.busy=10.7s time.idle=6.33µs
2025-10-28T13:21:20.823937Z DEBUG compress:prove:batch:open:compute quotient values:compute quotient values for domain: close time.busy=176µs time.idle=5.26µs
2025-10-28T13:21:21.862550Z DEBUG compress:prove:batch:open:compute quotient values:compute quotient values for domain: close time.busy=1.04s time.idle=6.14µs
2025-10-28T13:21:21.863475Z DEBUG compress:prove:batch:open:compute quotient values:compute quotient values for domain: close time.busy=1.04s time.idle=5.48µs
2025-10-28T13:21:21.864381Z DEBUG compress:prove:batch:open:compute quotient values:compute quotient values for domain: close time.busy=1.04s time.idle=5.88µs
2025-10-28T13:21:33.655713Z DEBUG compress:prove:batch:open:compute quotient values:compute quotient values for domain: close time.busy=12.8s time.idle=5.69µs
2025-10-28T13:21:33.697914Z DEBUG compress:prove:batch:open:compute quotient values:compute quotient values for domain: close time.busy=12.9s time.idle=4.94µs
2025-10-28T13:21:33.895107Z DEBUG compress:prove:batch:open:compute quotient values:compute quotient values for domain: close time.busy=13.1s time.idle=5.33µs
2025-10-28T13:21:33.913942Z DEBUG compress:prove:batch:open:compute quotient values:compute quotient values for domain: close time.busy=13.1s time.idle=4.99µs
2025-10-28T13:21:33.976236Z DEBUG compress:prove:batch:open:compute quotient values:compute quotient values for domain: close time.busy=13.2s time.idle=7.56µs
2025-10-28T13:21:40.588018Z DEBUG compress:prove:batch:Setup compress program:setup machine:commit to preprocessed traces: close time.busy=24.7s time.idle=7.65µs
2025-10-28T13:21:40.588089Z DEBUG compress:prove:batch:Setup compress program:setup machine:generate preprocessed traces: close time.busy=1.76s time.idle=24.9s
2025-10-28T13:21:40.588104Z DEBUG compress:prove:batch:Setup compress program:setup machine: close time.busy=26.6s time.idle=85.1µs
2025-10-28T13:21:40.588118Z DEBUG compress:prove:batch:Setup compress program: close time.busy=26.6s time.idle=3.56µs
2025-10-28T13:21:40.588156Z DEBUG compress:prove:batch:observe proving key: close time.busy=12.3µs time.idle=3.64µs
2025-10-28T13:21:45.825955Z DEBUG compress:prove:batch:open:commit to quotient traces: close time.busy=11.3s time.idle=7.26µs
2025-10-28T13:21:45.826030Z DEBUG compress:prove:batch:open:compute preprocessed opening points: close time.busy=6.37µs time.idle=4.22µs
2025-10-28T13:21:45.826057Z DEBUG compress:prove:batch:open:compute main trace opening points: close time.busy=7.94µs time.idle=2.89µs
2025-10-28T13:21:45.826080Z DEBUG compress:prove:batch:open:compute permutation trace opening points: close time.busy=4.73µs time.idle=2.84µs
2025-10-28T13:21:58.454035Z DEBUG compress:prove:batch:commit: close time.busy=17.9s time.idle=4.21µs
2025-10-28T13:22:01.090402Z DEBUG compress:prove:batch:open:generate permutation traces: close time.busy=2.64s time.idle=5.98µs
2025-10-28T13:22:01.090535Z DEBUG compress:prove:batch:open: BatchFRI        | Main Cols = 13    | Pre Cols = 6      | Perm Cols = 12    | Rows = 2097152 | Cells = 65011712  
2025-10-28T13:22:01.090552Z DEBUG compress:prove:batch:open: MemoryVar       | Main Cols = 8     | Pre Cols = 4      | Perm Cols = 8     | Rows = 1048576 | Cells = 20971520  
2025-10-28T13:22:01.090564Z DEBUG compress:prove:batch:open: Select          | Main Cols = 5     | Pre Cols = 8      | Perm Cols = 16    | Rows = 1048576 | Cells = 30408704  
2025-10-28T13:22:01.090664Z DEBUG compress:prove:batch:open: ExtAlu          | Main Cols = 48    | Pre Cols = 32     | Perm Cols = 28    | Rows = 524288 | Cells = 56623104  
2025-10-28T13:22:01.090680Z DEBUG compress:prove:batch:open: ExpReverseBitsLen | Main Cols = 7     | Pre Cols = 10     | Perm Cols = 12    | Rows = 262144 | Cells = 7602176   
2025-10-28T13:22:01.090692Z DEBUG compress:prove:batch:open: MemoryConst     | Main Cols = 1     | Pre Cols = 12     | Perm Cols = 8     | Rows = 262144 | Cells = 5505024   
2025-10-28T13:22:01.090705Z DEBUG compress:prove:batch:open: Poseidon2WideDeg3 | Main Cols = 313   | Pre Cols = 49     | Perm Cols = 68    | Rows = 262144 | Cells = 112721920 
2025-10-28T13:22:01.090716Z DEBUG compress:prove:batch:open: BaseAlu         | Main Cols = 12    | Pre Cols = 32     | Perm Cols = 28    | Rows = 65536 | Cells = 4718592   
2025-10-28T13:22:01.090727Z DEBUG compress:prove:batch:open: PublicValues    | Main Cols = 1     | Pre Cols = 10     | Perm Cols = 8     | Rows = 16    | Cells = 304       
2025-10-28T13:22:02.353067Z DEBUG compress:prove:batch:open:flatten permutation traces and collect domains: close time.busy=1.26s time.idle=6.41µs
2025-10-28T13:22:11.928146Z DEBUG compress:prove:batch:open:commit to permutation traces: close time.busy=9.58s time.idle=6.14µs
2025-10-28T13:22:11.928761Z DEBUG compress:prove:batch:open:compute quotient values:compute quotient values for domain: close time.busy=215µs time.idle=5.04µs
2025-10-28T13:22:12.901575Z DEBUG compress:prove:batch:open:compute quotient values:compute quotient values for domain: close time.busy=973ms time.idle=8.07µs
2025-10-28T13:22:12.903331Z DEBUG compress:prove:batch:open:compute quotient values:compute quotient values for domain: close time.busy=975ms time.idle=3.94µs
2025-10-28T13:22:12.905386Z DEBUG compress:prove:batch:open:compute quotient values:compute quotient values for domain: close time.busy=977ms time.idle=5.83µs
2025-10-28T13:22:21.796391Z DEBUG compress:prove:batch:open:compute quotient values:compute quotient values for domain: close time.busy=9.87s time.idle=16.8µs
2025-10-28T13:22:21.819234Z DEBUG compress:prove:batch:open:compute quotient values:compute quotient values for domain: close time.busy=9.89s time.idle=4.13µs
2025-10-28T13:22:21.842666Z DEBUG compress:prove:batch:open:compute quotient values:compute quotient values for domain: close time.busy=9.91s time.idle=6.04µs
2025-10-28T13:22:21.877580Z DEBUG compress:prove:batch:open:compute quotient values:compute quotient values for domain: close time.busy=9.95s time.idle=7.12µs
2025-10-28T13:22:25.904623Z DEBUG compress:prove:batch:open:compute quotient values:compute quotient values for domain: close time.busy=14.0s time.idle=6.46µs
2025-10-28T13:22:35.055363Z DEBUG compress:prove:batch:open:commit to quotient traces: close time.busy=8.48s time.idle=7.54µs
2025-10-28T13:22:35.055497Z DEBUG compress:prove:batch:open:compute preprocessed opening points: close time.busy=26.9µs time.idle=7.77µs
2025-10-28T13:22:35.055540Z DEBUG compress:prove:batch:open:compute main trace opening points: close time.busy=24.1µs time.idle=2.48µs
2025-10-28T13:22:35.055559Z DEBUG compress:prove:batch:open:compute permutation trace opening points: close time.busy=5.08µs time.idle=2.23µs
2025-10-28T13:22:36.349610Z DEBUG compress:prove:batch:open:open multi batches: close time.busy=50.5s time.idle=4.66µs
2025-10-28T13:22:36.434199Z DEBUG compress:prove:batch:open:compute quotient values: close time.busy=13.2s time.idle=62.5s
2025-10-28T13:22:36.966996Z DEBUG compress:prove:batch:open: close time.busy=90.9s time.idle=5.74µs
2025-10-28T13:22:37.110003Z DEBUG compress:prove:batch: close time.busy=125s time.idle=6.03µs
2025-10-28T13:22:37.146935Z DEBUG compress:generate records and traces:get program and witness stream: close time.busy=35.5ms time.idle=18.6µs
2025-10-28T13:22:37.196831Z DEBUG fixed log2 rows can be potentially reduced: got 44100, expected 262144
2025-10-28T13:22:37.196832Z DEBUG fixed log2 rows can be potentially reduced: got 78580, expected 262144
2025-10-28T13:22:37.196845Z DEBUG compress:prove:batch:Setup compress program:setup machine:generate preprocessed traces: generated preprocessed trace for chip PublicValues in 85.107123ms
2025-10-28T13:22:37.206919Z DEBUG compress:prove:batch:Setup compress program:setup machine:generate preprocessed traces: generated preprocessed trace for chip MemoryVar in 95.175343ms
2025-10-28T13:22:37.217845Z DEBUG compress:prove:batch:Setup compress program:setup machine:generate preprocessed traces: generated preprocessed trace for chip BaseAlu in 102.328849ms
2025-10-28T13:22:37.226983Z DEBUG compress:prove:batch:Setup compress program:setup machine:generate preprocessed traces: generated preprocessed trace for chip ExpReverseBitsLen in 115.348175ms
2025-10-28T13:22:37.231606Z DEBUG compress:prove:batch:Setup compress program:setup machine:generate preprocessed traces: generated preprocessed trace for chip MemoryConst in 120.110654ms
2025-10-28T13:22:37.270717Z DEBUG fixed log2 rows can be potentially reduced: got 902800, expected 2097152
2025-10-28T13:22:37.282986Z DEBUG compress:prove:batch:Setup compress program:setup machine:generate preprocessed traces: generated preprocessed trace for chip Select in 171.378453ms
2025-10-28T13:22:37.292459Z DEBUG compress:prove:batch:Setup compress program:setup machine:generate preprocessed traces: generated preprocessed trace for chip Poseidon2WideDeg3 in 180.910717ms
2025-10-28T13:22:37.317728Z DEBUG compress:prove:batch:Setup compress program:setup machine:generate preprocessed traces: generated preprocessed trace for chip ExtAlu in 202.173977ms
2025-10-28T13:22:37.433588Z DEBUG compress:prove:batch:Setup compress program:setup machine:generate preprocessed traces: generated preprocessed trace for chip BatchFRI in 321.92251ms
2025-10-28T13:22:37.607728Z DEBUG compress:generate records and traces:execute runtime: close time.busy=461ms time.idle=5.49µs
2025-10-28T13:22:37.607796Z DEBUG compress:generate records and traces:generate dependencies:register nonces: close time.busy=1.20µs time.idle=3.26µs
2025-10-28T13:22:37.607811Z DEBUG compress:generate records and traces:generate dependencies: close time.busy=26.5µs time.idle=3.28µs
2025-10-28T13:22:37.608174Z DEBUG fixed log2 rows can be potentially reduced: got 471504, expected 1048576
2025-10-28T13:22:37.608196Z DEBUG compress:generate records and traces:generate traces:generate traces for shard: generated trace for chip PublicValues in 12.905µs
2025-10-28T13:22:37.608532Z DEBUG compress:generate records and traces:generate traces:generate traces for shard: generated trace for chip MemoryConst in 576.309µs
2025-10-28T13:22:37.620117Z DEBUG compress:generate records and traces:generate traces:generate traces for shard: generated trace for chip BaseAlu in 11.92703ms
2025-10-28T13:22:37.631351Z DEBUG generate batch fri trace: fixed log2 rows can be potentially reduced: got 213200, expected 2097152 rows=213200
2025-10-28T13:22:37.633119Z DEBUG fixed log2 rows can be potentially reduced: got 346512, expected 1048576
2025-10-28T13:22:37.637073Z DEBUG compress:generate records and traces:generate traces:generate traces for shard: generated trace for chip Select in 28.90109ms
2025-10-28T13:22:37.638445Z DEBUG generate exp reverse bits len trace: close time.busy=30.2ms time.idle=23.8µs rows=9200
2025-10-28T13:22:37.638472Z DEBUG compress:generate records and traces:generate traces:generate traces for shard: generated trace for chip ExpReverseBitsLen in 30.293077ms
2025-10-28T13:22:37.729326Z DEBUG compress:generate records and traces:generate traces:generate traces for shard: generated trace for chip MemoryVar in 121.169676ms
2025-10-28T13:22:37.745220Z DEBUG compress:generate records and traces:generate traces:generate traces for shard: generated trace for chip ExtAlu in 137.000457ms
2025-10-28T13:22:37.980141Z DEBUG generate batch fri trace: close time.busy=372ms time.idle=5.53µs rows=213200
2025-10-28T13:22:37.980204Z DEBUG compress:generate records and traces:generate traces:generate traces for shard: generated trace for chip BatchFRI in 372.080633ms
2025-10-28T13:22:38.110562Z DEBUG generate poseidon2 wide trace: close time.busy=502ms time.idle=6.32µs rows=90000
2025-10-28T13:22:38.110613Z DEBUG compress:generate records and traces:generate traces:generate traces for shard: generated trace for chip Poseidon2WideDeg3 in 502.55601ms
2025-10-28T13:22:38.110709Z DEBUG compress:generate records and traces:generate traces:generate traces for shard: close time.busy=503ms time.idle=3.86µs
2025-10-28T13:22:38.110752Z DEBUG compress:generate records and traces:generate traces: close time.busy=503ms time.idle=3.21µs
2025-10-28T13:22:44.904562Z DEBUG compress:prove:batch:Setup compress program:setup machine:commit to preprocessed traces: close time.busy=7.29s time.idle=7.48µs
2025-10-28T13:22:44.904645Z DEBUG compress:prove:batch:Setup compress program:setup machine:generate preprocessed traces: close time.busy=323ms time.idle=7.47s
2025-10-28T13:22:44.904660Z DEBUG compress:prove:batch:Setup compress program:setup machine: close time.busy=7.79s time.idle=2.88µs
2025-10-28T13:22:44.904700Z DEBUG compress:prove:batch:Setup compress program: close time.busy=7.79s time.idle=29.7µs
2025-10-28T13:22:44.904737Z DEBUG compress:prove:batch:observe proving key: close time.busy=12.1µs time.idle=4.00µs
2025-10-28T13:23:00.065305Z DEBUG compress:prove:batch:commit: close time.busy=15.2s time.idle=4.92µs
2025-10-28T13:23:02.748002Z DEBUG compress:prove:batch:open:generate permutation traces: close time.busy=2.68s time.idle=6.31µs
2025-10-28T13:23:02.748076Z DEBUG compress:prove:batch:open: BatchFRI        | Main Cols = 13    | Pre Cols = 6      | Perm Cols = 12    | Rows = 2097152 | Cells = 65011712  
2025-10-28T13:23:02.748090Z DEBUG compress:prove:batch:open: MemoryVar       | Main Cols = 8     | Pre Cols = 4      | Perm Cols = 8     | Rows = 1048576 | Cells = 20971520  
2025-10-28T13:23:02.748100Z DEBUG compress:prove:batch:open: Select          | Main Cols = 5     | Pre Cols = 8      | Perm Cols = 16    | Rows = 1048576 | Cells = 30408704  
2025-10-28T13:23:02.748109Z DEBUG compress:prove:batch:open: ExtAlu          | Main Cols = 48    | Pre Cols = 32     | Perm Cols = 28    | Rows = 524288 | Cells = 56623104  
2025-10-28T13:23:02.748118Z DEBUG compress:prove:batch:open: ExpReverseBitsLen | Main Cols = 7     | Pre Cols = 10     | Perm Cols = 12    | Rows = 262144 | Cells = 7602176   
2025-10-28T13:23:02.748127Z DEBUG compress:prove:batch:open: MemoryConst     | Main Cols = 1     | Pre Cols = 12     | Perm Cols = 8     | Rows = 262144 | Cells = 5505024   
2025-10-28T13:23:02.748138Z DEBUG compress:prove:batch:open: Poseidon2WideDeg3 | Main Cols = 313   | Pre Cols = 49     | Perm Cols = 68    | Rows = 262144 | Cells = 112721920 
2025-10-28T13:23:02.748147Z DEBUG compress:prove:batch:open: BaseAlu         | Main Cols = 12    | Pre Cols = 32     | Perm Cols = 28    | Rows = 65536 | Cells = 4718592   
2025-10-28T13:23:02.748156Z DEBUG compress:prove:batch:open: PublicValues    | Main Cols = 1     | Pre Cols = 10     | Perm Cols = 8     | Rows = 16    | Cells = 304       
2025-10-28T13:23:04.092834Z DEBUG compress:prove:batch:open:flatten permutation traces and collect domains: close time.busy=1.34s time.idle=5.31µs
2025-10-28T13:23:14.947670Z DEBUG compress:prove:batch:open:commit to permutation traces: close time.busy=10.9s time.idle=5.25µs
2025-10-28T13:23:14.948656Z DEBUG compress:prove:batch:open:compute quotient values:compute quotient values for domain: close time.busy=585µs time.idle=18.7µs
2025-10-28T13:23:16.002999Z DEBUG compress:prove:batch:open:compute quotient values:compute quotient values for domain: close time.busy=1.05s time.idle=5.66µs
2025-10-28T13:23:16.005605Z DEBUG compress:prove:batch:open:compute quotient values:compute quotient values for domain: close time.busy=1.06s time.idle=9.66µs
2025-10-28T13:23:16.027775Z DEBUG compress:prove:batch:open:compute quotient values:compute quotient values for domain: close time.busy=1.08s time.idle=7.58µs
2025-10-28T13:23:24.050308Z DEBUG compress:prove:batch:open:compute quotient values:compute quotient values for domain: close time.busy=9.10s time.idle=5.19µs
2025-10-28T13:23:24.125286Z DEBUG compress:prove:batch:open:compute quotient values:compute quotient values for domain: close time.busy=9.18s time.idle=12.5µs
2025-10-28T13:23:24.131259Z DEBUG compress:prove:batch:open:compute quotient values:compute quotient values for domain: close time.busy=9.18s time.idle=21.8µs
2025-10-28T13:23:24.214118Z DEBUG compress:prove:batch:open:compute quotient values:compute quotient values for domain: close time.busy=9.27s time.idle=5.47µs
2025-10-28T13:23:24.662661Z DEBUG compress:prove:batch:open:open multi batches: close time.busy=49.6s time.idle=11.2µs
2025-10-28T13:23:24.809745Z DEBUG compress:prove:batch:open:compute quotient values: close time.busy=14.0s time.idle=58.9s
2025-10-28T13:23:25.712876Z DEBUG compress:prove:batch:open: close time.busy=87.3s time.idle=5.33µs
2025-10-28T13:23:25.999290Z DEBUG compress:prove:batch: close time.busy=132s time.idle=7.72µs
2025-10-28T13:23:27.336934Z DEBUG fixed log2 rows can be potentially reduced: got 56929, expected 131072
2025-10-28T13:23:27.336938Z DEBUG fixed log2 rows can be potentially reduced: got 42100, expected 262144
2025-10-28T13:23:27.336921Z DEBUG compress:prove:batch:Setup compress program:setup machine:generate preprocessed traces: generated preprocessed trace for chip PublicValues in 80.018767ms
2025-10-28T13:23:27.343997Z DEBUG compress:prove:batch:Setup compress program:setup machine:generate preprocessed traces: generated preprocessed trace for chip Poseidon2WideDeg3 in 87.144892ms
2025-10-28T13:23:27.344022Z DEBUG compress:prove:batch:Setup compress program:setup machine:generate preprocessed traces: generated preprocessed trace for chip ExtAlu in 87.152673ms
2025-10-28T13:23:27.344025Z DEBUG compress:prove:batch:Setup compress program:setup machine:generate preprocessed traces: generated preprocessed trace for chip BaseAlu in 87.174047ms
2025-10-28T13:23:27.345111Z DEBUG compress:prove:batch:Setup compress program:setup machine:generate preprocessed traces: generated preprocessed trace for chip ExpReverseBitsLen in 88.259616ms
2025-10-28T13:23:27.345281Z DEBUG fixed log2 rows can be potentially reduced: got 147800, expected 524288
2025-10-28T13:23:27.346755Z DEBUG compress:prove:batch:Setup compress program:setup machine:generate preprocessed traces: generated preprocessed trace for chip MemoryConst in 89.908881ms
2025-10-28T13:23:27.348163Z DEBUG compress:prove:batch:Setup compress program:setup machine:generate preprocessed traces: generated preprocessed trace for chip MemoryVar in 91.30109ms
2025-10-28T13:23:27.354323Z DEBUG compress:prove:batch:Setup compress program:setup machine:generate preprocessed traces: generated preprocessed trace for chip Select in 97.474052ms
2025-10-28T13:23:27.360488Z DEBUG compress:prove:batch:Setup compress program:setup machine:generate preprocessed traces: generated preprocessed trace for chip BatchFRI in 103.635198ms
2025-10-28T13:23:27.635840Z DEBUG compress:prove:batch:open:compute quotient values:compute quotient values for domain: close time.busy=12.7s time.idle=18.1µs
2025-10-28T13:23:30.195534Z DEBUG compress:prove:batch:Setup compress program:setup machine:commit to preprocessed traces: close time.busy=2.80s time.idle=6.79µs
2025-10-28T13:23:30.195641Z DEBUG compress:prove:batch:Setup compress program:setup machine:generate preprocessed traces: close time.busy=1.35s time.idle=2.83s
2025-10-28T13:23:30.195657Z DEBUG compress:prove:batch:Setup compress program:setup machine: close time.busy=4.19s time.idle=3.89µs
2025-10-28T13:23:30.195670Z DEBUG compress:prove:batch:Setup compress program: close time.busy=4.19s time.idle=3.68µs
2025-10-28T13:23:30.195727Z DEBUG compress:prove:batch:observe proving key: close time.busy=11.6µs time.idle=3.69µs
2025-10-28T13:23:39.058451Z DEBUG compress:prove:batch:open:commit to quotient traces: close time.busy=10.8s time.idle=6.21µs
2025-10-28T13:23:39.058566Z DEBUG compress:prove:batch:open:compute preprocessed opening points: close time.busy=23.9µs time.idle=7.90µs
2025-10-28T13:23:39.058591Z DEBUG compress:prove:batch:open:compute main trace opening points: close time.busy=5.63µs time.idle=2.42µs
2025-10-28T13:23:39.058610Z DEBUG compress:prove:batch:open:compute permutation trace opening points: close time.busy=4.45µs time.idle=2.30µs
2025-10-28T13:23:39.060017Z DEBUG compress:prove:batch:commit: close time.busy=8.86s time.idle=3.14µs
2025-10-28T13:23:40.260076Z DEBUG compress:prove:batch:open:generate permutation traces: close time.busy=1.20s time.idle=4.50µs
2025-10-28T13:23:40.260145Z DEBUG compress:prove:batch:open: BatchFRI        | Main Cols = 13    | Pre Cols = 6      | Perm Cols = 12    | Rows = 524288 | Cells = 16252928  
2025-10-28T13:23:40.260158Z DEBUG compress:prove:batch:open: MemoryVar       | Main Cols = 8     | Pre Cols = 4      | Perm Cols = 8     | Rows = 524288 | Cells = 10485760  
2025-10-28T13:23:40.260167Z DEBUG compress:prove:batch:open: Select          | Main Cols = 5     | Pre Cols = 8      | Perm Cols = 16    | Rows = 524288 | Cells = 15204352  
2025-10-28T13:23:40.260176Z DEBUG compress:prove:batch:open: ExpReverseBitsLen | Main Cols = 7     | Pre Cols = 10     | Perm Cols = 12    | Rows = 262144 | Cells = 7602176   
2025-10-28T13:23:40.260185Z DEBUG compress:prove:batch:open: MemoryConst     | Main Cols = 1     | Pre Cols = 12     | Perm Cols = 8     | Rows = 131072 | Cells = 2752512   
2025-10-28T13:23:40.260197Z DEBUG compress:prove:batch:open: Poseidon2WideDeg3 | Main Cols = 313   | Pre Cols = 49     | Perm Cols = 68    | Rows = 131072 | Cells = 56360960  
2025-10-28T13:23:40.260205Z DEBUG compress:prove:batch:open: BaseAlu         | Main Cols = 12    | Pre Cols = 32     | Perm Cols = 28    | Rows = 65536 | Cells = 4718592   
2025-10-28T13:23:40.260214Z DEBUG compress:prove:batch:open: ExtAlu          | Main Cols = 48    | Pre Cols = 32     | Perm Cols = 28    | Rows = 65536 | Cells = 7077888   
2025-10-28T13:23:40.260222Z DEBUG compress:prove:batch:open: PublicValues    | Main Cols = 1     | Pre Cols = 10     | Perm Cols = 8     | Rows = 16    | Cells = 304       
2025-10-28T13:23:40.564065Z DEBUG compress:prove:batch:open:flatten permutation traces and collect domains: close time.busy=304ms time.idle=5.36µs
2025-10-28T13:23:43.906408Z DEBUG compress:prove:batch:open:commit to permutation traces: close time.busy=3.34s time.idle=5.97µs
2025-10-28T13:23:43.907094Z DEBUG compress:prove:batch:open:compute quotient values:compute quotient values for domain: close time.busy=331µs time.idle=4.49µs
2025-10-28T13:23:48.133292Z DEBUG compress:prove:batch:open:compute quotient values:compute quotient values for domain: close time.busy=4.23s time.idle=6.76µs
2025-10-28T13:23:48.147230Z DEBUG compress:prove:batch:open:compute quotient values:compute quotient values for domain: close time.busy=4.24s time.idle=4.31µs
2025-10-28T13:23:48.147940Z DEBUG compress:prove:batch:open:compute quotient values:compute quotient values for domain: close time.busy=4.24s time.idle=5.44µs
2025-10-28T13:23:48.168487Z DEBUG compress:prove:batch:open:compute quotient values:compute quotient values for domain: close time.busy=4.26s time.idle=5.36µs
2025-10-28T13:23:48.256576Z DEBUG compress:prove:batch:open:compute quotient values:compute quotient values for domain: close time.busy=4.35s time.idle=7.02µs
2025-10-28T13:23:48.275342Z DEBUG compress:prove:batch:open:compute quotient values:compute quotient values for domain: close time.busy=4.37s time.idle=4.40µs
2025-10-28T13:23:48.295208Z DEBUG compress:prove:batch:open:compute quotient values:compute quotient values for domain: close time.busy=4.39s time.idle=4.16µs
2025-10-28T13:23:48.339947Z DEBUG compress:prove:batch:open:compute quotient values:compute quotient values for domain: close time.busy=4.43s time.idle=4.95µs
2025-10-28T13:23:50.517357Z DEBUG compress:prove:batch:open:commit to quotient traces: close time.busy=2.05s time.idle=6.61µs
2025-10-28T13:23:50.517770Z DEBUG compress:prove:batch:open:compute preprocessed opening points: close time.busy=11.9µs time.idle=4.90µs
2025-10-28T13:23:50.517805Z DEBUG compress:prove:batch:open:compute main trace opening points: close time.busy=7.46µs time.idle=2.32µs
2025-10-28T13:23:50.517834Z DEBUG compress:prove:batch:open:compute permutation trace opening points: close time.busy=11.0µs time.idle=2.39µs
2025-10-28T13:23:57.258647Z DEBUG compress:prove:batch:open:open multi batches: close time.busy=6.74s time.idle=4.13µs
2025-10-28T13:23:57.263759Z DEBUG compress:prove:batch:open:compute quotient values: close time.busy=4.43s time.idle=8.92s
2025-10-28T13:23:57.387578Z DEBUG compress:prove:batch:open: close time.busy=18.3s time.idle=9.86µs
2025-10-28T13:24:05.353348Z DEBUG compress:prove:batch:open:open multi batches: close time.busy=26.3s time.idle=8.54µs
2025-10-28T13:24:05.453276Z DEBUG compress:prove:batch:open:compute quotient values: close time.busy=12.7s time.idle=37.8s
2025-10-28T13:24:05.943774Z DEBUG compress:prove:batch:open: close time.busy=65.9s time.idle=6.76µs
2025-10-28T13:24:05.955849Z DEBUG compress:prove:batch: close time.busy=39.9s time.idle=6.40µs
2025-10-28T13:24:05.994004Z DEBUG compress:generate records and traces:get program and witness stream: close time.busy=43.8ms time.idle=11.2µs
2025-10-28T13:24:06.036997Z DEBUG compress:prove:batch:Setup compress program:setup machine:generate preprocessed traces: generated preprocessed trace for chip PublicValues in 61.383411ms
2025-10-28T13:24:06.048085Z DEBUG compress:prove:batch:Setup compress program:setup machine:generate preprocessed traces: generated preprocessed trace for chip BaseAlu in 72.456867ms
2025-10-28T13:24:06.062008Z DEBUG compress:prove:batch:Setup compress program:setup machine:generate preprocessed traces: generated preprocessed trace for chip ExpReverseBitsLen in 86.419798ms
2025-10-28T13:24:06.062165Z DEBUG compress:prove:batch:Setup compress program:setup machine:generate preprocessed traces: generated preprocessed trace for chip MemoryVar in 86.665324ms
2025-10-28T13:24:06.076954Z DEBUG fixed log2 rows can be potentially reduced: got 213200, expected 2097152
2025-10-28T13:24:06.093144Z DEBUG compress:prove:batch: close time.busy=89.0s time.idle=7.25µs
2025-10-28T13:24:06.125700Z DEBUG compress:prove:batch:Setup compress program:setup machine:generate preprocessed traces: generated preprocessed trace for chip MemoryConst in 153.627686ms
2025-10-28T13:24:06.137796Z DEBUG compress:prove:batch:Setup compress program:setup machine:generate preprocessed traces: generated preprocessed trace for chip Select in 165.62247ms
2025-10-28T13:24:06.170270Z DEBUG compress:prove:batch:Setup compress program:setup machine:generate preprocessed traces: generated preprocessed trace for chip Poseidon2WideDeg3 in 198.046246ms
2025-10-28T13:24:06.193829Z DEBUG compress:prove:batch:Setup compress program:setup machine:generate preprocessed traces: generated preprocessed trace for chip ExtAlu in 218.173412ms
2025-10-28T13:24:06.259612Z DEBUG compress:prove:batch:Setup compress program:setup machine:generate preprocessed traces: generated preprocessed trace for chip BatchFRI in 287.417087ms
2025-10-28T13:24:06.560719Z DEBUG compress:generate records and traces:execute runtime: close time.busy=567ms time.idle=5.76µs
2025-10-28T13:24:06.560803Z DEBUG compress:generate records and traces:generate dependencies:register nonces: close time.busy=1.16µs time.idle=3.05µs
2025-10-28T13:24:06.560819Z DEBUG compress:generate records and traces:generate dependencies: close time.busy=32.7µs time.idle=3.34µs
2025-10-28T13:24:06.561249Z DEBUG fixed log2 rows can be potentially reduced: got 510704, expected 1048576
2025-10-28T13:24:06.561262Z DEBUG compress:generate records and traces:generate traces:generate traces for shard: generated trace for chip PublicValues in 11.69µs
2025-10-28T13:24:06.561463Z DEBUG compress:generate records and traces:generate traces:generate traces for shard: generated trace for chip MemoryConst in 465.589µs
2025-10-28T13:24:06.562310Z DEBUG compress:generate records and traces:generate traces:generate traces for shard: generated trace for chip BaseAlu in 1.244722ms
2025-10-28T13:24:06.565188Z DEBUG generate batch fri trace: fixed log2 rows can be potentially reduced: got 213200, expected 2097152 rows=213200
2025-10-28T13:24:06.575122Z DEBUG fixed log2 rows can be potentially reduced: got 367020, expected 1048576
2025-10-28T13:24:06.603131Z DEBUG compress:generate records and traces:generate traces:generate traces for shard: generated trace for chip Select in 41.882482ms
2025-10-28T13:24:06.609370Z DEBUG generate exp reverse bits len trace: close time.busy=48.1ms time.idle=4.86µs rows=9200
2025-10-28T13:24:06.609412Z DEBUG compress:generate records and traces:generate traces:generate traces for shard: generated trace for chip ExpReverseBitsLen in 48.16591ms
2025-10-28T13:24:06.640472Z DEBUG compress:generate records and traces:generate traces:generate traces for shard: generated trace for chip MemoryVar in 79.219285ms
2025-10-28T13:24:06.701120Z DEBUG compress:generate records and traces:generate traces:generate traces for shard: generated trace for chip ExtAlu in 139.935667ms
2025-10-28T13:24:06.932483Z DEBUG generate batch fri trace: close time.busy=371ms time.idle=5.17µs rows=213200
2025-10-28T13:24:06.932536Z DEBUG compress:generate records and traces:generate traces:generate traces for shard: generated trace for chip BatchFRI in 371.286599ms
2025-10-28T13:24:07.059583Z DEBUG generate poseidon2 wide trace: close time.busy=499ms time.idle=5.00µs rows=95402
2025-10-28T13:24:07.059626Z DEBUG compress:generate records and traces:generate traces:generate traces for shard: generated trace for chip Poseidon2WideDeg3 in 498.585722ms
2025-10-28T13:24:07.059691Z DEBUG compress:generate records and traces:generate traces:generate traces for shard: close time.busy=499ms time.idle=3.40µs
2025-10-28T13:24:07.059714Z DEBUG compress:generate records and traces:generate traces: close time.busy=499ms time.idle=3.44µs
2025-10-28T13:24:07.078938Z DEBUG compress:prove:batch:Setup compress program:setup machine:generate preprocessed traces: generated preprocessed trace for chip PublicValues in 18.886345ms
2025-10-28T13:24:07.085902Z DEBUG compress:prove:batch:Setup compress program:setup machine:generate preprocessed traces: generated preprocessed trace for chip BaseAlu in 25.894547ms
2025-10-28T13:24:07.092824Z DEBUG fixed log2 rows can be potentially reduced: got 213200, expected 2097152
2025-10-28T13:24:07.094327Z DEBUG compress:prove:batch:Setup compress program:setup machine:generate preprocessed traces: generated preprocessed trace for chip ExpReverseBitsLen in 34.282261ms
2025-10-28T13:24:07.114656Z DEBUG compress:prove:batch:Setup compress program:setup machine:generate preprocessed traces: generated preprocessed trace for chip MemoryConst in 54.759067ms
2025-10-28T13:24:07.121214Z DEBUG compress:prove:batch:Setup compress program:setup machine:generate preprocessed traces: generated preprocessed trace for chip MemoryVar in 61.283675ms
2025-10-28T13:24:07.149935Z DEBUG compress:prove:batch:Setup compress program:setup machine:generate preprocessed traces: generated preprocessed trace for chip Poseidon2WideDeg3 in 89.946176ms
2025-10-28T13:24:07.160473Z DEBUG compress:prove:batch:Setup compress program:setup machine:generate preprocessed traces: generated preprocessed trace for chip Select in 100.42932ms
2025-10-28T13:24:07.169133Z DEBUG compress:prove:batch:Setup compress program:setup machine:generate preprocessed traces: generated preprocessed trace for chip ExtAlu in 109.099207ms
2025-10-28T13:24:07.240073Z DEBUG compress:prove:batch:Setup compress program:setup machine:generate preprocessed traces: generated preprocessed trace for chip BatchFRI in 180.030112ms
2025-10-28T13:24:14.454177Z DEBUG compress:prove:batch:Setup compress program:setup machine:commit to preprocessed traces: close time.busy=7.88s time.idle=7.31µs
2025-10-28T13:24:14.454250Z DEBUG compress:prove:batch:Setup compress program:setup machine:generate preprocessed traces: close time.busy=288ms time.idle=8.19s
2025-10-28T13:24:14.454265Z DEBUG compress:prove:batch:Setup compress program:setup machine: close time.busy=8.48s time.idle=2.73µs
2025-10-28T13:24:14.454278Z DEBUG compress:prove:batch:Setup compress program: close time.busy=8.48s time.idle=8.02µs
2025-10-28T13:24:14.454315Z DEBUG compress:prove:batch:observe proving key: close time.busy=10.7µs time.idle=3.33µs
2025-10-28T13:24:20.452166Z DEBUG compress:prove:batch:Setup compress program:setup machine:commit to preprocessed traces: close time.busy=12.8s time.idle=17.7µs
2025-10-28T13:24:20.452325Z DEBUG compress:prove:batch:Setup compress program:setup machine:generate preprocessed traces: close time.busy=225ms time.idle=13.2s
2025-10-28T13:24:20.452343Z DEBUG compress:prove:batch:Setup compress program:setup machine: close time.busy=13.4s time.idle=3.34µs
2025-10-28T13:24:20.452364Z DEBUG compress:prove:batch:Setup compress program: close time.busy=13.4s time.idle=10.9µs
2025-10-28T13:24:20.452403Z DEBUG compress:prove:batch:observe proving key: close time.busy=13.2µs time.idle=4.63µs
2025-10-28T13:24:33.196220Z DEBUG compress:prove:batch:commit: close time.busy=18.7s time.idle=4.54µs
2025-10-28T13:24:36.384369Z DEBUG compress:prove:batch:open:generate permutation traces: close time.busy=3.19s time.idle=7.17µs
2025-10-28T13:24:36.384473Z DEBUG compress:prove:batch:open: BatchFRI        | Main Cols = 13    | Pre Cols = 6      | Perm Cols = 12    | Rows = 2097152 | Cells = 65011712  
2025-10-28T13:24:36.384490Z DEBUG compress:prove:batch:open: MemoryVar       | Main Cols = 8     | Pre Cols = 4      | Perm Cols = 8     | Rows = 1048576 | Cells = 20971520  
2025-10-28T13:24:36.384502Z DEBUG compress:prove:batch:open: Select          | Main Cols = 5     | Pre Cols = 8      | Perm Cols = 16    | Rows = 1048576 | Cells = 30408704  
2025-10-28T13:24:36.384513Z DEBUG compress:prove:batch:open: ExtAlu          | Main Cols = 48    | Pre Cols = 32     | Perm Cols = 28    | Rows = 524288 | Cells = 56623104  
2025-10-28T13:24:36.384528Z DEBUG compress:prove:batch:open: ExpReverseBitsLen | Main Cols = 7     | Pre Cols = 10     | Perm Cols = 12    | Rows = 262144 | Cells = 7602176   
2025-10-28T13:24:36.384539Z DEBUG compress:prove:batch:open: MemoryConst     | Main Cols = 1     | Pre Cols = 12     | Perm Cols = 8     | Rows = 262144 | Cells = 5505024   
2025-10-28T13:24:36.384551Z DEBUG compress:prove:batch:open: Poseidon2WideDeg3 | Main Cols = 313   | Pre Cols = 49     | Perm Cols = 68    | Rows = 262144 | Cells = 112721920 
2025-10-28T13:24:36.384562Z DEBUG compress:prove:batch:open: BaseAlu         | Main Cols = 12    | Pre Cols = 32     | Perm Cols = 28    | Rows = 65536 | Cells = 4718592   
2025-10-28T13:24:36.384573Z DEBUG compress:prove:batch:open: PublicValues    | Main Cols = 1     | Pre Cols = 10     | Perm Cols = 8     | Rows = 16    | Cells = 304       
2025-10-28T13:24:37.865222Z DEBUG compress:prove:batch:open:flatten permutation traces and collect domains: close time.busy=1.48s time.idle=5.91µs
2025-10-28T13:24:45.900676Z DEBUG compress:prove:batch:commit: close time.busy=25.4s time.idle=4.39µs
2025-10-28T13:24:48.842291Z DEBUG compress:prove:batch:open:generate permutation traces: close time.busy=2.94s time.idle=5.02µs
2025-10-28T13:24:48.842349Z DEBUG compress:prove:batch:open: BatchFRI        | Main Cols = 13    | Pre Cols = 6      | Perm Cols = 12    | Rows = 2097152 | Cells = 65011712  
2025-10-28T13:24:48.842362Z DEBUG compress:prove:batch:open: MemoryVar       | Main Cols = 8     | Pre Cols = 4      | Perm Cols = 8     | Rows = 1048576 | Cells = 20971520  
2025-10-28T13:24:48.842372Z DEBUG compress:prove:batch:open: Select          | Main Cols = 5     | Pre Cols = 8      | Perm Cols = 16    | Rows = 1048576 | Cells = 30408704  
2025-10-28T13:24:48.842380Z DEBUG compress:prove:batch:open: ExtAlu          | Main Cols = 48    | Pre Cols = 32     | Perm Cols = 28    | Rows = 524288 | Cells = 56623104  
2025-10-28T13:24:48.842389Z DEBUG compress:prove:batch:open: ExpReverseBitsLen | Main Cols = 7     | Pre Cols = 10     | Perm Cols = 12    | Rows = 262144 | Cells = 7602176   
2025-10-28T13:24:48.842398Z DEBUG compress:prove:batch:open: MemoryConst     | Main Cols = 1     | Pre Cols = 12     | Perm Cols = 8     | Rows = 262144 | Cells = 5505024   
2025-10-28T13:24:48.842408Z DEBUG compress:prove:batch:open: Poseidon2WideDeg3 | Main Cols = 313   | Pre Cols = 49     | Perm Cols = 68    | Rows = 262144 | Cells = 112721920 
2025-10-28T13:24:48.842416Z DEBUG compress:prove:batch:open: BaseAlu         | Main Cols = 12    | Pre Cols = 32     | Perm Cols = 28    | Rows = 65536 | Cells = 4718592   
2025-10-28T13:24:48.842454Z DEBUG compress:prove:batch:open: PublicValues    | Main Cols = 1     | Pre Cols = 10     | Perm Cols = 8     | Rows = 16    | Cells = 304       
2025-10-28T13:24:50.371536Z DEBUG compress:prove:batch:open:flatten permutation traces and collect domains: close time.busy=1.53s time.idle=10.1µs
2025-10-28T13:24:56.916071Z DEBUG compress:prove:batch:open:commit to permutation traces: close time.busy=19.1s time.idle=6.91µs
2025-10-28T13:24:56.916671Z DEBUG compress:prove:batch:open:compute quotient values:compute quotient values for domain: close time.busy=279µs time.idle=4.54µs
2025-10-28T13:24:57.756082Z DEBUG compress:prove:batch:open:compute quotient values:compute quotient values for domain: close time.busy=840ms time.idle=9.80µs
2025-10-28T13:24:57.760477Z DEBUG compress:prove:batch:open:compute quotient values:compute quotient values for domain: close time.busy=844ms time.idle=5.49µs
2025-10-28T13:25:00.403630Z DEBUG compress:prove:batch:open:compute quotient values:compute quotient values for domain: close time.busy=3.49s time.idle=4.71µs
2025-10-28T13:25:00.494512Z DEBUG compress:prove:batch:open:compute quotient values:compute quotient values for domain: close time.busy=3.58s time.idle=7.84µs
2025-10-28T13:25:00.504356Z DEBUG compress:prove:batch:open:compute quotient values:compute quotient values for domain: close time.busy=3.59s time.idle=9.44µs
2025-10-28T13:25:09.298356Z DEBUG compress:prove:batch:open:compute quotient values:compute quotient values for domain: close time.busy=12.4s time.idle=6.00µs
2025-10-28T13:25:09.320878Z DEBUG compress:prove:batch:open:compute quotient values:compute quotient values for domain: close time.busy=12.4s time.idle=4.97µs
2025-10-28T13:25:09.374044Z DEBUG compress:prove:batch:open:compute quotient values:compute quotient values for domain: close time.busy=12.5s time.idle=5.52µs
2025-10-28T13:25:16.813747Z DEBUG compress:prove:batch:open:commit to permutation traces: close time.busy=26.4s time.idle=25.9µs
2025-10-28T13:25:16.814686Z DEBUG compress:prove:batch:open:compute quotient values:compute quotient values for domain: close time.busy=490µs time.idle=4.65µs
2025-10-28T13:25:17.851473Z DEBUG compress:prove:batch:open:compute quotient values:compute quotient values for domain: close time.busy=1.04s time.idle=10.2µs
2025-10-28T13:25:17.869637Z DEBUG compress:prove:batch:open:compute quotient values:compute quotient values for domain: close time.busy=1.06s time.idle=5.75µs
2025-10-28T13:25:17.871025Z DEBUG compress:prove:batch:open:compute quotient values:compute quotient values for domain: close time.busy=1.06s time.idle=12.0µs
2025-10-28T13:25:23.793765Z DEBUG compress:prove:batch:open:compute quotient values:compute quotient values for domain: close time.busy=6.98s time.idle=6.60µs
2025-10-28T13:25:23.821597Z DEBUG compress:prove:batch:open:compute quotient values:compute quotient values for domain: close time.busy=7.01s time.idle=25.8µs
2025-10-28T13:25:24.136450Z DEBUG compress:prove:batch:open:compute quotient values:compute quotient values for domain: close time.busy=7.32s time.idle=4.85µs
2025-10-28T13:25:29.575893Z DEBUG compress:prove:batch:open:compute quotient values:compute quotient values for domain: close time.busy=12.8s time.idle=9.26µs
2025-10-28T13:25:29.593183Z DEBUG compress:prove:batch:open:compute quotient values:compute quotient values for domain: close time.busy=12.8s time.idle=4.44µs
2025-10-28T13:25:33.648585Z DEBUG compress:prove:batch:open:commit to quotient traces: close time.busy=23.6s time.idle=5.95µs
2025-10-28T13:25:33.648650Z DEBUG compress:prove:batch:open:compute preprocessed opening points: close time.busy=5.75µs time.idle=3.47µs
2025-10-28T13:25:33.648686Z DEBUG compress:prove:batch:open:compute main trace opening points: close time.busy=19.6µs time.idle=3.01µs
2025-10-28T13:25:33.648709Z DEBUG compress:prove:batch:open:compute permutation trace opening points: close time.busy=9.39µs time.idle=2.38µs
2025-10-28T13:25:39.632646Z DEBUG compress:prove:batch:open:commit to quotient traces: close time.busy=9.37s time.idle=6.75µs
2025-10-28T13:25:39.632738Z DEBUG compress:prove:batch:open:compute preprocessed opening points: close time.busy=11.9µs time.idle=3.76µs
2025-10-28T13:25:39.632779Z DEBUG compress:prove:batch:open:compute main trace opening points: close time.busy=24.0µs time.idle=2.58µs
2025-10-28T13:25:39.632804Z DEBUG compress:prove:batch:open:compute permutation trace opening points: close time.busy=5.59µs time.idle=2.23µs
2025-10-28T13:25:55.841595Z DEBUG compress:prove:batch:open:open multi batches: close time.busy=22.2s time.idle=4.51µs
2025-10-28T13:25:55.897326Z DEBUG compress:prove:batch:open:compute quotient values: close time.busy=12.5s time.idle=46.5s
2025-10-28T13:25:56.504345Z DEBUG compress:prove:batch:open: close time.busy=83.3s time.idle=5.94µs
2025-10-28T13:25:56.693176Z DEBUG compress:prove:batch: close time.busy=111s time.idle=7.25µs
2025-10-28T13:26:01.441183Z DEBUG compress:prove:batch:open:open multi batches: close time.busy=21.8s time.idle=5.02µs
2025-10-28T13:26:01.497331Z DEBUG compress:prove:batch:open:compute quotient values: close time.busy=12.8s time.idle=31.9s
2025-10-28T13:26:01.982035Z DEBUG compress:prove:batch:open: close time.busy=76.1s time.idle=5.34µs
2025-10-28T13:26:02.003168Z DEBUG compress:generate records and traces:get program and witness stream: close time.busy=17.0ms time.idle=19.3µs
2025-10-28T13:26:02.148833Z DEBUG compress:prove:batch: close time.busy=115s time.idle=9.19µs
2025-10-28T13:26:02.378947Z DEBUG compress:generate records and traces:execute runtime: close time.busy=376ms time.idle=6.68µs
2025-10-28T13:26:02.379027Z DEBUG compress:generate records and traces:generate dependencies:register nonces: close time.busy=1.62µs time.idle=4.23µs
2025-10-28T13:26:02.379048Z DEBUG compress:generate records and traces:generate dependencies: close time.busy=35.5µs time.idle=4.22µs
2025-10-28T13:26:02.379356Z DEBUG fixed log2 rows can be potentially reduced: got 510704, expected 1048576
2025-10-28T13:26:02.379400Z DEBUG compress:generate records and traces:generate traces:generate traces for shard: generated trace for chip PublicValues in 9.478µs
2025-10-28T13:26:02.379548Z DEBUG compress:generate records and traces:generate traces:generate traces for shard: generated trace for chip MemoryConst in 359.39µs
2025-10-28T13:26:02.380080Z DEBUG compress:generate records and traces:generate traces:generate traces for shard: generated trace for chip BaseAlu in 822.053µs
2025-10-28T13:26:02.383385Z DEBUG fixed log2 rows can be potentially reduced: got 367020, expected 1048576
2025-10-28T13:26:02.383630Z DEBUG compress:generate records and traces:generate traces:generate traces for shard: generated trace for chip Select in 4.276686ms
2025-10-28T13:26:02.389922Z DEBUG generate batch fri trace: fixed log2 rows can be potentially reduced: got 213200, expected 2097152 rows=213200
2025-10-28T13:26:02.404198Z DEBUG generate exp reverse bits len trace: close time.busy=24.8ms time.idle=5.53µs rows=9200
2025-10-28T13:26:02.404261Z DEBUG compress:generate records and traces:generate traces:generate traces for shard: generated trace for chip ExpReverseBitsLen in 24.87253ms
2025-10-28T13:26:02.411129Z DEBUG compress:generate records and traces:generate traces:generate traces for shard: generated trace for chip MemoryVar in 31.812001ms
2025-10-28T13:26:02.535484Z DEBUG compress:generate records and traces:generate traces:generate traces for shard: generated trace for chip ExtAlu in 156.021496ms
2025-10-28T13:26:02.737642Z DEBUG generate batch fri trace: close time.busy=358ms time.idle=9.68µs rows=213200
2025-10-28T13:26:02.737693Z DEBUG compress:generate records and traces:generate traces:generate traces for shard: generated trace for chip BatchFRI in 358.275989ms
2025-10-28T13:26:02.884505Z DEBUG generate poseidon2 wide trace: close time.busy=505ms time.idle=6.23µs rows=95402
2025-10-28T13:26:02.884554Z DEBUG compress:generate records and traces:generate traces:generate traces for shard: generated trace for chip Poseidon2WideDeg3 in 505.335711ms
2025-10-28T13:26:02.884611Z DEBUG compress:generate records and traces:generate traces:generate traces for shard: close time.busy=506ms time.idle=3.00µs
2025-10-28T13:26:02.884630Z DEBUG compress:generate records and traces:generate traces: close time.busy=506ms time.idle=3.07µs
2025-10-28T13:26:02.901708Z DEBUG compress:prove:batch:Setup compress program:setup machine:generate preprocessed traces: generated preprocessed trace for chip PublicValues in 16.74913ms
2025-10-28T13:26:02.911795Z DEBUG compress:prove:batch:Setup compress program:setup machine:generate preprocessed traces: generated preprocessed trace for chip Select in 26.83978ms
2025-10-28T13:26:02.911791Z DEBUG compress:prove:batch:Setup compress program:setup machine:generate preprocessed traces: generated preprocessed trace for chip BaseAlu in 26.807068ms
2025-10-28T13:26:02.912756Z DEBUG compress:prove:batch:Setup compress program:setup machine:generate preprocessed traces: generated preprocessed trace for chip MemoryConst in 27.936357ms
2025-10-28T13:26:02.918005Z DEBUG fixed log2 rows can be potentially reduced: got 213200, expected 2097152
2025-10-28T13:26:02.925190Z DEBUG compress:prove:batch:Setup compress program:setup machine:generate preprocessed traces: generated preprocessed trace for chip ExpReverseBitsLen in 40.23374ms
2025-10-28T13:26:02.933036Z DEBUG compress:prove:batch:Setup compress program:setup machine:generate preprocessed traces: generated preprocessed trace for chip MemoryVar in 48.189802ms
2025-10-28T13:26:02.970498Z DEBUG compress:prove:batch:Setup compress program:setup machine:generate preprocessed traces: generated preprocessed trace for chip Poseidon2WideDeg3 in 85.617225ms
2025-10-28T13:26:02.990338Z DEBUG compress:prove:batch:Setup compress program:setup machine:generate preprocessed traces: generated preprocessed trace for chip ExtAlu in 105.350391ms
2025-10-28T13:26:03.053051Z DEBUG compress:prove:batch:Setup compress program:setup machine:generate preprocessed traces: generated preprocessed trace for chip BatchFRI in 168.122682ms
2025-10-28T13:26:10.240054Z DEBUG compress:prove:batch:Setup compress program:setup machine:commit to preprocessed traces: close time.busy=6.94s time.idle=7.21µs
2025-10-28T13:26:10.240178Z DEBUG compress:prove:batch:Setup compress program:setup machine:generate preprocessed traces: close time.busy=169ms time.idle=7.19s
2025-10-28T13:26:10.240195Z DEBUG compress:prove:batch:Setup compress program:setup machine: close time.busy=7.36s time.idle=2.75µs
2025-10-28T13:26:10.240207Z DEBUG compress:prove:batch:Setup compress program: close time.busy=7.36s time.idle=3.37µs
2025-10-28T13:26:10.240268Z DEBUG compress:prove:batch:observe proving key: close time.busy=12.0µs time.idle=3.39µs
2025-10-28T13:26:23.870932Z DEBUG compress:prove:batch:commit: close time.busy=13.6s time.idle=4.84µs
2025-10-28T13:26:26.502738Z DEBUG compress:prove:batch:open:generate permutation traces: close time.busy=2.63s time.idle=5.13µs
2025-10-28T13:26:26.502805Z DEBUG compress:prove:batch:open: BatchFRI        | Main Cols = 13    | Pre Cols = 6      | Perm Cols = 12    | Rows = 2097152 | Cells = 65011712  
2025-10-28T13:26:26.502819Z DEBUG compress:prove:batch:open: MemoryVar       | Main Cols = 8     | Pre Cols = 4      | Perm Cols = 8     | Rows = 1048576 | Cells = 20971520  
2025-10-28T13:26:26.502828Z DEBUG compress:prove:batch:open: Select          | Main Cols = 5     | Pre Cols = 8      | Perm Cols = 16    | Rows = 1048576 | Cells = 30408704  
2025-10-28T13:26:26.502837Z DEBUG compress:prove:batch:open: ExtAlu          | Main Cols = 48    | Pre Cols = 32     | Perm Cols = 28    | Rows = 524288 | Cells = 56623104  
2025-10-28T13:26:26.502848Z DEBUG compress:prove:batch:open: ExpReverseBitsLen | Main Cols = 7     | Pre Cols = 10     | Perm Cols = 12    | Rows = 262144 | Cells = 7602176   
2025-10-28T13:26:26.502862Z DEBUG compress:prove:batch:open: MemoryConst     | Main Cols = 1     | Pre Cols = 12     | Perm Cols = 8     | Rows = 262144 | Cells = 5505024   
2025-10-28T13:26:26.502878Z DEBUG compress:prove:batch:open: Poseidon2WideDeg3 | Main Cols = 313   | Pre Cols = 49     | Perm Cols = 68    | Rows = 262144 | Cells = 112721920 
2025-10-28T13:26:26.502892Z DEBUG compress:prove:batch:open: BaseAlu         | Main Cols = 12    | Pre Cols = 32     | Perm Cols = 28    | Rows = 65536 | Cells = 4718592   
2025-10-28T13:26:26.502905Z DEBUG compress:prove:batch:open: PublicValues    | Main Cols = 1     | Pre Cols = 10     | Perm Cols = 8     | Rows = 16    | Cells = 304       
2025-10-28T13:26:27.760789Z DEBUG compress:prove:batch:open:flatten permutation traces and collect domains: close time.busy=1.26s time.idle=7.23µs
2025-10-28T13:26:37.118204Z DEBUG compress:prove:batch:open:commit to permutation traces: close time.busy=9.36s time.idle=5.66µs
2025-10-28T13:26:37.119447Z DEBUG compress:prove:batch:open:compute quotient values:compute quotient values for domain: close time.busy=857µs time.idle=6.51µs
2025-10-28T13:26:38.150047Z DEBUG compress:prove:batch:open:compute quotient values:compute quotient values for domain: close time.busy=1.03s time.idle=31.0µs
2025-10-28T13:26:38.152388Z DEBUG compress:prove:batch:open:compute quotient values:compute quotient values for domain: close time.busy=1.03s time.idle=3.97µs
2025-10-28T13:26:38.154525Z DEBUG compress:prove:batch:open:compute quotient values:compute quotient values for domain: close time.busy=1.04s time.idle=13.9µs
2025-10-28T13:26:46.095530Z DEBUG compress:prove:batch:open:compute quotient values:compute quotient values for domain: close time.busy=8.98s time.idle=6.25µs
2025-10-28T13:26:46.113772Z DEBUG compress:prove:batch:open:compute quotient values:compute quotient values for domain: close time.busy=9.00s time.idle=17.9µs
2025-10-28T13:26:46.119845Z DEBUG compress:prove:batch:open:compute quotient values:compute quotient values for domain: close time.busy=9.00s time.idle=22.7µs
2025-10-28T13:26:46.131485Z DEBUG compress:prove:batch:open:compute quotient values:compute quotient values for domain: close time.busy=9.01s time.idle=5.46µs
2025-10-28T13:26:49.800200Z DEBUG compress:prove:batch:open:compute quotient values:compute quotient values for domain: close time.busy=12.7s time.idle=4.65µs
2025-10-28T13:26:56.343320Z DEBUG compress:prove:batch:open:commit to quotient traces: close time.busy=5.90s time.idle=6.62µs
2025-10-28T13:26:56.343403Z DEBUG compress:prove:batch:open:compute preprocessed opening points: close time.busy=10.8µs time.idle=3.56µs
2025-10-28T13:26:56.343461Z DEBUG compress:prove:batch:open:compute main trace opening points: close time.busy=41.4µs time.idle=2.40µs
2025-10-28T13:26:56.343515Z DEBUG compress:prove:batch:open:compute permutation trace opening points: close time.busy=35.2µs time.idle=2.38µs
2025-10-28T13:27:13.861847Z DEBUG compress:prove:batch:open:open multi batches: close time.busy=17.5s time.idle=3.98µs
2025-10-28T13:27:13.918184Z DEBUG compress:prove:batch:open:compute quotient values: close time.busy=12.7s time.idle=24.1s
2025-10-28T13:27:14.433683Z DEBUG compress:prove:batch:open: close time.busy=50.6s time.idle=5.55µs
2025-10-28T13:27:14.468978Z DEBUG compress:generate next layer inputs: close time.busy=406s time.idle=220µs
2025-10-28T13:27:14.482143Z DEBUG compress:generate records and traces:get program and witness stream: close time.busy=13.8ms time.idle=14.6µs
2025-10-28T13:27:14.582597Z DEBUG compress:prove:batch: close time.busy=71.7s time.idle=7.15µs
2025-10-28T13:27:14.900958Z DEBUG compress:generate records and traces:execute runtime: close time.busy=419ms time.idle=5.45µs
2025-10-28T13:27:14.901030Z DEBUG compress:generate records and traces:generate dependencies:register nonces: close time.busy=1.13µs time.idle=2.68µs
2025-10-28T13:27:14.901046Z DEBUG compress:generate records and traces:generate dependencies: close time.busy=29.0µs time.idle=3.45µs
2025-10-28T13:27:14.901833Z DEBUG fixed log2 rows can be potentially reduced: got 471504, expected 1048576
2025-10-28T13:27:14.901843Z DEBUG compress:generate records and traces:generate traces:generate traces for shard: generated trace for chip PublicValues in 8.592µs
2025-10-28T13:27:14.901906Z DEBUG compress:generate records and traces:generate traces:generate traces for shard: generated trace for chip MemoryConst in 337.605µs
2025-10-28T13:27:14.903056Z DEBUG compress:generate records and traces:generate traces:generate traces for shard: generated trace for chip BaseAlu in 1.305177ms
2025-10-28T13:27:14.904777Z DEBUG generate batch fri trace: fixed log2 rows can be potentially reduced: got 213200, expected 2097152 rows=213200
2025-10-28T13:27:14.913416Z DEBUG fixed log2 rows can be potentially reduced: got 346512, expected 1048576
2025-10-28T13:27:14.933131Z DEBUG generate exp reverse bits len trace: close time.busy=31.3ms time.idle=5.13µs rows=9200
2025-10-28T13:27:14.933190Z DEBUG compress:generate records and traces:generate traces:generate traces for shard: generated trace for chip ExpReverseBitsLen in 31.357723ms
2025-10-28T13:27:14.965745Z DEBUG compress:generate records and traces:generate traces:generate traces for shard: generated trace for chip Select in 63.912898ms
2025-10-28T13:27:15.006904Z DEBUG compress:generate records and traces:generate traces:generate traces for shard: generated trace for chip MemoryVar in 105.143578ms
2025-10-28T13:27:15.031396Z DEBUG compress:generate records and traces:generate traces:generate traces for shard: generated trace for chip ExtAlu in 129.59359ms
2025-10-28T13:27:15.240779Z DEBUG generate batch fri trace: close time.busy=339ms time.idle=6.44µs rows=213200
2025-10-28T13:27:15.240879Z DEBUG compress:generate records and traces:generate traces:generate traces for shard: generated trace for chip BatchFRI in 339.149117ms
2025-10-28T13:27:15.414164Z DEBUG generate poseidon2 wide trace: close time.busy=512ms time.idle=4.91µs rows=90000
2025-10-28T13:27:15.414217Z DEBUG compress:generate records and traces:generate traces:generate traces for shard: generated trace for chip Poseidon2WideDeg3 in 512.393945ms
2025-10-28T13:27:15.414292Z DEBUG compress:generate records and traces:generate traces:generate traces for shard: close time.busy=513ms time.idle=3.54µs
2025-10-28T13:27:15.414338Z DEBUG compress:generate records and traces:generate traces: close time.busy=513ms time.idle=3.69µs
2025-10-28T13:27:15.414392Z DEBUG compress:generate records and traces: close time.busy=407s time.idle=289µs
2025-10-28T13:27:15.414645Z DEBUG compress:prove: close time.busy=407s time.idle=219µs
2025-10-28T13:27:15.429878Z DEBUG compress:prove:batch:Setup compress program:setup machine:generate preprocessed traces: generated preprocessed trace for chip PublicValues in 15.122081ms
2025-10-28T13:27:15.438257Z DEBUG compress:prove:batch:Setup compress program:setup machine:generate preprocessed traces: generated preprocessed trace for chip BaseAlu in 23.608091ms
2025-10-28T13:27:15.443315Z DEBUG compress:prove:batch:Setup compress program:setup machine:generate preprocessed traces: generated preprocessed trace for chip ExpReverseBitsLen in 28.561715ms
2025-10-28T13:27:15.461543Z DEBUG compress:prove:batch:Setup compress program:setup machine:generate preprocessed traces: generated preprocessed trace for chip MemoryVar in 46.818221ms
2025-10-28T13:27:15.467388Z DEBUG compress:prove:batch:Setup compress program:setup machine:generate preprocessed traces: generated preprocessed trace for chip MemoryConst in 52.813468ms
2025-10-28T13:27:15.476732Z DEBUG fixed log2 rows can be potentially reduced: got 213200, expected 2097152
2025-10-28T13:27:15.495766Z DEBUG compress:prove:batch:Setup compress program:setup machine:generate preprocessed traces: generated preprocessed trace for chip Select in 81.01501ms
2025-10-28T13:27:15.503357Z DEBUG compress:prove:batch:Setup compress program:setup machine:generate preprocessed traces: generated preprocessed trace for chip Poseidon2WideDeg3 in 88.731235ms
2025-10-28T13:27:15.529179Z DEBUG compress:prove:batch:Setup compress program:setup machine:generate preprocessed traces: generated preprocessed trace for chip ExtAlu in 114.497105ms
2025-10-28T13:27:15.639451Z DEBUG compress:prove:batch:Setup compress program:setup machine:generate preprocessed traces: generated preprocessed trace for chip BatchFRI in 224.639775ms
2025-10-28T13:27:23.164648Z DEBUG compress:prove:batch:Setup compress program:setup machine:commit to preprocessed traces: close time.busy=7.02s time.idle=23.8µs
2025-10-28T13:27:23.164751Z DEBUG compress:prove:batch:Setup compress program:setup machine:generate preprocessed traces: close time.busy=225ms time.idle=7.52s
2025-10-28T13:27:23.164771Z DEBUG compress:prove:batch:Setup compress program:setup machine: close time.busy=7.75s time.idle=11.5µs
2025-10-28T13:27:23.164789Z DEBUG compress:prove:batch:Setup compress program: close time.busy=7.75s time.idle=8.91µs
2025-10-28T13:27:23.164822Z DEBUG compress:prove:batch:observe proving key: close time.busy=11.4µs time.idle=3.64µs
2025-10-28T13:27:37.474725Z DEBUG compress:prove:batch:commit: close time.busy=14.3s time.idle=8.19µs
2025-10-28T13:27:40.337033Z DEBUG compress:prove:batch:open:generate permutation traces: close time.busy=2.86s time.idle=4.48µs
2025-10-28T13:27:40.337098Z DEBUG compress:prove:batch:open: BatchFRI        | Main Cols = 13    | Pre Cols = 6      | Perm Cols = 12    | Rows = 2097152 | Cells = 65011712  
2025-10-28T13:27:40.337112Z DEBUG compress:prove:batch:open: MemoryVar       | Main Cols = 8     | Pre Cols = 4      | Perm Cols = 8     | Rows = 1048576 | Cells = 20971520  
2025-10-28T13:27:40.337123Z DEBUG compress:prove:batch:open: Select          | Main Cols = 5     | Pre Cols = 8      | Perm Cols = 16    | Rows = 1048576 | Cells = 30408704  
2025-10-28T13:27:40.337131Z DEBUG compress:prove:batch:open: ExtAlu          | Main Cols = 48    | Pre Cols = 32     | Perm Cols = 28    | Rows = 524288 | Cells = 56623104  
2025-10-28T13:27:40.337139Z DEBUG compress:prove:batch:open: ExpReverseBitsLen | Main Cols = 7     | Pre Cols = 10     | Perm Cols = 12    | Rows = 262144 | Cells = 7602176   
2025-10-28T13:27:40.337148Z DEBUG compress:prove:batch:open: MemoryConst     | Main Cols = 1     | Pre Cols = 12     | Perm Cols = 8     | Rows = 262144 | Cells = 5505024   
2025-10-28T13:27:40.337157Z DEBUG compress:prove:batch:open: Poseidon2WideDeg3 | Main Cols = 313   | Pre Cols = 49     | Perm Cols = 68    | Rows = 262144 | Cells = 112721920 
2025-10-28T13:27:40.337165Z DEBUG compress:prove:batch:open: BaseAlu         | Main Cols = 12    | Pre Cols = 32     | Perm Cols = 28    | Rows = 65536 | Cells = 4718592   
2025-10-28T13:27:40.337174Z DEBUG compress:prove:batch:open: PublicValues    | Main Cols = 1     | Pre Cols = 10     | Perm Cols = 8     | Rows = 16    | Cells = 304       
2025-10-28T13:27:41.548800Z DEBUG compress:prove:batch:open:flatten permutation traces and collect domains: close time.busy=1.21s time.idle=4.48µs
2025-10-28T13:27:50.605124Z DEBUG compress:prove:batch:open:commit to permutation traces: close time.busy=9.06s time.idle=9.41µs
2025-10-28T13:27:50.606522Z DEBUG compress:prove:batch:open:compute quotient values:compute quotient values for domain: close time.busy=1.03ms time.idle=5.47µs
2025-10-28T13:27:51.606183Z DEBUG compress:prove:batch:open:compute quotient values:compute quotient values for domain: close time.busy=1.00s time.idle=10.8µs
2025-10-28T13:27:51.609115Z DEBUG compress:prove:batch:open:compute quotient values:compute quotient values for domain: close time.busy=1.00s time.idle=11.1µs
2025-10-28T13:27:51.609218Z DEBUG compress:prove:batch:open:compute quotient values:compute quotient values for domain: close time.busy=1.00s time.idle=4.21µs
2025-10-28T13:28:02.371839Z DEBUG compress:prove:batch:open:compute quotient values:compute quotient values for domain: close time.busy=11.8s time.idle=10.3µs
2025-10-28T13:28:02.592900Z DEBUG compress:prove:batch:open:compute quotient values:compute quotient values for domain: close time.busy=12.0s time.idle=13.4µs
2025-10-28T13:28:02.600237Z DEBUG compress:prove:batch:open:compute quotient values:compute quotient values for domain: close time.busy=12.0s time.idle=9.49µs
2025-10-28T13:28:02.629030Z DEBUG compress:prove:batch:open:compute quotient values:compute quotient values for domain: close time.busy=12.0s time.idle=6.93µs
2025-10-28T13:28:02.647543Z DEBUG compress:prove:batch:open:compute quotient values:compute quotient values for domain: close time.busy=12.0s time.idle=6.94µs
2025-10-28T13:28:08.781081Z DEBUG compress:prove:batch:open:commit to quotient traces: close time.busy=5.71s time.idle=7.48µs
2025-10-28T13:28:08.781184Z DEBUG compress:prove:batch:open:compute preprocessed opening points: close time.busy=5.72µs time.idle=3.24µs
2025-10-28T13:28:08.781205Z DEBUG compress:prove:batch:open:compute main trace opening points: close time.busy=5.51µs time.idle=2.32µs
2025-10-28T13:28:08.781222Z DEBUG compress:prove:batch:open:compute permutation trace opening points: close time.busy=3.90µs time.idle=2.17µs
2025-10-28T13:28:27.532621Z DEBUG compress:prove:batch:open:open multi batches: close time.busy=18.8s time.idle=4.19µs
2025-10-28T13:28:27.607513Z DEBUG compress:prove:batch:open:compute quotient values: close time.busy=12.0s time.idle=25.0s
2025-10-28T13:28:28.114779Z DEBUG compress:prove:batch:open: close time.busy=50.6s time.idle=6.38µs
2025-10-28T13:28:28.268986Z DEBUG compress:prove:batch: close time.busy=72.9s time.idle=7.18µs
2025-10-28T13:28:28.272049Z DEBUG compress:prove: close time.busy=480s time.idle=276µs
2025-10-28T13:28:28.385550Z DEBUG compress: joined handles
2025-10-28T13:28:28.385969Z  INFO compress: close time.busy=480s time.idle=59.9ms
2025-10-28T13:28:28.560921Z DEBUG shrink:build shrink program:assert lookup multiplicities: close time.busy=20.5µs time.idle=10.8µs
2025-10-28T13:28:28.684051Z DEBUG shrink:build shrink program:2adic pcs:verify shape and challenges: close time.busy=100ms time.idle=4.68µs
2025-10-28T13:28:28.964370Z DEBUG shrink:build shrink program:2adic pcs:verify challenges: close time.busy=172ms time.idle=6.88µs
2025-10-28T13:28:28.964591Z DEBUG shrink:build shrink program:2adic pcs: close time.busy=401ms time.idle=3.56µs
2025-10-28T13:28:28.966830Z DEBUG shrink:build shrink program:verify constraints: close time.busy=2.22ms time.idle=4.09µs
2025-10-28T13:28:29.007764Z DEBUG shrink:build shrink program: close time.busy=605ms time.idle=6.45µs
2025-10-28T13:28:29.351062Z DEBUG shrink:compile shrink program:compile raw program: close time.busy=343ms time.idle=4.58µs
2025-10-28T13:28:29.380877Z DEBUG shrink:compile shrink program:backfill mult: close time.busy=29.7ms time.idle=10.5µs
2025-10-28T13:28:29.381002Z DEBUG shrink:compile shrink program:prepend constants: close time.busy=55.7µs time.idle=3.95µs
2025-10-28T13:28:29.381019Z DEBUG shrink:compile shrink program: close time.busy=373ms time.idle=5.33µs
2025-10-28T13:28:29.524690Z DEBUG shrink: total events: 1168792
2025-10-28T13:28:29.524732Z DEBUG shrink:   base_alu_events: 112498
2025-10-28T13:28:29.524742Z DEBUG shrink:   batch_fri_events: 106600
2025-10-28T13:28:29.524749Z DEBUG shrink:   commit_pv_hash_events: 1
2025-10-28T13:28:29.524757Z DEBUG shrink:   exp_reverse_bits_len_events: 4600
2025-10-28T13:28:29.524764Z DEBUG shrink:   ext_alu_events: 133236
2025-10-28T13:28:29.524772Z DEBUG shrink:   fri_fold_events: 0
2025-10-28T13:28:29.524779Z DEBUG shrink:   mem_const_count: 141766
2025-10-28T13:28:29.524786Z DEBUG shrink:   mem_var_events: 367024
2025-10-28T13:28:29.524794Z DEBUG shrink:   poseidon2_events: 47715
2025-10-28T13:28:29.524802Z DEBUG shrink:   select_events: 255352
2025-10-28T13:28:29.524810Z DEBUG shrink: Shrink program executed successfully
2025-10-28T13:28:29.533770Z DEBUG shrink:setup shrink:setup machine:generate preprocessed traces: generated preprocessed trace for chip PublicValues in 8.079349ms
2025-10-28T13:28:29.538979Z DEBUG shrink:setup shrink:setup machine:generate preprocessed traces: generated preprocessed trace for chip MemoryConst in 13.485226ms
2025-10-28T13:28:29.539211Z DEBUG shrink:setup shrink:setup machine:generate preprocessed traces: generated preprocessed trace for chip Poseidon2WideDeg3 in 13.647551ms
2025-10-28T13:28:29.545122Z DEBUG shrink:setup shrink:setup machine:generate preprocessed traces: generated preprocessed trace for chip Select in 19.500463ms
2025-10-28T13:28:29.549099Z DEBUG shrink:setup shrink:setup machine:generate preprocessed traces: generated preprocessed trace for chip ExpReverseBitsLen in 23.435375ms
2025-10-28T13:28:29.549854Z DEBUG shrink:setup shrink:setup machine:generate preprocessed traces: generated preprocessed trace for chip BaseAlu in 24.153852ms
2025-10-28T13:28:29.549931Z DEBUG shrink:setup shrink:setup machine:generate preprocessed traces: generated preprocessed trace for chip MemoryVar in 24.33869ms
2025-10-28T13:28:29.551402Z DEBUG shrink:setup shrink:setup machine:generate preprocessed traces: generated preprocessed trace for chip BatchFRI in 25.702872ms
2025-10-28T13:28:29.577407Z DEBUG shrink:setup shrink:setup machine:generate preprocessed traces: generated preprocessed trace for chip ExtAlu in 51.703887ms
2025-10-28T13:28:33.257375Z DEBUG shrink:setup shrink:setup machine:commit to preprocessed traces: close time.busy=3.56s time.idle=9.69µs
2025-10-28T13:28:33.259563Z DEBUG shrink:setup shrink:setup machine:generate preprocessed traces: close time.busy=53.0ms time.idle=3.68s
2025-10-28T13:28:33.259584Z DEBUG shrink:setup shrink:setup machine: close time.busy=3.73s time.idle=2.68µs
2025-10-28T13:28:33.259598Z DEBUG shrink:setup shrink: close time.busy=3.73s time.idle=5.17µs
2025-10-28T13:28:33.259633Z DEBUG shrink:register nonces: close time.busy=1.37µs time.idle=3.39µs
2025-10-28T13:28:33.260033Z DEBUG shrink:prove_shards:generate traces for shard: generated trace for chip MemoryConst in 173.563µs
2025-10-28T13:28:33.260070Z DEBUG shrink:prove_shards:generate traces for shard: generated trace for chip PublicValues in 8.984µs
2025-10-28T13:28:33.262806Z DEBUG shrink:prove_shards:generate traces for shard: generated trace for chip Select in 2.836452ms
2025-10-28T13:28:33.286422Z DEBUG shrink:prove_shards:generate traces for shard: generated trace for chip BaseAlu in 26.264306ms
2025-10-28T13:28:33.288919Z DEBUG shrink:prove_shards:generate traces for shard: generated trace for chip MemoryVar in 28.497145ms
2025-10-28T13:28:33.297165Z DEBUG generate batch fri trace: close time.busy=37.0ms time.idle=5.70µs rows=106600
2025-10-28T13:28:33.297228Z DEBUG shrink:prove_shards:generate traces for shard: generated trace for chip BatchFRI in 37.095112ms
2025-10-28T13:28:33.325726Z DEBUG generate exp reverse bits len trace: close time.busy=65.7ms time.idle=7.03µs rows=4600
2025-10-28T13:28:33.325797Z DEBUG shrink:prove_shards:generate traces for shard: generated trace for chip ExpReverseBitsLen in 65.75935ms
2025-10-28T13:28:33.348317Z DEBUG shrink:prove_shards:generate traces for shard: generated trace for chip ExtAlu in 88.156137ms
2025-10-28T13:28:33.396590Z DEBUG generate poseidon2 wide trace: close time.busy=137ms time.idle=5.70µs rows=47715
2025-10-28T13:28:33.396641Z DEBUG shrink:prove_shards:generate traces for shard: generated trace for chip Poseidon2WideDeg3 in 136.726238ms
2025-10-28T13:28:33.396712Z DEBUG shrink:prove_shards:generate traces for shard: close time.busy=137ms time.idle=3.60µs
2025-10-28T13:28:40.217989Z DEBUG shrink:prove_shards:generate permutation traces: close time.busy=586ms time.idle=7.16µs
2025-10-28T13:28:40.218098Z DEBUG shrink:prove_shards: ExtAlu          | Main Cols = 48    | Pre Cols = 32     | Perm Cols = 28    | Rows = 262144 | Cells = 28311552  
2025-10-28T13:28:40.218115Z DEBUG shrink:prove_shards: MemoryVar       | Main Cols = 8     | Pre Cols = 4      | Perm Cols = 8     | Rows = 262144 | Cells = 5242880   
2025-10-28T13:28:40.218127Z DEBUG shrink:prove_shards: Select          | Main Cols = 5     | Pre Cols = 8      | Perm Cols = 16    | Rows = 262144 | Cells = 7602176   
2025-10-28T13:28:40.218138Z DEBUG shrink:prove_shards: BaseAlu         | Main Cols = 12    | Pre Cols = 32     | Perm Cols = 28    | Rows = 131072 | Cells = 9437184   
2025-10-28T13:28:40.218149Z DEBUG shrink:prove_shards: BatchFRI        | Main Cols = 13    | Pre Cols = 6      | Perm Cols = 12    | Rows = 131072 | Cells = 4063232   
2025-10-28T13:28:40.218161Z DEBUG shrink:prove_shards: ExpReverseBitsLen | Main Cols = 7     | Pre Cols = 10     | Perm Cols = 12    | Rows = 131072 | Cells = 3801088   
2025-10-28T13:28:40.218174Z DEBUG shrink:prove_shards: MemoryConst     | Main Cols = 1     | Pre Cols = 12     | Perm Cols = 8     | Rows = 131072 | Cells = 2752512   
2025-10-28T13:28:40.218209Z DEBUG shrink:prove_shards: Poseidon2WideDeg3 | Main Cols = 313   | Pre Cols = 49     | Perm Cols = 68    | Rows = 65536 | Cells = 28180480  
2025-10-28T13:28:40.218223Z DEBUG shrink:prove_shards: PublicValues    | Main Cols = 1     | Pre Cols = 10     | Perm Cols = 8     | Rows = 16    | Cells = 304       
2025-10-28T13:28:40.468092Z DEBUG shrink:prove_shards:flatten permutation traces and collect domains: close time.busy=250ms time.idle=4.83µs
2025-10-28T13:28:44.388114Z DEBUG shrink:prove_shards:commit to permutation traces: close time.busy=3.92s time.idle=9.82µs
2025-10-28T13:28:44.388923Z DEBUG shrink:prove_shards:compute quotient values:compute quotient values for domain: close time.busy=433µs time.idle=4.35µs
2025-10-28T13:28:48.007558Z DEBUG shrink:prove_shards:compute quotient values:compute quotient values for domain: close time.busy=3.62s time.idle=22.4µs
2025-10-28T13:28:48.007823Z DEBUG shrink:prove_shards:compute quotient values:compute quotient values for domain: close time.busy=3.62s time.idle=14.3µs
2025-10-28T13:28:48.016543Z DEBUG shrink:prove_shards:compute quotient values:compute quotient values for domain: close time.busy=3.63s time.idle=4.21µs
2025-10-28T13:28:48.019115Z DEBUG shrink:prove_shards:compute quotient values:compute quotient values for domain: close time.busy=3.63s time.idle=5.80µs
2025-10-28T13:28:48.019349Z DEBUG shrink:prove_shards:compute quotient values:compute quotient values for domain: close time.busy=3.63s time.idle=10.4µs
2025-10-28T13:28:48.022956Z DEBUG shrink:prove_shards:compute quotient values:compute quotient values for domain: close time.busy=3.63s time.idle=5.55µs
2025-10-28T13:28:48.047919Z DEBUG shrink:prove_shards:compute quotient values:compute quotient values for domain: close time.busy=3.66s time.idle=9.48µs
2025-10-28T13:28:48.090115Z DEBUG shrink:prove_shards:compute quotient values:compute quotient values for domain: close time.busy=3.70s time.idle=20.9µs
2025-10-28T13:28:50.587549Z DEBUG shrink:prove_shards:commit to quotient traces: close time.busy=2.27s time.idle=11.9µs
2025-10-28T13:28:50.587741Z DEBUG shrink:prove_shards:compute preprocessed opening points: close time.busy=54.6µs time.idle=5.29µs
2025-10-28T13:28:50.587961Z DEBUG shrink:prove_shards:compute main trace opening points: close time.busy=196µs time.idle=3.83µs
2025-10-28T13:28:50.588202Z DEBUG shrink:prove_shards:compute permutation trace opening points: close time.busy=217µs time.idle=3.56µs
2025-10-28T13:28:55.026405Z DEBUG shrink:prove_shards:open multi batches: close time.busy=4.44s time.idle=5.05µs
2025-10-28T13:28:55.070134Z DEBUG shrink:prove_shards:compute quotient values: close time.busy=3.70s time.idle=6.98s
2025-10-28T13:28:55.300159Z  INFO shrink:prove_shards: close time.busy=22.0s time.idle=16.7µs
2025-10-28T13:28:55.975024Z  INFO shrink: close time.busy=27.6s time.idle=7.68µs
2025-10-28T13:28:56.124112Z DEBUG wrap_bn254:build compress program:assert lookup multiplicities: close time.busy=9.60µs time.idle=6.41µs
2025-10-28T13:28:56.187572Z DEBUG wrap_bn254:build compress program:2adic pcs:verify shape and challenges: close time.busy=45.9ms time.idle=6.34µs
2025-10-28T13:28:56.462537Z DEBUG wrap_bn254:build compress program:2adic pcs:verify challenges: close time.busy=81.0ms time.idle=7.43µs
2025-10-28T13:28:56.462657Z DEBUG wrap_bn254:build compress program:2adic pcs: close time.busy=337ms time.idle=3.49µs
2025-10-28T13:28:56.463746Z DEBUG wrap_bn254:build compress program:verify constraints: close time.busy=1.06ms time.idle=4.53µs
2025-10-28T13:28:56.482485Z DEBUG wrap_bn254:build compress program: close time.busy=504ms time.idle=4.82µs
2025-10-28T13:28:56.639878Z DEBUG wrap_bn254:compile compress program:compile raw program: close time.busy=157ms time.idle=4.43µs
2025-10-28T13:28:56.671567Z DEBUG wrap_bn254:compile compress program:backfill mult: close time.busy=31.6ms time.idle=4.80µs
2025-10-28T13:28:56.671696Z DEBUG wrap_bn254:compile compress program:prepend constants: close time.busy=72.1µs time.idle=4.26µs
2025-10-28T13:28:56.671719Z DEBUG wrap_bn254:compile compress program: close time.busy=189ms time.idle=4.44µs
2025-10-28T13:28:56.801916Z DEBUG wrap_bn254: total events: 1016207
2025-10-28T13:28:56.801962Z DEBUG wrap_bn254:   base_alu_events: 423964
2025-10-28T13:28:56.801974Z DEBUG wrap_bn254:   batch_fri_events: 0
2025-10-28T13:28:56.801983Z DEBUG wrap_bn254:   commit_pv_hash_events: 1
2025-10-28T13:28:56.801993Z DEBUG wrap_bn254:   exp_reverse_bits_len_events: 0
2025-10-28T13:28:56.802004Z DEBUG wrap_bn254:   ext_alu_events: 232140
2025-10-28T13:28:56.802015Z DEBUG wrap_bn254:   fri_fold_events: 0
2025-10-28T13:28:56.802026Z DEBUG wrap_bn254:   mem_const_count: 65664
2025-10-28T13:28:56.802035Z DEBUG wrap_bn254:   mem_var_events: 165500
2025-10-28T13:28:56.802045Z DEBUG wrap_bn254:   poseidon2_events: 21186
2025-10-28T13:28:56.802054Z DEBUG wrap_bn254:   select_events: 107752
2025-10-28T13:28:56.802066Z DEBUG wrap_bn254: wrap program executed successfully
2025-10-28T13:28:56.813523Z DEBUG wrap_bn254:setup wrap:setup machine:generate preprocessed traces: generated preprocessed trace for chip PublicValues in 11.006806ms
2025-10-28T13:28:56.816781Z DEBUG wrap_bn254:setup wrap:setup machine:generate preprocessed traces: generated preprocessed trace for chip MemoryConst in 14.52902ms
2025-10-28T13:28:56.819858Z DEBUG wrap_bn254:setup wrap:setup machine:generate preprocessed traces: generated preprocessed trace for chip Select in 17.371813ms
2025-10-28T13:28:56.819916Z DEBUG wrap_bn254:setup wrap:setup machine:generate preprocessed traces: generated preprocessed trace for chip ExtAlu in 17.605182ms
2025-10-28T13:28:56.830234Z DEBUG wrap_bn254:setup wrap:setup machine:generate preprocessed traces: generated preprocessed trace for chip MemoryVar in 27.869034ms
2025-10-28T13:28:56.842247Z DEBUG wrap_bn254:setup wrap:setup machine:generate preprocessed traces: generated preprocessed trace for chip BaseAlu in 39.696396ms
2025-10-28T13:28:56.996982Z DEBUG wrap_bn254:setup wrap:setup machine:generate preprocessed traces: generated preprocessed trace for chip Poseidon2SkinnyDeg9 in 194.56826ms
2025-10-28T13:30:13.129300Z DEBUG wrap_bn254:setup wrap:setup machine:commit to preprocessed traces: close time.busy=76.0s time.idle=17.5µs
2025-10-28T13:30:13.129526Z DEBUG wrap_bn254:setup wrap:setup machine:generate preprocessed traces: close time.busy=196ms time.idle=76.1s
2025-10-28T13:30:13.129552Z DEBUG wrap_bn254:setup wrap:setup machine: close time.busy=76.3s time.idle=7.44µs
2025-10-28T13:30:13.129573Z DEBUG wrap_bn254:setup wrap: close time.busy=76.3s time.idle=12.7µs
2025-10-28T13:30:13.129688Z DEBUG wrap_bn254: wrap verifier key set
2025-10-28T13:30:13.129796Z DEBUG wrap_bn254:register nonces: close time.busy=1.36µs time.idle=3.44µs
2025-10-28T13:30:13.130310Z DEBUG wrap_bn254:prove_shards:generate traces for shard: generated trace for chip PublicValues in 14.071µs
2025-10-28T13:30:13.130762Z DEBUG wrap_bn254:prove_shards:generate traces for shard: generated trace for chip MemoryConst in 655.582µs
2025-10-28T13:30:13.131858Z DEBUG wrap_bn254:prove_shards:generate traces for shard: generated trace for chip BaseAlu in 1.640828ms
2025-10-28T13:30:13.134009Z DEBUG wrap_bn254:prove_shards:generate traces for shard: generated trace for chip Select in 3.721672ms
2025-10-28T13:30:13.142780Z DEBUG wrap_bn254:prove_shards:generate traces for shard: generated trace for chip ExtAlu in 12.620956ms
2025-10-28T13:30:13.146217Z DEBUG wrap_bn254:prove_shards:generate traces for shard: generated trace for chip MemoryVar in 16.02957ms
2025-10-28T13:30:13.299308Z DEBUG generate poseidon2 skinny trace: close time.busy=169ms time.idle=9.13µs rows=21186
2025-10-28T13:30:13.299376Z DEBUG wrap_bn254:prove_shards:generate traces for shard: generated trace for chip Poseidon2SkinnyDeg9 in 169.128477ms
2025-10-28T13:30:13.299695Z DEBUG wrap_bn254:prove_shards:generate traces for shard: close time.busy=170ms time.idle=3.99µs
2025-10-28T13:31:07.455645Z DEBUG wrap_bn254:prove_shards:generate permutation traces: close time.busy=540ms time.idle=18.7µs
2025-10-28T13:31:07.455774Z DEBUG wrap_bn254:prove_shards: Poseidon2SkinnyDeg9 | Main Cols = 28    | Pre Cols = 51     | Perm Cols = 12    | Rows = 262144 | Cells = 23855104  
2025-10-28T13:31:07.455787Z DEBUG wrap_bn254:prove_shards: BaseAlu         | Main Cols = 12    | Pre Cols = 32     | Perm Cols = 28    | Rows = 131072 | Cells = 9437184   
2025-10-28T13:31:07.455797Z DEBUG wrap_bn254:prove_shards: MemoryVar       | Main Cols = 8     | Pre Cols = 4      | Perm Cols = 8     | Rows = 131072 | Cells = 2621440   
2025-10-28T13:31:07.455806Z DEBUG wrap_bn254:prove_shards: Select          | Main Cols = 5     | Pre Cols = 8      | Perm Cols = 16    | Rows = 131072 | Cells = 3801088   
2025-10-28T13:31:07.455814Z DEBUG wrap_bn254:prove_shards: ExtAlu          | Main Cols = 48    | Pre Cols = 32     | Perm Cols = 28    | Rows = 65536 | Cells = 7077888   
2025-10-28T13:31:07.455822Z DEBUG wrap_bn254:prove_shards: MemoryConst     | Main Cols = 1     | Pre Cols = 12     | Perm Cols = 8     | Rows = 65536 | Cells = 1376256   
2025-10-28T13:31:07.455830Z DEBUG wrap_bn254:prove_shards: PublicValues    | Main Cols = 1     | Pre Cols = 10     | Perm Cols = 8     | Rows = 16    | Cells = 304       
2025-10-28T13:31:07.583775Z DEBUG wrap_bn254:prove_shards:flatten permutation traces and collect domains: close time.busy=128ms time.idle=5.94µs
2025-10-28T13:31:58.415552Z DEBUG wrap_bn254:prove_shards:commit to permutation traces: close time.busy=50.8s time.idle=15.4µs
2025-10-28T13:31:58.419020Z DEBUG wrap_bn254:prove_shards:compute quotient values:compute quotient values for domain: close time.busy=1.72ms time.idle=12.1µs
2025-10-28T13:31:59.781864Z DEBUG wrap_bn254:prove_shards:compute quotient values:compute quotient values for domain: close time.busy=1.36s time.idle=14.4µs
2025-10-28T13:31:59.784613Z DEBUG wrap_bn254:prove_shards:compute quotient values:compute quotient values for domain: close time.busy=1.37s time.idle=9.04µs
2025-10-28T13:31:59.784739Z DEBUG wrap_bn254:prove_shards:compute quotient values:compute quotient values for domain: close time.busy=1.37s time.idle=10.7µs
2025-10-28T13:31:59.785655Z DEBUG wrap_bn254:prove_shards:compute quotient values:compute quotient values for domain: close time.busy=1.37s time.idle=32.4µs
2025-10-28T13:31:59.790554Z DEBUG wrap_bn254:prove_shards:compute quotient values:compute quotient values for domain: close time.busy=1.37s time.idle=34.7µs
2025-10-28T13:32:06.876381Z DEBUG wrap_bn254:prove_shards:compute quotient values:compute quotient values for domain: close time.busy=8.46s time.idle=11.5µs
2025-10-28T13:32:54.973615Z DEBUG wrap_bn254:prove_shards:commit to quotient traces: close time.busy=48.0s time.idle=11.8µs
2025-10-28T13:32:54.974124Z DEBUG wrap_bn254:prove_shards:compute preprocessed opening points: close time.busy=38.5µs time.idle=58.3µs
2025-10-28T13:32:54.974206Z DEBUG wrap_bn254:prove_shards:compute main trace opening points: close time.busy=31.5µs time.idle=2.81µs
2025-10-28T13:32:54.974359Z DEBUG wrap_bn254:prove_shards:compute permutation trace opening points: close time.busy=114µs time.idle=2.70µs
2025-10-28T13:33:21.879531Z DEBUG wrap_bn254:prove_shards:open multi batches: close time.busy=26.9s time.idle=9.27µs
2025-10-28T13:33:22.058888Z DEBUG wrap_bn254:prove_shards:compute quotient values: close time.busy=8.46s time.idle=75.2s
2025-10-28T13:33:22.435364Z  INFO wrap_bn254:prove_shards: close time.busy=189s time.idle=4.60µs
2025-10-28T13:33:22.435459Z DEBUG wrap_bn254: wrap proving time: 189.305706303s
2025-10-28T13:33:22.760831Z DEBUG wrap_bn254:verify:verify shard proofs:verifying shard: close time.busy=325ms time.idle=3.81µs shard=0
2025-10-28T13:33:22.760885Z DEBUG wrap_bn254:verify:verify shard proofs: close time.busy=325ms time.idle=3.71µs
2025-10-28T13:33:22.760946Z DEBUG wrap_bn254:verify:verify global cumulative sum is 0: close time.busy=36.9µs time.idle=4.99µs
2025-10-28T13:33:22.760957Z  INFO wrap_bn254:verify: close time.busy=325ms time.idle=14.6µs
2025-10-28T13:33:22.760968Z DEBUG wrap_bn254: wrapping successful
2025-10-28T13:33:23.119904Z  INFO wrap_bn254: close time.busy=267s time.idle=6.11µs
[sp1] plonk circuit artifacts already seem to exist at /home/ubuntu/.sp1/circuits/plonk/v5.0.0. if you want to re-download them, delete the directory
2025-10-28T13:33:23.231618Z  INFO wrap_plonk_bn254: Running prove in docker
2025-10-28T13:40:46.987659Z  INFO wrap_plonk_bn254: Running verify in docker
2025-10-28T13:40:47.582949Z  INFO wrap_plonk_bn254: close time.busy=444s time.idle=5.55µs
	Command being timed: "cargo run --release -p pessimistic-proof-test-suite --bin ppgen_sabv_lmtr4 -- --n-exits 1 --validator-nodes 3 --proof-dir /home/ubuntu/thanhhuyen/proofs/v4"
	User time (seconds): 11588.36
	System time (seconds): 325.02
	Percent of CPU this job got: 839%
	Elapsed (wall clock) time (h:mm:ss or m:ss): 23:39.44
	Average shared text size (kbytes): 0
	Average unshared data size (kbytes): 0
	Average stack size (kbytes): 0
	Average total size (kbytes): 0
	Maximum resident set size (kbytes): 15966168
	Average resident set size (kbytes): 0
	Major (requiring I/O) page faults: 0
	Minor (reclaiming a frame) page faults: 48579000
	Voluntary context switches: 1018785
	Involuntary context switches: 590334
	Swaps: 0
	File system inputs: 80
	File system outputs: 4032
	Socket messages sent: 0
	Socket messages received: 0
	Signals delivered: 0
	Page size (bytes): 4096
	Exit status: 0
