=== SP1 LOCAL SERVER STARTING ===
SP1 Environment:
  SP1_PROVER=cpu
  SP1_CIRCUITS_DIR=/home/ubuntu/thanhhuyen/sp1/target/release
  SP1_CARGO_PROVE_PATH=/home/ubuntu/.cargo/bin/cargo-prove

=== TESTING SP1 LOCAL ===
Testing cargo-prove...
✅ SP1 cargo-prove working

=== SP1 LOCAL SERVER READY ===
Endpoint: local://sp1/cpu
Mode: CPU proving
Status: Active
Note: SP1 proving will use system cargo-prove
Mon Nov  3 03:33:50 PM UTC 2025: SP1 local server active
Mon Nov  3 03:34:50 PM UTC 2025: SP1 local server active
Mon Nov  3 03:35:50 PM UTC 2025: SP1 local server active
Mon Nov  3 03:36:51 PM UTC 2025: SP1 local server active
Mon Nov  3 03:37:51 PM UTC 2025: SP1 local server active
Mon Nov  3 03:38:51 PM UTC 2025: SP1 local server active
Mon Nov  3 03:39:51 PM UTC 2025: SP1 local server active
Mon Nov  3 03:40:51 PM UTC 2025: SP1 local server active
Mon Nov  3 03:41:51 PM UTC 2025: SP1 local server active
Mon Nov  3 03:42:52 PM UTC 2025: SP1 local server active
Mon Nov  3 03:43:52 PM UTC 2025: SP1 local server active
Mon Nov  3 03:44:52 PM UTC 2025: SP1 local server active
Mon Nov  3 03:45:52 PM UTC 2025: SP1 local server active
Mon Nov  3 03:46:52 PM UTC 2025: SP1 local server active
Mon Nov  3 03:47:53 PM UTC 2025: SP1 local server active
Mon Nov  3 03:48:53 PM UTC 2025: SP1 local server active
Mon Nov  3 03:49:53 PM UTC 2025: SP1 local server active
Mon Nov  3 03:50:53 PM UTC 2025: SP1 local server active
Mon Nov  3 03:51:53 PM UTC 2025: SP1 local server active
Mon Nov  3 03:52:53 PM UTC 2025: SP1 local server active
Mon Nov  3 03:53:53 PM UTC 2025: SP1 local server active
Mon Nov  3 03:54:53 PM UTC 2025: SP1 local server active
Mon Nov  3 03:55:53 PM UTC 2025: SP1 local server active
Mon Nov  3 03:56:54 PM UTC 2025: SP1 local server active
Mon Nov  3 03:57:54 PM UTC 2025: SP1 local server active
Mon Nov  3 03:58:54 PM UTC 2025: SP1 local server active
Mon Nov  3 03:59:54 PM UTC 2025: SP1 local server active
Mon Nov  3 04:00:55 PM UTC 2025: SP1 local server active
Mon Nov  3 04:01:55 PM UTC 2025: SP1 local server active
Mon Nov  3 04:02:55 PM UTC 2025: SP1 local server active
Mon Nov  3 04:03:56 PM UTC 2025: SP1 local server active
Mon Nov  3 04:04:56 PM UTC 2025: SP1 local server active
Mon Nov  3 04:05:56 PM UTC 2025: SP1 local server active
Mon Nov  3 04:06:56 PM UTC 2025: SP1 local server active
Mon Nov  3 04:07:56 PM UTC 2025: SP1 local server active
Mon Nov  3 04:08:57 PM UTC 2025: SP1 local server active
Mon Nov  3 04:09:57 PM UTC 2025: SP1 local server active
Mon Nov  3 04:10:57 PM UTC 2025: SP1 local server active
Mon Nov  3 04:11:57 PM UTC 2025: SP1 local server active
Mon Nov  3 04:12:57 PM UTC 2025: SP1 local server active
Mon Nov  3 04:13:58 PM UTC 2025: SP1 local server active
Mon Nov  3 04:14:58 PM UTC 2025: SP1 local server active
Mon Nov  3 04:15:58 PM UTC 2025: SP1 local server active
Mon Nov  3 04:16:58 PM UTC 2025: SP1 local server active
Mon Nov  3 04:17:58 PM UTC 2025: SP1 local server active
Mon Nov  3 04:18:59 PM UTC 2025: SP1 local server active
Mon Nov  3 04:19:59 PM UTC 2025: SP1 local server active
Mon Nov  3 04:20:59 PM UTC 2025: SP1 local server active
Mon Nov  3 04:22:00 PM UTC 2025: SP1 local server active
Mon Nov  3 04:23:00 PM UTC 2025: SP1 local server active
Mon Nov  3 04:24:00 PM UTC 2025: SP1 local server active
Mon Nov  3 04:25:00 PM UTC 2025: SP1 local server active
Mon Nov  3 04:26:00 PM UTC 2025: SP1 local server active
Mon Nov  3 04:27:01 PM UTC 2025: SP1 local server active
Mon Nov  3 04:28:01 PM UTC 2025: SP1 local server active
Mon Nov  3 04:29:01 PM UTC 2025: SP1 local server active
Mon Nov  3 04:30:01 PM UTC 2025: SP1 local server active
Mon Nov  3 04:31:01 PM UTC 2025: SP1 local server active
Mon Nov  3 04:32:01 PM UTC 2025: SP1 local server active
Mon Nov  3 04:33:01 PM UTC 2025: SP1 local server active
Mon Nov  3 04:34:01 PM UTC 2025: SP1 local server active
Mon Nov  3 04:35:01 PM UTC 2025: SP1 local server active
Mon Nov  3 04:36:01 PM UTC 2025: SP1 local server active
Mon Nov  3 04:37:01 PM UTC 2025: SP1 local server active
Mon Nov  3 04:38:01 PM UTC 2025: SP1 local server active
Mon Nov  3 04:39:01 PM UTC 2025: SP1 local server active
Mon Nov  3 04:40:01 PM UTC 2025: SP1 local server active
Mon Nov  3 04:41:01 PM UTC 2025: SP1 local server active
Mon Nov  3 04:42:01 PM UTC 2025: SP1 local server active
Mon Nov  3 04:43:02 PM UTC 2025: SP1 local server active
Mon Nov  3 04:44:02 PM UTC 2025: SP1 local server active
Mon Nov  3 04:45:03 PM UTC 2025: SP1 local server active
Mon Nov  3 04:46:03 PM UTC 2025: SP1 local server active
Mon Nov  3 04:47:03 PM UTC 2025: SP1 local server active
Mon Nov  3 04:48:03 PM UTC 2025: SP1 local server active
Mon Nov  3 04:49:03 PM UTC 2025: SP1 local server active
Mon Nov  3 04:50:04 PM UTC 2025: SP1 local server active
Mon Nov  3 04:51:04 PM UTC 2025: SP1 local server active
Mon Nov  3 04:52:04 PM UTC 2025: SP1 local server active
Mon Nov  3 04:53:04 PM UTC 2025: SP1 local server active
Mon Nov  3 04:54:05 PM UTC 2025: SP1 local server active
Mon Nov  3 04:55:05 PM UTC 2025: SP1 local server active
Mon Nov  3 04:56:05 PM UTC 2025: SP1 local server active
Mon Nov  3 04:57:05 PM UTC 2025: SP1 local server active
Mon Nov  3 04:58:06 PM UTC 2025: SP1 local server active
Mon Nov  3 04:59:06 PM UTC 2025: SP1 local server active
Mon Nov  3 05:00:06 PM UTC 2025: SP1 local server active
Mon Nov  3 05:01:06 PM UTC 2025: SP1 local server active
Mon Nov  3 05:02:06 PM UTC 2025: SP1 local server active
Mon Nov  3 05:03:07 PM UTC 2025: SP1 local server active
Mon Nov  3 05:04:07 PM UTC 2025: SP1 local server active
Mon Nov  3 05:05:07 PM UTC 2025: SP1 local server active
Mon Nov  3 05:06:07 PM UTC 2025: SP1 local server active
Mon Nov  3 05:07:07 PM UTC 2025: SP1 local server active
Mon Nov  3 05:08:07 PM UTC 2025: SP1 local server active
Mon Nov  3 05:09:08 PM UTC 2025: SP1 local server active
Mon Nov  3 05:10:08 PM UTC 2025: SP1 local server active
Mon Nov  3 05:11:08 PM UTC 2025: SP1 local server active
Mon Nov  3 05:12:08 PM UTC 2025: SP1 local server active
Mon Nov  3 05:13:08 PM UTC 2025: SP1 local server active
Mon Nov  3 05:14:08 PM UTC 2025: SP1 local server active
Mon Nov  3 05:15:08 PM UTC 2025: SP1 local server active
Mon Nov  3 05:16:09 PM UTC 2025: SP1 local server active
Mon Nov  3 05:17:09 PM UTC 2025: SP1 local server active
Mon Nov  3 05:18:09 PM UTC 2025: SP1 local server active
Mon Nov  3 05:19:09 PM UTC 2025: SP1 local server active
Mon Nov  3 05:20:09 PM UTC 2025: SP1 local server active
Mon Nov  3 05:21:09 PM UTC 2025: SP1 local server active
Mon Nov  3 05:22:09 PM UTC 2025: SP1 local server active
Mon Nov  3 05:23:09 PM UTC 2025: SP1 local server active
Mon Nov  3 05:24:09 PM UTC 2025: SP1 local server active
Mon Nov  3 05:25:09 PM UTC 2025: SP1 local server active
Mon Nov  3 05:26:09 PM UTC 2025: SP1 local server active
Mon Nov  3 05:27:09 PM UTC 2025: SP1 local server active
Mon Nov  3 05:28:09 PM UTC 2025: SP1 local server active
Mon Nov  3 05:29:10 PM UTC 2025: SP1 local server active
Mon Nov  3 05:30:10 PM UTC 2025: SP1 local server active
Mon Nov  3 05:31:10 PM UTC 2025: SP1 local server active
Mon Nov  3 05:32:10 PM UTC 2025: SP1 local server active
Mon Nov  3 05:33:10 PM UTC 2025: SP1 local server active
Mon Nov  3 05:34:10 PM UTC 2025: SP1 local server active
Mon Nov  3 05:35:10 PM UTC 2025: SP1 local server active
Mon Nov  3 05:36:10 PM UTC 2025: SP1 local server active
Mon Nov  3 05:37:10 PM UTC 2025: SP1 local server active
Mon Nov  3 05:38:10 PM UTC 2025: SP1 local server active
Mon Nov  3 05:39:11 PM UTC 2025: SP1 local server active
Mon Nov  3 05:40:11 PM UTC 2025: SP1 local server active
Mon Nov  3 05:41:11 PM UTC 2025: SP1 local server active
Mon Nov  3 05:42:11 PM UTC 2025: SP1 local server active
Mon Nov  3 05:43:12 PM UTC 2025: SP1 local server active
Mon Nov  3 05:44:12 PM UTC 2025: SP1 local server active
Mon Nov  3 05:45:12 PM UTC 2025: SP1 local server active
Mon Nov  3 05:46:12 PM UTC 2025: SP1 local server active
Mon Nov  3 05:47:12 PM UTC 2025: SP1 local server active
Mon Nov  3 05:48:12 PM UTC 2025: SP1 local server active
Mon Nov  3 05:49:12 PM UTC 2025: SP1 local server active
Mon Nov  3 05:50:13 PM UTC 2025: SP1 local server active
Mon Nov  3 05:51:13 PM UTC 2025: SP1 local server active
Mon Nov  3 05:52:13 PM UTC 2025: SP1 local server active
Mon Nov  3 05:53:14 PM UTC 2025: SP1 local server active
Mon Nov  3 05:54:14 PM UTC 2025: SP1 local server active
Mon Nov  3 05:55:14 PM UTC 2025: SP1 local server active
Mon Nov  3 05:56:14 PM UTC 2025: SP1 local server active
Mon Nov  3 05:57:15 PM UTC 2025: SP1 local server active
Mon Nov  3 05:58:15 PM UTC 2025: SP1 local server active
Mon Nov  3 05:59:15 PM UTC 2025: SP1 local server active
Mon Nov  3 06:00:15 PM UTC 2025: SP1 local server active
Mon Nov  3 06:01:15 PM UTC 2025: SP1 local server active
Mon Nov  3 06:02:15 PM UTC 2025: SP1 local server active
Mon Nov  3 06:03:15 PM UTC 2025: SP1 local server active
Mon Nov  3 06:04:15 PM UTC 2025: SP1 local server active
Mon Nov  3 06:05:15 PM UTC 2025: SP1 local server active
Mon Nov  3 06:06:16 PM UTC 2025: SP1 local server active
Mon Nov  3 06:07:16 PM UTC 2025: SP1 local server active
Mon Nov  3 06:08:16 PM UTC 2025: SP1 local server active
Mon Nov  3 06:09:16 PM UTC 2025: SP1 local server active
Mon Nov  3 06:10:16 PM UTC 2025: SP1 local server active
Mon Nov  3 06:11:17 PM UTC 2025: SP1 local server active
Mon Nov  3 06:12:17 PM UTC 2025: SP1 local server active
Mon Nov  3 06:13:17 PM UTC 2025: SP1 local server active
Mon Nov  3 06:14:17 PM UTC 2025: SP1 local server active
Mon Nov  3 06:15:17 PM UTC 2025: SP1 local server active
Mon Nov  3 06:16:17 PM UTC 2025: SP1 local server active
Mon Nov  3 06:17:17 PM UTC 2025: SP1 local server active
Mon Nov  3 06:18:17 PM UTC 2025: SP1 local server active
Mon Nov  3 06:19:17 PM UTC 2025: SP1 local server active
Mon Nov  3 06:20:18 PM UTC 2025: SP1 local server active
Mon Nov  3 06:21:18 PM UTC 2025: SP1 local server active
Mon Nov  3 06:22:18 PM UTC 2025: SP1 local server active
Mon Nov  3 06:23:18 PM UTC 2025: SP1 local server active
Mon Nov  3 06:24:19 PM UTC 2025: SP1 local server active
Mon Nov  3 06:25:19 PM UTC 2025: SP1 local server active
Mon Nov  3 06:26:20 PM UTC 2025: SP1 local server active
Mon Nov  3 06:27:20 PM UTC 2025: SP1 local server active
Mon Nov  3 06:28:20 PM UTC 2025: SP1 local server active
Mon Nov  3 06:29:21 PM UTC 2025: SP1 local server active
Mon Nov  3 06:30:21 PM UTC 2025: SP1 local server active
Mon Nov  3 06:31:21 PM UTC 2025: SP1 local server active
Mon Nov  3 06:32:21 PM UTC 2025: SP1 local server active
Mon Nov  3 06:33:21 PM UTC 2025: SP1 local server active
Mon Nov  3 06:34:22 PM UTC 2025: SP1 local server active
Mon Nov  3 06:35:22 PM UTC 2025: SP1 local server active
Mon Nov  3 06:36:22 PM UTC 2025: SP1 local server active
Mon Nov  3 06:37:22 PM UTC 2025: SP1 local server active
Mon Nov  3 06:38:22 PM UTC 2025: SP1 local server active
Mon Nov  3 06:39:22 PM UTC 2025: SP1 local server active
Mon Nov  3 06:40:22 PM UTC 2025: SP1 local server active
Mon Nov  3 06:41:23 PM UTC 2025: SP1 local server active
Mon Nov  3 06:42:23 PM UTC 2025: SP1 local server active
Mon Nov  3 06:43:23 PM UTC 2025: SP1 local server active
Mon Nov  3 06:44:23 PM UTC 2025: SP1 local server active
Mon Nov  3 06:45:24 PM UTC 2025: SP1 local server active
Mon Nov  3 06:46:24 PM UTC 2025: SP1 local server active
Mon Nov  3 06:47:24 PM UTC 2025: SP1 local server active
Mon Nov  3 06:48:24 PM UTC 2025: SP1 local server active
Mon Nov  3 06:49:24 PM UTC 2025: SP1 local server active
Mon Nov  3 06:50:25 PM UTC 2025: SP1 local server active
Mon Nov  3 06:51:25 PM UTC 2025: SP1 local server active
Mon Nov  3 06:52:25 PM UTC 2025: SP1 local server active
Mon Nov  3 06:53:25 PM UTC 2025: SP1 local server active
Mon Nov  3 06:54:25 PM UTC 2025: SP1 local server active
Mon Nov  3 06:55:26 PM UTC 2025: SP1 local server active
Mon Nov  3 06:56:26 PM UTC 2025: SP1 local server active
Mon Nov  3 06:57:26 PM UTC 2025: SP1 local server active
Mon Nov  3 06:58:26 PM UTC 2025: SP1 local server active
Mon Nov  3 06:59:26 PM UTC 2025: SP1 local server active
Mon Nov  3 07:00:26 PM UTC 2025: SP1 local server active
Mon Nov  3 07:01:26 PM UTC 2025: SP1 local server active
Mon Nov  3 07:02:26 PM UTC 2025: SP1 local server active
Mon Nov  3 07:03:26 PM UTC 2025: SP1 local server active
Mon Nov  3 07:04:26 PM UTC 2025: SP1 local server active
Mon Nov  3 07:05:27 PM UTC 2025: SP1 local server active
Mon Nov  3 07:06:27 PM UTC 2025: SP1 local server active
Mon Nov  3 07:07:27 PM UTC 2025: SP1 local server active
Mon Nov  3 07:08:27 PM UTC 2025: SP1 local server active
Mon Nov  3 07:09:27 PM UTC 2025: SP1 local server active
Mon Nov  3 07:10:27 PM UTC 2025: SP1 local server active
Mon Nov  3 07:11:28 PM UTC 2025: SP1 local server active
Mon Nov  3 07:12:28 PM UTC 2025: SP1 local server active
Mon Nov  3 07:13:28 PM UTC 2025: SP1 local server active
Mon Nov  3 07:14:28 PM UTC 2025: SP1 local server active
Mon Nov  3 07:15:28 PM UTC 2025: SP1 local server active
Mon Nov  3 07:16:29 PM UTC 2025: SP1 local server active
Mon Nov  3 07:17:29 PM UTC 2025: SP1 local server active
Mon Nov  3 07:18:29 PM UTC 2025: SP1 local server active
Mon Nov  3 07:19:29 PM UTC 2025: SP1 local server active
Mon Nov  3 07:20:29 PM UTC 2025: SP1 local server active
Mon Nov  3 07:21:29 PM UTC 2025: SP1 local server active
Mon Nov  3 07:22:30 PM UTC 2025: SP1 local server active
Mon Nov  3 07:23:30 PM UTC 2025: SP1 local server active
Mon Nov  3 07:24:30 PM UTC 2025: SP1 local server active
Mon Nov  3 07:25:31 PM UTC 2025: SP1 local server active
Mon Nov  3 07:26:31 PM UTC 2025: SP1 local server active
Mon Nov  3 07:27:31 PM UTC 2025: SP1 local server active
Mon Nov  3 07:28:31 PM UTC 2025: SP1 local server active
Mon Nov  3 07:29:31 PM UTC 2025: SP1 local server active
Mon Nov  3 07:30:31 PM UTC 2025: SP1 local server active
Mon Nov  3 07:31:31 PM UTC 2025: SP1 local server active
Mon Nov  3 07:32:31 PM UTC 2025: SP1 local server active
Mon Nov  3 07:33:31 PM UTC 2025: SP1 local server active
Mon Nov  3 07:34:31 PM UTC 2025: SP1 local server active
Mon Nov  3 07:35:32 PM UTC 2025: SP1 local server active
Mon Nov  3 07:36:32 PM UTC 2025: SP1 local server active
Mon Nov  3 07:37:32 PM UTC 2025: SP1 local server active
Mon Nov  3 07:38:32 PM UTC 2025: SP1 local server active
Mon Nov  3 07:39:33 PM UTC 2025: SP1 local server active
Mon Nov  3 07:40:33 PM UTC 2025: SP1 local server active
Mon Nov  3 07:41:33 PM UTC 2025: SP1 local server active
Mon Nov  3 07:42:34 PM UTC 2025: SP1 local server active
Mon Nov  3 07:43:34 PM UTC 2025: SP1 local server active
Mon Nov  3 07:44:34 PM UTC 2025: SP1 local server active
Mon Nov  3 07:45:34 PM UTC 2025: SP1 local server active
Mon Nov  3 07:46:35 PM UTC 2025: SP1 local server active
Mon Nov  3 07:47:35 PM UTC 2025: SP1 local server active
Mon Nov  3 07:48:35 PM UTC 2025: SP1 local server active
Mon Nov  3 07:49:35 PM UTC 2025: SP1 local server active
Mon Nov  3 07:50:35 PM UTC 2025: SP1 local server active
Mon Nov  3 07:51:35 PM UTC 2025: SP1 local server active
Mon Nov  3 07:52:36 PM UTC 2025: SP1 local server active
Mon Nov  3 07:53:36 PM UTC 2025: SP1 local server active
Mon Nov  3 07:54:36 PM UTC 2025: SP1 local server active
Mon Nov  3 07:55:36 PM UTC 2025: SP1 local server active
Mon Nov  3 07:56:36 PM UTC 2025: SP1 local server active
Mon Nov  3 07:57:36 PM UTC 2025: SP1 local server active
Mon Nov  3 07:58:36 PM UTC 2025: SP1 local server active
Mon Nov  3 07:59:37 PM UTC 2025: SP1 local server active
Mon Nov  3 08:00:37 PM UTC 2025: SP1 local server active
Mon Nov  3 08:01:37 PM UTC 2025: SP1 local server active
Mon Nov  3 08:02:37 PM UTC 2025: SP1 local server active
Mon Nov  3 08:03:37 PM UTC 2025: SP1 local server active
Mon Nov  3 08:04:38 PM UTC 2025: SP1 local server active
Mon Nov  3 08:05:38 PM UTC 2025: SP1 local server active
Mon Nov  3 08:06:38 PM UTC 2025: SP1 local server active
Mon Nov  3 08:07:38 PM UTC 2025: SP1 local server active
Mon Nov  3 08:08:39 PM UTC 2025: SP1 local server active
Mon Nov  3 08:09:39 PM UTC 2025: SP1 local server active
Mon Nov  3 08:10:39 PM UTC 2025: SP1 local server active
Mon Nov  3 08:11:39 PM UTC 2025: SP1 local server active
Mon Nov  3 08:12:39 PM UTC 2025: SP1 local server active
Mon Nov  3 08:13:39 PM UTC 2025: SP1 local server active
Mon Nov  3 08:14:39 PM UTC 2025: SP1 local server active
Mon Nov  3 08:15:39 PM UTC 2025: SP1 local server active
Mon Nov  3 08:16:40 PM UTC 2025: SP1 local server active
Mon Nov  3 08:17:40 PM UTC 2025: SP1 local server active
Mon Nov  3 08:18:40 PM UTC 2025: SP1 local server active
Mon Nov  3 08:19:40 PM UTC 2025: SP1 local server active
Mon Nov  3 08:20:40 PM UTC 2025: SP1 local server active
Mon Nov  3 08:21:41 PM UTC 2025: SP1 local server active
Mon Nov  3 08:22:41 PM UTC 2025: SP1 local server active
Mon Nov  3 08:23:41 PM UTC 2025: SP1 local server active
Mon Nov  3 08:24:41 PM UTC 2025: SP1 local server active
Mon Nov  3 08:25:42 PM UTC 2025: SP1 local server active
Mon Nov  3 08:26:42 PM UTC 2025: SP1 local server active
Mon Nov  3 08:27:42 PM UTC 2025: SP1 local server active
Mon Nov  3 08:28:42 PM UTC 2025: SP1 local server active
Mon Nov  3 08:29:42 PM UTC 2025: SP1 local server active
Mon Nov  3 08:30:43 PM UTC 2025: SP1 local server active
Mon Nov  3 08:31:43 PM UTC 2025: SP1 local server active
Mon Nov  3 08:32:43 PM UTC 2025: SP1 local server active
Mon Nov  3 08:33:43 PM UTC 2025: SP1 local server active
Mon Nov  3 08:34:43 PM UTC 2025: SP1 local server active
Mon Nov  3 08:35:43 PM UTC 2025: SP1 local server active
Mon Nov  3 08:36:44 PM UTC 2025: SP1 local server active
Mon Nov  3 08:37:44 PM UTC 2025: SP1 local server active
Mon Nov  3 08:38:44 PM UTC 2025: SP1 local server active
Mon Nov  3 08:39:44 PM UTC 2025: SP1 local server active
Mon Nov  3 08:40:44 PM UTC 2025: SP1 local server active
Mon Nov  3 08:41:44 PM UTC 2025: SP1 local server active
Mon Nov  3 08:42:45 PM UTC 2025: SP1 local server active
Mon Nov  3 08:43:45 PM UTC 2025: SP1 local server active
Mon Nov  3 08:44:45 PM UTC 2025: SP1 local server active
Mon Nov  3 08:45:45 PM UTC 2025: SP1 local server active
Mon Nov  3 08:46:45 PM UTC 2025: SP1 local server active
Mon Nov  3 08:47:46 PM UTC 2025: SP1 local server active
Mon Nov  3 08:48:46 PM UTC 2025: SP1 local server active
Mon Nov  3 08:49:46 PM UTC 2025: SP1 local server active
Mon Nov  3 08:50:46 PM UTC 2025: SP1 local server active
Mon Nov  3 08:51:46 PM UTC 2025: SP1 local server active
Mon Nov  3 08:52:46 PM UTC 2025: SP1 local server active
Mon Nov  3 08:53:46 PM UTC 2025: SP1 local server active
Mon Nov  3 08:54:46 PM UTC 2025: SP1 local server active
Mon Nov  3 08:55:46 PM UTC 2025: SP1 local server active
Mon Nov  3 08:56:46 PM UTC 2025: SP1 local server active
Mon Nov  3 08:57:46 PM UTC 2025: SP1 local server active
Mon Nov  3 08:58:47 PM UTC 2025: SP1 local server active
Mon Nov  3 08:59:47 PM UTC 2025: SP1 local server active
Mon Nov  3 09:00:47 PM UTC 2025: SP1 local server active
Mon Nov  3 09:01:47 PM UTC 2025: SP1 local server active
Mon Nov  3 09:02:47 PM UTC 2025: SP1 local server active
Mon Nov  3 09:03:47 PM UTC 2025: SP1 local server active
Mon Nov  3 09:04:47 PM UTC 2025: SP1 local server active
Mon Nov  3 09:05:47 PM UTC 2025: SP1 local server active
Mon Nov  3 09:06:47 PM UTC 2025: SP1 local server active
Mon Nov  3 09:07:47 PM UTC 2025: SP1 local server active
Mon Nov  3 09:08:48 PM UTC 2025: SP1 local server active
Mon Nov  3 09:09:48 PM UTC 2025: SP1 local server active
Mon Nov  3 09:10:48 PM UTC 2025: SP1 local server active
Mon Nov  3 09:11:48 PM UTC 2025: SP1 local server active
Mon Nov  3 09:12:49 PM UTC 2025: SP1 local server active
Mon Nov  3 09:13:49 PM UTC 2025: SP1 local server active
Mon Nov  3 09:14:49 PM UTC 2025: SP1 local server active
Mon Nov  3 09:15:49 PM UTC 2025: SP1 local server active
Mon Nov  3 09:16:49 PM UTC 2025: SP1 local server active
Mon Nov  3 09:17:49 PM UTC 2025: SP1 local server active
Mon Nov  3 09:18:50 PM UTC 2025: SP1 local server active
Mon Nov  3 09:19:50 PM UTC 2025: SP1 local server active
Mon Nov  3 09:20:50 PM UTC 2025: SP1 local server active
Mon Nov  3 09:21:51 PM UTC 2025: SP1 local server active
Mon Nov  3 09:22:51 PM UTC 2025: SP1 local server active
Mon Nov  3 09:23:51 PM UTC 2025: SP1 local server active
Mon Nov  3 09:24:51 PM UTC 2025: SP1 local server active
Mon Nov  3 09:25:51 PM UTC 2025: SP1 local server active
Mon Nov  3 09:26:51 PM UTC 2025: SP1 local server active
Mon Nov  3 09:27:51 PM UTC 2025: SP1 local server active
Mon Nov  3 09:28:51 PM UTC 2025: SP1 local server active
Mon Nov  3 09:29:51 PM UTC 2025: SP1 local server active
Mon Nov  3 09:30:52 PM UTC 2025: SP1 local server active
Mon Nov  3 09:31:52 PM UTC 2025: SP1 local server active
Mon Nov  3 09:32:52 PM UTC 2025: SP1 local server active
Mon Nov  3 09:33:52 PM UTC 2025: SP1 local server active
Mon Nov  3 09:34:53 PM UTC 2025: SP1 local server active
Mon Nov  3 09:35:53 PM UTC 2025: SP1 local server active
Mon Nov  3 09:36:53 PM UTC 2025: SP1 local server active
Mon Nov  3 09:37:53 PM UTC 2025: SP1 local server active
Mon Nov  3 09:38:53 PM UTC 2025: SP1 local server active
Mon Nov  3 09:39:54 PM UTC 2025: SP1 local server active
Mon Nov  3 09:40:54 PM UTC 2025: SP1 local server active
Mon Nov  3 09:41:54 PM UTC 2025: SP1 local server active
Mon Nov  3 09:42:54 PM UTC 2025: SP1 local server active
Mon Nov  3 09:43:54 PM UTC 2025: SP1 local server active
Mon Nov  3 09:44:54 PM UTC 2025: SP1 local server active
Mon Nov  3 09:45:55 PM UTC 2025: SP1 local server active
Mon Nov  3 09:46:55 PM UTC 2025: SP1 local server active
Mon Nov  3 09:47:55 PM UTC 2025: SP1 local server active
Mon Nov  3 09:48:55 PM UTC 2025: SP1 local server active
Mon Nov  3 09:49:55 PM UTC 2025: SP1 local server active
Mon Nov  3 09:50:55 PM UTC 2025: SP1 local server active
Mon Nov  3 09:51:55 PM UTC 2025: SP1 local server active
Mon Nov  3 09:52:55 PM UTC 2025: SP1 local server active
Mon Nov  3 09:53:56 PM UTC 2025: SP1 local server active
Mon Nov  3 09:54:56 PM UTC 2025: SP1 local server active
Mon Nov  3 09:55:56 PM UTC 2025: SP1 local server active
Mon Nov  3 09:56:56 PM UTC 2025: SP1 local server active
Mon Nov  3 09:57:56 PM UTC 2025: SP1 local server active
Mon Nov  3 09:58:56 PM UTC 2025: SP1 local server active
Mon Nov  3 09:59:56 PM UTC 2025: SP1 local server active
Mon Nov  3 10:00:56 PM UTC 2025: SP1 local server active
Mon Nov  3 10:01:57 PM UTC 2025: SP1 local server active
Mon Nov  3 10:02:57 PM UTC 2025: SP1 local server active
Mon Nov  3 10:03:57 PM UTC 2025: SP1 local server active
Mon Nov  3 10:04:57 PM UTC 2025: SP1 local server active
Mon Nov  3 10:05:58 PM UTC 2025: SP1 local server active
Mon Nov  3 10:06:58 PM UTC 2025: SP1 local server active
Mon Nov  3 10:07:59 PM UTC 2025: SP1 local server active
Mon Nov  3 10:08:59 PM UTC 2025: SP1 local server active
Mon Nov  3 10:09:59 PM UTC 2025: SP1 local server active
Mon Nov  3 10:10:59 PM UTC 2025: SP1 local server active
Mon Nov  3 10:11:59 PM UTC 2025: SP1 local server active
Mon Nov  3 10:12:59 PM UTC 2025: SP1 local server active
Mon Nov  3 10:13:59 PM UTC 2025: SP1 local server active
Mon Nov  3 10:15:00 PM UTC 2025: SP1 local server active
Mon Nov  3 10:16:00 PM UTC 2025: SP1 local server active
Mon Nov  3 10:17:01 PM UTC 2025: SP1 local server active
Mon Nov  3 10:18:01 PM UTC 2025: SP1 local server active
Mon Nov  3 10:19:01 PM UTC 2025: SP1 local server active
Mon Nov  3 10:20:01 PM UTC 2025: SP1 local server active
Mon Nov  3 10:21:01 PM UTC 2025: SP1 local server active
Mon Nov  3 10:22:02 PM UTC 2025: SP1 local server active
Mon Nov  3 10:23:02 PM UTC 2025: SP1 local server active
Mon Nov  3 10:24:02 PM UTC 2025: SP1 local server active
Mon Nov  3 10:25:02 PM UTC 2025: SP1 local server active
Mon Nov  3 10:26:02 PM UTC 2025: SP1 local server active
Mon Nov  3 10:27:03 PM UTC 2025: SP1 local server active
Mon Nov  3 10:28:03 PM UTC 2025: SP1 local server active
Mon Nov  3 10:29:03 PM UTC 2025: SP1 local server active
Mon Nov  3 10:30:03 PM UTC 2025: SP1 local server active
Mon Nov  3 10:31:03 PM UTC 2025: SP1 local server active
Mon Nov  3 10:32:03 PM UTC 2025: SP1 local server active
Mon Nov  3 10:33:03 PM UTC 2025: SP1 local server active
Mon Nov  3 10:34:04 PM UTC 2025: SP1 local server active
Mon Nov  3 10:35:04 PM UTC 2025: SP1 local server active
Mon Nov  3 10:36:04 PM UTC 2025: SP1 local server active
Mon Nov  3 10:37:04 PM UTC 2025: SP1 local server active
Mon Nov  3 10:38:04 PM UTC 2025: SP1 local server active
Mon Nov  3 10:39:05 PM UTC 2025: SP1 local server active
Mon Nov  3 10:40:05 PM UTC 2025: SP1 local server active
Mon Nov  3 10:41:05 PM UTC 2025: SP1 local server active
Mon Nov  3 10:42:05 PM UTC 2025: SP1 local server active
Mon Nov  3 10:43:05 PM UTC 2025: SP1 local server active
Mon Nov  3 10:44:05 PM UTC 2025: SP1 local server active
Mon Nov  3 10:45:05 PM UTC 2025: SP1 local server active
Mon Nov  3 10:46:05 PM UTC 2025: SP1 local server active
Mon Nov  3 10:47:05 PM UTC 2025: SP1 local server active
Mon Nov  3 10:48:05 PM UTC 2025: SP1 local server active
Mon Nov  3 10:49:05 PM UTC 2025: SP1 local server active
Mon Nov  3 10:50:05 PM UTC 2025: SP1 local server active
Mon Nov  3 10:51:06 PM UTC 2025: SP1 local server active
Mon Nov  3 10:52:06 PM UTC 2025: SP1 local server active
Mon Nov  3 10:53:06 PM UTC 2025: SP1 local server active
Mon Nov  3 10:54:06 PM UTC 2025: SP1 local server active
Mon Nov  3 10:55:06 PM UTC 2025: SP1 local server active
Mon Nov  3 10:56:06 PM UTC 2025: SP1 local server active
Mon Nov  3 10:57:07 PM UTC 2025: SP1 local server active
Mon Nov  3 10:58:07 PM UTC 2025: SP1 local server active
Mon Nov  3 10:59:07 PM UTC 2025: SP1 local server active
Mon Nov  3 11:00:07 PM UTC 2025: SP1 local server active
Mon Nov  3 11:01:07 PM UTC 2025: SP1 local server active
Mon Nov  3 11:02:08 PM UTC 2025: SP1 local server active
Mon Nov  3 11:03:08 PM UTC 2025: SP1 local server active
Mon Nov  3 11:04:08 PM UTC 2025: SP1 local server active
Mon Nov  3 11:05:08 PM UTC 2025: SP1 local server active
Mon Nov  3 11:06:08 PM UTC 2025: SP1 local server active
Mon Nov  3 11:07:09 PM UTC 2025: SP1 local server active
Mon Nov  3 11:08:09 PM UTC 2025: SP1 local server active
Mon Nov  3 11:09:09 PM UTC 2025: SP1 local server active
Mon Nov  3 11:10:10 PM UTC 2025: SP1 local server active
Mon Nov  3 11:11:10 PM UTC 2025: SP1 local server active
Mon Nov  3 11:12:10 PM UTC 2025: SP1 local server active
Mon Nov  3 11:13:11 PM UTC 2025: SP1 local server active
Mon Nov  3 11:14:11 PM UTC 2025: SP1 local server active
Mon Nov  3 11:15:11 PM UTC 2025: SP1 local server active
Mon Nov  3 11:16:11 PM UTC 2025: SP1 local server active
Mon Nov  3 11:17:11 PM UTC 2025: SP1 local server active
Mon Nov  3 11:18:11 PM UTC 2025: SP1 local server active
Mon Nov  3 11:19:11 PM UTC 2025: SP1 local server active
Mon Nov  3 11:20:11 PM UTC 2025: SP1 local server active
Mon Nov  3 11:21:11 PM UTC 2025: SP1 local server active
Mon Nov  3 11:22:11 PM UTC 2025: SP1 local server active
Mon Nov  3 11:23:11 PM UTC 2025: SP1 local server active
Mon Nov  3 11:24:11 PM UTC 2025: SP1 local server active
Mon Nov  3 11:25:11 PM UTC 2025: SP1 local server active
Mon Nov  3 11:26:11 PM UTC 2025: SP1 local server active
Mon Nov  3 11:27:11 PM UTC 2025: SP1 local server active
Mon Nov  3 11:28:11 PM UTC 2025: SP1 local server active
Mon Nov  3 11:29:11 PM UTC 2025: SP1 local server active
Mon Nov  3 11:30:12 PM UTC 2025: SP1 local server active
Mon Nov  3 11:31:12 PM UTC 2025: SP1 local server active
Mon Nov  3 11:32:12 PM UTC 2025: SP1 local server active
Mon Nov  3 11:33:12 PM UTC 2025: SP1 local server active
Mon Nov  3 11:34:12 PM UTC 2025: SP1 local server active
Mon Nov  3 11:35:12 PM UTC 2025: SP1 local server active
Mon Nov  3 11:36:12 PM UTC 2025: SP1 local server active
Mon Nov  3 11:37:12 PM UTC 2025: SP1 local server active
Mon Nov  3 11:38:12 PM UTC 2025: SP1 local server active
Mon Nov  3 11:39:12 PM UTC 2025: SP1 local server active
Mon Nov  3 11:40:12 PM UTC 2025: SP1 local server active
Mon Nov  3 11:41:12 PM UTC 2025: SP1 local server active
Mon Nov  3 11:42:12 PM UTC 2025: SP1 local server active
Mon Nov  3 11:43:12 PM UTC 2025: SP1 local server active
Mon Nov  3 11:44:12 PM UTC 2025: SP1 local server active
Mon Nov  3 11:45:12 PM UTC 2025: SP1 local server active
Mon Nov  3 11:46:12 PM UTC 2025: SP1 local server active
Mon Nov  3 11:47:12 PM UTC 2025: SP1 local server active
Mon Nov  3 11:48:12 PM UTC 2025: SP1 local server active
Mon Nov  3 11:49:12 PM UTC 2025: SP1 local server active
Mon Nov  3 11:50:12 PM UTC 2025: SP1 local server active
Mon Nov  3 11:51:12 PM UTC 2025: SP1 local server active
Mon Nov  3 11:52:12 PM UTC 2025: SP1 local server active
Mon Nov  3 11:53:12 PM UTC 2025: SP1 local server active
Mon Nov  3 11:54:12 PM UTC 2025: SP1 local server active
Mon Nov  3 11:55:12 PM UTC 2025: SP1 local server active
Mon Nov  3 11:56:12 PM UTC 2025: SP1 local server active
Mon Nov  3 11:57:12 PM UTC 2025: SP1 local server active
Mon Nov  3 11:58:12 PM UTC 2025: SP1 local server active
Mon Nov  3 11:59:12 PM UTC 2025: SP1 local server active
Tue Nov  4 12:00:12 AM UTC 2025: SP1 local server active
Tue Nov  4 12:01:12 AM UTC 2025: SP1 local server active
Tue Nov  4 12:02:12 AM UTC 2025: SP1 local server active
Tue Nov  4 12:03:12 AM UTC 2025: SP1 local server active
Tue Nov  4 12:04:12 AM UTC 2025: SP1 local server active
Tue Nov  4 12:05:12 AM UTC 2025: SP1 local server active
Tue Nov  4 12:06:12 AM UTC 2025: SP1 local server active
Tue Nov  4 12:07:12 AM UTC 2025: SP1 local server active
Tue Nov  4 12:08:12 AM UTC 2025: SP1 local server active
Tue Nov  4 12:09:12 AM UTC 2025: SP1 local server active
Tue Nov  4 12:10:12 AM UTC 2025: SP1 local server active
Tue Nov  4 12:11:12 AM UTC 2025: SP1 local server active
Tue Nov  4 12:12:12 AM UTC 2025: SP1 local server active
Tue Nov  4 12:13:12 AM UTC 2025: SP1 local server active
Tue Nov  4 12:14:12 AM UTC 2025: SP1 local server active
Tue Nov  4 12:15:12 AM UTC 2025: SP1 local server active
Tue Nov  4 12:16:12 AM UTC 2025: SP1 local server active
Tue Nov  4 12:17:12 AM UTC 2025: SP1 local server active
Tue Nov  4 12:18:12 AM UTC 2025: SP1 local server active
Tue Nov  4 12:19:12 AM UTC 2025: SP1 local server active
Tue Nov  4 12:20:12 AM UTC 2025: SP1 local server active
Tue Nov  4 12:21:12 AM UTC 2025: SP1 local server active
Tue Nov  4 12:22:12 AM UTC 2025: SP1 local server active
Tue Nov  4 12:23:12 AM UTC 2025: SP1 local server active
Tue Nov  4 12:24:12 AM UTC 2025: SP1 local server active
Tue Nov  4 12:25:12 AM UTC 2025: SP1 local server active
Tue Nov  4 12:26:12 AM UTC 2025: SP1 local server active
Tue Nov  4 12:27:12 AM UTC 2025: SP1 local server active
Tue Nov  4 12:28:12 AM UTC 2025: SP1 local server active
Tue Nov  4 12:29:12 AM UTC 2025: SP1 local server active
Tue Nov  4 12:30:12 AM UTC 2025: SP1 local server active
Tue Nov  4 12:31:12 AM UTC 2025: SP1 local server active
Tue Nov  4 12:32:12 AM UTC 2025: SP1 local server active
Tue Nov  4 12:33:12 AM UTC 2025: SP1 local server active
Tue Nov  4 12:34:12 AM UTC 2025: SP1 local server active
Tue Nov  4 12:35:12 AM UTC 2025: SP1 local server active
Tue Nov  4 12:36:12 AM UTC 2025: SP1 local server active
Tue Nov  4 12:37:12 AM UTC 2025: SP1 local server active
Tue Nov  4 12:38:12 AM UTC 2025: SP1 local server active
Tue Nov  4 12:39:12 AM UTC 2025: SP1 local server active
Tue Nov  4 12:40:12 AM UTC 2025: SP1 local server active
Tue Nov  4 12:41:12 AM UTC 2025: SP1 local server active
Tue Nov  4 12:42:12 AM UTC 2025: SP1 local server active
Tue Nov  4 12:43:12 AM UTC 2025: SP1 local server active
Tue Nov  4 12:44:12 AM UTC 2025: SP1 local server active
Tue Nov  4 12:45:12 AM UTC 2025: SP1 local server active
Tue Nov  4 12:46:12 AM UTC 2025: SP1 local server active
Tue Nov  4 12:47:12 AM UTC 2025: SP1 local server active
Tue Nov  4 12:48:12 AM UTC 2025: SP1 local server active
Tue Nov  4 12:49:12 AM UTC 2025: SP1 local server active
Tue Nov  4 12:50:12 AM UTC 2025: SP1 local server active
Tue Nov  4 12:51:12 AM UTC 2025: SP1 local server active
Tue Nov  4 12:52:12 AM UTC 2025: SP1 local server active
Tue Nov  4 12:53:12 AM UTC 2025: SP1 local server active
Tue Nov  4 12:54:12 AM UTC 2025: SP1 local server active
Tue Nov  4 12:55:12 AM UTC 2025: SP1 local server active
Tue Nov  4 12:56:12 AM UTC 2025: SP1 local server active
Tue Nov  4 12:57:12 AM UTC 2025: SP1 local server active
Tue Nov  4 12:58:12 AM UTC 2025: SP1 local server active
Tue Nov  4 12:59:12 AM UTC 2025: SP1 local server active
Tue Nov  4 01:00:12 AM UTC 2025: SP1 local server active
Tue Nov  4 01:01:12 AM UTC 2025: SP1 local server active
Tue Nov  4 01:02:12 AM UTC 2025: SP1 local server active
Tue Nov  4 01:03:12 AM UTC 2025: SP1 local server active
Tue Nov  4 01:04:12 AM UTC 2025: SP1 local server active
Tue Nov  4 01:05:12 AM UTC 2025: SP1 local server active
Tue Nov  4 01:06:12 AM UTC 2025: SP1 local server active
Tue Nov  4 01:07:12 AM UTC 2025: SP1 local server active
Tue Nov  4 01:08:12 AM UTC 2025: SP1 local server active
Tue Nov  4 01:09:12 AM UTC 2025: SP1 local server active
Tue Nov  4 01:10:12 AM UTC 2025: SP1 local server active
Tue Nov  4 01:11:12 AM UTC 2025: SP1 local server active
Tue Nov  4 01:12:12 AM UTC 2025: SP1 local server active
Tue Nov  4 01:13:12 AM UTC 2025: SP1 local server active
Tue Nov  4 01:14:12 AM UTC 2025: SP1 local server active
Tue Nov  4 01:15:12 AM UTC 2025: SP1 local server active
Tue Nov  4 01:16:12 AM UTC 2025: SP1 local server active
Tue Nov  4 01:17:12 AM UTC 2025: SP1 local server active
Tue Nov  4 01:18:12 AM UTC 2025: SP1 local server active
Tue Nov  4 01:19:12 AM UTC 2025: SP1 local server active
Tue Nov  4 01:20:12 AM UTC 2025: SP1 local server active
Tue Nov  4 01:21:12 AM UTC 2025: SP1 local server active
Tue Nov  4 01:22:12 AM UTC 2025: SP1 local server active
Tue Nov  4 01:23:12 AM UTC 2025: SP1 local server active
Tue Nov  4 01:24:12 AM UTC 2025: SP1 local server active
Tue Nov  4 01:25:12 AM UTC 2025: SP1 local server active
Tue Nov  4 01:26:12 AM UTC 2025: SP1 local server active
Tue Nov  4 01:27:13 AM UTC 2025: SP1 local server active
Tue Nov  4 01:28:13 AM UTC 2025: SP1 local server active
Tue Nov  4 01:29:13 AM UTC 2025: SP1 local server active
Tue Nov  4 01:30:13 AM UTC 2025: SP1 local server active
Tue Nov  4 01:31:13 AM UTC 2025: SP1 local server active
Tue Nov  4 01:32:13 AM UTC 2025: SP1 local server active
Tue Nov  4 01:33:13 AM UTC 2025: SP1 local server active
Tue Nov  4 01:34:13 AM UTC 2025: SP1 local server active
Tue Nov  4 01:35:13 AM UTC 2025: SP1 local server active
Tue Nov  4 01:36:13 AM UTC 2025: SP1 local server active
Tue Nov  4 01:37:13 AM UTC 2025: SP1 local server active
Tue Nov  4 01:38:13 AM UTC 2025: SP1 local server active
Tue Nov  4 01:39:13 AM UTC 2025: SP1 local server active
Tue Nov  4 01:40:13 AM UTC 2025: SP1 local server active
Tue Nov  4 01:41:13 AM UTC 2025: SP1 local server active
Tue Nov  4 01:42:13 AM UTC 2025: SP1 local server active
Tue Nov  4 01:43:13 AM UTC 2025: SP1 local server active
Tue Nov  4 01:44:13 AM UTC 2025: SP1 local server active
Tue Nov  4 01:45:13 AM UTC 2025: SP1 local server active
Tue Nov  4 01:46:13 AM UTC 2025: SP1 local server active
Tue Nov  4 01:47:13 AM UTC 2025: SP1 local server active
Tue Nov  4 01:48:13 AM UTC 2025: SP1 local server active
Tue Nov  4 01:49:13 AM UTC 2025: SP1 local server active
Tue Nov  4 01:50:13 AM UTC 2025: SP1 local server active
Tue Nov  4 01:51:13 AM UTC 2025: SP1 local server active
Tue Nov  4 01:52:13 AM UTC 2025: SP1 local server active
Tue Nov  4 01:53:13 AM UTC 2025: SP1 local server active
Tue Nov  4 01:54:13 AM UTC 2025: SP1 local server active
Tue Nov  4 01:55:13 AM UTC 2025: SP1 local server active
Tue Nov  4 01:56:13 AM UTC 2025: SP1 local server active
Tue Nov  4 01:57:13 AM UTC 2025: SP1 local server active
Tue Nov  4 01:58:13 AM UTC 2025: SP1 local server active
Tue Nov  4 01:59:13 AM UTC 2025: SP1 local server active
Tue Nov  4 02:00:13 AM UTC 2025: SP1 local server active
Tue Nov  4 02:01:13 AM UTC 2025: SP1 local server active
Tue Nov  4 02:02:13 AM UTC 2025: SP1 local server active
Tue Nov  4 02:03:13 AM UTC 2025: SP1 local server active
Tue Nov  4 02:04:13 AM UTC 2025: SP1 local server active
Tue Nov  4 02:05:13 AM UTC 2025: SP1 local server active
Tue Nov  4 02:06:13 AM UTC 2025: SP1 local server active
Tue Nov  4 02:07:13 AM UTC 2025: SP1 local server active
Tue Nov  4 02:08:13 AM UTC 2025: SP1 local server active
Tue Nov  4 02:09:13 AM UTC 2025: SP1 local server active
Tue Nov  4 02:10:13 AM UTC 2025: SP1 local server active
Tue Nov  4 02:11:13 AM UTC 2025: SP1 local server active
Tue Nov  4 02:12:13 AM UTC 2025: SP1 local server active
Tue Nov  4 02:13:13 AM UTC 2025: SP1 local server active
Tue Nov  4 02:14:13 AM UTC 2025: SP1 local server active
Tue Nov  4 02:15:13 AM UTC 2025: SP1 local server active
Tue Nov  4 02:16:13 AM UTC 2025: SP1 local server active
Tue Nov  4 02:17:13 AM UTC 2025: SP1 local server active
Tue Nov  4 02:18:13 AM UTC 2025: SP1 local server active
Tue Nov  4 02:19:13 AM UTC 2025: SP1 local server active
Tue Nov  4 02:20:13 AM UTC 2025: SP1 local server active
Tue Nov  4 02:21:13 AM UTC 2025: SP1 local server active
Tue Nov  4 02:22:13 AM UTC 2025: SP1 local server active
Tue Nov  4 02:23:13 AM UTC 2025: SP1 local server active
Tue Nov  4 02:24:13 AM UTC 2025: SP1 local server active
Tue Nov  4 02:25:13 AM UTC 2025: SP1 local server active
Tue Nov  4 02:26:13 AM UTC 2025: SP1 local server active
Tue Nov  4 02:27:13 AM UTC 2025: SP1 local server active
Tue Nov  4 02:28:13 AM UTC 2025: SP1 local server active
Tue Nov  4 02:29:13 AM UTC 2025: SP1 local server active
Tue Nov  4 02:30:13 AM UTC 2025: SP1 local server active
Tue Nov  4 02:31:13 AM UTC 2025: SP1 local server active
Tue Nov  4 02:32:13 AM UTC 2025: SP1 local server active
Tue Nov  4 02:33:13 AM UTC 2025: SP1 local server active
Tue Nov  4 02:34:13 AM UTC 2025: SP1 local server active
Tue Nov  4 02:35:13 AM UTC 2025: SP1 local server active
Tue Nov  4 02:36:13 AM UTC 2025: SP1 local server active
Tue Nov  4 02:37:13 AM UTC 2025: SP1 local server active
Tue Nov  4 02:38:13 AM UTC 2025: SP1 local server active
Tue Nov  4 02:39:13 AM UTC 2025: SP1 local server active
Tue Nov  4 02:40:13 AM UTC 2025: SP1 local server active
Tue Nov  4 02:41:13 AM UTC 2025: SP1 local server active
Tue Nov  4 02:42:13 AM UTC 2025: SP1 local server active
Tue Nov  4 02:43:13 AM UTC 2025: SP1 local server active
Tue Nov  4 02:44:13 AM UTC 2025: SP1 local server active
Tue Nov  4 02:45:14 AM UTC 2025: SP1 local server active
Tue Nov  4 02:46:14 AM UTC 2025: SP1 local server active
Tue Nov  4 02:47:14 AM UTC 2025: SP1 local server active
Tue Nov  4 02:48:15 AM UTC 2025: SP1 local server active
Tue Nov  4 02:49:15 AM UTC 2025: SP1 local server active
Tue Nov  4 02:50:15 AM UTC 2025: SP1 local server active
Tue Nov  4 02:51:15 AM UTC 2025: SP1 local server active
Tue Nov  4 02:52:15 AM UTC 2025: SP1 local server active
Tue Nov  4 02:53:15 AM UTC 2025: SP1 local server active
Tue Nov  4 02:54:15 AM UTC 2025: SP1 local server active
Tue Nov  4 02:55:15 AM UTC 2025: SP1 local server active
Tue Nov  4 02:56:15 AM UTC 2025: SP1 local server active
Tue Nov  4 02:57:15 AM UTC 2025: SP1 local server active
Tue Nov  4 02:58:16 AM UTC 2025: SP1 local server active
Tue Nov  4 02:59:16 AM UTC 2025: SP1 local server active
Tue Nov  4 03:00:16 AM UTC 2025: SP1 local server active
Tue Nov  4 03:01:16 AM UTC 2025: SP1 local server active
Tue Nov  4 03:02:16 AM UTC 2025: SP1 local server active
Tue Nov  4 03:03:16 AM UTC 2025: SP1 local server active
Tue Nov  4 03:04:16 AM UTC 2025: SP1 local server active
Tue Nov  4 03:05:17 AM UTC 2025: SP1 local server active
Tue Nov  4 03:06:17 AM UTC 2025: SP1 local server active
Tue Nov  4 03:07:18 AM UTC 2025: SP1 local server active
Tue Nov  4 03:08:18 AM UTC 2025: SP1 local server active
Tue Nov  4 03:09:18 AM UTC 2025: SP1 local server active
Tue Nov  4 03:10:19 AM UTC 2025: SP1 local server active
Tue Nov  4 03:11:19 AM UTC 2025: SP1 local server active
Tue Nov  4 03:12:19 AM UTC 2025: SP1 local server active
Tue Nov  4 03:13:19 AM UTC 2025: SP1 local server active
Tue Nov  4 03:14:19 AM UTC 2025: SP1 local server active
Tue Nov  4 03:15:19 AM UTC 2025: SP1 local server active
Tue Nov  4 03:16:19 AM UTC 2025: SP1 local server active
Tue Nov  4 03:17:19 AM UTC 2025: SP1 local server active
Tue Nov  4 03:18:20 AM UTC 2025: SP1 local server active
Tue Nov  4 03:19:20 AM UTC 2025: SP1 local server active
Tue Nov  4 03:20:20 AM UTC 2025: SP1 local server active
Tue Nov  4 03:21:20 AM UTC 2025: SP1 local server active
Tue Nov  4 03:22:20 AM UTC 2025: SP1 local server active
Tue Nov  4 03:23:21 AM UTC 2025: SP1 local server active
Tue Nov  4 03:24:21 AM UTC 2025: SP1 local server active
Tue Nov  4 03:25:21 AM UTC 2025: SP1 local server active
Tue Nov  4 03:26:21 AM UTC 2025: SP1 local server active
Tue Nov  4 03:27:21 AM UTC 2025: SP1 local server active
Tue Nov  4 03:28:21 AM UTC 2025: SP1 local server active
Tue Nov  4 03:29:21 AM UTC 2025: SP1 local server active
Tue Nov  4 03:30:21 AM UTC 2025: SP1 local server active
Tue Nov  4 03:31:21 AM UTC 2025: SP1 local server active
Tue Nov  4 03:32:21 AM UTC 2025: SP1 local server active
Tue Nov  4 03:33:21 AM UTC 2025: SP1 local server active
Tue Nov  4 03:34:21 AM UTC 2025: SP1 local server active
Tue Nov  4 03:35:21 AM UTC 2025: SP1 local server active
Tue Nov  4 03:36:21 AM UTC 2025: SP1 local server active
Tue Nov  4 03:37:21 AM UTC 2025: SP1 local server active
Tue Nov  4 03:38:21 AM UTC 2025: SP1 local server active
Tue Nov  4 03:39:21 AM UTC 2025: SP1 local server active
Tue Nov  4 03:40:21 AM UTC 2025: SP1 local server active
Tue Nov  4 03:41:21 AM UTC 2025: SP1 local server active
Tue Nov  4 03:42:21 AM UTC 2025: SP1 local server active
Tue Nov  4 03:43:21 AM UTC 2025: SP1 local server active
Tue Nov  4 03:44:21 AM UTC 2025: SP1 local server active
Tue Nov  4 03:45:21 AM UTC 2025: SP1 local server active
Tue Nov  4 03:46:21 AM UTC 2025: SP1 local server active
Tue Nov  4 03:47:21 AM UTC 2025: SP1 local server active
Tue Nov  4 03:48:21 AM UTC 2025: SP1 local server active
Tue Nov  4 03:49:21 AM UTC 2025: SP1 local server active
Tue Nov  4 03:50:21 AM UTC 2025: SP1 local server active
Tue Nov  4 03:51:21 AM UTC 2025: SP1 local server active
Tue Nov  4 03:52:21 AM UTC 2025: SP1 local server active
Tue Nov  4 03:53:21 AM UTC 2025: SP1 local server active
Tue Nov  4 03:54:21 AM UTC 2025: SP1 local server active
Tue Nov  4 03:55:21 AM UTC 2025: SP1 local server active
Tue Nov  4 03:56:21 AM UTC 2025: SP1 local server active
Tue Nov  4 03:57:21 AM UTC 2025: SP1 local server active
Tue Nov  4 03:58:21 AM UTC 2025: SP1 local server active
Tue Nov  4 03:59:21 AM UTC 2025: SP1 local server active
Tue Nov  4 04:00:21 AM UTC 2025: SP1 local server active
Tue Nov  4 04:01:21 AM UTC 2025: SP1 local server active
Tue Nov  4 04:02:21 AM UTC 2025: SP1 local server active
Tue Nov  4 04:03:21 AM UTC 2025: SP1 local server active
Tue Nov  4 04:04:21 AM UTC 2025: SP1 local server active
Tue Nov  4 04:05:21 AM UTC 2025: SP1 local server active
Tue Nov  4 04:06:21 AM UTC 2025: SP1 local server active
Tue Nov  4 04:07:21 AM UTC 2025: SP1 local server active
Tue Nov  4 04:08:22 AM UTC 2025: SP1 local server active
Tue Nov  4 04:09:22 AM UTC 2025: SP1 local server active
Tue Nov  4 04:10:22 AM UTC 2025: SP1 local server active
Tue Nov  4 04:11:22 AM UTC 2025: SP1 local server active
Tue Nov  4 04:12:22 AM UTC 2025: SP1 local server active
Tue Nov  4 04:13:22 AM UTC 2025: SP1 local server active
Tue Nov  4 04:14:22 AM UTC 2025: SP1 local server active
Tue Nov  4 04:15:22 AM UTC 2025: SP1 local server active
Tue Nov  4 04:16:22 AM UTC 2025: SP1 local server active
Tue Nov  4 04:17:22 AM UTC 2025: SP1 local server active
Tue Nov  4 04:18:22 AM UTC 2025: SP1 local server active
Tue Nov  4 04:19:22 AM UTC 2025: SP1 local server active
Tue Nov  4 04:20:22 AM UTC 2025: SP1 local server active
Tue Nov  4 04:21:22 AM UTC 2025: SP1 local server active
Tue Nov  4 04:22:22 AM UTC 2025: SP1 local server active
Tue Nov  4 04:23:22 AM UTC 2025: SP1 local server active
Tue Nov  4 04:24:22 AM UTC 2025: SP1 local server active
Tue Nov  4 04:25:22 AM UTC 2025: SP1 local server active
Tue Nov  4 04:26:22 AM UTC 2025: SP1 local server active
Tue Nov  4 04:27:22 AM UTC 2025: SP1 local server active
Tue Nov  4 04:28:22 AM UTC 2025: SP1 local server active
Tue Nov  4 04:29:22 AM UTC 2025: SP1 local server active
Tue Nov  4 04:30:22 AM UTC 2025: SP1 local server active
Tue Nov  4 04:31:22 AM UTC 2025: SP1 local server active
Tue Nov  4 04:32:22 AM UTC 2025: SP1 local server active
Tue Nov  4 04:33:22 AM UTC 2025: SP1 local server active
Tue Nov  4 04:34:22 AM UTC 2025: SP1 local server active
Tue Nov  4 04:35:22 AM UTC 2025: SP1 local server active
Tue Nov  4 04:36:22 AM UTC 2025: SP1 local server active
Tue Nov  4 04:37:22 AM UTC 2025: SP1 local server active
Tue Nov  4 04:38:22 AM UTC 2025: SP1 local server active
Tue Nov  4 04:39:22 AM UTC 2025: SP1 local server active
Tue Nov  4 04:40:22 AM UTC 2025: SP1 local server active
Tue Nov  4 04:41:22 AM UTC 2025: SP1 local server active
Tue Nov  4 04:42:22 AM UTC 2025: SP1 local server active
Tue Nov  4 04:43:22 AM UTC 2025: SP1 local server active
Tue Nov  4 04:44:22 AM UTC 2025: SP1 local server active
Tue Nov  4 04:45:22 AM UTC 2025: SP1 local server active
Tue Nov  4 04:46:22 AM UTC 2025: SP1 local server active
Tue Nov  4 04:47:22 AM UTC 2025: SP1 local server active
Tue Nov  4 04:48:22 AM UTC 2025: SP1 local server active
Tue Nov  4 04:49:22 AM UTC 2025: SP1 local server active
Tue Nov  4 04:50:22 AM UTC 2025: SP1 local server active
Tue Nov  4 04:51:22 AM UTC 2025: SP1 local server active
Tue Nov  4 04:52:22 AM UTC 2025: SP1 local server active
Tue Nov  4 04:53:22 AM UTC 2025: SP1 local server active
Tue Nov  4 04:54:22 AM UTC 2025: SP1 local server active
Tue Nov  4 04:55:22 AM UTC 2025: SP1 local server active
Tue Nov  4 04:56:22 AM UTC 2025: SP1 local server active
Tue Nov  4 04:57:22 AM UTC 2025: SP1 local server active
Tue Nov  4 04:58:22 AM UTC 2025: SP1 local server active
Tue Nov  4 04:59:22 AM UTC 2025: SP1 local server active
Tue Nov  4 05:00:22 AM UTC 2025: SP1 local server active
Tue Nov  4 05:01:22 AM UTC 2025: SP1 local server active
Tue Nov  4 05:02:22 AM UTC 2025: SP1 local server active
Tue Nov  4 05:03:22 AM UTC 2025: SP1 local server active
Tue Nov  4 05:04:22 AM UTC 2025: SP1 local server active
Tue Nov  4 05:05:22 AM UTC 2025: SP1 local server active
Tue Nov  4 05:06:22 AM UTC 2025: SP1 local server active
Tue Nov  4 05:07:22 AM UTC 2025: SP1 local server active
Tue Nov  4 05:08:22 AM UTC 2025: SP1 local server active
Tue Nov  4 05:09:22 AM UTC 2025: SP1 local server active
Tue Nov  4 05:10:22 AM UTC 2025: SP1 local server active
Tue Nov  4 05:11:22 AM UTC 2025: SP1 local server active
Tue Nov  4 05:12:22 AM UTC 2025: SP1 local server active
Tue Nov  4 05:13:22 AM UTC 2025: SP1 local server active
Tue Nov  4 05:14:22 AM UTC 2025: SP1 local server active
Tue Nov  4 05:15:22 AM UTC 2025: SP1 local server active
Tue Nov  4 05:16:22 AM UTC 2025: SP1 local server active
Tue Nov  4 05:17:22 AM UTC 2025: SP1 local server active
Tue Nov  4 05:18:22 AM UTC 2025: SP1 local server active
Tue Nov  4 05:19:22 AM UTC 2025: SP1 local server active
Tue Nov  4 05:20:22 AM UTC 2025: SP1 local server active
Tue Nov  4 05:21:22 AM UTC 2025: SP1 local server active
Tue Nov  4 05:22:22 AM UTC 2025: SP1 local server active
Tue Nov  4 05:23:22 AM UTC 2025: SP1 local server active
Tue Nov  4 05:24:22 AM UTC 2025: SP1 local server active
Tue Nov  4 05:25:22 AM UTC 2025: SP1 local server active
Tue Nov  4 05:26:22 AM UTC 2025: SP1 local server active
Tue Nov  4 05:27:22 AM UTC 2025: SP1 local server active
Tue Nov  4 05:28:22 AM UTC 2025: SP1 local server active
Tue Nov  4 05:29:22 AM UTC 2025: SP1 local server active
Tue Nov  4 05:30:22 AM UTC 2025: SP1 local server active
Tue Nov  4 05:31:22 AM UTC 2025: SP1 local server active
Tue Nov  4 05:32:22 AM UTC 2025: SP1 local server active
Tue Nov  4 05:33:22 AM UTC 2025: SP1 local server active
Tue Nov  4 05:34:22 AM UTC 2025: SP1 local server active
Tue Nov  4 05:35:22 AM UTC 2025: SP1 local server active
Tue Nov  4 05:36:22 AM UTC 2025: SP1 local server active
Tue Nov  4 05:37:22 AM UTC 2025: SP1 local server active
Tue Nov  4 05:38:22 AM UTC 2025: SP1 local server active
Tue Nov  4 05:39:22 AM UTC 2025: SP1 local server active
Tue Nov  4 05:40:22 AM UTC 2025: SP1 local server active
Tue Nov  4 05:41:22 AM UTC 2025: SP1 local server active
Tue Nov  4 05:42:22 AM UTC 2025: SP1 local server active
Tue Nov  4 05:43:22 AM UTC 2025: SP1 local server active
Tue Nov  4 05:44:22 AM UTC 2025: SP1 local server active
Tue Nov  4 05:45:22 AM UTC 2025: SP1 local server active
Tue Nov  4 05:46:22 AM UTC 2025: SP1 local server active
Tue Nov  4 05:47:22 AM UTC 2025: SP1 local server active
Tue Nov  4 05:48:22 AM UTC 2025: SP1 local server active
Tue Nov  4 05:49:22 AM UTC 2025: SP1 local server active
Tue Nov  4 05:50:22 AM UTC 2025: SP1 local server active
Tue Nov  4 05:51:22 AM UTC 2025: SP1 local server active
Tue Nov  4 05:52:22 AM UTC 2025: SP1 local server active
Tue Nov  4 05:53:22 AM UTC 2025: SP1 local server active
Tue Nov  4 05:54:22 AM UTC 2025: SP1 local server active
Tue Nov  4 05:55:22 AM UTC 2025: SP1 local server active
Tue Nov  4 05:56:22 AM UTC 2025: SP1 local server active
Tue Nov  4 05:57:22 AM UTC 2025: SP1 local server active
Tue Nov  4 05:58:22 AM UTC 2025: SP1 local server active
Tue Nov  4 05:59:22 AM UTC 2025: SP1 local server active
Tue Nov  4 06:00:22 AM UTC 2025: SP1 local server active
Tue Nov  4 06:01:22 AM UTC 2025: SP1 local server active
Tue Nov  4 06:02:22 AM UTC 2025: SP1 local server active
Tue Nov  4 06:03:22 AM UTC 2025: SP1 local server active
Tue Nov  4 06:04:22 AM UTC 2025: SP1 local server active
Tue Nov  4 06:05:22 AM UTC 2025: SP1 local server active
Tue Nov  4 06:06:22 AM UTC 2025: SP1 local server active
Tue Nov  4 06:07:22 AM UTC 2025: SP1 local server active
Tue Nov  4 06:08:22 AM UTC 2025: SP1 local server active
Tue Nov  4 06:09:22 AM UTC 2025: SP1 local server active
Tue Nov  4 06:10:22 AM UTC 2025: SP1 local server active
Tue Nov  4 06:11:22 AM UTC 2025: SP1 local server active
Tue Nov  4 06:12:22 AM UTC 2025: SP1 local server active
Tue Nov  4 06:13:22 AM UTC 2025: SP1 local server active
Tue Nov  4 06:14:22 AM UTC 2025: SP1 local server active
Tue Nov  4 06:15:22 AM UTC 2025: SP1 local server active
Tue Nov  4 06:16:22 AM UTC 2025: SP1 local server active
Tue Nov  4 06:17:22 AM UTC 2025: SP1 local server active
Tue Nov  4 06:18:22 AM UTC 2025: SP1 local server active
Tue Nov  4 06:19:22 AM UTC 2025: SP1 local server active
Tue Nov  4 06:20:22 AM UTC 2025: SP1 local server active
Tue Nov  4 06:21:22 AM UTC 2025: SP1 local server active
Tue Nov  4 06:22:22 AM UTC 2025: SP1 local server active
Tue Nov  4 06:23:22 AM UTC 2025: SP1 local server active
Tue Nov  4 06:24:23 AM UTC 2025: SP1 local server active
Tue Nov  4 06:25:23 AM UTC 2025: SP1 local server active
Tue Nov  4 06:26:23 AM UTC 2025: SP1 local server active
Tue Nov  4 06:27:23 AM UTC 2025: SP1 local server active
Tue Nov  4 06:28:23 AM UTC 2025: SP1 local server active
Tue Nov  4 06:29:23 AM UTC 2025: SP1 local server active
Tue Nov  4 06:30:23 AM UTC 2025: SP1 local server active
Tue Nov  4 06:31:23 AM UTC 2025: SP1 local server active
Tue Nov  4 06:32:23 AM UTC 2025: SP1 local server active
Tue Nov  4 06:33:23 AM UTC 2025: SP1 local server active
Tue Nov  4 06:34:23 AM UTC 2025: SP1 local server active
Tue Nov  4 06:35:23 AM UTC 2025: SP1 local server active
Tue Nov  4 06:36:23 AM UTC 2025: SP1 local server active
Tue Nov  4 06:37:23 AM UTC 2025: SP1 local server active
Tue Nov  4 06:38:23 AM UTC 2025: SP1 local server active
Tue Nov  4 06:39:23 AM UTC 2025: SP1 local server active
Tue Nov  4 06:40:23 AM UTC 2025: SP1 local server active
Tue Nov  4 06:41:23 AM UTC 2025: SP1 local server active
Tue Nov  4 06:42:23 AM UTC 2025: SP1 local server active
Tue Nov  4 06:43:23 AM UTC 2025: SP1 local server active
Tue Nov  4 06:44:23 AM UTC 2025: SP1 local server active
Tue Nov  4 06:45:23 AM UTC 2025: SP1 local server active
Tue Nov  4 06:46:23 AM UTC 2025: SP1 local server active
Tue Nov  4 06:47:23 AM UTC 2025: SP1 local server active
Tue Nov  4 06:48:23 AM UTC 2025: SP1 local server active
Tue Nov  4 06:49:23 AM UTC 2025: SP1 local server active
Tue Nov  4 06:50:23 AM UTC 2025: SP1 local server active
Tue Nov  4 06:51:23 AM UTC 2025: SP1 local server active
Tue Nov  4 06:52:23 AM UTC 2025: SP1 local server active
Tue Nov  4 06:53:23 AM UTC 2025: SP1 local server active
Tue Nov  4 06:54:23 AM UTC 2025: SP1 local server active
Tue Nov  4 06:55:23 AM UTC 2025: SP1 local server active
Tue Nov  4 06:56:23 AM UTC 2025: SP1 local server active
Tue Nov  4 06:57:23 AM UTC 2025: SP1 local server active
Tue Nov  4 06:58:23 AM UTC 2025: SP1 local server active
Tue Nov  4 06:59:23 AM UTC 2025: SP1 local server active
Tue Nov  4 07:00:23 AM UTC 2025: SP1 local server active
Tue Nov  4 07:01:23 AM UTC 2025: SP1 local server active
Tue Nov  4 07:02:23 AM UTC 2025: SP1 local server active
Tue Nov  4 07:03:23 AM UTC 2025: SP1 local server active
Tue Nov  4 07:04:23 AM UTC 2025: SP1 local server active
Tue Nov  4 07:05:23 AM UTC 2025: SP1 local server active
Tue Nov  4 07:06:23 AM UTC 2025: SP1 local server active
Tue Nov  4 07:07:23 AM UTC 2025: SP1 local server active
Tue Nov  4 07:08:23 AM UTC 2025: SP1 local server active
Tue Nov  4 07:09:23 AM UTC 2025: SP1 local server active
Tue Nov  4 07:10:23 AM UTC 2025: SP1 local server active
Tue Nov  4 07:11:23 AM UTC 2025: SP1 local server active
Tue Nov  4 07:12:23 AM UTC 2025: SP1 local server active
Tue Nov  4 07:13:23 AM UTC 2025: SP1 local server active
Tue Nov  4 07:14:23 AM UTC 2025: SP1 local server active
Tue Nov  4 07:15:23 AM UTC 2025: SP1 local server active
Tue Nov  4 07:16:23 AM UTC 2025: SP1 local server active
Tue Nov  4 07:17:23 AM UTC 2025: SP1 local server active
Tue Nov  4 07:18:23 AM UTC 2025: SP1 local server active
Tue Nov  4 07:19:23 AM UTC 2025: SP1 local server active
Tue Nov  4 07:20:23 AM UTC 2025: SP1 local server active
Tue Nov  4 07:21:23 AM UTC 2025: SP1 local server active
Tue Nov  4 07:22:23 AM UTC 2025: SP1 local server active
Tue Nov  4 07:23:23 AM UTC 2025: SP1 local server active
Tue Nov  4 07:24:23 AM UTC 2025: SP1 local server active
Tue Nov  4 07:25:23 AM UTC 2025: SP1 local server active
Tue Nov  4 07:26:23 AM UTC 2025: SP1 local server active
Tue Nov  4 07:27:23 AM UTC 2025: SP1 local server active
Tue Nov  4 07:28:23 AM UTC 2025: SP1 local server active
Tue Nov  4 07:29:23 AM UTC 2025: SP1 local server active
Tue Nov  4 07:30:23 AM UTC 2025: SP1 local server active
Tue Nov  4 07:31:23 AM UTC 2025: SP1 local server active
Tue Nov  4 07:32:23 AM UTC 2025: SP1 local server active
Tue Nov  4 07:33:23 AM UTC 2025: SP1 local server active
Tue Nov  4 07:34:23 AM UTC 2025: SP1 local server active
Tue Nov  4 07:35:23 AM UTC 2025: SP1 local server active
Tue Nov  4 07:36:23 AM UTC 2025: SP1 local server active
Tue Nov  4 07:37:23 AM UTC 2025: SP1 local server active
Tue Nov  4 07:38:23 AM UTC 2025: SP1 local server active
Tue Nov  4 07:39:23 AM UTC 2025: SP1 local server active
Tue Nov  4 07:40:23 AM UTC 2025: SP1 local server active
Tue Nov  4 07:41:23 AM UTC 2025: SP1 local server active
Tue Nov  4 07:42:23 AM UTC 2025: SP1 local server active
Tue Nov  4 07:43:23 AM UTC 2025: SP1 local server active
Tue Nov  4 07:44:23 AM UTC 2025: SP1 local server active
Tue Nov  4 07:45:23 AM UTC 2025: SP1 local server active
Tue Nov  4 07:46:23 AM UTC 2025: SP1 local server active
Tue Nov  4 07:47:23 AM UTC 2025: SP1 local server active
Tue Nov  4 07:48:23 AM UTC 2025: SP1 local server active
Tue Nov  4 07:49:23 AM UTC 2025: SP1 local server active
Tue Nov  4 07:50:23 AM UTC 2025: SP1 local server active
Tue Nov  4 07:51:23 AM UTC 2025: SP1 local server active
Tue Nov  4 07:52:24 AM UTC 2025: SP1 local server active
Tue Nov  4 07:53:24 AM UTC 2025: SP1 local server active
Tue Nov  4 07:54:24 AM UTC 2025: SP1 local server active
Tue Nov  4 07:55:24 AM UTC 2025: SP1 local server active
Tue Nov  4 07:56:24 AM UTC 2025: SP1 local server active
Tue Nov  4 07:57:24 AM UTC 2025: SP1 local server active
Tue Nov  4 07:58:24 AM UTC 2025: SP1 local server active
Tue Nov  4 07:59:24 AM UTC 2025: SP1 local server active
Tue Nov  4 08:00:24 AM UTC 2025: SP1 local server active
Tue Nov  4 08:01:24 AM UTC 2025: SP1 local server active
Tue Nov  4 08:02:24 AM UTC 2025: SP1 local server active
Tue Nov  4 08:03:24 AM UTC 2025: SP1 local server active
Tue Nov  4 08:04:24 AM UTC 2025: SP1 local server active
Tue Nov  4 08:05:24 AM UTC 2025: SP1 local server active
Tue Nov  4 08:06:25 AM UTC 2025: SP1 local server active
Tue Nov  4 08:07:25 AM UTC 2025: SP1 local server active
Tue Nov  4 08:08:25 AM UTC 2025: SP1 local server active
Tue Nov  4 08:09:25 AM UTC 2025: SP1 local server active
Tue Nov  4 08:10:25 AM UTC 2025: SP1 local server active
Tue Nov  4 08:11:25 AM UTC 2025: SP1 local server active
Tue Nov  4 08:12:25 AM UTC 2025: SP1 local server active
Tue Nov  4 08:13:25 AM UTC 2025: SP1 local server active
Tue Nov  4 08:14:25 AM UTC 2025: SP1 local server active
Tue Nov  4 08:15:26 AM UTC 2025: SP1 local server active
Tue Nov  4 08:16:26 AM UTC 2025: SP1 local server active
Tue Nov  4 08:17:26 AM UTC 2025: SP1 local server active
Tue Nov  4 08:18:26 AM UTC 2025: SP1 local server active
Tue Nov  4 08:19:26 AM UTC 2025: SP1 local server active
Tue Nov  4 08:20:26 AM UTC 2025: SP1 local server active
Tue Nov  4 08:21:26 AM UTC 2025: SP1 local server active
Tue Nov  4 08:22:27 AM UTC 2025: SP1 local server active
Tue Nov  4 08:23:27 AM UTC 2025: SP1 local server active
Tue Nov  4 08:24:27 AM UTC 2025: SP1 local server active
Tue Nov  4 08:25:28 AM UTC 2025: SP1 local server active
Tue Nov  4 08:26:28 AM UTC 2025: SP1 local server active
Tue Nov  4 08:27:28 AM UTC 2025: SP1 local server active
Tue Nov  4 08:28:28 AM UTC 2025: SP1 local server active
Tue Nov  4 08:29:28 AM UTC 2025: SP1 local server active
Tue Nov  4 08:30:29 AM UTC 2025: SP1 local server active
Tue Nov  4 08:31:29 AM UTC 2025: SP1 local server active
Tue Nov  4 08:32:29 AM UTC 2025: SP1 local server active
Tue Nov  4 08:33:30 AM UTC 2025: SP1 local server active
Tue Nov  4 08:34:30 AM UTC 2025: SP1 local server active
Tue Nov  4 08:35:30 AM UTC 2025: SP1 local server active
Tue Nov  4 08:36:31 AM UTC 2025: SP1 local server active
Tue Nov  4 08:37:31 AM UTC 2025: SP1 local server active
Tue Nov  4 08:38:31 AM UTC 2025: SP1 local server active
Tue Nov  4 08:39:31 AM UTC 2025: SP1 local server active
Tue Nov  4 08:40:31 AM UTC 2025: SP1 local server active
Tue Nov  4 08:41:31 AM UTC 2025: SP1 local server active
Tue Nov  4 08:42:31 AM UTC 2025: SP1 local server active
Tue Nov  4 08:43:31 AM UTC 2025: SP1 local server active
Tue Nov  4 08:44:31 AM UTC 2025: SP1 local server active
Tue Nov  4 08:45:31 AM UTC 2025: SP1 local server active
Tue Nov  4 08:46:31 AM UTC 2025: SP1 local server active
Tue Nov  4 08:47:31 AM UTC 2025: SP1 local server active
Tue Nov  4 08:48:31 AM UTC 2025: SP1 local server active
Tue Nov  4 08:49:31 AM UTC 2025: SP1 local server active
Tue Nov  4 08:50:31 AM UTC 2025: SP1 local server active
Tue Nov  4 08:51:31 AM UTC 2025: SP1 local server active
Tue Nov  4 08:52:31 AM UTC 2025: SP1 local server active
Tue Nov  4 08:53:31 AM UTC 2025: SP1 local server active
Tue Nov  4 08:54:31 AM UTC 2025: SP1 local server active
Tue Nov  4 08:55:31 AM UTC 2025: SP1 local server active
Tue Nov  4 08:56:31 AM UTC 2025: SP1 local server active
Tue Nov  4 08:57:31 AM UTC 2025: SP1 local server active
Tue Nov  4 08:58:31 AM UTC 2025: SP1 local server active
Tue Nov  4 08:59:31 AM UTC 2025: SP1 local server active
Tue Nov  4 09:00:31 AM UTC 2025: SP1 local server active
Tue Nov  4 09:01:31 AM UTC 2025: SP1 local server active
Tue Nov  4 09:02:31 AM UTC 2025: SP1 local server active
Tue Nov  4 09:03:31 AM UTC 2025: SP1 local server active
Tue Nov  4 09:04:31 AM UTC 2025: SP1 local server active
Tue Nov  4 09:05:31 AM UTC 2025: SP1 local server active
Tue Nov  4 09:06:31 AM UTC 2025: SP1 local server active
Tue Nov  4 09:07:31 AM UTC 2025: SP1 local server active
Tue Nov  4 09:08:31 AM UTC 2025: SP1 local server active
Tue Nov  4 09:09:31 AM UTC 2025: SP1 local server active
Tue Nov  4 09:10:31 AM UTC 2025: SP1 local server active
Tue Nov  4 09:11:31 AM UTC 2025: SP1 local server active
Tue Nov  4 09:12:31 AM UTC 2025: SP1 local server active
Tue Nov  4 09:13:31 AM UTC 2025: SP1 local server active
Tue Nov  4 09:14:31 AM UTC 2025: SP1 local server active
Tue Nov  4 09:15:31 AM UTC 2025: SP1 local server active
Tue Nov  4 09:16:31 AM UTC 2025: SP1 local server active
Tue Nov  4 09:17:31 AM UTC 2025: SP1 local server active
Tue Nov  4 09:18:31 AM UTC 2025: SP1 local server active
Tue Nov  4 09:19:31 AM UTC 2025: SP1 local server active
Tue Nov  4 09:20:31 AM UTC 2025: SP1 local server active
Tue Nov  4 09:21:31 AM UTC 2025: SP1 local server active
Tue Nov  4 09:22:31 AM UTC 2025: SP1 local server active
Tue Nov  4 09:23:31 AM UTC 2025: SP1 local server active
Tue Nov  4 09:24:31 AM UTC 2025: SP1 local server active
Tue Nov  4 09:25:31 AM UTC 2025: SP1 local server active
Tue Nov  4 09:26:31 AM UTC 2025: SP1 local server active
Tue Nov  4 09:27:31 AM UTC 2025: SP1 local server active
Tue Nov  4 09:28:31 AM UTC 2025: SP1 local server active
Tue Nov  4 09:29:31 AM UTC 2025: SP1 local server active
Tue Nov  4 09:30:31 AM UTC 2025: SP1 local server active
Tue Nov  4 09:31:31 AM UTC 2025: SP1 local server active
Tue Nov  4 09:32:31 AM UTC 2025: SP1 local server active
Tue Nov  4 09:33:31 AM UTC 2025: SP1 local server active
Tue Nov  4 09:34:31 AM UTC 2025: SP1 local server active
Tue Nov  4 09:35:31 AM UTC 2025: SP1 local server active
Tue Nov  4 09:36:31 AM UTC 2025: SP1 local server active
Tue Nov  4 09:37:31 AM UTC 2025: SP1 local server active
Tue Nov  4 09:38:31 AM UTC 2025: SP1 local server active
Tue Nov  4 09:39:31 AM UTC 2025: SP1 local server active
Tue Nov  4 09:40:31 AM UTC 2025: SP1 local server active
Tue Nov  4 09:41:31 AM UTC 2025: SP1 local server active
Tue Nov  4 09:42:31 AM UTC 2025: SP1 local server active
Tue Nov  4 09:43:31 AM UTC 2025: SP1 local server active
Tue Nov  4 09:44:31 AM UTC 2025: SP1 local server active
Tue Nov  4 09:45:31 AM UTC 2025: SP1 local server active
Tue Nov  4 09:46:31 AM UTC 2025: SP1 local server active
Tue Nov  4 09:47:31 AM UTC 2025: SP1 local server active
Tue Nov  4 09:48:31 AM UTC 2025: SP1 local server active
Tue Nov  4 09:49:31 AM UTC 2025: SP1 local server active
Tue Nov  4 09:50:31 AM UTC 2025: SP1 local server active
Tue Nov  4 09:51:31 AM UTC 2025: SP1 local server active
Tue Nov  4 09:52:31 AM UTC 2025: SP1 local server active
Tue Nov  4 09:53:31 AM UTC 2025: SP1 local server active
Tue Nov  4 09:54:31 AM UTC 2025: SP1 local server active
Tue Nov  4 09:55:31 AM UTC 2025: SP1 local server active
Tue Nov  4 09:56:31 AM UTC 2025: SP1 local server active
Tue Nov  4 09:57:31 AM UTC 2025: SP1 local server active
Tue Nov  4 09:58:31 AM UTC 2025: SP1 local server active
Tue Nov  4 09:59:31 AM UTC 2025: SP1 local server active
Tue Nov  4 10:00:31 AM UTC 2025: SP1 local server active
Tue Nov  4 10:01:31 AM UTC 2025: SP1 local server active
Tue Nov  4 10:02:31 AM UTC 2025: SP1 local server active
Tue Nov  4 10:03:31 AM UTC 2025: SP1 local server active
Tue Nov  4 10:04:31 AM UTC 2025: SP1 local server active
Tue Nov  4 10:05:31 AM UTC 2025: SP1 local server active
Tue Nov  4 10:06:31 AM UTC 2025: SP1 local server active
Tue Nov  4 10:07:31 AM UTC 2025: SP1 local server active
Tue Nov  4 10:08:31 AM UTC 2025: SP1 local server active
Tue Nov  4 10:09:31 AM UTC 2025: SP1 local server active
Tue Nov  4 10:10:31 AM UTC 2025: SP1 local server active
Tue Nov  4 10:11:31 AM UTC 2025: SP1 local server active
Tue Nov  4 10:12:31 AM UTC 2025: SP1 local server active
Tue Nov  4 10:13:31 AM UTC 2025: SP1 local server active
Tue Nov  4 10:14:31 AM UTC 2025: SP1 local server active
Tue Nov  4 10:15:31 AM UTC 2025: SP1 local server active
Tue Nov  4 10:16:31 AM UTC 2025: SP1 local server active
Tue Nov  4 10:17:31 AM UTC 2025: SP1 local server active
Tue Nov  4 10:18:31 AM UTC 2025: SP1 local server active
Tue Nov  4 10:19:31 AM UTC 2025: SP1 local server active
Tue Nov  4 10:20:31 AM UTC 2025: SP1 local server active
Tue Nov  4 10:21:31 AM UTC 2025: SP1 local server active
Tue Nov  4 10:22:31 AM UTC 2025: SP1 local server active
Tue Nov  4 10:23:31 AM UTC 2025: SP1 local server active
Tue Nov  4 10:24:31 AM UTC 2025: SP1 local server active
Tue Nov  4 10:25:31 AM UTC 2025: SP1 local server active
Tue Nov  4 10:26:31 AM UTC 2025: SP1 local server active
Tue Nov  4 10:27:31 AM UTC 2025: SP1 local server active
Tue Nov  4 10:28:31 AM UTC 2025: SP1 local server active
Tue Nov  4 10:29:31 AM UTC 2025: SP1 local server active
Tue Nov  4 10:30:31 AM UTC 2025: SP1 local server active
Tue Nov  4 10:31:31 AM UTC 2025: SP1 local server active
Tue Nov  4 10:32:31 AM UTC 2025: SP1 local server active
Tue Nov  4 10:33:31 AM UTC 2025: SP1 local server active
Tue Nov  4 10:34:31 AM UTC 2025: SP1 local server active
Tue Nov  4 10:35:31 AM UTC 2025: SP1 local server active
Tue Nov  4 10:36:31 AM UTC 2025: SP1 local server active
Tue Nov  4 10:37:31 AM UTC 2025: SP1 local server active
Tue Nov  4 10:38:31 AM UTC 2025: SP1 local server active
Tue Nov  4 10:39:31 AM UTC 2025: SP1 local server active
Tue Nov  4 10:40:31 AM UTC 2025: SP1 local server active
Tue Nov  4 10:41:31 AM UTC 2025: SP1 local server active
Tue Nov  4 10:42:31 AM UTC 2025: SP1 local server active
Tue Nov  4 10:43:31 AM UTC 2025: SP1 local server active
Tue Nov  4 10:44:31 AM UTC 2025: SP1 local server active
Tue Nov  4 10:45:31 AM UTC 2025: SP1 local server active
Tue Nov  4 10:46:31 AM UTC 2025: SP1 local server active
Tue Nov  4 10:47:31 AM UTC 2025: SP1 local server active
Tue Nov  4 10:48:31 AM UTC 2025: SP1 local server active
Tue Nov  4 10:49:31 AM UTC 2025: SP1 local server active
Tue Nov  4 10:50:31 AM UTC 2025: SP1 local server active
Tue Nov  4 10:51:31 AM UTC 2025: SP1 local server active
Tue Nov  4 10:52:31 AM UTC 2025: SP1 local server active
Tue Nov  4 10:53:31 AM UTC 2025: SP1 local server active
Tue Nov  4 10:54:31 AM UTC 2025: SP1 local server active
Tue Nov  4 10:55:31 AM UTC 2025: SP1 local server active
Tue Nov  4 10:56:31 AM UTC 2025: SP1 local server active
Tue Nov  4 10:57:32 AM UTC 2025: SP1 local server active
Tue Nov  4 10:58:32 AM UTC 2025: SP1 local server active
Tue Nov  4 10:59:32 AM UTC 2025: SP1 local server active
Tue Nov  4 11:00:32 AM UTC 2025: SP1 local server active
Tue Nov  4 11:01:32 AM UTC 2025: SP1 local server active
Tue Nov  4 11:02:32 AM UTC 2025: SP1 local server active
Tue Nov  4 11:03:32 AM UTC 2025: SP1 local server active
Tue Nov  4 11:04:32 AM UTC 2025: SP1 local server active
Tue Nov  4 11:05:32 AM UTC 2025: SP1 local server active
Tue Nov  4 11:06:32 AM UTC 2025: SP1 local server active
Tue Nov  4 11:07:32 AM UTC 2025: SP1 local server active
Tue Nov  4 11:08:32 AM UTC 2025: SP1 local server active
Tue Nov  4 11:09:32 AM UTC 2025: SP1 local server active
Tue Nov  4 11:10:32 AM UTC 2025: SP1 local server active
Tue Nov  4 11:11:32 AM UTC 2025: SP1 local server active
Tue Nov  4 11:12:32 AM UTC 2025: SP1 local server active
Tue Nov  4 11:13:32 AM UTC 2025: SP1 local server active
Tue Nov  4 11:14:32 AM UTC 2025: SP1 local server active
Tue Nov  4 11:15:32 AM UTC 2025: SP1 local server active
Tue Nov  4 11:16:32 AM UTC 2025: SP1 local server active
Tue Nov  4 11:17:32 AM UTC 2025: SP1 local server active
Tue Nov  4 11:18:32 AM UTC 2025: SP1 local server active
Tue Nov  4 11:19:32 AM UTC 2025: SP1 local server active
Tue Nov  4 11:20:32 AM UTC 2025: SP1 local server active
Tue Nov  4 11:21:32 AM UTC 2025: SP1 local server active
Tue Nov  4 11:22:32 AM UTC 2025: SP1 local server active
Tue Nov  4 11:23:32 AM UTC 2025: SP1 local server active
Tue Nov  4 11:24:32 AM UTC 2025: SP1 local server active
Tue Nov  4 11:25:32 AM UTC 2025: SP1 local server active
Tue Nov  4 11:26:32 AM UTC 2025: SP1 local server active
Tue Nov  4 11:27:32 AM UTC 2025: SP1 local server active
Tue Nov  4 11:28:32 AM UTC 2025: SP1 local server active
Tue Nov  4 11:29:32 AM UTC 2025: SP1 local server active
Tue Nov  4 11:30:32 AM UTC 2025: SP1 local server active
Tue Nov  4 11:31:32 AM UTC 2025: SP1 local server active
Tue Nov  4 11:32:32 AM UTC 2025: SP1 local server active
Tue Nov  4 11:33:32 AM UTC 2025: SP1 local server active
Tue Nov  4 11:34:32 AM UTC 2025: SP1 local server active
Tue Nov  4 11:35:32 AM UTC 2025: SP1 local server active
Tue Nov  4 11:36:32 AM UTC 2025: SP1 local server active
Tue Nov  4 11:37:32 AM UTC 2025: SP1 local server active
Tue Nov  4 11:38:32 AM UTC 2025: SP1 local server active
Tue Nov  4 11:39:32 AM UTC 2025: SP1 local server active
Tue Nov  4 11:40:32 AM UTC 2025: SP1 local server active
Tue Nov  4 11:41:32 AM UTC 2025: SP1 local server active
Tue Nov  4 11:42:32 AM UTC 2025: SP1 local server active
Tue Nov  4 11:43:32 AM UTC 2025: SP1 local server active
Tue Nov  4 11:44:32 AM UTC 2025: SP1 local server active
Tue Nov  4 11:45:32 AM UTC 2025: SP1 local server active
Tue Nov  4 11:46:32 AM UTC 2025: SP1 local server active
Tue Nov  4 11:47:32 AM UTC 2025: SP1 local server active
Tue Nov  4 11:48:32 AM UTC 2025: SP1 local server active
Tue Nov  4 11:49:32 AM UTC 2025: SP1 local server active
Tue Nov  4 11:50:32 AM UTC 2025: SP1 local server active
Tue Nov  4 11:51:32 AM UTC 2025: SP1 local server active
Tue Nov  4 11:52:32 AM UTC 2025: SP1 local server active
Tue Nov  4 11:53:32 AM UTC 2025: SP1 local server active
Tue Nov  4 11:54:32 AM UTC 2025: SP1 local server active
Tue Nov  4 11:55:32 AM UTC 2025: SP1 local server active
Tue Nov  4 11:56:32 AM UTC 2025: SP1 local server active
Tue Nov  4 11:57:32 AM UTC 2025: SP1 local server active
Tue Nov  4 11:58:32 AM UTC 2025: SP1 local server active
Tue Nov  4 11:59:32 AM UTC 2025: SP1 local server active
Tue Nov  4 12:00:32 PM UTC 2025: SP1 local server active
Tue Nov  4 12:01:32 PM UTC 2025: SP1 local server active
Tue Nov  4 12:02:32 PM UTC 2025: SP1 local server active
Tue Nov  4 12:03:32 PM UTC 2025: SP1 local server active
Tue Nov  4 12:04:32 PM UTC 2025: SP1 local server active
Tue Nov  4 12:05:32 PM UTC 2025: SP1 local server active
Tue Nov  4 12:06:32 PM UTC 2025: SP1 local server active
Tue Nov  4 12:07:32 PM UTC 2025: SP1 local server active
Tue Nov  4 12:08:32 PM UTC 2025: SP1 local server active
Tue Nov  4 12:09:32 PM UTC 2025: SP1 local server active
Tue Nov  4 12:10:32 PM UTC 2025: SP1 local server active
Tue Nov  4 12:11:32 PM UTC 2025: SP1 local server active
Tue Nov  4 12:12:32 PM UTC 2025: SP1 local server active
Tue Nov  4 12:13:32 PM UTC 2025: SP1 local server active
Tue Nov  4 12:14:32 PM UTC 2025: SP1 local server active
Tue Nov  4 12:15:32 PM UTC 2025: SP1 local server active
Tue Nov  4 12:16:32 PM UTC 2025: SP1 local server active
Tue Nov  4 12:17:32 PM UTC 2025: SP1 local server active
Tue Nov  4 12:18:32 PM UTC 2025: SP1 local server active
Tue Nov  4 12:19:32 PM UTC 2025: SP1 local server active
Tue Nov  4 12:20:32 PM UTC 2025: SP1 local server active
Tue Nov  4 12:21:32 PM UTC 2025: SP1 local server active
Tue Nov  4 12:22:32 PM UTC 2025: SP1 local server active
Tue Nov  4 12:23:32 PM UTC 2025: SP1 local server active
Tue Nov  4 12:24:32 PM UTC 2025: SP1 local server active
Tue Nov  4 12:25:32 PM UTC 2025: SP1 local server active
Tue Nov  4 12:26:32 PM UTC 2025: SP1 local server active
Tue Nov  4 12:27:32 PM UTC 2025: SP1 local server active
Tue Nov  4 12:28:32 PM UTC 2025: SP1 local server active
Tue Nov  4 12:29:32 PM UTC 2025: SP1 local server active
Tue Nov  4 12:30:32 PM UTC 2025: SP1 local server active
Tue Nov  4 12:31:32 PM UTC 2025: SP1 local server active
Tue Nov  4 12:32:32 PM UTC 2025: SP1 local server active
Tue Nov  4 12:33:32 PM UTC 2025: SP1 local server active
Tue Nov  4 12:34:32 PM UTC 2025: SP1 local server active
Tue Nov  4 12:35:32 PM UTC 2025: SP1 local server active
Tue Nov  4 12:36:32 PM UTC 2025: SP1 local server active
Tue Nov  4 12:37:32 PM UTC 2025: SP1 local server active
Tue Nov  4 12:38:32 PM UTC 2025: SP1 local server active
Tue Nov  4 12:39:32 PM UTC 2025: SP1 local server active
Tue Nov  4 12:40:32 PM UTC 2025: SP1 local server active
Tue Nov  4 12:41:32 PM UTC 2025: SP1 local server active
Tue Nov  4 12:42:32 PM UTC 2025: SP1 local server active
Tue Nov  4 12:43:32 PM UTC 2025: SP1 local server active
Tue Nov  4 12:44:32 PM UTC 2025: SP1 local server active
Tue Nov  4 12:45:32 PM UTC 2025: SP1 local server active
Tue Nov  4 12:46:32 PM UTC 2025: SP1 local server active
Tue Nov  4 12:47:32 PM UTC 2025: SP1 local server active
Tue Nov  4 12:48:32 PM UTC 2025: SP1 local server active
Tue Nov  4 12:49:32 PM UTC 2025: SP1 local server active
Tue Nov  4 12:50:32 PM UTC 2025: SP1 local server active
Tue Nov  4 12:51:32 PM UTC 2025: SP1 local server active
Tue Nov  4 12:52:32 PM UTC 2025: SP1 local server active
Tue Nov  4 12:53:32 PM UTC 2025: SP1 local server active
Tue Nov  4 12:54:32 PM UTC 2025: SP1 local server active
Tue Nov  4 12:55:32 PM UTC 2025: SP1 local server active
Tue Nov  4 12:56:32 PM UTC 2025: SP1 local server active
Tue Nov  4 12:57:32 PM UTC 2025: SP1 local server active
Tue Nov  4 12:58:32 PM UTC 2025: SP1 local server active
Tue Nov  4 12:59:32 PM UTC 2025: SP1 local server active
Tue Nov  4 01:00:32 PM UTC 2025: SP1 local server active
Tue Nov  4 01:01:32 PM UTC 2025: SP1 local server active
Tue Nov  4 01:02:32 PM UTC 2025: SP1 local server active
Tue Nov  4 01:03:32 PM UTC 2025: SP1 local server active
Tue Nov  4 01:04:32 PM UTC 2025: SP1 local server active
Tue Nov  4 01:05:32 PM UTC 2025: SP1 local server active
Tue Nov  4 01:06:32 PM UTC 2025: SP1 local server active
Tue Nov  4 01:07:32 PM UTC 2025: SP1 local server active
Tue Nov  4 01:08:32 PM UTC 2025: SP1 local server active
Tue Nov  4 01:09:32 PM UTC 2025: SP1 local server active
Tue Nov  4 01:10:32 PM UTC 2025: SP1 local server active
Tue Nov  4 01:11:32 PM UTC 2025: SP1 local server active
Tue Nov  4 01:12:32 PM UTC 2025: SP1 local server active
Tue Nov  4 01:13:32 PM UTC 2025: SP1 local server active
Tue Nov  4 01:14:32 PM UTC 2025: SP1 local server active
Tue Nov  4 01:15:32 PM UTC 2025: SP1 local server active
Tue Nov  4 01:16:32 PM UTC 2025: SP1 local server active
Tue Nov  4 01:17:32 PM UTC 2025: SP1 local server active
Tue Nov  4 01:18:32 PM UTC 2025: SP1 local server active
Tue Nov  4 01:19:32 PM UTC 2025: SP1 local server active
Tue Nov  4 01:20:32 PM UTC 2025: SP1 local server active
Tue Nov  4 01:21:33 PM UTC 2025: SP1 local server active
Tue Nov  4 01:22:33 PM UTC 2025: SP1 local server active
Tue Nov  4 01:23:33 PM UTC 2025: SP1 local server active
Tue Nov  4 01:24:33 PM UTC 2025: SP1 local server active
Tue Nov  4 01:25:33 PM UTC 2025: SP1 local server active
Tue Nov  4 01:26:33 PM UTC 2025: SP1 local server active
Tue Nov  4 01:27:33 PM UTC 2025: SP1 local server active
Tue Nov  4 01:28:33 PM UTC 2025: SP1 local server active
Tue Nov  4 01:29:33 PM UTC 2025: SP1 local server active
Tue Nov  4 01:30:33 PM UTC 2025: SP1 local server active
Tue Nov  4 01:31:33 PM UTC 2025: SP1 local server active
Tue Nov  4 01:32:33 PM UTC 2025: SP1 local server active
Tue Nov  4 01:33:33 PM UTC 2025: SP1 local server active
Tue Nov  4 01:34:33 PM UTC 2025: SP1 local server active
Tue Nov  4 01:35:33 PM UTC 2025: SP1 local server active
Tue Nov  4 01:36:33 PM UTC 2025: SP1 local server active
Tue Nov  4 01:37:33 PM UTC 2025: SP1 local server active
Tue Nov  4 01:38:33 PM UTC 2025: SP1 local server active
Tue Nov  4 01:39:33 PM UTC 2025: SP1 local server active
Tue Nov  4 01:40:33 PM UTC 2025: SP1 local server active
Tue Nov  4 01:41:33 PM UTC 2025: SP1 local server active
Tue Nov  4 01:42:33 PM UTC 2025: SP1 local server active
Tue Nov  4 01:43:33 PM UTC 2025: SP1 local server active
Tue Nov  4 01:44:33 PM UTC 2025: SP1 local server active
Tue Nov  4 01:45:33 PM UTC 2025: SP1 local server active
Tue Nov  4 01:46:33 PM UTC 2025: SP1 local server active
Tue Nov  4 01:47:33 PM UTC 2025: SP1 local server active
Tue Nov  4 01:48:33 PM UTC 2025: SP1 local server active
Tue Nov  4 01:49:33 PM UTC 2025: SP1 local server active
Tue Nov  4 01:50:33 PM UTC 2025: SP1 local server active
Tue Nov  4 01:51:33 PM UTC 2025: SP1 local server active
Tue Nov  4 01:52:33 PM UTC 2025: SP1 local server active
Tue Nov  4 01:53:33 PM UTC 2025: SP1 local server active
Tue Nov  4 01:54:33 PM UTC 2025: SP1 local server active
Tue Nov  4 01:55:33 PM UTC 2025: SP1 local server active
Tue Nov  4 01:56:33 PM UTC 2025: SP1 local server active
Tue Nov  4 01:57:33 PM UTC 2025: SP1 local server active
Tue Nov  4 01:58:33 PM UTC 2025: SP1 local server active
Tue Nov  4 01:59:33 PM UTC 2025: SP1 local server active
Tue Nov  4 02:00:33 PM UTC 2025: SP1 local server active
Tue Nov  4 02:01:33 PM UTC 2025: SP1 local server active
Tue Nov  4 02:02:33 PM UTC 2025: SP1 local server active
Tue Nov  4 02:03:33 PM UTC 2025: SP1 local server active
Tue Nov  4 02:04:33 PM UTC 2025: SP1 local server active
Tue Nov  4 02:05:33 PM UTC 2025: SP1 local server active
Tue Nov  4 02:06:33 PM UTC 2025: SP1 local server active
Tue Nov  4 02:07:33 PM UTC 2025: SP1 local server active
Tue Nov  4 02:08:33 PM UTC 2025: SP1 local server active
Tue Nov  4 02:09:33 PM UTC 2025: SP1 local server active
Tue Nov  4 02:10:33 PM UTC 2025: SP1 local server active
Tue Nov  4 02:11:33 PM UTC 2025: SP1 local server active
Tue Nov  4 02:12:33 PM UTC 2025: SP1 local server active
Tue Nov  4 02:13:33 PM UTC 2025: SP1 local server active
Tue Nov  4 02:14:33 PM UTC 2025: SP1 local server active
Tue Nov  4 02:15:33 PM UTC 2025: SP1 local server active
Tue Nov  4 02:16:33 PM UTC 2025: SP1 local server active
Tue Nov  4 02:17:33 PM UTC 2025: SP1 local server active
Tue Nov  4 02:18:33 PM UTC 2025: SP1 local server active
Tue Nov  4 02:19:33 PM UTC 2025: SP1 local server active
Tue Nov  4 02:20:33 PM UTC 2025: SP1 local server active
Tue Nov  4 02:21:33 PM UTC 2025: SP1 local server active
Tue Nov  4 02:22:33 PM UTC 2025: SP1 local server active
Tue Nov  4 02:23:33 PM UTC 2025: SP1 local server active
Tue Nov  4 02:24:33 PM UTC 2025: SP1 local server active
Tue Nov  4 02:25:33 PM UTC 2025: SP1 local server active
Tue Nov  4 02:26:33 PM UTC 2025: SP1 local server active
Tue Nov  4 02:27:33 PM UTC 2025: SP1 local server active
Tue Nov  4 02:28:33 PM UTC 2025: SP1 local server active
Tue Nov  4 02:29:33 PM UTC 2025: SP1 local server active
Tue Nov  4 02:30:33 PM UTC 2025: SP1 local server active
Tue Nov  4 02:31:33 PM UTC 2025: SP1 local server active
Tue Nov  4 02:32:33 PM UTC 2025: SP1 local server active
Tue Nov  4 02:33:33 PM UTC 2025: SP1 local server active
Tue Nov  4 02:34:33 PM UTC 2025: SP1 local server active
Tue Nov  4 02:35:33 PM UTC 2025: SP1 local server active
Tue Nov  4 02:36:33 PM UTC 2025: SP1 local server active
Tue Nov  4 02:37:33 PM UTC 2025: SP1 local server active
Tue Nov  4 02:38:33 PM UTC 2025: SP1 local server active
Tue Nov  4 02:39:33 PM UTC 2025: SP1 local server active
Tue Nov  4 02:40:33 PM UTC 2025: SP1 local server active
Tue Nov  4 02:41:33 PM UTC 2025: SP1 local server active
Tue Nov  4 02:42:33 PM UTC 2025: SP1 local server active
Tue Nov  4 02:43:33 PM UTC 2025: SP1 local server active
Tue Nov  4 02:44:33 PM UTC 2025: SP1 local server active
Tue Nov  4 02:45:33 PM UTC 2025: SP1 local server active
Tue Nov  4 02:46:33 PM UTC 2025: SP1 local server active
Tue Nov  4 02:47:33 PM UTC 2025: SP1 local server active
Tue Nov  4 02:48:33 PM UTC 2025: SP1 local server active
Tue Nov  4 02:49:33 PM UTC 2025: SP1 local server active
Tue Nov  4 02:50:33 PM UTC 2025: SP1 local server active
Tue Nov  4 02:51:33 PM UTC 2025: SP1 local server active
Tue Nov  4 02:52:33 PM UTC 2025: SP1 local server active
Tue Nov  4 02:53:33 PM UTC 2025: SP1 local server active
Tue Nov  4 02:54:33 PM UTC 2025: SP1 local server active
Tue Nov  4 02:55:33 PM UTC 2025: SP1 local server active
Tue Nov  4 02:56:33 PM UTC 2025: SP1 local server active
Tue Nov  4 02:57:33 PM UTC 2025: SP1 local server active
Tue Nov  4 02:58:33 PM UTC 2025: SP1 local server active
Tue Nov  4 02:59:33 PM UTC 2025: SP1 local server active
Tue Nov  4 03:00:33 PM UTC 2025: SP1 local server active
Tue Nov  4 03:01:33 PM UTC 2025: SP1 local server active
Tue Nov  4 03:02:33 PM UTC 2025: SP1 local server active
Tue Nov  4 03:03:33 PM UTC 2025: SP1 local server active
Tue Nov  4 03:04:33 PM UTC 2025: SP1 local server active
Tue Nov  4 03:05:33 PM UTC 2025: SP1 local server active
Tue Nov  4 03:06:33 PM UTC 2025: SP1 local server active
Tue Nov  4 03:07:33 PM UTC 2025: SP1 local server active
Tue Nov  4 03:08:33 PM UTC 2025: SP1 local server active
Tue Nov  4 03:09:33 PM UTC 2025: SP1 local server active
Tue Nov  4 03:10:33 PM UTC 2025: SP1 local server active
Tue Nov  4 03:11:33 PM UTC 2025: SP1 local server active
Tue Nov  4 03:12:33 PM UTC 2025: SP1 local server active
Tue Nov  4 03:13:33 PM UTC 2025: SP1 local server active
Tue Nov  4 03:14:33 PM UTC 2025: SP1 local server active
Tue Nov  4 03:15:33 PM UTC 2025: SP1 local server active
Tue Nov  4 03:16:33 PM UTC 2025: SP1 local server active
Tue Nov  4 03:17:33 PM UTC 2025: SP1 local server active
Tue Nov  4 03:18:33 PM UTC 2025: SP1 local server active
Tue Nov  4 03:19:33 PM UTC 2025: SP1 local server active
Tue Nov  4 03:20:33 PM UTC 2025: SP1 local server active
Tue Nov  4 03:21:33 PM UTC 2025: SP1 local server active
Tue Nov  4 03:22:33 PM UTC 2025: SP1 local server active
Tue Nov  4 03:23:33 PM UTC 2025: SP1 local server active
Tue Nov  4 03:24:33 PM UTC 2025: SP1 local server active
Tue Nov  4 03:25:33 PM UTC 2025: SP1 local server active
Tue Nov  4 03:26:33 PM UTC 2025: SP1 local server active
Tue Nov  4 03:27:33 PM UTC 2025: SP1 local server active
Tue Nov  4 03:28:34 PM UTC 2025: SP1 local server active
Tue Nov  4 03:29:34 PM UTC 2025: SP1 local server active
Tue Nov  4 03:30:34 PM UTC 2025: SP1 local server active
Tue Nov  4 03:31:34 PM UTC 2025: SP1 local server active
Tue Nov  4 03:32:34 PM UTC 2025: SP1 local server active
Tue Nov  4 03:33:34 PM UTC 2025: SP1 local server active
Tue Nov  4 03:34:34 PM UTC 2025: SP1 local server active
Tue Nov  4 03:35:34 PM UTC 2025: SP1 local server active
Tue Nov  4 03:36:34 PM UTC 2025: SP1 local server active
Tue Nov  4 03:37:34 PM UTC 2025: SP1 local server active
Tue Nov  4 03:38:34 PM UTC 2025: SP1 local server active
Tue Nov  4 03:39:35 PM UTC 2025: SP1 local server active
Tue Nov  4 03:40:35 PM UTC 2025: SP1 local server active
Tue Nov  4 03:41:35 PM UTC 2025: SP1 local server active
Tue Nov  4 03:42:35 PM UTC 2025: SP1 local server active
Tue Nov  4 03:43:35 PM UTC 2025: SP1 local server active
Tue Nov  4 03:44:35 PM UTC 2025: SP1 local server active
Tue Nov  4 03:45:35 PM UTC 2025: SP1 local server active
Tue Nov  4 03:46:35 PM UTC 2025: SP1 local server active
Tue Nov  4 03:47:36 PM UTC 2025: SP1 local server active
Tue Nov  4 03:48:36 PM UTC 2025: SP1 local server active
Tue Nov  4 03:49:36 PM UTC 2025: SP1 local server active
Tue Nov  4 03:50:36 PM UTC 2025: SP1 local server active
Tue Nov  4 03:51:36 PM UTC 2025: SP1 local server active
Tue Nov  4 03:52:36 PM UTC 2025: SP1 local server active
Tue Nov  4 03:53:37 PM UTC 2025: SP1 local server active
Tue Nov  4 03:54:37 PM UTC 2025: SP1 local server active
Tue Nov  4 03:55:37 PM UTC 2025: SP1 local server active
Tue Nov  4 03:56:37 PM UTC 2025: SP1 local server active
Tue Nov  4 03:57:37 PM UTC 2025: SP1 local server active
Tue Nov  4 03:58:37 PM UTC 2025: SP1 local server active
Tue Nov  4 03:59:38 PM UTC 2025: SP1 local server active
Tue Nov  4 04:00:38 PM UTC 2025: SP1 local server active
Tue Nov  4 04:01:38 PM UTC 2025: SP1 local server active
Tue Nov  4 04:02:38 PM UTC 2025: SP1 local server active
Tue Nov  4 04:03:39 PM UTC 2025: SP1 local server active
Tue Nov  4 04:04:39 PM UTC 2025: SP1 local server active
Tue Nov  4 04:05:39 PM UTC 2025: SP1 local server active
Tue Nov  4 04:06:39 PM UTC 2025: SP1 local server active
Tue Nov  4 04:07:39 PM UTC 2025: SP1 local server active
Tue Nov  4 04:08:39 PM UTC 2025: SP1 local server active
Tue Nov  4 04:09:40 PM UTC 2025: SP1 local server active
Tue Nov  4 04:10:40 PM UTC 2025: SP1 local server active
Tue Nov  4 04:11:40 PM UTC 2025: SP1 local server active
Tue Nov  4 04:12:40 PM UTC 2025: SP1 local server active
Tue Nov  4 04:13:40 PM UTC 2025: SP1 local server active
Tue Nov  4 04:14:41 PM UTC 2025: SP1 local server active
Tue Nov  4 04:15:41 PM UTC 2025: SP1 local server active
Tue Nov  4 04:16:41 PM UTC 2025: SP1 local server active
Tue Nov  4 04:17:41 PM UTC 2025: SP1 local server active
Tue Nov  4 04:18:41 PM UTC 2025: SP1 local server active
Tue Nov  4 04:19:42 PM UTC 2025: SP1 local server active
Tue Nov  4 04:20:42 PM UTC 2025: SP1 local server active
Tue Nov  4 04:21:42 PM UTC 2025: SP1 local server active
Tue Nov  4 04:22:42 PM UTC 2025: SP1 local server active
Tue Nov  4 04:23:42 PM UTC 2025: SP1 local server active
Tue Nov  4 04:24:43 PM UTC 2025: SP1 local server active
Tue Nov  4 04:25:43 PM UTC 2025: SP1 local server active
Tue Nov  4 04:26:43 PM UTC 2025: SP1 local server active
Tue Nov  4 04:27:43 PM UTC 2025: SP1 local server active
Tue Nov  4 04:28:43 PM UTC 2025: SP1 local server active
Tue Nov  4 04:29:43 PM UTC 2025: SP1 local server active
Tue Nov  4 04:30:43 PM UTC 2025: SP1 local server active
Tue Nov  4 04:31:43 PM UTC 2025: SP1 local server active
Tue Nov  4 04:32:43 PM UTC 2025: SP1 local server active
Tue Nov  4 04:33:43 PM UTC 2025: SP1 local server active
Tue Nov  4 04:34:44 PM UTC 2025: SP1 local server active
Tue Nov  4 04:35:44 PM UTC 2025: SP1 local server active
Tue Nov  4 04:36:44 PM UTC 2025: SP1 local server active
Tue Nov  4 04:37:44 PM UTC 2025: SP1 local server active
Tue Nov  4 04:38:45 PM UTC 2025: SP1 local server active
Tue Nov  4 04:39:45 PM UTC 2025: SP1 local server active
Tue Nov  4 04:40:45 PM UTC 2025: SP1 local server active
Tue Nov  4 04:41:45 PM UTC 2025: SP1 local server active
Tue Nov  4 04:42:45 PM UTC 2025: SP1 local server active
Tue Nov  4 04:43:46 PM UTC 2025: SP1 local server active
Tue Nov  4 04:44:46 PM UTC 2025: SP1 local server active
Tue Nov  4 04:45:46 PM UTC 2025: SP1 local server active
Tue Nov  4 04:46:46 PM UTC 2025: SP1 local server active
Tue Nov  4 04:47:47 PM UTC 2025: SP1 local server active
Tue Nov  4 04:48:47 PM UTC 2025: SP1 local server active
Tue Nov  4 04:49:47 PM UTC 2025: SP1 local server active
Tue Nov  4 04:50:47 PM UTC 2025: SP1 local server active
Tue Nov  4 04:51:47 PM UTC 2025: SP1 local server active
Tue Nov  4 04:52:47 PM UTC 2025: SP1 local server active
Tue Nov  4 04:53:48 PM UTC 2025: SP1 local server active
Tue Nov  4 04:54:48 PM UTC 2025: SP1 local server active
Tue Nov  4 04:55:48 PM UTC 2025: SP1 local server active
Tue Nov  4 04:56:48 PM UTC 2025: SP1 local server active
Tue Nov  4 04:57:48 PM UTC 2025: SP1 local server active
Tue Nov  4 04:58:49 PM UTC 2025: SP1 local server active
Tue Nov  4 04:59:49 PM UTC 2025: SP1 local server active
Tue Nov  4 05:00:49 PM UTC 2025: SP1 local server active
Tue Nov  4 05:01:49 PM UTC 2025: SP1 local server active
Tue Nov  4 05:02:49 PM UTC 2025: SP1 local server active
Tue Nov  4 05:03:49 PM UTC 2025: SP1 local server active
Tue Nov  4 05:04:49 PM UTC 2025: SP1 local server active
Tue Nov  4 05:05:49 PM UTC 2025: SP1 local server active
Tue Nov  4 05:06:49 PM UTC 2025: SP1 local server active
Tue Nov  4 05:07:50 PM UTC 2025: SP1 local server active
Tue Nov  4 05:08:50 PM UTC 2025: SP1 local server active
Tue Nov  4 05:09:50 PM UTC 2025: SP1 local server active
Tue Nov  4 05:10:50 PM UTC 2025: SP1 local server active
Tue Nov  4 05:11:50 PM UTC 2025: SP1 local server active
Tue Nov  4 05:12:50 PM UTC 2025: SP1 local server active
Tue Nov  4 05:13:50 PM UTC 2025: SP1 local server active
Tue Nov  4 05:14:50 PM UTC 2025: SP1 local server active
Tue Nov  4 05:15:50 PM UTC 2025: SP1 local server active
Tue Nov  4 05:16:50 PM UTC 2025: SP1 local server active
Tue Nov  4 05:17:50 PM UTC 2025: SP1 local server active
Tue Nov  4 05:18:50 PM UTC 2025: SP1 local server active
Tue Nov  4 05:19:50 PM UTC 2025: SP1 local server active
Tue Nov  4 05:20:50 PM UTC 2025: SP1 local server active
Tue Nov  4 05:21:50 PM UTC 2025: SP1 local server active
Tue Nov  4 05:22:50 PM UTC 2025: SP1 local server active
Tue Nov  4 05:23:50 PM UTC 2025: SP1 local server active
Tue Nov  4 05:24:50 PM UTC 2025: SP1 local server active
Tue Nov  4 05:25:50 PM UTC 2025: SP1 local server active
Tue Nov  4 05:26:50 PM UTC 2025: SP1 local server active
Tue Nov  4 05:27:50 PM UTC 2025: SP1 local server active
Tue Nov  4 05:28:50 PM UTC 2025: SP1 local server active
Tue Nov  4 05:29:50 PM UTC 2025: SP1 local server active
Tue Nov  4 05:30:50 PM UTC 2025: SP1 local server active
Tue Nov  4 05:31:50 PM UTC 2025: SP1 local server active
Tue Nov  4 05:32:50 PM UTC 2025: SP1 local server active
Tue Nov  4 05:33:50 PM UTC 2025: SP1 local server active
Tue Nov  4 05:34:50 PM UTC 2025: SP1 local server active
Tue Nov  4 05:35:50 PM UTC 2025: SP1 local server active
Tue Nov  4 05:36:50 PM UTC 2025: SP1 local server active
Tue Nov  4 05:37:50 PM UTC 2025: SP1 local server active
Tue Nov  4 05:38:50 PM UTC 2025: SP1 local server active
Tue Nov  4 05:39:50 PM UTC 2025: SP1 local server active
Tue Nov  4 05:40:50 PM UTC 2025: SP1 local server active
Tue Nov  4 05:41:50 PM UTC 2025: SP1 local server active
Tue Nov  4 05:42:50 PM UTC 2025: SP1 local server active
Tue Nov  4 05:43:50 PM UTC 2025: SP1 local server active
Tue Nov  4 05:44:50 PM UTC 2025: SP1 local server active
Tue Nov  4 05:45:50 PM UTC 2025: SP1 local server active
Tue Nov  4 05:46:50 PM UTC 2025: SP1 local server active
Tue Nov  4 05:47:50 PM UTC 2025: SP1 local server active
Tue Nov  4 05:48:50 PM UTC 2025: SP1 local server active
Tue Nov  4 05:49:50 PM UTC 2025: SP1 local server active
Tue Nov  4 05:50:50 PM UTC 2025: SP1 local server active
Tue Nov  4 05:51:50 PM UTC 2025: SP1 local server active
Tue Nov  4 05:52:50 PM UTC 2025: SP1 local server active
Tue Nov  4 05:53:50 PM UTC 2025: SP1 local server active
Tue Nov  4 05:54:50 PM UTC 2025: SP1 local server active
Tue Nov  4 05:55:50 PM UTC 2025: SP1 local server active
Tue Nov  4 05:56:50 PM UTC 2025: SP1 local server active
Tue Nov  4 05:57:50 PM UTC 2025: SP1 local server active
Tue Nov  4 05:58:50 PM UTC 2025: SP1 local server active
Tue Nov  4 05:59:50 PM UTC 2025: SP1 local server active
Tue Nov  4 06:00:50 PM UTC 2025: SP1 local server active
Tue Nov  4 06:01:50 PM UTC 2025: SP1 local server active
Tue Nov  4 06:02:50 PM UTC 2025: SP1 local server active
Tue Nov  4 06:03:50 PM UTC 2025: SP1 local server active
Tue Nov  4 06:04:50 PM UTC 2025: SP1 local server active
Tue Nov  4 06:05:50 PM UTC 2025: SP1 local server active
Tue Nov  4 06:06:50 PM UTC 2025: SP1 local server active
Tue Nov  4 06:07:51 PM UTC 2025: SP1 local server active
Tue Nov  4 06:08:51 PM UTC 2025: SP1 local server active
Tue Nov  4 06:09:51 PM UTC 2025: SP1 local server active
Tue Nov  4 06:10:51 PM UTC 2025: SP1 local server active
Tue Nov  4 06:11:51 PM UTC 2025: SP1 local server active
Tue Nov  4 06:12:51 PM UTC 2025: SP1 local server active
Tue Nov  4 06:13:51 PM UTC 2025: SP1 local server active
Tue Nov  4 06:14:51 PM UTC 2025: SP1 local server active
Tue Nov  4 06:15:51 PM UTC 2025: SP1 local server active
Tue Nov  4 06:16:51 PM UTC 2025: SP1 local server active
Tue Nov  4 06:17:51 PM UTC 2025: SP1 local server active
Tue Nov  4 06:18:51 PM UTC 2025: SP1 local server active
Tue Nov  4 06:19:51 PM UTC 2025: SP1 local server active
Tue Nov  4 06:20:51 PM UTC 2025: SP1 local server active
Tue Nov  4 06:21:51 PM UTC 2025: SP1 local server active
Tue Nov  4 06:22:51 PM UTC 2025: SP1 local server active
Tue Nov  4 06:23:51 PM UTC 2025: SP1 local server active
Tue Nov  4 06:24:51 PM UTC 2025: SP1 local server active
Tue Nov  4 06:25:51 PM UTC 2025: SP1 local server active
Tue Nov  4 06:26:51 PM UTC 2025: SP1 local server active
Tue Nov  4 06:27:51 PM UTC 2025: SP1 local server active
Tue Nov  4 06:28:51 PM UTC 2025: SP1 local server active
Tue Nov  4 06:29:51 PM UTC 2025: SP1 local server active
Tue Nov  4 06:30:51 PM UTC 2025: SP1 local server active
Tue Nov  4 06:31:51 PM UTC 2025: SP1 local server active
Tue Nov  4 06:32:51 PM UTC 2025: SP1 local server active
Tue Nov  4 06:33:51 PM UTC 2025: SP1 local server active
Tue Nov  4 06:34:51 PM UTC 2025: SP1 local server active
Tue Nov  4 06:35:51 PM UTC 2025: SP1 local server active
Tue Nov  4 06:36:51 PM UTC 2025: SP1 local server active
Tue Nov  4 06:37:51 PM UTC 2025: SP1 local server active
Tue Nov  4 06:38:51 PM UTC 2025: SP1 local server active
Tue Nov  4 06:39:51 PM UTC 2025: SP1 local server active
Tue Nov  4 06:40:51 PM UTC 2025: SP1 local server active
Tue Nov  4 06:41:51 PM UTC 2025: SP1 local server active
Tue Nov  4 06:42:51 PM UTC 2025: SP1 local server active
Tue Nov  4 06:43:51 PM UTC 2025: SP1 local server active
Tue Nov  4 06:44:51 PM UTC 2025: SP1 local server active
Tue Nov  4 06:45:51 PM UTC 2025: SP1 local server active
Tue Nov  4 06:46:51 PM UTC 2025: SP1 local server active
Tue Nov  4 06:47:51 PM UTC 2025: SP1 local server active
Tue Nov  4 06:48:51 PM UTC 2025: SP1 local server active
Tue Nov  4 06:49:51 PM UTC 2025: SP1 local server active
Tue Nov  4 06:50:51 PM UTC 2025: SP1 local server active
Tue Nov  4 06:51:51 PM UTC 2025: SP1 local server active
Tue Nov  4 06:52:51 PM UTC 2025: SP1 local server active
Tue Nov  4 06:53:51 PM UTC 2025: SP1 local server active
Tue Nov  4 06:54:51 PM UTC 2025: SP1 local server active
Tue Nov  4 06:55:51 PM UTC 2025: SP1 local server active
Tue Nov  4 06:56:51 PM UTC 2025: SP1 local server active
Tue Nov  4 06:57:51 PM UTC 2025: SP1 local server active
Tue Nov  4 06:58:51 PM UTC 2025: SP1 local server active
Tue Nov  4 06:59:51 PM UTC 2025: SP1 local server active
Tue Nov  4 07:00:51 PM UTC 2025: SP1 local server active
Tue Nov  4 07:01:51 PM UTC 2025: SP1 local server active
Tue Nov  4 07:02:51 PM UTC 2025: SP1 local server active
Tue Nov  4 07:03:51 PM UTC 2025: SP1 local server active
Tue Nov  4 07:04:51 PM UTC 2025: SP1 local server active
Tue Nov  4 07:05:51 PM UTC 2025: SP1 local server active
Tue Nov  4 07:06:51 PM UTC 2025: SP1 local server active
Tue Nov  4 07:07:51 PM UTC 2025: SP1 local server active
Tue Nov  4 07:08:51 PM UTC 2025: SP1 local server active
Tue Nov  4 07:09:51 PM UTC 2025: SP1 local server active
Tue Nov  4 07:10:51 PM UTC 2025: SP1 local server active
Tue Nov  4 07:11:51 PM UTC 2025: SP1 local server active
Tue Nov  4 07:12:51 PM UTC 2025: SP1 local server active
Tue Nov  4 07:13:51 PM UTC 2025: SP1 local server active
Tue Nov  4 07:14:51 PM UTC 2025: SP1 local server active
Tue Nov  4 07:15:51 PM UTC 2025: SP1 local server active
Tue Nov  4 07:16:51 PM UTC 2025: SP1 local server active
Tue Nov  4 07:17:51 PM UTC 2025: SP1 local server active
Tue Nov  4 07:18:51 PM UTC 2025: SP1 local server active
Tue Nov  4 07:19:51 PM UTC 2025: SP1 local server active
Tue Nov  4 07:20:51 PM UTC 2025: SP1 local server active
Tue Nov  4 07:21:51 PM UTC 2025: SP1 local server active
Tue Nov  4 07:22:51 PM UTC 2025: SP1 local server active
Tue Nov  4 07:23:51 PM UTC 2025: SP1 local server active
Tue Nov  4 07:24:51 PM UTC 2025: SP1 local server active
Tue Nov  4 07:25:51 PM UTC 2025: SP1 local server active
Tue Nov  4 07:26:51 PM UTC 2025: SP1 local server active
Tue Nov  4 07:27:51 PM UTC 2025: SP1 local server active
Tue Nov  4 07:28:51 PM UTC 2025: SP1 local server active
Tue Nov  4 07:29:51 PM UTC 2025: SP1 local server active
Tue Nov  4 07:30:51 PM UTC 2025: SP1 local server active
Tue Nov  4 07:31:51 PM UTC 2025: SP1 local server active
Tue Nov  4 07:32:51 PM UTC 2025: SP1 local server active
Tue Nov  4 07:33:51 PM UTC 2025: SP1 local server active
Tue Nov  4 07:34:51 PM UTC 2025: SP1 local server active
Tue Nov  4 07:35:51 PM UTC 2025: SP1 local server active
Tue Nov  4 07:36:51 PM UTC 2025: SP1 local server active
Tue Nov  4 07:37:51 PM UTC 2025: SP1 local server active
Tue Nov  4 07:38:51 PM UTC 2025: SP1 local server active
Tue Nov  4 07:39:51 PM UTC 2025: SP1 local server active
Tue Nov  4 07:40:51 PM UTC 2025: SP1 local server active
Tue Nov  4 07:41:51 PM UTC 2025: SP1 local server active
Tue Nov  4 07:42:51 PM UTC 2025: SP1 local server active
Tue Nov  4 07:43:51 PM UTC 2025: SP1 local server active
Tue Nov  4 07:44:51 PM UTC 2025: SP1 local server active
Tue Nov  4 07:45:51 PM UTC 2025: SP1 local server active
Tue Nov  4 07:46:51 PM UTC 2025: SP1 local server active
Tue Nov  4 07:47:51 PM UTC 2025: SP1 local server active
Tue Nov  4 07:48:51 PM UTC 2025: SP1 local server active
Tue Nov  4 07:49:51 PM UTC 2025: SP1 local server active
Tue Nov  4 07:50:51 PM UTC 2025: SP1 local server active
Tue Nov  4 07:51:51 PM UTC 2025: SP1 local server active
Tue Nov  4 07:52:51 PM UTC 2025: SP1 local server active
Tue Nov  4 07:53:51 PM UTC 2025: SP1 local server active
Tue Nov  4 07:54:51 PM UTC 2025: SP1 local server active
Tue Nov  4 07:55:51 PM UTC 2025: SP1 local server active
Tue Nov  4 07:56:51 PM UTC 2025: SP1 local server active
Tue Nov  4 07:57:51 PM UTC 2025: SP1 local server active
Tue Nov  4 07:58:51 PM UTC 2025: SP1 local server active
Tue Nov  4 07:59:51 PM UTC 2025: SP1 local server active
Tue Nov  4 08:00:51 PM UTC 2025: SP1 local server active
Tue Nov  4 08:01:51 PM UTC 2025: SP1 local server active
Tue Nov  4 08:02:51 PM UTC 2025: SP1 local server active
Tue Nov  4 08:03:51 PM UTC 2025: SP1 local server active
Tue Nov  4 08:04:51 PM UTC 2025: SP1 local server active
Tue Nov  4 08:05:51 PM UTC 2025: SP1 local server active
Tue Nov  4 08:06:51 PM UTC 2025: SP1 local server active
Tue Nov  4 08:07:51 PM UTC 2025: SP1 local server active
Tue Nov  4 08:08:51 PM UTC 2025: SP1 local server active
Tue Nov  4 08:09:51 PM UTC 2025: SP1 local server active
Tue Nov  4 08:10:51 PM UTC 2025: SP1 local server active
Tue Nov  4 08:11:51 PM UTC 2025: SP1 local server active
Tue Nov  4 08:12:51 PM UTC 2025: SP1 local server active
Tue Nov  4 08:13:51 PM UTC 2025: SP1 local server active
Tue Nov  4 08:14:51 PM UTC 2025: SP1 local server active
Tue Nov  4 08:15:51 PM UTC 2025: SP1 local server active
Tue Nov  4 08:16:51 PM UTC 2025: SP1 local server active
Tue Nov  4 08:17:51 PM UTC 2025: SP1 local server active
Tue Nov  4 08:18:51 PM UTC 2025: SP1 local server active
Tue Nov  4 08:19:51 PM UTC 2025: SP1 local server active
Tue Nov  4 08:20:51 PM UTC 2025: SP1 local server active
Tue Nov  4 08:21:51 PM UTC 2025: SP1 local server active
Tue Nov  4 08:22:51 PM UTC 2025: SP1 local server active
Tue Nov  4 08:23:52 PM UTC 2025: SP1 local server active
Tue Nov  4 08:24:52 PM UTC 2025: SP1 local server active
Tue Nov  4 08:25:52 PM UTC 2025: SP1 local server active
Tue Nov  4 08:26:52 PM UTC 2025: SP1 local server active
Tue Nov  4 08:27:52 PM UTC 2025: SP1 local server active
Tue Nov  4 08:28:52 PM UTC 2025: SP1 local server active
Tue Nov  4 08:29:52 PM UTC 2025: SP1 local server active
Tue Nov  4 08:30:52 PM UTC 2025: SP1 local server active
Tue Nov  4 08:31:52 PM UTC 2025: SP1 local server active
Tue Nov  4 08:32:52 PM UTC 2025: SP1 local server active
Tue Nov  4 08:33:52 PM UTC 2025: SP1 local server active
Tue Nov  4 08:34:52 PM UTC 2025: SP1 local server active
Tue Nov  4 08:35:52 PM UTC 2025: SP1 local server active
Tue Nov  4 08:36:52 PM UTC 2025: SP1 local server active
Tue Nov  4 08:37:52 PM UTC 2025: SP1 local server active
Tue Nov  4 08:38:52 PM UTC 2025: SP1 local server active
Tue Nov  4 08:39:52 PM UTC 2025: SP1 local server active
Tue Nov  4 08:40:52 PM UTC 2025: SP1 local server active
Tue Nov  4 08:41:52 PM UTC 2025: SP1 local server active
Tue Nov  4 08:42:52 PM UTC 2025: SP1 local server active
Tue Nov  4 08:43:52 PM UTC 2025: SP1 local server active
Tue Nov  4 08:44:52 PM UTC 2025: SP1 local server active
Tue Nov  4 08:45:52 PM UTC 2025: SP1 local server active
Tue Nov  4 08:46:52 PM UTC 2025: SP1 local server active
Tue Nov  4 08:47:52 PM UTC 2025: SP1 local server active
Tue Nov  4 08:48:52 PM UTC 2025: SP1 local server active
Tue Nov  4 08:49:52 PM UTC 2025: SP1 local server active
Tue Nov  4 08:50:52 PM UTC 2025: SP1 local server active
Tue Nov  4 08:51:52 PM UTC 2025: SP1 local server active
Tue Nov  4 08:52:52 PM UTC 2025: SP1 local server active
Tue Nov  4 08:53:52 PM UTC 2025: SP1 local server active
Tue Nov  4 08:54:52 PM UTC 2025: SP1 local server active
Tue Nov  4 08:55:52 PM UTC 2025: SP1 local server active
Tue Nov  4 08:56:52 PM UTC 2025: SP1 local server active
Tue Nov  4 08:57:52 PM UTC 2025: SP1 local server active
Tue Nov  4 08:58:52 PM UTC 2025: SP1 local server active
Tue Nov  4 08:59:52 PM UTC 2025: SP1 local server active
Tue Nov  4 09:00:52 PM UTC 2025: SP1 local server active
Tue Nov  4 09:01:52 PM UTC 2025: SP1 local server active
Tue Nov  4 09:02:52 PM UTC 2025: SP1 local server active
Tue Nov  4 09:03:52 PM UTC 2025: SP1 local server active
Tue Nov  4 09:04:52 PM UTC 2025: SP1 local server active
Tue Nov  4 09:05:52 PM UTC 2025: SP1 local server active
Tue Nov  4 09:06:52 PM UTC 2025: SP1 local server active
Tue Nov  4 09:07:52 PM UTC 2025: SP1 local server active
Tue Nov  4 09:08:52 PM UTC 2025: SP1 local server active
Tue Nov  4 09:09:52 PM UTC 2025: SP1 local server active
Tue Nov  4 09:10:52 PM UTC 2025: SP1 local server active
Tue Nov  4 09:11:52 PM UTC 2025: SP1 local server active
Tue Nov  4 09:12:52 PM UTC 2025: SP1 local server active
Tue Nov  4 09:13:52 PM UTC 2025: SP1 local server active
Tue Nov  4 09:14:52 PM UTC 2025: SP1 local server active
Tue Nov  4 09:15:52 PM UTC 2025: SP1 local server active
Tue Nov  4 09:16:52 PM UTC 2025: SP1 local server active
Tue Nov  4 09:17:52 PM UTC 2025: SP1 local server active
Tue Nov  4 09:18:52 PM UTC 2025: SP1 local server active
Tue Nov  4 09:19:52 PM UTC 2025: SP1 local server active
Tue Nov  4 09:20:52 PM UTC 2025: SP1 local server active
Tue Nov  4 09:21:52 PM UTC 2025: SP1 local server active
Tue Nov  4 09:22:52 PM UTC 2025: SP1 local server active
Tue Nov  4 09:23:52 PM UTC 2025: SP1 local server active
Tue Nov  4 09:24:52 PM UTC 2025: SP1 local server active
Tue Nov  4 09:25:52 PM UTC 2025: SP1 local server active
Tue Nov  4 09:26:52 PM UTC 2025: SP1 local server active
Tue Nov  4 09:27:52 PM UTC 2025: SP1 local server active
Tue Nov  4 09:28:52 PM UTC 2025: SP1 local server active
Tue Nov  4 09:29:52 PM UTC 2025: SP1 local server active
Tue Nov  4 09:30:52 PM UTC 2025: SP1 local server active
Tue Nov  4 09:31:52 PM UTC 2025: SP1 local server active
Tue Nov  4 09:32:52 PM UTC 2025: SP1 local server active
Tue Nov  4 09:33:52 PM UTC 2025: SP1 local server active
Tue Nov  4 09:34:52 PM UTC 2025: SP1 local server active
Tue Nov  4 09:35:52 PM UTC 2025: SP1 local server active
Tue Nov  4 09:36:52 PM UTC 2025: SP1 local server active
Tue Nov  4 09:37:52 PM UTC 2025: SP1 local server active
Tue Nov  4 09:38:52 PM UTC 2025: SP1 local server active
Tue Nov  4 09:39:52 PM UTC 2025: SP1 local server active
Tue Nov  4 09:40:52 PM UTC 2025: SP1 local server active
Tue Nov  4 09:41:52 PM UTC 2025: SP1 local server active
Tue Nov  4 09:42:52 PM UTC 2025: SP1 local server active
Tue Nov  4 09:43:52 PM UTC 2025: SP1 local server active
Tue Nov  4 09:44:52 PM UTC 2025: SP1 local server active
Tue Nov  4 09:45:52 PM UTC 2025: SP1 local server active
Tue Nov  4 09:46:52 PM UTC 2025: SP1 local server active
Tue Nov  4 09:47:52 PM UTC 2025: SP1 local server active
Tue Nov  4 09:48:52 PM UTC 2025: SP1 local server active
Tue Nov  4 09:49:52 PM UTC 2025: SP1 local server active
Tue Nov  4 09:50:52 PM UTC 2025: SP1 local server active
Tue Nov  4 09:51:52 PM UTC 2025: SP1 local server active
Tue Nov  4 09:52:52 PM UTC 2025: SP1 local server active
Tue Nov  4 09:53:52 PM UTC 2025: SP1 local server active
Tue Nov  4 09:54:52 PM UTC 2025: SP1 local server active
Tue Nov  4 09:55:52 PM UTC 2025: SP1 local server active
Tue Nov  4 09:56:52 PM UTC 2025: SP1 local server active
Tue Nov  4 09:57:52 PM UTC 2025: SP1 local server active
Tue Nov  4 09:58:52 PM UTC 2025: SP1 local server active
Tue Nov  4 09:59:52 PM UTC 2025: SP1 local server active
Tue Nov  4 10:00:52 PM UTC 2025: SP1 local server active
Tue Nov  4 10:01:52 PM UTC 2025: SP1 local server active
Tue Nov  4 10:02:52 PM UTC 2025: SP1 local server active
Tue Nov  4 10:03:52 PM UTC 2025: SP1 local server active
Tue Nov  4 10:04:52 PM UTC 2025: SP1 local server active
Tue Nov  4 10:05:52 PM UTC 2025: SP1 local server active
Tue Nov  4 10:06:52 PM UTC 2025: SP1 local server active
Tue Nov  4 10:07:52 PM UTC 2025: SP1 local server active
Tue Nov  4 10:08:52 PM UTC 2025: SP1 local server active
Tue Nov  4 10:09:52 PM UTC 2025: SP1 local server active
Tue Nov  4 10:10:52 PM UTC 2025: SP1 local server active
Tue Nov  4 10:11:52 PM UTC 2025: SP1 local server active
Tue Nov  4 10:12:52 PM UTC 2025: SP1 local server active
Tue Nov  4 10:13:52 PM UTC 2025: SP1 local server active
Tue Nov  4 10:14:52 PM UTC 2025: SP1 local server active
Tue Nov  4 10:15:52 PM UTC 2025: SP1 local server active
Tue Nov  4 10:16:52 PM UTC 2025: SP1 local server active
Tue Nov  4 10:17:52 PM UTC 2025: SP1 local server active
Tue Nov  4 10:18:52 PM UTC 2025: SP1 local server active
Tue Nov  4 10:19:52 PM UTC 2025: SP1 local server active
Tue Nov  4 10:20:52 PM UTC 2025: SP1 local server active
Tue Nov  4 10:21:52 PM UTC 2025: SP1 local server active
Tue Nov  4 10:22:52 PM UTC 2025: SP1 local server active
Tue Nov  4 10:23:52 PM UTC 2025: SP1 local server active
Tue Nov  4 10:24:52 PM UTC 2025: SP1 local server active
Tue Nov  4 10:25:52 PM UTC 2025: SP1 local server active
Tue Nov  4 10:26:52 PM UTC 2025: SP1 local server active
Tue Nov  4 10:27:52 PM UTC 2025: SP1 local server active
Tue Nov  4 10:28:52 PM UTC 2025: SP1 local server active
Tue Nov  4 10:29:52 PM UTC 2025: SP1 local server active
Tue Nov  4 10:30:52 PM UTC 2025: SP1 local server active
Tue Nov  4 10:31:52 PM UTC 2025: SP1 local server active
Tue Nov  4 10:32:52 PM UTC 2025: SP1 local server active
Tue Nov  4 10:33:52 PM UTC 2025: SP1 local server active
Tue Nov  4 10:34:52 PM UTC 2025: SP1 local server active
Tue Nov  4 10:35:52 PM UTC 2025: SP1 local server active
Tue Nov  4 10:36:52 PM UTC 2025: SP1 local server active
Tue Nov  4 10:37:52 PM UTC 2025: SP1 local server active
Tue Nov  4 10:38:52 PM UTC 2025: SP1 local server active
Tue Nov  4 10:39:52 PM UTC 2025: SP1 local server active
Tue Nov  4 10:40:52 PM UTC 2025: SP1 local server active
Tue Nov  4 10:41:52 PM UTC 2025: SP1 local server active
Tue Nov  4 10:42:52 PM UTC 2025: SP1 local server active
Tue Nov  4 10:43:52 PM UTC 2025: SP1 local server active
Tue Nov  4 10:44:52 PM UTC 2025: SP1 local server active
Tue Nov  4 10:45:52 PM UTC 2025: SP1 local server active
Tue Nov  4 10:46:52 PM UTC 2025: SP1 local server active
Tue Nov  4 10:47:52 PM UTC 2025: SP1 local server active
Tue Nov  4 10:48:52 PM UTC 2025: SP1 local server active
Tue Nov  4 10:49:52 PM UTC 2025: SP1 local server active
Tue Nov  4 10:50:52 PM UTC 2025: SP1 local server active
Tue Nov  4 10:51:52 PM UTC 2025: SP1 local server active
Tue Nov  4 10:52:52 PM UTC 2025: SP1 local server active
Tue Nov  4 10:53:52 PM UTC 2025: SP1 local server active
Tue Nov  4 10:54:52 PM UTC 2025: SP1 local server active
Tue Nov  4 10:55:53 PM UTC 2025: SP1 local server active
Tue Nov  4 10:56:53 PM UTC 2025: SP1 local server active
Tue Nov  4 10:57:53 PM UTC 2025: SP1 local server active
Tue Nov  4 10:58:53 PM UTC 2025: SP1 local server active
Tue Nov  4 10:59:53 PM UTC 2025: SP1 local server active
Tue Nov  4 11:00:53 PM UTC 2025: SP1 local server active
Tue Nov  4 11:01:53 PM UTC 2025: SP1 local server active
Tue Nov  4 11:02:53 PM UTC 2025: SP1 local server active
Tue Nov  4 11:03:53 PM UTC 2025: SP1 local server active
Tue Nov  4 11:04:53 PM UTC 2025: SP1 local server active
Tue Nov  4 11:05:53 PM UTC 2025: SP1 local server active
Tue Nov  4 11:06:53 PM UTC 2025: SP1 local server active
Tue Nov  4 11:07:53 PM UTC 2025: SP1 local server active
Tue Nov  4 11:08:53 PM UTC 2025: SP1 local server active
Tue Nov  4 11:09:53 PM UTC 2025: SP1 local server active
Tue Nov  4 11:10:53 PM UTC 2025: SP1 local server active
Tue Nov  4 11:11:53 PM UTC 2025: SP1 local server active
Tue Nov  4 11:12:53 PM UTC 2025: SP1 local server active
Tue Nov  4 11:13:53 PM UTC 2025: SP1 local server active
Tue Nov  4 11:14:53 PM UTC 2025: SP1 local server active
Tue Nov  4 11:15:53 PM UTC 2025: SP1 local server active
Tue Nov  4 11:16:53 PM UTC 2025: SP1 local server active
Tue Nov  4 11:17:53 PM UTC 2025: SP1 local server active
Tue Nov  4 11:18:53 PM UTC 2025: SP1 local server active
Tue Nov  4 11:19:53 PM UTC 2025: SP1 local server active
Tue Nov  4 11:20:53 PM UTC 2025: SP1 local server active
Tue Nov  4 11:21:53 PM UTC 2025: SP1 local server active
Tue Nov  4 11:22:53 PM UTC 2025: SP1 local server active
Tue Nov  4 11:23:53 PM UTC 2025: SP1 local server active
Tue Nov  4 11:24:53 PM UTC 2025: SP1 local server active
Tue Nov  4 11:25:53 PM UTC 2025: SP1 local server active
Tue Nov  4 11:26:53 PM UTC 2025: SP1 local server active
Tue Nov  4 11:27:53 PM UTC 2025: SP1 local server active
Tue Nov  4 11:28:53 PM UTC 2025: SP1 local server active
Tue Nov  4 11:29:53 PM UTC 2025: SP1 local server active
Tue Nov  4 11:30:53 PM UTC 2025: SP1 local server active
Tue Nov  4 11:31:53 PM UTC 2025: SP1 local server active
Tue Nov  4 11:32:53 PM UTC 2025: SP1 local server active
Tue Nov  4 11:33:53 PM UTC 2025: SP1 local server active
Tue Nov  4 11:34:53 PM UTC 2025: SP1 local server active
Tue Nov  4 11:35:53 PM UTC 2025: SP1 local server active
Tue Nov  4 11:36:53 PM UTC 2025: SP1 local server active
Tue Nov  4 11:37:53 PM UTC 2025: SP1 local server active
Tue Nov  4 11:38:53 PM UTC 2025: SP1 local server active
Tue Nov  4 11:39:53 PM UTC 2025: SP1 local server active
Tue Nov  4 11:40:53 PM UTC 2025: SP1 local server active
Tue Nov  4 11:41:53 PM UTC 2025: SP1 local server active
Tue Nov  4 11:42:53 PM UTC 2025: SP1 local server active
Tue Nov  4 11:43:53 PM UTC 2025: SP1 local server active
Tue Nov  4 11:44:53 PM UTC 2025: SP1 local server active
Tue Nov  4 11:45:53 PM UTC 2025: SP1 local server active
Tue Nov  4 11:46:53 PM UTC 2025: SP1 local server active
Tue Nov  4 11:47:53 PM UTC 2025: SP1 local server active
Tue Nov  4 11:48:53 PM UTC 2025: SP1 local server active
Tue Nov  4 11:49:53 PM UTC 2025: SP1 local server active
Tue Nov  4 11:50:53 PM UTC 2025: SP1 local server active
Tue Nov  4 11:51:53 PM UTC 2025: SP1 local server active
Tue Nov  4 11:52:53 PM UTC 2025: SP1 local server active
Tue Nov  4 11:53:53 PM UTC 2025: SP1 local server active
Tue Nov  4 11:54:53 PM UTC 2025: SP1 local server active
Tue Nov  4 11:55:53 PM UTC 2025: SP1 local server active
Tue Nov  4 11:56:53 PM UTC 2025: SP1 local server active
Tue Nov  4 11:57:53 PM UTC 2025: SP1 local server active
Tue Nov  4 11:58:53 PM UTC 2025: SP1 local server active
Tue Nov  4 11:59:53 PM UTC 2025: SP1 local server active
Wed Nov  5 12:00:53 AM UTC 2025: SP1 local server active
Wed Nov  5 12:01:53 AM UTC 2025: SP1 local server active
Wed Nov  5 12:02:53 AM UTC 2025: SP1 local server active
Wed Nov  5 12:03:53 AM UTC 2025: SP1 local server active
Wed Nov  5 12:04:53 AM UTC 2025: SP1 local server active
Wed Nov  5 12:05:53 AM UTC 2025: SP1 local server active
Wed Nov  5 12:06:53 AM UTC 2025: SP1 local server active
Wed Nov  5 12:07:53 AM UTC 2025: SP1 local server active
Wed Nov  5 12:08:54 AM UTC 2025: SP1 local server active
Wed Nov  5 12:09:54 AM UTC 2025: SP1 local server active
Wed Nov  5 12:10:54 AM UTC 2025: SP1 local server active
Wed Nov  5 12:11:54 AM UTC 2025: SP1 local server active
Wed Nov  5 12:12:54 AM UTC 2025: SP1 local server active
Wed Nov  5 12:13:55 AM UTC 2025: SP1 local server active
Wed Nov  5 12:14:55 AM UTC 2025: SP1 local server active
Wed Nov  5 12:15:55 AM UTC 2025: SP1 local server active
Wed Nov  5 12:16:55 AM UTC 2025: SP1 local server active
Wed Nov  5 12:17:55 AM UTC 2025: SP1 local server active
Wed Nov  5 12:18:56 AM UTC 2025: SP1 local server active
Wed Nov  5 12:19:56 AM UTC 2025: SP1 local server active
Wed Nov  5 12:20:56 AM UTC 2025: SP1 local server active
Wed Nov  5 12:21:56 AM UTC 2025: SP1 local server active
Wed Nov  5 12:22:56 AM UTC 2025: SP1 local server active
Wed Nov  5 12:23:56 AM UTC 2025: SP1 local server active
Wed Nov  5 12:24:56 AM UTC 2025: SP1 local server active
Wed Nov  5 12:25:57 AM UTC 2025: SP1 local server active
Wed Nov  5 12:26:57 AM UTC 2025: SP1 local server active
Wed Nov  5 12:27:57 AM UTC 2025: SP1 local server active
Wed Nov  5 12:28:57 AM UTC 2025: SP1 local server active
Wed Nov  5 12:29:57 AM UTC 2025: SP1 local server active
Wed Nov  5 12:30:57 AM UTC 2025: SP1 local server active
Wed Nov  5 12:31:57 AM UTC 2025: SP1 local server active
Wed Nov  5 12:32:57 AM UTC 2025: SP1 local server active
Wed Nov  5 12:33:58 AM UTC 2025: SP1 local server active
Wed Nov  5 12:34:58 AM UTC 2025: SP1 local server active
Wed Nov  5 12:35:58 AM UTC 2025: SP1 local server active
Wed Nov  5 12:36:58 AM UTC 2025: SP1 local server active
Wed Nov  5 12:37:58 AM UTC 2025: SP1 local server active
Wed Nov  5 12:38:59 AM UTC 2025: SP1 local server active
Wed Nov  5 12:39:59 AM UTC 2025: SP1 local server active
Wed Nov  5 12:40:59 AM UTC 2025: SP1 local server active
Wed Nov  5 12:41:59 AM UTC 2025: SP1 local server active
Wed Nov  5 12:42:59 AM UTC 2025: SP1 local server active
Wed Nov  5 12:43:59 AM UTC 2025: SP1 local server active
Wed Nov  5 12:44:59 AM UTC 2025: SP1 local server active
Wed Nov  5 12:46:00 AM UTC 2025: SP1 local server active
Wed Nov  5 12:47:00 AM UTC 2025: SP1 local server active
Wed Nov  5 12:48:00 AM UTC 2025: SP1 local server active
Wed Nov  5 12:49:00 AM UTC 2025: SP1 local server active
Wed Nov  5 12:50:00 AM UTC 2025: SP1 local server active
Wed Nov  5 12:51:00 AM UTC 2025: SP1 local server active
Wed Nov  5 12:52:00 AM UTC 2025: SP1 local server active
Wed Nov  5 12:53:00 AM UTC 2025: SP1 local server active
Wed Nov  5 12:54:00 AM UTC 2025: SP1 local server active
Wed Nov  5 12:55:00 AM UTC 2025: SP1 local server active
Wed Nov  5 12:56:00 AM UTC 2025: SP1 local server active
Wed Nov  5 12:57:00 AM UTC 2025: SP1 local server active
Wed Nov  5 12:58:00 AM UTC 2025: SP1 local server active
Wed Nov  5 12:59:01 AM UTC 2025: SP1 local server active
Wed Nov  5 01:00:01 AM UTC 2025: SP1 local server active
Wed Nov  5 01:01:01 AM UTC 2025: SP1 local server active
Wed Nov  5 01:02:01 AM UTC 2025: SP1 local server active
Wed Nov  5 01:03:01 AM UTC 2025: SP1 local server active
Wed Nov  5 01:04:01 AM UTC 2025: SP1 local server active
Wed Nov  5 01:05:02 AM UTC 2025: SP1 local server active
Wed Nov  5 01:06:02 AM UTC 2025: SP1 local server active
Wed Nov  5 01:07:02 AM UTC 2025: SP1 local server active
Wed Nov  5 01:08:02 AM UTC 2025: SP1 local server active
Wed Nov  5 01:09:03 AM UTC 2025: SP1 local server active
Wed Nov  5 01:10:03 AM UTC 2025: SP1 local server active
Wed Nov  5 01:11:03 AM UTC 2025: SP1 local server active
Wed Nov  5 01:12:03 AM UTC 2025: SP1 local server active
Wed Nov  5 01:13:03 AM UTC 2025: SP1 local server active
Wed Nov  5 01:14:03 AM UTC 2025: SP1 local server active
Wed Nov  5 01:15:03 AM UTC 2025: SP1 local server active
Wed Nov  5 01:16:03 AM UTC 2025: SP1 local server active
Wed Nov  5 01:17:03 AM UTC 2025: SP1 local server active
Wed Nov  5 01:18:03 AM UTC 2025: SP1 local server active
Wed Nov  5 01:19:04 AM UTC 2025: SP1 local server active
Wed Nov  5 01:20:04 AM UTC 2025: SP1 local server active
Wed Nov  5 01:21:04 AM UTC 2025: SP1 local server active
Wed Nov  5 01:22:04 AM UTC 2025: SP1 local server active
Wed Nov  5 01:23:04 AM UTC 2025: SP1 local server active
Wed Nov  5 01:24:05 AM UTC 2025: SP1 local server active
Wed Nov  5 01:25:05 AM UTC 2025: SP1 local server active
Wed Nov  5 01:26:05 AM UTC 2025: SP1 local server active
Wed Nov  5 01:27:05 AM UTC 2025: SP1 local server active
Wed Nov  5 01:28:05 AM UTC 2025: SP1 local server active
Wed Nov  5 01:29:05 AM UTC 2025: SP1 local server active
Wed Nov  5 01:30:06 AM UTC 2025: SP1 local server active
Wed Nov  5 01:31:06 AM UTC 2025: SP1 local server active
Wed Nov  5 01:32:06 AM UTC 2025: SP1 local server active
Wed Nov  5 01:33:06 AM UTC 2025: SP1 local server active
Wed Nov  5 01:34:06 AM UTC 2025: SP1 local server active
Wed Nov  5 01:35:06 AM UTC 2025: SP1 local server active
Wed Nov  5 01:36:06 AM UTC 2025: SP1 local server active
Wed Nov  5 01:37:06 AM UTC 2025: SP1 local server active
Wed Nov  5 01:38:07 AM UTC 2025: SP1 local server active
Wed Nov  5 01:39:07 AM UTC 2025: SP1 local server active
Wed Nov  5 01:40:07 AM UTC 2025: SP1 local server active
Wed Nov  5 01:41:07 AM UTC 2025: SP1 local server active
Wed Nov  5 01:42:07 AM UTC 2025: SP1 local server active
Wed Nov  5 01:43:07 AM UTC 2025: SP1 local server active
Wed Nov  5 01:44:07 AM UTC 2025: SP1 local server active
Wed Nov  5 01:45:08 AM UTC 2025: SP1 local server active
Wed Nov  5 01:46:08 AM UTC 2025: SP1 local server active
Wed Nov  5 01:47:08 AM UTC 2025: SP1 local server active
Wed Nov  5 01:48:08 AM UTC 2025: SP1 local server active
Wed Nov  5 01:49:08 AM UTC 2025: SP1 local server active
Wed Nov  5 01:50:08 AM UTC 2025: SP1 local server active
Wed Nov  5 01:51:08 AM UTC 2025: SP1 local server active
Wed Nov  5 01:52:08 AM UTC 2025: SP1 local server active
Wed Nov  5 01:53:08 AM UTC 2025: SP1 local server active
Wed Nov  5 01:54:08 AM UTC 2025: SP1 local server active
Wed Nov  5 01:55:08 AM UTC 2025: SP1 local server active
Wed Nov  5 01:56:09 AM UTC 2025: SP1 local server active
Wed Nov  5 01:57:09 AM UTC 2025: SP1 local server active
Wed Nov  5 01:58:09 AM UTC 2025: SP1 local server active
Wed Nov  5 01:59:09 AM UTC 2025: SP1 local server active
Wed Nov  5 02:00:10 AM UTC 2025: SP1 local server active
Wed Nov  5 02:01:10 AM UTC 2025: SP1 local server active
Wed Nov  5 02:02:10 AM UTC 2025: SP1 local server active
Wed Nov  5 02:03:10 AM UTC 2025: SP1 local server active
Wed Nov  5 02:04:11 AM UTC 2025: SP1 local server active
Wed Nov  5 02:05:11 AM UTC 2025: SP1 local server active
Wed Nov  5 02:06:11 AM UTC 2025: SP1 local server active
Wed Nov  5 02:07:12 AM UTC 2025: SP1 local server active
Wed Nov  5 02:08:12 AM UTC 2025: SP1 local server active
Wed Nov  5 02:09:12 AM UTC 2025: SP1 local server active
Wed Nov  5 02:10:12 AM UTC 2025: SP1 local server active
Wed Nov  5 02:11:12 AM UTC 2025: SP1 local server active
Wed Nov  5 02:12:12 AM UTC 2025: SP1 local server active
Wed Nov  5 02:13:13 AM UTC 2025: SP1 local server active
Wed Nov  5 02:14:13 AM UTC 2025: SP1 local server active
Wed Nov  5 02:15:13 AM UTC 2025: SP1 local server active
Wed Nov  5 02:16:13 AM UTC 2025: SP1 local server active
Wed Nov  5 02:17:13 AM UTC 2025: SP1 local server active
Wed Nov  5 02:18:14 AM UTC 2025: SP1 local server active
Wed Nov  5 02:19:14 AM UTC 2025: SP1 local server active
Wed Nov  5 02:20:14 AM UTC 2025: SP1 local server active
Wed Nov  5 02:21:14 AM UTC 2025: SP1 local server active
Wed Nov  5 02:22:14 AM UTC 2025: SP1 local server active
Wed Nov  5 02:23:14 AM UTC 2025: SP1 local server active
Wed Nov  5 02:24:14 AM UTC 2025: SP1 local server active
Wed Nov  5 02:25:14 AM UTC 2025: SP1 local server active
Wed Nov  5 02:26:14 AM UTC 2025: SP1 local server active
Wed Nov  5 02:27:15 AM UTC 2025: SP1 local server active
Wed Nov  5 02:28:15 AM UTC 2025: SP1 local server active
Wed Nov  5 02:29:15 AM UTC 2025: SP1 local server active
Wed Nov  5 02:30:15 AM UTC 2025: SP1 local server active
Wed Nov  5 02:31:15 AM UTC 2025: SP1 local server active
Wed Nov  5 02:32:15 AM UTC 2025: SP1 local server active
Wed Nov  5 02:33:15 AM UTC 2025: SP1 local server active
Wed Nov  5 02:34:16 AM UTC 2025: SP1 local server active
Wed Nov  5 02:35:16 AM UTC 2025: SP1 local server active
Wed Nov  5 02:36:16 AM UTC 2025: SP1 local server active
Wed Nov  5 02:37:16 AM UTC 2025: SP1 local server active
Wed Nov  5 02:38:16 AM UTC 2025: SP1 local server active
Wed Nov  5 02:39:16 AM UTC 2025: SP1 local server active
Wed Nov  5 02:40:16 AM UTC 2025: SP1 local server active
Wed Nov  5 02:41:17 AM UTC 2025: SP1 local server active
Wed Nov  5 02:42:17 AM UTC 2025: SP1 local server active
Wed Nov  5 02:43:17 AM UTC 2025: SP1 local server active
Wed Nov  5 02:44:17 AM UTC 2025: SP1 local server active
Wed Nov  5 02:45:17 AM UTC 2025: SP1 local server active
Wed Nov  5 02:46:17 AM UTC 2025: SP1 local server active
Wed Nov  5 02:47:17 AM UTC 2025: SP1 local server active
Wed Nov  5 02:48:18 AM UTC 2025: SP1 local server active
Wed Nov  5 02:49:18 AM UTC 2025: SP1 local server active
Wed Nov  5 02:50:18 AM UTC 2025: SP1 local server active
Wed Nov  5 02:51:18 AM UTC 2025: SP1 local server active
Wed Nov  5 02:52:18 AM UTC 2025: SP1 local server active
Wed Nov  5 02:53:18 AM UTC 2025: SP1 local server active
Wed Nov  5 02:54:18 AM UTC 2025: SP1 local server active
Wed Nov  5 02:55:19 AM UTC 2025: SP1 local server active
Wed Nov  5 02:56:19 AM UTC 2025: SP1 local server active
Wed Nov  5 02:57:19 AM UTC 2025: SP1 local server active
Wed Nov  5 02:58:19 AM UTC 2025: SP1 local server active
Wed Nov  5 02:59:19 AM UTC 2025: SP1 local server active
Wed Nov  5 03:00:19 AM UTC 2025: SP1 local server active
Wed Nov  5 03:01:19 AM UTC 2025: SP1 local server active
Wed Nov  5 03:02:19 AM UTC 2025: SP1 local server active
Wed Nov  5 03:03:19 AM UTC 2025: SP1 local server active
Wed Nov  5 03:04:19 AM UTC 2025: SP1 local server active
Wed Nov  5 03:05:20 AM UTC 2025: SP1 local server active
Wed Nov  5 03:06:20 AM UTC 2025: SP1 local server active
Wed Nov  5 03:07:20 AM UTC 2025: SP1 local server active
Wed Nov  5 03:08:20 AM UTC 2025: SP1 local server active
Wed Nov  5 03:09:20 AM UTC 2025: SP1 local server active
Wed Nov  5 03:10:20 AM UTC 2025: SP1 local server active
Wed Nov  5 03:11:20 AM UTC 2025: SP1 local server active
Wed Nov  5 03:12:20 AM UTC 2025: SP1 local server active
Wed Nov  5 03:13:20 AM UTC 2025: SP1 local server active
Wed Nov  5 03:14:20 AM UTC 2025: SP1 local server active
Wed Nov  5 03:15:20 AM UTC 2025: SP1 local server active
Wed Nov  5 03:16:20 AM UTC 2025: SP1 local server active
Wed Nov  5 03:17:21 AM UTC 2025: SP1 local server active
Wed Nov  5 03:18:21 AM UTC 2025: SP1 local server active
Wed Nov  5 03:19:21 AM UTC 2025: SP1 local server active
Wed Nov  5 03:20:21 AM UTC 2025: SP1 local server active
Wed Nov  5 03:21:21 AM UTC 2025: SP1 local server active
Wed Nov  5 03:22:21 AM UTC 2025: SP1 local server active
Wed Nov  5 03:23:22 AM UTC 2025: SP1 local server active
Wed Nov  5 03:24:22 AM UTC 2025: SP1 local server active
Wed Nov  5 03:25:22 AM UTC 2025: SP1 local server active
Wed Nov  5 03:26:22 AM UTC 2025: SP1 local server active
Wed Nov  5 03:27:22 AM UTC 2025: SP1 local server active
Wed Nov  5 03:28:23 AM UTC 2025: SP1 local server active
Wed Nov  5 03:29:23 AM UTC 2025: SP1 local server active
Wed Nov  5 03:30:23 AM UTC 2025: SP1 local server active
Wed Nov  5 03:31:24 AM UTC 2025: SP1 local server active
Wed Nov  5 03:32:24 AM UTC 2025: SP1 local server active
Wed Nov  5 03:33:24 AM UTC 2025: SP1 local server active
Wed Nov  5 03:34:24 AM UTC 2025: SP1 local server active
Wed Nov  5 03:35:24 AM UTC 2025: SP1 local server active
Wed Nov  5 03:36:24 AM UTC 2025: SP1 local server active
Wed Nov  5 03:37:24 AM UTC 2025: SP1 local server active
Wed Nov  5 03:38:24 AM UTC 2025: SP1 local server active
Wed Nov  5 03:39:24 AM UTC 2025: SP1 local server active
Wed Nov  5 03:40:25 AM UTC 2025: SP1 local server active
Wed Nov  5 03:41:25 AM UTC 2025: SP1 local server active
Wed Nov  5 03:42:26 AM UTC 2025: SP1 local server active
Wed Nov  5 03:43:26 AM UTC 2025: SP1 local server active
Wed Nov  5 03:44:26 AM UTC 2025: SP1 local server active
Wed Nov  5 03:45:26 AM UTC 2025: SP1 local server active
Wed Nov  5 03:46:26 AM UTC 2025: SP1 local server active
Wed Nov  5 03:47:26 AM UTC 2025: SP1 local server active
Wed Nov  5 03:48:26 AM UTC 2025: SP1 local server active
Wed Nov  5 03:49:27 AM UTC 2025: SP1 local server active
Wed Nov  5 03:50:27 AM UTC 2025: SP1 local server active
Wed Nov  5 03:51:27 AM UTC 2025: SP1 local server active
Wed Nov  5 03:52:27 AM UTC 2025: SP1 local server active
Wed Nov  5 03:53:27 AM UTC 2025: SP1 local server active
Wed Nov  5 03:54:27 AM UTC 2025: SP1 local server active
Wed Nov  5 03:55:27 AM UTC 2025: SP1 local server active
Wed Nov  5 03:56:27 AM UTC 2025: SP1 local server active
Wed Nov  5 03:57:27 AM UTC 2025: SP1 local server active
Wed Nov  5 03:58:27 AM UTC 2025: SP1 local server active
Wed Nov  5 03:59:27 AM UTC 2025: SP1 local server active
Wed Nov  5 04:00:27 AM UTC 2025: SP1 local server active
Wed Nov  5 04:01:27 AM UTC 2025: SP1 local server active
Wed Nov  5 04:02:27 AM UTC 2025: SP1 local server active
Wed Nov  5 04:03:28 AM UTC 2025: SP1 local server active
Wed Nov  5 04:04:28 AM UTC 2025: SP1 local server active
Wed Nov  5 04:05:28 AM UTC 2025: SP1 local server active
Wed Nov  5 04:06:28 AM UTC 2025: SP1 local server active
Wed Nov  5 04:07:28 AM UTC 2025: SP1 local server active
Wed Nov  5 04:08:28 AM UTC 2025: SP1 local server active
Wed Nov  5 04:09:28 AM UTC 2025: SP1 local server active
Wed Nov  5 04:10:28 AM UTC 2025: SP1 local server active
Wed Nov  5 04:11:29 AM UTC 2025: SP1 local server active
Wed Nov  5 04:12:29 AM UTC 2025: SP1 local server active
Wed Nov  5 04:13:29 AM UTC 2025: SP1 local server active
Wed Nov  5 04:14:29 AM UTC 2025: SP1 local server active
Wed Nov  5 04:15:30 AM UTC 2025: SP1 local server active
Wed Nov  5 04:16:30 AM UTC 2025: SP1 local server active
Wed Nov  5 04:17:30 AM UTC 2025: SP1 local server active
Wed Nov  5 04:18:30 AM UTC 2025: SP1 local server active
Wed Nov  5 04:19:30 AM UTC 2025: SP1 local server active
Wed Nov  5 04:20:30 AM UTC 2025: SP1 local server active
Wed Nov  5 04:21:30 AM UTC 2025: SP1 local server active
Wed Nov  5 04:22:30 AM UTC 2025: SP1 local server active
Wed Nov  5 04:23:30 AM UTC 2025: SP1 local server active
Wed Nov  5 04:24:30 AM UTC 2025: SP1 local server active
Wed Nov  5 04:25:31 AM UTC 2025: SP1 local server active
Wed Nov  5 04:26:31 AM UTC 2025: SP1 local server active
Wed Nov  5 04:27:31 AM UTC 2025: SP1 local server active
Wed Nov  5 04:28:31 AM UTC 2025: SP1 local server active
Wed Nov  5 04:29:31 AM UTC 2025: SP1 local server active
Wed Nov  5 04:30:31 AM UTC 2025: SP1 local server active
Wed Nov  5 04:31:31 AM UTC 2025: SP1 local server active
Wed Nov  5 04:32:31 AM UTC 2025: SP1 local server active
Wed Nov  5 04:33:31 AM UTC 2025: SP1 local server active
Wed Nov  5 04:34:31 AM UTC 2025: SP1 local server active
Wed Nov  5 04:35:31 AM UTC 2025: SP1 local server active
Wed Nov  5 04:36:32 AM UTC 2025: SP1 local server active
Wed Nov  5 04:37:32 AM UTC 2025: SP1 local server active
Wed Nov  5 04:38:32 AM UTC 2025: SP1 local server active
Wed Nov  5 04:39:32 AM UTC 2025: SP1 local server active
Wed Nov  5 04:40:32 AM UTC 2025: SP1 local server active
Wed Nov  5 04:41:33 AM UTC 2025: SP1 local server active
Wed Nov  5 04:42:33 AM UTC 2025: SP1 local server active
Wed Nov  5 04:43:33 AM UTC 2025: SP1 local server active
Wed Nov  5 04:44:33 AM UTC 2025: SP1 local server active
Wed Nov  5 04:45:33 AM UTC 2025: SP1 local server active
Wed Nov  5 04:46:34 AM UTC 2025: SP1 local server active
Wed Nov  5 04:47:34 AM UTC 2025: SP1 local server active
Wed Nov  5 04:48:34 AM UTC 2025: SP1 local server active
Wed Nov  5 04:49:34 AM UTC 2025: SP1 local server active
Wed Nov  5 04:50:34 AM UTC 2025: SP1 local server active
Wed Nov  5 04:51:35 AM UTC 2025: SP1 local server active
Wed Nov  5 04:52:35 AM UTC 2025: SP1 local server active
Wed Nov  5 04:53:35 AM UTC 2025: SP1 local server active
Wed Nov  5 04:54:35 AM UTC 2025: SP1 local server active
Wed Nov  5 04:55:36 AM UTC 2025: SP1 local server active
Wed Nov  5 04:56:36 AM UTC 2025: SP1 local server active
Wed Nov  5 04:57:36 AM UTC 2025: SP1 local server active
Wed Nov  5 04:58:36 AM UTC 2025: SP1 local server active
Wed Nov  5 04:59:36 AM UTC 2025: SP1 local server active
Wed Nov  5 05:00:36 AM UTC 2025: SP1 local server active
Wed Nov  5 05:01:36 AM UTC 2025: SP1 local server active
Wed Nov  5 05:02:36 AM UTC 2025: SP1 local server active
Wed Nov  5 05:03:36 AM UTC 2025: SP1 local server active
Wed Nov  5 05:04:37 AM UTC 2025: SP1 local server active
Wed Nov  5 05:05:37 AM UTC 2025: SP1 local server active
Wed Nov  5 05:06:37 AM UTC 2025: SP1 local server active
Wed Nov  5 05:07:37 AM UTC 2025: SP1 local server active
Wed Nov  5 05:08:37 AM UTC 2025: SP1 local server active
Wed Nov  5 05:09:38 AM UTC 2025: SP1 local server active
Wed Nov  5 05:10:38 AM UTC 2025: SP1 local server active
Wed Nov  5 05:11:38 AM UTC 2025: SP1 local server active
Wed Nov  5 05:12:38 AM UTC 2025: SP1 local server active
Wed Nov  5 05:13:38 AM UTC 2025: SP1 local server active
Wed Nov  5 05:14:38 AM UTC 2025: SP1 local server active
Wed Nov  5 05:15:38 AM UTC 2025: SP1 local server active
Wed Nov  5 05:16:38 AM UTC 2025: SP1 local server active
Wed Nov  5 05:17:39 AM UTC 2025: SP1 local server active
Wed Nov  5 05:18:39 AM UTC 2025: SP1 local server active
Wed Nov  5 05:19:39 AM UTC 2025: SP1 local server active
Wed Nov  5 05:20:39 AM UTC 2025: SP1 local server active
Wed Nov  5 05:21:39 AM UTC 2025: SP1 local server active
Wed Nov  5 05:22:39 AM UTC 2025: SP1 local server active
Wed Nov  5 05:23:39 AM UTC 2025: SP1 local server active
Wed Nov  5 05:24:39 AM UTC 2025: SP1 local server active
Wed Nov  5 05:25:40 AM UTC 2025: SP1 local server active
Wed Nov  5 05:26:40 AM UTC 2025: SP1 local server active
Wed Nov  5 05:27:40 AM UTC 2025: SP1 local server active
Wed Nov  5 05:28:40 AM UTC 2025: SP1 local server active
Wed Nov  5 05:29:40 AM UTC 2025: SP1 local server active
Wed Nov  5 05:30:40 AM UTC 2025: SP1 local server active
Wed Nov  5 05:31:40 AM UTC 2025: SP1 local server active
Wed Nov  5 05:32:41 AM UTC 2025: SP1 local server active
Wed Nov  5 05:33:41 AM UTC 2025: SP1 local server active
Wed Nov  5 05:34:41 AM UTC 2025: SP1 local server active
Wed Nov  5 05:35:41 AM UTC 2025: SP1 local server active
Wed Nov  5 05:36:42 AM UTC 2025: SP1 local server active
Wed Nov  5 05:37:42 AM UTC 2025: SP1 local server active
Wed Nov  5 05:38:42 AM UTC 2025: SP1 local server active
Wed Nov  5 05:39:42 AM UTC 2025: SP1 local server active
Wed Nov  5 05:40:42 AM UTC 2025: SP1 local server active
Wed Nov  5 05:41:42 AM UTC 2025: SP1 local server active
Wed Nov  5 05:42:42 AM UTC 2025: SP1 local server active
Wed Nov  5 05:43:42 AM UTC 2025: SP1 local server active
Wed Nov  5 05:44:42 AM UTC 2025: SP1 local server active
Wed Nov  5 05:45:43 AM UTC 2025: SP1 local server active
Wed Nov  5 05:46:43 AM UTC 2025: SP1 local server active
Wed Nov  5 05:47:43 AM UTC 2025: SP1 local server active
Wed Nov  5 05:48:43 AM UTC 2025: SP1 local server active
Wed Nov  5 05:49:43 AM UTC 2025: SP1 local server active
Wed Nov  5 05:50:43 AM UTC 2025: SP1 local server active
Wed Nov  5 05:51:44 AM UTC 2025: SP1 local server active
Wed Nov  5 05:52:44 AM UTC 2025: SP1 local server active
Wed Nov  5 05:53:44 AM UTC 2025: SP1 local server active
Wed Nov  5 05:54:44 AM UTC 2025: SP1 local server active
Wed Nov  5 05:55:44 AM UTC 2025: SP1 local server active
Wed Nov  5 05:56:44 AM UTC 2025: SP1 local server active
Wed Nov  5 05:57:44 AM UTC 2025: SP1 local server active
Wed Nov  5 05:58:45 AM UTC 2025: SP1 local server active
Wed Nov  5 05:59:45 AM UTC 2025: SP1 local server active
Wed Nov  5 06:00:45 AM UTC 2025: SP1 local server active
Wed Nov  5 06:01:45 AM UTC 2025: SP1 local server active
Wed Nov  5 06:02:45 AM UTC 2025: SP1 local server active
Wed Nov  5 06:03:45 AM UTC 2025: SP1 local server active
Wed Nov  5 06:04:46 AM UTC 2025: SP1 local server active
Wed Nov  5 06:05:46 AM UTC 2025: SP1 local server active
Wed Nov  5 06:06:46 AM UTC 2025: SP1 local server active
Wed Nov  5 06:07:46 AM UTC 2025: SP1 local server active
Wed Nov  5 06:08:46 AM UTC 2025: SP1 local server active
Wed Nov  5 06:09:46 AM UTC 2025: SP1 local server active
Wed Nov  5 06:10:46 AM UTC 2025: SP1 local server active
Wed Nov  5 06:11:46 AM UTC 2025: SP1 local server active
Wed Nov  5 06:12:47 AM UTC 2025: SP1 local server active
Wed Nov  5 06:13:47 AM UTC 2025: SP1 local server active
Wed Nov  5 06:14:47 AM UTC 2025: SP1 local server active
Wed Nov  5 06:15:47 AM UTC 2025: SP1 local server active
Wed Nov  5 06:16:47 AM UTC 2025: SP1 local server active
Wed Nov  5 06:17:47 AM UTC 2025: SP1 local server active
Wed Nov  5 06:18:47 AM UTC 2025: SP1 local server active
Wed Nov  5 06:19:47 AM UTC 2025: SP1 local server active
Wed Nov  5 06:20:48 AM UTC 2025: SP1 local server active
Wed Nov  5 06:21:48 AM UTC 2025: SP1 local server active
Wed Nov  5 06:22:48 AM UTC 2025: SP1 local server active
Wed Nov  5 06:23:48 AM UTC 2025: SP1 local server active
Wed Nov  5 06:24:48 AM UTC 2025: SP1 local server active
Wed Nov  5 06:25:48 AM UTC 2025: SP1 local server active
Wed Nov  5 06:26:49 AM UTC 2025: SP1 local server active
Wed Nov  5 06:27:49 AM UTC 2025: SP1 local server active
Wed Nov  5 06:28:49 AM UTC 2025: SP1 local server active
Wed Nov  5 06:29:49 AM UTC 2025: SP1 local server active
Wed Nov  5 06:30:49 AM UTC 2025: SP1 local server active
Wed Nov  5 06:31:49 AM UTC 2025: SP1 local server active
Wed Nov  5 06:32:50 AM UTC 2025: SP1 local server active
Wed Nov  5 06:33:50 AM UTC 2025: SP1 local server active
Wed Nov  5 06:34:50 AM UTC 2025: SP1 local server active
Wed Nov  5 06:35:50 AM UTC 2025: SP1 local server active
Wed Nov  5 06:36:50 AM UTC 2025: SP1 local server active
Wed Nov  5 06:37:50 AM UTC 2025: SP1 local server active
Wed Nov  5 06:38:50 AM UTC 2025: SP1 local server active
Wed Nov  5 06:39:50 AM UTC 2025: SP1 local server active
Wed Nov  5 06:40:51 AM UTC 2025: SP1 local server active
Wed Nov  5 06:41:51 AM UTC 2025: SP1 local server active
Wed Nov  5 06:42:51 AM UTC 2025: SP1 local server active
Wed Nov  5 06:43:51 AM UTC 2025: SP1 local server active
Wed Nov  5 06:44:51 AM UTC 2025: SP1 local server active
Wed Nov  5 06:45:51 AM UTC 2025: SP1 local server active
Wed Nov  5 06:46:51 AM UTC 2025: SP1 local server active
Wed Nov  5 06:47:51 AM UTC 2025: SP1 local server active
Wed Nov  5 06:48:51 AM UTC 2025: SP1 local server active
Wed Nov  5 06:49:51 AM UTC 2025: SP1 local server active
Wed Nov  5 06:50:52 AM UTC 2025: SP1 local server active
Wed Nov  5 06:51:52 AM UTC 2025: SP1 local server active
Wed Nov  5 06:52:52 AM UTC 2025: SP1 local server active
Wed Nov  5 06:53:52 AM UTC 2025: SP1 local server active
Wed Nov  5 06:54:52 AM UTC 2025: SP1 local server active
Wed Nov  5 06:55:52 AM UTC 2025: SP1 local server active
Wed Nov  5 06:56:52 AM UTC 2025: SP1 local server active
Wed Nov  5 06:57:52 AM UTC 2025: SP1 local server active
Wed Nov  5 06:58:52 AM UTC 2025: SP1 local server active
Wed Nov  5 06:59:52 AM UTC 2025: SP1 local server active
Wed Nov  5 07:00:53 AM UTC 2025: SP1 local server active
Wed Nov  5 07:01:53 AM UTC 2025: SP1 local server active
Wed Nov  5 07:02:53 AM UTC 2025: SP1 local server active
Wed Nov  5 07:03:53 AM UTC 2025: SP1 local server active
Wed Nov  5 07:04:53 AM UTC 2025: SP1 local server active
Wed Nov  5 07:05:54 AM UTC 2025: SP1 local server active
Wed Nov  5 07:06:54 AM UTC 2025: SP1 local server active
Wed Nov  5 07:07:54 AM UTC 2025: SP1 local server active
Wed Nov  5 07:08:54 AM UTC 2025: SP1 local server active
Wed Nov  5 07:09:55 AM UTC 2025: SP1 local server active
Wed Nov  5 07:10:55 AM UTC 2025: SP1 local server active
Wed Nov  5 07:11:55 AM UTC 2025: SP1 local server active
Wed Nov  5 07:12:56 AM UTC 2025: SP1 local server active
Wed Nov  5 07:13:56 AM UTC 2025: SP1 local server active
Wed Nov  5 07:14:56 AM UTC 2025: SP1 local server active
Wed Nov  5 07:15:56 AM UTC 2025: SP1 local server active
Wed Nov  5 07:16:56 AM UTC 2025: SP1 local server active
Wed Nov  5 07:17:56 AM UTC 2025: SP1 local server active
Wed Nov  5 07:18:57 AM UTC 2025: SP1 local server active
Wed Nov  5 07:19:57 AM UTC 2025: SP1 local server active
Wed Nov  5 07:20:58 AM UTC 2025: SP1 local server active
Wed Nov  5 07:21:58 AM UTC 2025: SP1 local server active
Wed Nov  5 07:22:58 AM UTC 2025: SP1 local server active
Wed Nov  5 07:23:59 AM UTC 2025: SP1 local server active
Wed Nov  5 07:24:59 AM UTC 2025: SP1 local server active
Wed Nov  5 07:26:00 AM UTC 2025: SP1 local server active
Wed Nov  5 07:27:00 AM UTC 2025: SP1 local server active
Wed Nov  5 07:28:00 AM UTC 2025: SP1 local server active
Wed Nov  5 07:29:00 AM UTC 2025: SP1 local server active
Wed Nov  5 07:30:00 AM UTC 2025: SP1 local server active
Wed Nov  5 07:31:00 AM UTC 2025: SP1 local server active
Wed Nov  5 07:32:00 AM UTC 2025: SP1 local server active
Wed Nov  5 07:33:00 AM UTC 2025: SP1 local server active
Wed Nov  5 07:34:00 AM UTC 2025: SP1 local server active
Wed Nov  5 07:35:00 AM UTC 2025: SP1 local server active
Wed Nov  5 07:36:00 AM UTC 2025: SP1 local server active
Wed Nov  5 07:37:01 AM UTC 2025: SP1 local server active
Wed Nov  5 07:38:01 AM UTC 2025: SP1 local server active
Wed Nov  5 07:39:02 AM UTC 2025: SP1 local server active
Wed Nov  5 07:40:02 AM UTC 2025: SP1 local server active
Wed Nov  5 07:41:02 AM UTC 2025: SP1 local server active
Wed Nov  5 07:42:02 AM UTC 2025: SP1 local server active
Wed Nov  5 07:43:03 AM UTC 2025: SP1 local server active
Wed Nov  5 07:44:03 AM UTC 2025: SP1 local server active
Wed Nov  5 07:45:03 AM UTC 2025: SP1 local server active
Wed Nov  5 07:46:03 AM UTC 2025: SP1 local server active
Wed Nov  5 07:47:03 AM UTC 2025: SP1 local server active
Wed Nov  5 07:48:03 AM UTC 2025: SP1 local server active
Wed Nov  5 07:49:04 AM UTC 2025: SP1 local server active
Wed Nov  5 07:50:04 AM UTC 2025: SP1 local server active
Wed Nov  5 07:51:04 AM UTC 2025: SP1 local server active
Wed Nov  5 07:52:04 AM UTC 2025: SP1 local server active
Wed Nov  5 07:53:04 AM UTC 2025: SP1 local server active
Wed Nov  5 07:54:04 AM UTC 2025: SP1 local server active
Wed Nov  5 07:55:04 AM UTC 2025: SP1 local server active
Wed Nov  5 07:56:04 AM UTC 2025: SP1 local server active
Wed Nov  5 07:57:04 AM UTC 2025: SP1 local server active
Wed Nov  5 07:58:05 AM UTC 2025: SP1 local server active
Wed Nov  5 07:59:05 AM UTC 2025: SP1 local server active
Wed Nov  5 08:00:05 AM UTC 2025: SP1 local server active
Wed Nov  5 08:01:05 AM UTC 2025: SP1 local server active
Wed Nov  5 08:02:06 AM UTC 2025: SP1 local server active
Wed Nov  5 08:03:06 AM UTC 2025: SP1 local server active
Wed Nov  5 08:04:06 AM UTC 2025: SP1 local server active
Wed Nov  5 08:05:06 AM UTC 2025: SP1 local server active
Wed Nov  5 08:06:06 AM UTC 2025: SP1 local server active
Wed Nov  5 08:07:06 AM UTC 2025: SP1 local server active
Wed Nov  5 08:08:06 AM UTC 2025: SP1 local server active
Wed Nov  5 08:09:06 AM UTC 2025: SP1 local server active
Wed Nov  5 08:10:06 AM UTC 2025: SP1 local server active
Wed Nov  5 08:11:06 AM UTC 2025: SP1 local server active
Wed Nov  5 08:12:06 AM UTC 2025: SP1 local server active
Wed Nov  5 08:13:06 AM UTC 2025: SP1 local server active
Wed Nov  5 08:14:07 AM UTC 2025: SP1 local server active
Wed Nov  5 08:15:07 AM UTC 2025: SP1 local server active
Wed Nov  5 08:16:07 AM UTC 2025: SP1 local server active
Wed Nov  5 08:17:07 AM UTC 2025: SP1 local server active
Wed Nov  5 08:18:07 AM UTC 2025: SP1 local server active
Wed Nov  5 08:19:07 AM UTC 2025: SP1 local server active
Wed Nov  5 08:20:07 AM UTC 2025: SP1 local server active
Wed Nov  5 08:21:08 AM UTC 2025: SP1 local server active
Wed Nov  5 08:22:08 AM UTC 2025: SP1 local server active
Wed Nov  5 08:23:08 AM UTC 2025: SP1 local server active
Wed Nov  5 08:24:08 AM UTC 2025: SP1 local server active
Wed Nov  5 08:25:08 AM UTC 2025: SP1 local server active
Wed Nov  5 08:26:08 AM UTC 2025: SP1 local server active
Wed Nov  5 08:27:08 AM UTC 2025: SP1 local server active
Wed Nov  5 08:28:09 AM UTC 2025: SP1 local server active
Wed Nov  5 08:29:09 AM UTC 2025: SP1 local server active
Wed Nov  5 08:30:09 AM UTC 2025: SP1 local server active
Wed Nov  5 08:31:09 AM UTC 2025: SP1 local server active
Wed Nov  5 08:32:09 AM UTC 2025: SP1 local server active
Wed Nov  5 08:33:09 AM UTC 2025: SP1 local server active
Wed Nov  5 08:34:09 AM UTC 2025: SP1 local server active
Wed Nov  5 08:35:09 AM UTC 2025: SP1 local server active
Wed Nov  5 08:36:09 AM UTC 2025: SP1 local server active
Wed Nov  5 08:37:09 AM UTC 2025: SP1 local server active
Wed Nov  5 08:38:09 AM UTC 2025: SP1 local server active
Wed Nov  5 08:39:09 AM UTC 2025: SP1 local server active
Wed Nov  5 08:40:09 AM UTC 2025: SP1 local server active
Wed Nov  5 08:41:09 AM UTC 2025: SP1 local server active
Wed Nov  5 08:42:09 AM UTC 2025: SP1 local server active
Wed Nov  5 08:43:09 AM UTC 2025: SP1 local server active
Wed Nov  5 08:44:09 AM UTC 2025: SP1 local server active
Wed Nov  5 08:45:09 AM UTC 2025: SP1 local server active
Wed Nov  5 08:46:09 AM UTC 2025: SP1 local server active
Wed Nov  5 08:47:09 AM UTC 2025: SP1 local server active
Wed Nov  5 08:48:09 AM UTC 2025: SP1 local server active
Wed Nov  5 08:49:09 AM UTC 2025: SP1 local server active
Wed Nov  5 08:50:09 AM UTC 2025: SP1 local server active
Wed Nov  5 08:51:09 AM UTC 2025: SP1 local server active
Wed Nov  5 08:52:09 AM UTC 2025: SP1 local server active
Wed Nov  5 08:53:09 AM UTC 2025: SP1 local server active
Wed Nov  5 08:54:09 AM UTC 2025: SP1 local server active
Wed Nov  5 08:55:09 AM UTC 2025: SP1 local server active
Wed Nov  5 08:56:09 AM UTC 2025: SP1 local server active
Wed Nov  5 08:57:09 AM UTC 2025: SP1 local server active
Wed Nov  5 08:58:09 AM UTC 2025: SP1 local server active
Wed Nov  5 08:59:09 AM UTC 2025: SP1 local server active
Wed Nov  5 09:00:09 AM UTC 2025: SP1 local server active
Wed Nov  5 09:01:09 AM UTC 2025: SP1 local server active
Wed Nov  5 09:02:09 AM UTC 2025: SP1 local server active
Wed Nov  5 09:03:09 AM UTC 2025: SP1 local server active
Wed Nov  5 09:04:09 AM UTC 2025: SP1 local server active
Wed Nov  5 09:05:09 AM UTC 2025: SP1 local server active
Wed Nov  5 09:06:09 AM UTC 2025: SP1 local server active
Wed Nov  5 09:07:09 AM UTC 2025: SP1 local server active
Wed Nov  5 09:08:09 AM UTC 2025: SP1 local server active
Wed Nov  5 09:09:09 AM UTC 2025: SP1 local server active
Wed Nov  5 09:10:09 AM UTC 2025: SP1 local server active
Wed Nov  5 09:11:09 AM UTC 2025: SP1 local server active
Wed Nov  5 09:12:09 AM UTC 2025: SP1 local server active
Wed Nov  5 09:13:09 AM UTC 2025: SP1 local server active
Wed Nov  5 09:14:09 AM UTC 2025: SP1 local server active
Wed Nov  5 09:15:09 AM UTC 2025: SP1 local server active
Wed Nov  5 09:16:09 AM UTC 2025: SP1 local server active
Wed Nov  5 09:17:09 AM UTC 2025: SP1 local server active
Wed Nov  5 09:18:09 AM UTC 2025: SP1 local server active
Wed Nov  5 09:19:09 AM UTC 2025: SP1 local server active
Wed Nov  5 09:20:09 AM UTC 2025: SP1 local server active
Wed Nov  5 09:21:09 AM UTC 2025: SP1 local server active
Wed Nov  5 09:22:09 AM UTC 2025: SP1 local server active
Wed Nov  5 09:23:09 AM UTC 2025: SP1 local server active
Wed Nov  5 09:24:09 AM UTC 2025: SP1 local server active
Wed Nov  5 09:25:09 AM UTC 2025: SP1 local server active
Wed Nov  5 09:26:09 AM UTC 2025: SP1 local server active
Wed Nov  5 09:27:09 AM UTC 2025: SP1 local server active
Wed Nov  5 09:28:09 AM UTC 2025: SP1 local server active
Wed Nov  5 09:29:09 AM UTC 2025: SP1 local server active
Wed Nov  5 09:30:09 AM UTC 2025: SP1 local server active
Wed Nov  5 09:31:09 AM UTC 2025: SP1 local server active
Wed Nov  5 09:32:09 AM UTC 2025: SP1 local server active
Wed Nov  5 09:33:09 AM UTC 2025: SP1 local server active
Wed Nov  5 09:34:09 AM UTC 2025: SP1 local server active
Wed Nov  5 09:35:09 AM UTC 2025: SP1 local server active
Wed Nov  5 09:36:09 AM UTC 2025: SP1 local server active
Wed Nov  5 09:37:09 AM UTC 2025: SP1 local server active
Wed Nov  5 09:38:09 AM UTC 2025: SP1 local server active
Wed Nov  5 09:39:09 AM UTC 2025: SP1 local server active
Wed Nov  5 09:40:09 AM UTC 2025: SP1 local server active
Wed Nov  5 09:41:09 AM UTC 2025: SP1 local server active
Wed Nov  5 09:42:09 AM UTC 2025: SP1 local server active
Wed Nov  5 09:43:09 AM UTC 2025: SP1 local server active
Wed Nov  5 09:44:09 AM UTC 2025: SP1 local server active
Wed Nov  5 09:45:09 AM UTC 2025: SP1 local server active
Wed Nov  5 09:46:09 AM UTC 2025: SP1 local server active
