═══════════════════════════════════════════════════════════════
🚀 V5 BENCHMARK: N=100, 500 (lặp lại 5 lần) - TMUX SESSION
═══════════════════════════════════════════════════════════════

📋 Configuration:
  • N values: 100 500
  • Số lần lặp: 5
  • Validator nodes: 5
  • Proof dir: /home/ubuntu/thanhhuyen/proofs/v5
  • Log dir: /home/ubuntu/thanhhuyen/logs/v5
  • TMUX session: v5_n100_500
  • ⚠️  GIẢM MEMORY USAGE để tránh OOM kill

🚀 Starting benchmark...
💡 Script này chạy trực tiếp (không tự động tạo tmux)
💡 TMUX session sẽ được GIỮ LẠI nếu chạy trong tmux

════════════════════════════════════════════════════════════════════════════
🔄 LẦN LẶP 1/5: N=100 → N=500
════════════════════════════════════════════════════════════════════════════
━━━━━━━━━━━━━━━━━━━━━━━━━━━━━━━━━━━━━━━━━━━━━━━━━━━━━━━━━━━━
📊 Lần lặp 1/5 - Running N=100 at 2025-11-12 02:39:54
━━━━━━━━━━━━━━━━━━━━━━━━━━━━━━━━━━━━━━━━━━━━━━━━━━━━━━━━━━━━

   ⚙️  Config: SHARD_BATCH_SIZE=6, TRACE_GEN_WORKERS=12 (N=100) - GIẢM MEMORY
   ⚙️  RAYON_NUM_THREADS=16
   ⚙️  Expected CPU usage: ~1200-1600% (vẫn cao nhưng giảm memory)
   ⚙️  ⚠️  GIẢM MEMORY để tránh OOM kill

   📁 Log: /home/ubuntu/thanhhuyen/logs/v5/v5_n100_run1_20251112_023954.log
   📁 Proof dir: /home/ubuntu/thanhhuyen/proofs/v5/n100_run1

warning: unused import: `keccak::Keccak256Hasher`
 --> crates/pessimistic-proof-core/src/sabv2.rs:2:35
  |
2 | use agglayer_primitives::{Digest, keccak::Keccak256Hasher};
  |                                   ^^^^^^^^^^^^^^^^^^^^^^^
  |
  = note: `#[warn(unused_imports)]` on by default

warning: unused import: `keccak::Keccak256Hasher`
 --> crates/pessimistic-proof-core/src/lmtr2.rs:2:35
  |
2 | use agglayer_primitives::{Digest, keccak::Keccak256Hasher};
  |                                   ^^^^^^^^^^^^^^^^^^^^^^^

warning: unused import: `keccak::Keccak256Hasher`
 --> crates/pessimistic-proof-core/src/sabv3.rs:2:35
  |
2 | use agglayer_primitives::{Digest, keccak::Keccak256Hasher};
  |                                   ^^^^^^^^^^^^^^^^^^^^^^^

warning: unused import: `keccak::Keccak256Hasher`
 --> crates/pessimistic-proof-core/src/lmtr3.rs:2:35
  |
2 | use agglayer_primitives::{Digest, keccak::Keccak256Hasher};
  |                                   ^^^^^^^^^^^^^^^^^^^^^^^

warning: unused import: `keccak::Keccak256Hasher`
 --> crates/pessimistic-proof-core/src/sabv4.rs:2:35
  |
2 | use agglayer_primitives::{Digest, keccak::Keccak256Hasher};
  |                                   ^^^^^^^^^^^^^^^^^^^^^^^

warning: unused import: `keccak::Keccak256Hasher`
 --> crates/pessimistic-proof-core/src/lmtr4.rs:2:35
  |
2 | use agglayer_primitives::{Digest, keccak::Keccak256Hasher};
  |                                   ^^^^^^^^^^^^^^^^^^^^^^^

warning: unused imports: `BridgeExit`, `ImportedBridgeExit`, `NetworkId`, and `TokenInfo`
   --> crates/pessimistic-proof-core/src/lmtr4.rs:245:30
    |
245 |         use unified_bridge::{BridgeExit, ImportedBridgeExit, NetworkId, TokenInfo};
    |                              ^^^^^^^^^^  ^^^^^^^^^^^^^^^^^^  ^^^^^^^^^  ^^^^^^^^^

warning: unused import: `agglayer_primitives::U256`
   --> crates/pessimistic-proof-core/src/lmtr4.rs:247:13
    |
247 |         use agglayer_primitives::U256;
    |             ^^^^^^^^^^^^^^^^^^^^^^^^^

warning: unused import: `crate::nullifier_tree::NullifierPath`
   --> crates/pessimistic-proof-core/src/lmtr4.rs:248:13
    |
248 |         use crate::nullifier_tree::NullifierPath;
    |             ^^^^^^^^^^^^^^^^^^^^^^^^^^^^^^^^^^^^

warning: unused import: `crate::local_balance_tree::LocalBalancePath`
   --> crates/pessimistic-proof-core/src/lmtr4.rs:249:13
    |
249 |         use crate::local_balance_tree::LocalBalancePath;
    |             ^^^^^^^^^^^^^^^^^^^^^^^^^^^^^^^^^^^^^^^^^^^

warning: unused import: `crate::aggchain_proof::AggchainData`
   --> crates/pessimistic-proof-core/src/lmtr4.rs:250:13
    |
250 |         use crate::aggchain_proof::AggchainData;
    |             ^^^^^^^^^^^^^^^^^^^^^^^^^^^^^^^^^^^

warning: unused import: `keccak::Keccak256Hasher`
 --> crates/pessimistic-proof-core/src/sabv5.rs:2:35
  |
2 | use agglayer_primitives::{Digest, keccak::Keccak256Hasher};
  |                                   ^^^^^^^^^^^^^^^^^^^^^^^

warning: unused variable: `branching_factor`
  --> crates/pessimistic-proof-core/src/lmtr.rs:31:9
   |
31 |         branching_factor: usize,
   |         ^^^^^^^^^^^^^^^^ help: if this is intentional, prefix it with an underscore: `_branching_factor`
   |
   = note: `#[warn(unused_variables)]` on by default

warning: unused variable: `block`
  --> crates/pessimistic-proof-core/src/sabv2.rs:72:13
   |
72 |         for block in blocks {
   |             ^^^^^ help: if this is intentional, prefix it with an underscore: `_block`

warning: unused variable: `consensus_result`
  --> crates/pessimistic-proof-core/src/sabv2.rs:79:13
   |
79 |         let consensus_result = self.run_consensus_mechanism(blocks, validator_nodes)?;
   |             ^^^^^^^^^^^^^^^^ help: if this is intentional, prefix it with an underscore: `_consensus_result`

warning: unused variable: `global_root`
  --> crates/pessimistic-proof-core/src/sabv2.rs:63:9
   |
63 |         global_root: &agglayer_primitives::Digest,
   |         ^^^^^^^^^^^ help: if this is intentional, prefix it with an underscore: `_global_root`

warning: unused variable: `computed_hash`
   --> crates/pessimistic-proof-core/src/sabv2.rs:136:13
    |
136 |         let computed_hash = Keccak256::digest(&block_data);
    |             ^^^^^^^^^^^^^ help: if this is intentional, prefix it with an underscore: `_computed_hash`

warning: unused variable: `declared_hash`
   --> crates/pessimistic-proof-core/src/sabv2.rs:139:13
    |
139 |         let declared_hash = self.get_block_declared_hash(block)?;
    |             ^^^^^^^^^^^^^ help: if this is intentional, prefix it with an underscore: `_declared_hash`

warning: unused variable: `block`
   --> crates/pessimistic-proof-core/src/sabv2.rs:229:32
    |
229 |     fn get_block_height(&self, block: &crate::multi_batch_header::MultiBatchHeader<agglayer_primitives::keccak::Keccak256Hasher>) -> Resu...
    |                                ^^^^^ help: if this is intentional, prefix it with an underscore: `_block`

warning: unused variable: `block`
   --> crates/pessimistic-proof-core/src/sabv2.rs:241:39
    |
241 |     fn get_block_declared_hash(&self, block: &crate::multi_batch_header::MultiBatchHeader<agglayer_primitives::keccak::Keccak256Hasher>) ...
    |                                       ^^^^^ help: if this is intentional, prefix it with an underscore: `_block`

warning: unused variable: `block`
   --> crates/pessimistic-proof-core/src/sabv2.rs:247:32
    |
247 |     fn get_block_signer(&self, block: &crate::multi_batch_header::MultiBatchHeader<agglayer_primitives::keccak::Keccak256Hasher>) -> Resu...
    |                                ^^^^^ help: if this is intentional, prefix it with an underscore: `_block`

warning: unused variable: `block`
   --> crates/pessimistic-proof-core/src/sabv2.rs:257:35
    |
257 |     fn get_block_signature(&self, block: &crate::multi_batch_header::MultiBatchHeader<agglayer_primitives::keccak::Keccak256Hasher>) -> R...
    |                                   ^^^^^ help: if this is intentional, prefix it with an underscore: `_block`

warning: unused variable: `hash`
   --> crates/pessimistic-proof-core/src/sabv2.rs:274:13
    |
274 |         let hash = Keccak256::digest(&block_data);
    |             ^^^^ help: if this is intentional, prefix it with an underscore: `_hash`

warning: unused variable: `block`
   --> crates/pessimistic-proof-core/src/sabv2.rs:295:35
    |
295 |     fn estimate_block_size(&self, block: &crate::multi_batch_header::MultiBatchHeader<agglayer_primitives::keccak::Keccak256Hasher>) -> R...
    |                                   ^^^^^ help: if this is intentional, prefix it with an underscore: `_block`

warning: unused variable: `i`
   --> crates/pessimistic-proof-core/src/lmtr2.rs:144:14
    |
144 |         for (i, block) in blocks.iter().enumerate() {
    |              ^ help: if this is intentional, prefix it with an underscore: `_i`

warning: unused variable: `leaf_hash`
   --> crates/pessimistic-proof-core/src/lmtr2.rs:146:17
    |
146 |             let leaf_hash = Keccak256::digest(&block_data);
    |                 ^^^^^^^^^ help: if this is intentional, prefix it with an underscore: `_leaf_hash`

warning: unused variable: `current_efficiency`
   --> crates/pessimistic-proof-core/src/lmtr2.rs:179:13
    |
179 |         let current_efficiency = self.calculate_tree_efficiency(num_blocks, branching_factor)?;
    |             ^^^^^^^^^^^^^^^^^^ help: if this is intentional, prefix it with an underscore: `_current_efficiency`

warning: unused variable: `new_hash`
   --> crates/pessimistic-proof-core/src/lmtr2.rs:229:21
    |
229 |                 let new_hash = Keccak256::digest(&optimized_data);
    |                     ^^^^^^^^ help: if this is intentional, prefix it with an underscore: `_new_hash`

warning: unused variable: `optimal_config`
   --> crates/pessimistic-proof-core/src/lmtr2.rs:217:9
    |
217 |         optimal_config: &OptimalConfig,
    |         ^^^^^^^^^^^^^^ help: if this is intentional, prefix it with an underscore: `_optimal_config`

warning: unused variable: `parent_hash`
   --> crates/pessimistic-proof-core/src/lmtr2.rs:312:21
    |
312 |                 let parent_hash = Keccak256::digest(&parent_data);
    |                     ^^^^^^^^^^^ help: if this is intentional, prefix it with an underscore: `_parent_hash`

warning: unused variable: `tree`
   --> crates/pessimistic-proof-core/src/lmtr2.rs:399:136
    |
399 | ...ves::keccak::Keccak256Hasher>, tree: &MerkleTree) -> Result<crate::multi_batch_header::MultiBatchHeader<agglayer_primitives::keccak::K...
    |                                   ^^^^ help: if this is intentional, prefix it with an underscore: `_tree`

warning: unused variable: `j_star`
   --> crates/pessimistic-proof-core/src/sabv3.rs:306:9
    |
306 |         j_star: usize,
    |         ^^^^^^ help: if this is intentional, prefix it with an underscore: `_j_star`

warning: unused variable: `j_star`
   --> crates/pessimistic-proof-core/src/sabv4.rs:496:9
    |
496 |         j_star: usize,
    |         ^^^^^^ help: if this is intentional, prefix it with an underscore: `_j_star`

warning: unused variable: `expected_root`
   --> crates/pessimistic-proof-core/src/sabv4.rs:603:72
    |
603 | ...mputed_root: &Digest, expected_root: &agglayer_primitives::Digest, signature: &agglayer_primitives::Signature, signer: &agglayer_primi...
    |                          ^^^^^^^^^^^^^ help: if this is intentional, prefix it with an underscore: `_expected_root`

warning: unused variable: `expected_bytes`
   --> crates/pessimistic-proof-core/src/sabv4.rs:744:56
    |
744 |     fn verify_hash_chain(&self, computed_bytes: &[u8], expected_bytes: &[u8]) -> Result<bool, ProofError> {
    |                                                        ^^^^^^^^^^^^^^ help: if this is intentional, prefix it with an underscore: `_expected_bytes`

warning: unused variable: `global_root`
   --> crates/pessimistic-proof-core/src/sabv5.rs:138:9
    |
138 |         global_root: &agglayer_primitives::Digest,
    |         ^^^^^^^^^^^ help: if this is intentional, prefix it with an underscore: `_global_root`

warning: value assigned to `local_trees` is never read
   --> crates/pessimistic-proof-core/src/sabv5.rs:702:17
    |
702 |         let mut local_trees = Vec::new();
    |                 ^^^^^^^^^^^
    |
    = help: maybe it is overwritten before being read?
    = note: `#[warn(unused_assignments)]` on by default

warning: unused variable: `j_star`
   --> crates/pessimistic-proof-core/src/sabv5.rs:699:9
    |
699 |         j_star: usize,
    |         ^^^^^^ help: if this is intentional, prefix it with an underscore: `_j_star`

warning: unused variable: `expected_root`
   --> crates/pessimistic-proof-core/src/sabv5.rs:822:72
    |
822 | ...mputed_root: &Digest, expected_root: &agglayer_primitives::Digest, signature: &agglayer_primitives::Signature, signer: &agglayer_primi...
    |                          ^^^^^^^^^^^^^ help: if this is intentional, prefix it with an underscore: `_expected_root`

warning: unused variable: `expected_bytes`
   --> crates/pessimistic-proof-core/src/sabv5.rs:963:56
    |
963 |     fn verify_hash_chain(&self, computed_bytes: &[u8], expected_bytes: &[u8]) -> Result<bool, ProofError> {
    |                                                        ^^^^^^^^^^^^^^ help: if this is intentional, prefix it with an underscore: `_expected_bytes`

warning: field `config` is never read
  --> crates/pessimistic-proof-core/src/sabv.rs:13:5
   |
12 | pub struct SabvAlgorithm {
   |            ------------- field in this struct
13 |     config: SabvConfig,
   |     ^^^^^^
   |
   = note: `SabvAlgorithm` has derived impls for the traits `Clone` and `Debug`, but these are intentionally ignored during dead code analysis
   = note: `#[warn(dead_code)]` on by default

warning: field `config` is never read
  --> crates/pessimistic-proof-core/src/lmtr.rs:12:5
   |
11 | pub struct LmtrAlgorithm {
   |            ------------- field in this struct
12 |     config: LmtrConfig,
   |     ^^^^^^
   |
   = note: `LmtrAlgorithm` has derived impls for the traits `Clone` and `Debug`, but these are intentionally ignored during dead code analysis

warning: fields `config` and `consensus_messages` are never read
  --> crates/pessimistic-proof-core/src/sabv2.rs:34:5
   |
33 | pub struct Sabv2Algorithm {
   |            -------------- fields in this struct
34 |     config: Sabv2Config,
   |     ^^^^^^
35 |     validators: Vec<ValidatorNode>,
36 |     consensus_messages: HashMap<Digest, Vec<ConsensusMessage>>,
   |     ^^^^^^^^^^^^^^^^^^
   |
   = note: `Sabv2Algorithm` has derived impls for the traits `Clone` and `Debug`, but these are intentionally ignored during dead code analysis

warning: multiple methods are never used
   --> crates/pessimistic-proof-core/src/sabv2.rs:89:8
    |
 39 | impl Sabv2Algorithm {
    | ------------------- methods in this implementation
...
 89 |     fn validate_block_cryptography(
    |        ^^^^^^^^^^^^^^^^^^^^^^^^^^^
...
112 |     fn verify_merkle_tree_structure(
    |        ^^^^^^^^^^^^^^^^^^^^^^^^^^^^
...
130 |     fn verify_hash_integrity(
    |        ^^^^^^^^^^^^^^^^^^^^^
...
149 |     fn verify_signature_validity(
    |        ^^^^^^^^^^^^^^^^^^^^^^^^^
...
204 |     fn verify_consensus_threshold(
    |        ^^^^^^^^^^^^^^^^^^^^^^^^^^
...
222 |     fn calculate_optimal_height(&self, block: &crate::multi_batch_header::MultiBatchHeader<agglayer_primitives::keccak::Keccak256Hasher>)...
    |        ^^^^^^^^^^^^^^^^^^^^^^^^
...
229 |     fn get_block_height(&self, block: &crate::multi_batch_header::MultiBatchHeader<agglayer_primitives::keccak::Keccak256Hasher>) -> Resu...
    |        ^^^^^^^^^^^^^^^^
...
241 |     fn get_block_declared_hash(&self, block: &crate::multi_batch_header::MultiBatchHeader<agglayer_primitives::keccak::Keccak256Hasher>) ...
    |        ^^^^^^^^^^^^^^^^^^^^^^^
...
247 |     fn get_block_signer(&self, block: &crate::multi_batch_header::MultiBatchHeader<agglayer_primitives::keccak::Keccak256Hasher>) -> Resu...
    |        ^^^^^^^^^^^^^^^^
...
252 |     fn get_block_message(&self, block: &crate::multi_batch_header::MultiBatchHeader<agglayer_primitives::keccak::Keccak256Hasher>) -> Res...
    |        ^^^^^^^^^^^^^^^^^
...
257 |     fn get_block_signature(&self, block: &crate::multi_batch_header::MultiBatchHeader<agglayer_primitives::keccak::Keccak256Hasher>) -> R...
    |        ^^^^^^^^^^^^^^^^^^^
...
262 |     fn compute_expected_signature(&self, signer: &str, message: &[u8]) -> Result<String, ProofError> {
    |        ^^^^^^^^^^^^^^^^^^^^^^^^^^
...
295 |     fn estimate_block_size(&self, block: &crate::multi_batch_header::MultiBatchHeader<agglayer_primitives::keccak::Keccak256Hasher>) -> R...
    |        ^^^^^^^^^^^^^^^^^^^

warning: field `tree_cache` is never read
  --> crates/pessimistic-proof-core/src/lmtr2.rs:53:5
   |
51 | pub struct Lmtr2Algorithm {
   |            -------------- field in this struct
52 |     config: Lmtr2Config,
53 |     tree_cache: HashMap<Digest, MerkleTree>,
   |     ^^^^^^^^^^
   |
   = note: `Lmtr2Algorithm` has derived impls for the traits `Clone` and `Debug`, but these are intentionally ignored during dead code analysis

warning: fields `branching_factor` and `rebalancing_cost` are never read
   --> crates/pessimistic-proof-core/src/lmtr2.rs:415:5
    |
413 | struct OptimalConfig {
    |        ------------- fields in this struct
414 |     optimal_height: usize,
415 |     branching_factor: usize,
    |     ^^^^^^^^^^^^^^^^
416 |     expected_efficiency: f64,
417 |     rebalancing_cost: u64,
    |     ^^^^^^^^^^^^^^^^
    |
    = note: `OptimalConfig` has derived impls for the traits `Clone` and `Debug`, but these are intentionally ignored during dead code analysis

warning: field `validators` is never read
  --> crates/pessimistic-proof-core/src/sabv3.rs:41:5
   |
39 | pub struct Sabv3Algorithm {
   |            -------------- field in this struct
40 |     config: Sabv3Config,
41 |     validators: Vec<ValidatorNode>,
   |     ^^^^^^^^^^
   |
   = note: `Sabv3Algorithm` has derived impls for the traits `Clone` and `Debug`, but these are intentionally ignored during dead code analysis

warning: struct `BlockchainMerkleProof` is never constructed
  --> crates/pessimistic-proof-core/src/sabv4.rs:38:8
   |
38 | struct BlockchainMerkleProof {
   |        ^^^^^^^^^^^^^^^^^^^^^

warning: fields `shard_index` and `round` are never read
  --> crates/pessimistic-proof-core/src/sabv4.rs:50:9
   |
47 | struct MPCShareMessage {
   |        --------------- fields in this struct
...
50 |     pub shard_index: usize,
   |         ^^^^^^^^^^^
51 |     pub share: (f64, f64), // (x, y) = share point
52 |     pub round: u64,
   |         ^^^^^
   |
   = note: `MPCShareMessage` has derived impls for the traits `Clone` and `Debug`, but these are intentionally ignored during dead code analysis

warning: field `consensus_reached` is never read
  --> crates/pessimistic-proof-core/src/sabv4.rs:60:9
   |
57 | struct MPCNetworkState {
   |        --------------- field in this struct
...
60 |     pub consensus_reached: bool,
   |         ^^^^^^^^^^^^^^^^^
   |
   = note: `MPCNetworkState` has a derived impl for the trait `Debug`, but this is intentionally ignored during dead code analysis

warning: field `validators` is never read
  --> crates/pessimistic-proof-core/src/sabv4.rs:67:5
   |
65 | pub struct Sabv4Algorithm {
   |            -------------- field in this struct
66 |     config: Sabv4Config,
67 |     validators: Vec<ValidatorNode>,
   |     ^^^^^^^^^^
   |
   = note: `Sabv4Algorithm` has a derived impl for the trait `Debug`, but this is intentionally ignored during dead code analysis

warning: multiple methods are never used
    --> crates/pessimistic-proof-core/src/sabv4.rs:493:8
     |
  71 | impl Sabv4Algorithm {
     | ------------------- methods in this implementation
...
 493 |     fn construct_local_cc_mbmt(
     |        ^^^^^^^^^^^^^^^^^^^^^^^
...
 564 |     fn verify_integrity_with_blocks(&self, computed_root: &Digest, expected_root: &agglayer_primitives::Digest, blocks: &[crate::multi_ba...
     |        ^^^^^^^^^^^^^^^^^^^^^^^^^^^^
...
 603 |     fn verify_blockchain_signature_real(&self, computed_root: &Digest, expected_root: &agglayer_primitives::Digest, signature: &agglayer_...
     |        ^^^^^^^^^^^^^^^^^^^^^^^^^^^^^^^^
...
 618 |     fn extract_blockchain_public_key(&self, computed_bytes: &[u8]) -> Result<Vec<u8>, ProofError> {
     |        ^^^^^^^^^^^^^^^^^^^^^^^^^^^^^
...
 629 |     fn validate_blockchain_signature(&self, signature: &[u8], public_key: &[u8]) -> Result<bool, ProofError> {
     |        ^^^^^^^^^^^^^^^^^^^^^^^^^^^^^
...
 648 |     fn verify_merkle_proof(&self, computed_root: &Digest, expected_root: &agglayer_primitives::Digest) -> Result<bool, ProofError> {
     |        ^^^^^^^^^^^^^^^^^^^
...
 682 |     fn extract_blockchain_merkle_proof(&self, computed_root: &Digest, expected_root: &agglayer_primitives::Digest) -> Result<BlockchainMe...
     |        ^^^^^^^^^^^^^^^^^^^^^^^^^^^^^^^
...
 717 |     fn validate_blockchain_proof(&self, proof: &BlockchainMerkleProof) -> Result<bool, ProofError> {
     |        ^^^^^^^^^^^^^^^^^^^^^^^^^
...
 744 |     fn verify_hash_chain(&self, computed_bytes: &[u8], expected_bytes: &[u8]) -> Result<bool, ProofError> {
     |        ^^^^^^^^^^^^^^^^^
...
 772 |     fn verify_timestamp_freshness(&self) -> Result<bool, ProofError> {
     |        ^^^^^^^^^^^^^^^^^^^^^^^^^^
...
 784 |     fn verify_nonce_uniqueness(&self, computed_bytes: &[u8], expected_bytes: &[u8]) -> Result<bool, ProofError> {
     |        ^^^^^^^^^^^^^^^^^^^^^^^
...
 814 |     fn verify_zero_knowledge_proof(&self, computed_root: &Digest, expected_root: &agglayer_primitives::Digest) -> Result<bool, ProofError> {
     |        ^^^^^^^^^^^^^^^^^^^^^^^^^^^
...
 853 |     fn calculate_signature_strength(&self, signature_bytes: &[u8]) -> f64 {
     |        ^^^^^^^^^^^^^^^^^^^^^^^^^^^^
...
 950 |     fn calculate_entropy(&self, data: &[u8]) -> f64 {
     |        ^^^^^^^^^^^^^^^^^
...
 970 |     fn compute_shard_hash(&self, blocks: &[crate::multi_batch_header::MultiBatchHeader<agglayer_primitives::keccak::Keccak256Hasher>]) ->...
     |        ^^^^^^^^^^^^^^^^^^
...
1037 |     fn build_merkle_tree(&self, blocks: &[crate::multi_batch_header::MultiBatchHeader<agglayer_primitives::keccak::Keccak256Hasher>], b: ...
     |        ^^^^^^^^^^^^^^^^^
...
1104 |     fn calculate_tree_height(&self, num_blocks: usize, b: usize) -> usize {
     |        ^^^^^^^^^^^^^^^^^^^^^
...
1113 |     fn compute_root_from_blocks(
     |        ^^^^^^^^^^^^^^^^^^^^^^^^

warning: method `reconstruct_block_from_bytes` is never used
   --> crates/pessimistic-proof-core/src/lmtr4.rs:241:8
    |
 27 | impl Lmtr4Algorithm {
    | ------------------- method in this implementation
...
241 |     fn reconstruct_block_from_bytes(&self, bytes: &[u8]) -> Result<crate::multi_batch_header::MultiBatchHeader<agglayer_primitives::kecca...
    |        ^^^^^^^^^^^^^^^^^^^^^^^^^^^^

warning: struct `BlockchainMerkleProof` is never constructed
  --> crates/pessimistic-proof-core/src/sabv5.rs:48:8
   |
48 | struct BlockchainMerkleProof {
   |        ^^^^^^^^^^^^^^^^^^^^^

warning: fields `shard_index` and `round` are never read
  --> crates/pessimistic-proof-core/src/sabv5.rs:60:9
   |
57 | struct MPCShareMessage {
   |        --------------- fields in this struct
...
60 |     pub shard_index: usize,
   |         ^^^^^^^^^^^
61 |     pub share: (f64, f64), // (x, y) = share point
62 |     pub round: u64,
   |         ^^^^^
   |
   = note: `MPCShareMessage` has derived impls for the traits `Clone` and `Debug`, but these are intentionally ignored during dead code analysis

warning: field `consensus_reached` is never read
  --> crates/pessimistic-proof-core/src/sabv5.rs:70:9
   |
67 | struct MPCNetworkState {
   |        --------------- field in this struct
...
70 |     pub consensus_reached: bool,
   |         ^^^^^^^^^^^^^^^^^
   |
   = note: `MPCNetworkState` has a derived impl for the trait `Debug`, but this is intentionally ignored during dead code analysis

warning: field `validators` is never read
  --> crates/pessimistic-proof-core/src/sabv5.rs:77:5
   |
75 | pub struct Sabv5Algorithm {
   |            -------------- field in this struct
76 |     config: Sabv5Config,
77 |     validators: Vec<ValidatorNode>,
   |     ^^^^^^^^^^
   |
   = note: `Sabv5Algorithm` has a derived impl for the trait `Debug`, but this is intentionally ignored during dead code analysis

warning: multiple methods are never used
    --> crates/pessimistic-proof-core/src/sabv5.rs:696:8
     |
  81 | impl Sabv5Algorithm {
     | ------------------- methods in this implementation
...
 696 |     fn construct_local_cc_mbmt(
     |        ^^^^^^^^^^^^^^^^^^^^^^^
...
 774 |     fn verify_integrity_with_blocks(&self, computed_root: &Digest, expected_root: &agglayer_primitives::Digest, blocks: &[crate::multi_ba...
     |        ^^^^^^^^^^^^^^^^^^^^^^^^^^^^
...
 822 |     fn verify_blockchain_signature_real(&self, computed_root: &Digest, expected_root: &agglayer_primitives::Digest, signature: &agglayer_...
     |        ^^^^^^^^^^^^^^^^^^^^^^^^^^^^^^^^
...
 837 |     fn extract_blockchain_public_key(&self, computed_bytes: &[u8]) -> Result<Vec<u8>, ProofError> {
     |        ^^^^^^^^^^^^^^^^^^^^^^^^^^^^^
...
 848 |     fn validate_blockchain_signature(&self, signature: &[u8], public_key: &[u8]) -> Result<bool, ProofError> {
     |        ^^^^^^^^^^^^^^^^^^^^^^^^^^^^^
...
 867 |     fn verify_merkle_proof(&self, computed_root: &Digest, expected_root: &agglayer_primitives::Digest) -> Result<bool, ProofError> {
     |        ^^^^^^^^^^^^^^^^^^^
...
 901 |     fn extract_blockchain_merkle_proof(&self, computed_root: &Digest, expected_root: &agglayer_primitives::Digest) -> Result<BlockchainMe...
     |        ^^^^^^^^^^^^^^^^^^^^^^^^^^^^^^^
...
 936 |     fn validate_blockchain_proof(&self, proof: &BlockchainMerkleProof) -> Result<bool, ProofError> {
     |        ^^^^^^^^^^^^^^^^^^^^^^^^^
...
 963 |     fn verify_hash_chain(&self, computed_bytes: &[u8], expected_bytes: &[u8]) -> Result<bool, ProofError> {
     |        ^^^^^^^^^^^^^^^^^
...
 991 |     fn verify_timestamp_freshness(&self) -> Result<bool, ProofError> {
     |        ^^^^^^^^^^^^^^^^^^^^^^^^^^
...
1003 |     fn verify_nonce_uniqueness(&self, computed_bytes: &[u8], expected_bytes: &[u8]) -> Result<bool, ProofError> {
     |        ^^^^^^^^^^^^^^^^^^^^^^^
...
1033 |     fn verify_zero_knowledge_proof(&self, computed_root: &Digest, expected_root: &agglayer_primitives::Digest) -> Result<bool, ProofError> {
     |        ^^^^^^^^^^^^^^^^^^^^^^^^^^^
...
1072 |     fn calculate_signature_strength(&self, signature_bytes: &[u8]) -> f64 {
     |        ^^^^^^^^^^^^^^^^^^^^^^^^^^^^
...
1169 |     fn calculate_entropy(&self, data: &[u8]) -> f64 {
     |        ^^^^^^^^^^^^^^^^^
...
1261 |     fn build_merkle_tree(&self, blocks: &[crate::multi_batch_header::MultiBatchHeader<agglayer_primitives::keccak::Keccak256Hasher>], b: ...
     |        ^^^^^^^^^^^^^^^^^
...
1328 |     fn calculate_tree_height(&self, num_blocks: usize, b: usize) -> usize {
     |        ^^^^^^^^^^^^^^^^^^^^^
...
1349 |     fn compute_root_from_blocks(
     |        ^^^^^^^^^^^^^^^^^^^^^^^^

warning: `pessimistic-proof-core` (lib) generated 58 warnings (run `cargo fix --lib -p pessimistic-proof-core` to apply 12 suggestions)
warning: unused import: `rayon::ThreadPoolBuilder`
 --> crates/pessimistic-proof-test-suite/src/bin/ppgen_sabv_lmtr5.rs:6:5
  |
6 | use rayon::ThreadPoolBuilder;
  |     ^^^^^^^^^^^^^^^^^^^^^^^^
  |
  = note: `#[warn(unused_imports)]` on by default

warning: value assigned to `current_state` is never read
   --> crates/pessimistic-proof-test-suite/src/bin/ppgen_sabv_lmtr5.rs:133:9
    |
133 |         current_state = block_state.state_b.clone();
    |         ^^^^^^^^^^^^^
    |
    = help: maybe it is overwritten before being read?
    = note: `#[warn(unused_assignments)]` on by default

warning: unused variable: `vk`
   --> crates/pessimistic-proof-test-suite/src/bin/ppgen_sabv_lmtr5.rs:294:24
    |
294 |             Ok((proof, vk, new_roots)) => {
    |                        ^^ help: if this is intentional, prefix it with an underscore: `_vk`
    |
    = note: `#[warn(unused_variables)]` on by default

warning: unused variable: `new_roots`
   --> crates/pessimistic-proof-test-suite/src/bin/ppgen_sabv_lmtr5.rs:294:28
    |
294 |             Ok((proof, vk, new_roots)) => {
    |                            ^^^^^^^^^ help: if this is intentional, prefix it with an underscore: `_new_roots`

warning: variable does not need to be mutable
  --> crates/pessimistic-proof-test-suite/src/bin/ppgen_sabv_lmtr5.rs:72:9
   |
72 |     let mut state = data::sample_state_00();
   |         ----^^^^^
   |         |
   |         help: remove this `mut`
   |
   = note: `#[warn(unused_mut)]` on by default

warning: `pessimistic-proof-test-suite` (bin "ppgen_sabv_lmtr5") generated 5 warnings (run `cargo fix --bin "ppgen_sabv_lmtr5"` to apply 2 suggestions)
    Finished `release` profile [optimized] target(s) in 0.91s
     Running `target/release/ppgen_sabv_lmtr5 --n-exits 100 --validator-nodes 5 --proof-dir /home/ubuntu/thanhhuyen/proofs/v5/n100_run1`
🔍 SABV5: Starting Algorithm 1 - Verify Aggregated Blocks Integrity
   Input: N=100 blocks, branching_factor=3, validators=5
   📐 Optimal height calculation: log_3(100) + 1 = 6
🎯 V5: Calculated optimal htarget = 6 for N=100, b=3
📊 Computed expected root from 100 ORIGINAL blocks (before rebalancing): e8a715c82bd13296c6fda38275907818bd856a73c20339f36b8ae4bb003f9dd9 (height=6)
📊 SABV5: Calculated j* = 5 with variance = 0.0000
✅ Step 1: Optimal sharding size j* = 5 (shard_size = 3^5 = 243)
📦 SABV5: Created 1 shards (0 full + 1 remainder)
✅ Step 2: Partitioned 100 blocks into 1 shards (shard_size = 243)
📡 SABV5: REAL MPC Network - 5 validators broadcast shares, 5 received sufficient shares
🔐 SABV5: REAL Shamir secret sharing - Secret: 0.883819, Reconstructed: 0.883819, Match: true
   Polynomial degree: 2, Shares: 5, Threshold: 3/5
   Validator 4 assigned with share value: 8.668613
✅ Step 3: Secret sharing applied (threshold k=3/5)
📊 Step 4: Rebalancing shards with LMTR4 (Algorithm 2)...
🔧 LMTR4: Starting Algorithm 2 rebalancing for 100 blocks
📊 LMTR4: Initial state - Ni = 100, b = 3, htarget = 6
🔄 LMTR4: Fixed branch imbalance by appending last block - Ni = 101
🔄 LMTR4: Fixed branch imbalance by appending last block - Ni = 102
✅ LMTR4: Rebalancing complete - Final Ni = 102, height = 6
   ✅ Shard 0 (validator 4) - 100 → 102 blocks, height=6
🌳 Step 5a: Building REAL Local CC-MBMT from rebalanced blocks...
   ✅ Validator 4 built REAL local CC-MBMT (shard 0) - 102 blocks → tree height=6
🔗 SABV5: Merged 1 local CC-MBMTs into global CC-MBMT using REAL tree structure
✅ Step 5b: Merged 1 local CC-MBMTs into global root r
✅ Step 6: Computed alternative root r' (from rebalanced blocks) using SAME Merkle tree method as Step 5a
   Using 102 rebalanced blocks, tree height=6
✅ Step 6b: Using r' (from original blocks) = expected_root_from_original_blocks for CHECK 2
🔐 Step 7: Verifying integrity and detecting fraud...
   r  (from merged local trees, rebalanced): 32e80b407daed7c1b4ff53028b877008bdbf566bde427977ff38776eafb9644a
   r' (from all rebalanced blocks):           32e80b407daed7c1b4ff53028b877008bdbf566bde427977ff38776eafb9644a
   r' (from original blocks):                 e8a715c82bd13296c6fda38275907818bd856a73c20339f36b8ae4bb003f9dd9
   Note: r' (from original) will be compared with r (from rebalanced) in CHECK 2
   ✅ Check 1: r == r' (from rebalanced blocks)? true (internal consistency)
   📊 Block counts: original=100, rebalanced=102
   🔍 Check 2 (rebalancing changed block count):
      • Unique blocks in rebalanced: 100
      • Original blocks: 100
      • All original blocks present: true
      • No extra blocks: true
      • Content preserved: true
   ✅ Check 2: Content preserved (only structure changed) - PASSED
✅ SABV5: Verification PASSED - All checks passed
   ✅ Check 1: r == r' (from rebalanced blocks) - internal consistency verified
   ✅ Check 2: r' (from original blocks) == r (from rebalanced blocks) - rebalancing integrity verified
   ✅ Algorithm integrity: SABV5 + LMTR4 working as designed
   ✅ No fraud detected - blocks are consistent and rebalancing preserved content
2025-11-12T02:40:03.606693Z  INFO prove_core: clk = 0 pc = 0x201504
2025-11-12T02:40:04.201368Z  INFO prove_core: clk = 10000000 pc = 0x2043b8
2025-11-12T02:40:04.365659Z  INFO prove_core: clk = 0 pc = 0x201504
2025-11-12T02:40:04.793367Z  INFO prove_core: clk = 20000000 pc = 0x2010f8
2025-11-12T02:40:05.377271Z  INFO prove_core: clk = 30000000 pc = 0x231208
2025-11-12T02:40:08.328651Z  INFO prove_core: clk = 30000000 pc = 0x231208
2025-11-12T02:40:08.550260Z  INFO prove_core: clk = 20000000 pc = 0x2010f8
2025-11-12T02:40:09.340366Z  INFO prove_core: clk = 10000000 pc = 0x2043b8
2025-11-12T02:40:15.752970Z  INFO prove_core:generate main traces: close time.busy=3.54s time.idle=6.67µs index=0
2025-11-12T02:41:08.812145Z  INFO prove_core:generate main traces: close time.busy=31.8s time.idle=19.4µs index=1
Command terminated by signal 9
	Command being timed: "cargo run --release -p pessimistic-proof-test-suite --bin ppgen_sabv_lmtr5 -- --n-exits 100 --validator-nodes 5 --proof-dir /home/ubuntu/thanhhuyen/proofs/v5/n100_run1"
	User time (seconds): 9425.41
	System time (seconds): 475.87
	Percent of CPU this job got: 1425%
	Elapsed (wall clock) time (h:mm:ss or m:ss): 11:34.73
	Average shared text size (kbytes): 0
	Average unshared data size (kbytes): 0
	Average stack size (kbytes): 0
	Average total size (kbytes): 0
	Maximum resident set size (kbytes): 64533020
	Average resident set size (kbytes): 0
	Major (requiring I/O) page faults: 6328
	Minor (reclaiming a frame) page faults: 38493010
	Voluntary context switches: 74933
	Involuntary context switches: 137983
	Swaps: 0
	File system inputs: 370888
	File system outputs: 10832
	Socket messages sent: 0
	Socket messages received: 0
	Signals delivered: 0
	Page size (bytes): 4096
	Exit status: 0

━━━━━━━━━━━━━━━━━━━━━━━━━━━━━━━━━━━━━━━━━━━━━━━━━━━━━━━━━━━━
📊 N=100, Run 1/5 Results
━━━━━━━━━━━━━━━━━━━━━━━━━━━━━━━━━━━━━━━━━━━━━━━━━━━━━━━━━━━━
   Duration: 694s (11m 34s)
   Exit code: 137

   📊 Resource Usage:
      ❌ Process bị KILL (signal 9) - có thể do OOM
      💡 Xem log chi tiết: tail -50 /home/ubuntu/thanhhuyen/logs/v5/v5_n100_run1_20251112_023954.log
      💾 Maximum RAM: 61.54 GB (64533020 KB)
      ⚡ CPU Usage: this%
   ❌ Proof file: KHÔNG CÓ (có thể bị kill hoặc chưa xong)
   ⚠️  Process có thể bị kill bởi OOM

   📁 Log: /home/ubuntu/thanhhuyen/logs/v5/v5_n100_run1_20251112_023954.log
   📁 Proof: /home/ubuntu/thanhhuyen/proofs/v5/n100_run1

━━━━━━━━━━━━━━━━━━━━━━━━━━━━━━━━━━━━━━━━━━━━━━━━━━━━━━━━━━━━
📊 Lần lặp 1/5 - Running N=500 at 2025-11-12 02:51:30
━━━━━━━━━━━━━━━━━━━━━━━━━━━━━━━━━━━━━━━━━━━━━━━━━━━━━━━━━━━━

   ⚙️  Config: SHARD_BATCH_SIZE=4, TRACE_GEN_WORKERS=8 (N=500) - GIẢM MEMORY TỐI ĐA
   ⚙️  RAYON_NUM_THREADS=16
   ⚙️  Expected CPU usage: ~1200-1600% (vẫn cao nhưng giảm memory)
   ⚙️  ⚠️  GIẢM MEMORY để tránh OOM kill

   📁 Log: /home/ubuntu/thanhhuyen/logs/v5/v5_n500_run1_20251112_025130.log
   📁 Proof dir: /home/ubuntu/thanhhuyen/proofs/v5/n500_run1

warning: unused import: `keccak::Keccak256Hasher`
 --> crates/pessimistic-proof-core/src/sabv2.rs:2:35
  |
2 | use agglayer_primitives::{Digest, keccak::Keccak256Hasher};
  |                                   ^^^^^^^^^^^^^^^^^^^^^^^
  |
  = note: `#[warn(unused_imports)]` on by default

warning: unused import: `keccak::Keccak256Hasher`
 --> crates/pessimistic-proof-core/src/lmtr2.rs:2:35
  |
2 | use agglayer_primitives::{Digest, keccak::Keccak256Hasher};
  |                                   ^^^^^^^^^^^^^^^^^^^^^^^

warning: unused import: `keccak::Keccak256Hasher`
 --> crates/pessimistic-proof-core/src/sabv3.rs:2:35
  |
2 | use agglayer_primitives::{Digest, keccak::Keccak256Hasher};
  |                                   ^^^^^^^^^^^^^^^^^^^^^^^

warning: unused import: `keccak::Keccak256Hasher`
 --> crates/pessimistic-proof-core/src/lmtr3.rs:2:35
  |
2 | use agglayer_primitives::{Digest, keccak::Keccak256Hasher};
  |                                   ^^^^^^^^^^^^^^^^^^^^^^^

warning: unused import: `keccak::Keccak256Hasher`
 --> crates/pessimistic-proof-core/src/sabv4.rs:2:35
  |
2 | use agglayer_primitives::{Digest, keccak::Keccak256Hasher};
  |                                   ^^^^^^^^^^^^^^^^^^^^^^^

warning: unused import: `keccak::Keccak256Hasher`
 --> crates/pessimistic-proof-core/src/lmtr4.rs:2:35
  |
2 | use agglayer_primitives::{Digest, keccak::Keccak256Hasher};
  |                                   ^^^^^^^^^^^^^^^^^^^^^^^

warning: unused imports: `BridgeExit`, `ImportedBridgeExit`, `NetworkId`, and `TokenInfo`
   --> crates/pessimistic-proof-core/src/lmtr4.rs:245:30
    |
245 |         use unified_bridge::{BridgeExit, ImportedBridgeExit, NetworkId, TokenInfo};
    |                              ^^^^^^^^^^  ^^^^^^^^^^^^^^^^^^  ^^^^^^^^^  ^^^^^^^^^

warning: unused import: `agglayer_primitives::U256`
   --> crates/pessimistic-proof-core/src/lmtr4.rs:247:13
    |
247 |         use agglayer_primitives::U256;
    |             ^^^^^^^^^^^^^^^^^^^^^^^^^

warning: unused import: `crate::nullifier_tree::NullifierPath`
   --> crates/pessimistic-proof-core/src/lmtr4.rs:248:13
    |
248 |         use crate::nullifier_tree::NullifierPath;
    |             ^^^^^^^^^^^^^^^^^^^^^^^^^^^^^^^^^^^^

warning: unused import: `crate::local_balance_tree::LocalBalancePath`
   --> crates/pessimistic-proof-core/src/lmtr4.rs:249:13
    |
249 |         use crate::local_balance_tree::LocalBalancePath;
    |             ^^^^^^^^^^^^^^^^^^^^^^^^^^^^^^^^^^^^^^^^^^^

warning: unused import: `crate::aggchain_proof::AggchainData`
   --> crates/pessimistic-proof-core/src/lmtr4.rs:250:13
    |
250 |         use crate::aggchain_proof::AggchainData;
    |             ^^^^^^^^^^^^^^^^^^^^^^^^^^^^^^^^^^^

warning: unused import: `keccak::Keccak256Hasher`
 --> crates/pessimistic-proof-core/src/sabv5.rs:2:35
  |
2 | use agglayer_primitives::{Digest, keccak::Keccak256Hasher};
  |                                   ^^^^^^^^^^^^^^^^^^^^^^^

warning: unused variable: `branching_factor`
  --> crates/pessimistic-proof-core/src/lmtr.rs:31:9
   |
31 |         branching_factor: usize,
   |         ^^^^^^^^^^^^^^^^ help: if this is intentional, prefix it with an underscore: `_branching_factor`
   |
   = note: `#[warn(unused_variables)]` on by default

warning: unused variable: `block`
  --> crates/pessimistic-proof-core/src/sabv2.rs:72:13
   |
72 |         for block in blocks {
   |             ^^^^^ help: if this is intentional, prefix it with an underscore: `_block`

warning: unused variable: `consensus_result`
  --> crates/pessimistic-proof-core/src/sabv2.rs:79:13
   |
79 |         let consensus_result = self.run_consensus_mechanism(blocks, validator_nodes)?;
   |             ^^^^^^^^^^^^^^^^ help: if this is intentional, prefix it with an underscore: `_consensus_result`

warning: unused variable: `global_root`
  --> crates/pessimistic-proof-core/src/sabv2.rs:63:9
   |
63 |         global_root: &agglayer_primitives::Digest,
   |         ^^^^^^^^^^^ help: if this is intentional, prefix it with an underscore: `_global_root`

warning: unused variable: `computed_hash`
   --> crates/pessimistic-proof-core/src/sabv2.rs:136:13
    |
136 |         let computed_hash = Keccak256::digest(&block_data);
    |             ^^^^^^^^^^^^^ help: if this is intentional, prefix it with an underscore: `_computed_hash`

warning: unused variable: `declared_hash`
   --> crates/pessimistic-proof-core/src/sabv2.rs:139:13
    |
139 |         let declared_hash = self.get_block_declared_hash(block)?;
    |             ^^^^^^^^^^^^^ help: if this is intentional, prefix it with an underscore: `_declared_hash`

warning: unused variable: `block`
   --> crates/pessimistic-proof-core/src/sabv2.rs:229:32
    |
229 |     fn get_block_height(&self, block: &crate::multi_batch_header::MultiBatchHeader<agglayer_primitives::keccak::Keccak256Hasher>) -> Resu...
    |                                ^^^^^ help: if this is intentional, prefix it with an underscore: `_block`

warning: unused variable: `block`
   --> crates/pessimistic-proof-core/src/sabv2.rs:241:39
    |
241 |     fn get_block_declared_hash(&self, block: &crate::multi_batch_header::MultiBatchHeader<agglayer_primitives::keccak::Keccak256Hasher>) ...
    |                                       ^^^^^ help: if this is intentional, prefix it with an underscore: `_block`

warning: unused variable: `block`
   --> crates/pessimistic-proof-core/src/sabv2.rs:247:32
    |
247 |     fn get_block_signer(&self, block: &crate::multi_batch_header::MultiBatchHeader<agglayer_primitives::keccak::Keccak256Hasher>) -> Resu...
    |                                ^^^^^ help: if this is intentional, prefix it with an underscore: `_block`

warning: unused variable: `block`
   --> crates/pessimistic-proof-core/src/sabv2.rs:257:35
    |
257 |     fn get_block_signature(&self, block: &crate::multi_batch_header::MultiBatchHeader<agglayer_primitives::keccak::Keccak256Hasher>) -> R...
    |                                   ^^^^^ help: if this is intentional, prefix it with an underscore: `_block`

warning: unused variable: `hash`
   --> crates/pessimistic-proof-core/src/sabv2.rs:274:13
    |
274 |         let hash = Keccak256::digest(&block_data);
    |             ^^^^ help: if this is intentional, prefix it with an underscore: `_hash`

warning: unused variable: `block`
   --> crates/pessimistic-proof-core/src/sabv2.rs:295:35
    |
295 |     fn estimate_block_size(&self, block: &crate::multi_batch_header::MultiBatchHeader<agglayer_primitives::keccak::Keccak256Hasher>) -> R...
    |                                   ^^^^^ help: if this is intentional, prefix it with an underscore: `_block`

warning: unused variable: `i`
   --> crates/pessimistic-proof-core/src/lmtr2.rs:144:14
    |
144 |         for (i, block) in blocks.iter().enumerate() {
    |              ^ help: if this is intentional, prefix it with an underscore: `_i`

warning: unused variable: `leaf_hash`
   --> crates/pessimistic-proof-core/src/lmtr2.rs:146:17
    |
146 |             let leaf_hash = Keccak256::digest(&block_data);
    |                 ^^^^^^^^^ help: if this is intentional, prefix it with an underscore: `_leaf_hash`

warning: unused variable: `current_efficiency`
   --> crates/pessimistic-proof-core/src/lmtr2.rs:179:13
    |
179 |         let current_efficiency = self.calculate_tree_efficiency(num_blocks, branching_factor)?;
    |             ^^^^^^^^^^^^^^^^^^ help: if this is intentional, prefix it with an underscore: `_current_efficiency`

warning: unused variable: `new_hash`
   --> crates/pessimistic-proof-core/src/lmtr2.rs:229:21
    |
229 |                 let new_hash = Keccak256::digest(&optimized_data);
    |                     ^^^^^^^^ help: if this is intentional, prefix it with an underscore: `_new_hash`

warning: unused variable: `optimal_config`
   --> crates/pessimistic-proof-core/src/lmtr2.rs:217:9
    |
217 |         optimal_config: &OptimalConfig,
    |         ^^^^^^^^^^^^^^ help: if this is intentional, prefix it with an underscore: `_optimal_config`

warning: unused variable: `parent_hash`
   --> crates/pessimistic-proof-core/src/lmtr2.rs:312:21
    |
312 |                 let parent_hash = Keccak256::digest(&parent_data);
    |                     ^^^^^^^^^^^ help: if this is intentional, prefix it with an underscore: `_parent_hash`

warning: unused variable: `tree`
   --> crates/pessimistic-proof-core/src/lmtr2.rs:399:136
    |
399 | ...ves::keccak::Keccak256Hasher>, tree: &MerkleTree) -> Result<crate::multi_batch_header::MultiBatchHeader<agglayer_primitives::keccak::K...
    |                                   ^^^^ help: if this is intentional, prefix it with an underscore: `_tree`

warning: unused variable: `j_star`
   --> crates/pessimistic-proof-core/src/sabv3.rs:306:9
    |
306 |         j_star: usize,
    |         ^^^^^^ help: if this is intentional, prefix it with an underscore: `_j_star`

warning: unused variable: `j_star`
   --> crates/pessimistic-proof-core/src/sabv4.rs:496:9
    |
496 |         j_star: usize,
    |         ^^^^^^ help: if this is intentional, prefix it with an underscore: `_j_star`

warning: unused variable: `expected_root`
   --> crates/pessimistic-proof-core/src/sabv4.rs:603:72
    |
603 | ...mputed_root: &Digest, expected_root: &agglayer_primitives::Digest, signature: &agglayer_primitives::Signature, signer: &agglayer_primi...
    |                          ^^^^^^^^^^^^^ help: if this is intentional, prefix it with an underscore: `_expected_root`

warning: unused variable: `expected_bytes`
   --> crates/pessimistic-proof-core/src/sabv4.rs:744:56
    |
744 |     fn verify_hash_chain(&self, computed_bytes: &[u8], expected_bytes: &[u8]) -> Result<bool, ProofError> {
    |                                                        ^^^^^^^^^^^^^^ help: if this is intentional, prefix it with an underscore: `_expected_bytes`

warning: unused variable: `global_root`
   --> crates/pessimistic-proof-core/src/sabv5.rs:138:9
    |
138 |         global_root: &agglayer_primitives::Digest,
    |         ^^^^^^^^^^^ help: if this is intentional, prefix it with an underscore: `_global_root`

warning: value assigned to `local_trees` is never read
   --> crates/pessimistic-proof-core/src/sabv5.rs:702:17
    |
702 |         let mut local_trees = Vec::new();
    |                 ^^^^^^^^^^^
    |
    = help: maybe it is overwritten before being read?
    = note: `#[warn(unused_assignments)]` on by default

warning: unused variable: `j_star`
   --> crates/pessimistic-proof-core/src/sabv5.rs:699:9
    |
699 |         j_star: usize,
    |         ^^^^^^ help: if this is intentional, prefix it with an underscore: `_j_star`

warning: unused variable: `expected_root`
   --> crates/pessimistic-proof-core/src/sabv5.rs:822:72
    |
822 | ...mputed_root: &Digest, expected_root: &agglayer_primitives::Digest, signature: &agglayer_primitives::Signature, signer: &agglayer_primi...
    |                          ^^^^^^^^^^^^^ help: if this is intentional, prefix it with an underscore: `_expected_root`

warning: unused variable: `expected_bytes`
   --> crates/pessimistic-proof-core/src/sabv5.rs:963:56
    |
963 |     fn verify_hash_chain(&self, computed_bytes: &[u8], expected_bytes: &[u8]) -> Result<bool, ProofError> {
    |                                                        ^^^^^^^^^^^^^^ help: if this is intentional, prefix it with an underscore: `_expected_bytes`

warning: field `config` is never read
  --> crates/pessimistic-proof-core/src/sabv.rs:13:5
   |
12 | pub struct SabvAlgorithm {
   |            ------------- field in this struct
13 |     config: SabvConfig,
   |     ^^^^^^
   |
   = note: `SabvAlgorithm` has derived impls for the traits `Clone` and `Debug`, but these are intentionally ignored during dead code analysis
   = note: `#[warn(dead_code)]` on by default

warning: field `config` is never read
  --> crates/pessimistic-proof-core/src/lmtr.rs:12:5
   |
11 | pub struct LmtrAlgorithm {
   |            ------------- field in this struct
12 |     config: LmtrConfig,
   |     ^^^^^^
   |
   = note: `LmtrAlgorithm` has derived impls for the traits `Clone` and `Debug`, but these are intentionally ignored during dead code analysis

warning: fields `config` and `consensus_messages` are never read
  --> crates/pessimistic-proof-core/src/sabv2.rs:34:5
   |
33 | pub struct Sabv2Algorithm {
   |            -------------- fields in this struct
34 |     config: Sabv2Config,
   |     ^^^^^^
35 |     validators: Vec<ValidatorNode>,
36 |     consensus_messages: HashMap<Digest, Vec<ConsensusMessage>>,
   |     ^^^^^^^^^^^^^^^^^^
   |
   = note: `Sabv2Algorithm` has derived impls for the traits `Clone` and `Debug`, but these are intentionally ignored during dead code analysis

warning: multiple methods are never used
   --> crates/pessimistic-proof-core/src/sabv2.rs:89:8
    |
 39 | impl Sabv2Algorithm {
    | ------------------- methods in this implementation
...
 89 |     fn validate_block_cryptography(
    |        ^^^^^^^^^^^^^^^^^^^^^^^^^^^
...
112 |     fn verify_merkle_tree_structure(
    |        ^^^^^^^^^^^^^^^^^^^^^^^^^^^^
...
130 |     fn verify_hash_integrity(
    |        ^^^^^^^^^^^^^^^^^^^^^
...
149 |     fn verify_signature_validity(
    |        ^^^^^^^^^^^^^^^^^^^^^^^^^
...
204 |     fn verify_consensus_threshold(
    |        ^^^^^^^^^^^^^^^^^^^^^^^^^^
...
222 |     fn calculate_optimal_height(&self, block: &crate::multi_batch_header::MultiBatchHeader<agglayer_primitives::keccak::Keccak256Hasher>)...
    |        ^^^^^^^^^^^^^^^^^^^^^^^^
...
229 |     fn get_block_height(&self, block: &crate::multi_batch_header::MultiBatchHeader<agglayer_primitives::keccak::Keccak256Hasher>) -> Resu...
    |        ^^^^^^^^^^^^^^^^
...
241 |     fn get_block_declared_hash(&self, block: &crate::multi_batch_header::MultiBatchHeader<agglayer_primitives::keccak::Keccak256Hasher>) ...
    |        ^^^^^^^^^^^^^^^^^^^^^^^
...
247 |     fn get_block_signer(&self, block: &crate::multi_batch_header::MultiBatchHeader<agglayer_primitives::keccak::Keccak256Hasher>) -> Resu...
    |        ^^^^^^^^^^^^^^^^
...
252 |     fn get_block_message(&self, block: &crate::multi_batch_header::MultiBatchHeader<agglayer_primitives::keccak::Keccak256Hasher>) -> Res...
    |        ^^^^^^^^^^^^^^^^^
...
257 |     fn get_block_signature(&self, block: &crate::multi_batch_header::MultiBatchHeader<agglayer_primitives::keccak::Keccak256Hasher>) -> R...
    |        ^^^^^^^^^^^^^^^^^^^
...
262 |     fn compute_expected_signature(&self, signer: &str, message: &[u8]) -> Result<String, ProofError> {
    |        ^^^^^^^^^^^^^^^^^^^^^^^^^^
...
295 |     fn estimate_block_size(&self, block: &crate::multi_batch_header::MultiBatchHeader<agglayer_primitives::keccak::Keccak256Hasher>) -> R...
    |        ^^^^^^^^^^^^^^^^^^^

warning: field `tree_cache` is never read
  --> crates/pessimistic-proof-core/src/lmtr2.rs:53:5
   |
51 | pub struct Lmtr2Algorithm {
   |            -------------- field in this struct
52 |     config: Lmtr2Config,
53 |     tree_cache: HashMap<Digest, MerkleTree>,
   |     ^^^^^^^^^^
   |
   = note: `Lmtr2Algorithm` has derived impls for the traits `Clone` and `Debug`, but these are intentionally ignored during dead code analysis

warning: fields `branching_factor` and `rebalancing_cost` are never read
   --> crates/pessimistic-proof-core/src/lmtr2.rs:415:5
    |
413 | struct OptimalConfig {
    |        ------------- fields in this struct
414 |     optimal_height: usize,
415 |     branching_factor: usize,
    |     ^^^^^^^^^^^^^^^^
416 |     expected_efficiency: f64,
417 |     rebalancing_cost: u64,
    |     ^^^^^^^^^^^^^^^^
    |
    = note: `OptimalConfig` has derived impls for the traits `Clone` and `Debug`, but these are intentionally ignored during dead code analysis

warning: field `validators` is never read
  --> crates/pessimistic-proof-core/src/sabv3.rs:41:5
   |
39 | pub struct Sabv3Algorithm {
   |            -------------- field in this struct
40 |     config: Sabv3Config,
41 |     validators: Vec<ValidatorNode>,
   |     ^^^^^^^^^^
   |
   = note: `Sabv3Algorithm` has derived impls for the traits `Clone` and `Debug`, but these are intentionally ignored during dead code analysis

warning: struct `BlockchainMerkleProof` is never constructed
  --> crates/pessimistic-proof-core/src/sabv4.rs:38:8
   |
38 | struct BlockchainMerkleProof {
   |        ^^^^^^^^^^^^^^^^^^^^^

warning: fields `shard_index` and `round` are never read
  --> crates/pessimistic-proof-core/src/sabv4.rs:50:9
   |
47 | struct MPCShareMessage {
   |        --------------- fields in this struct
...
50 |     pub shard_index: usize,
   |         ^^^^^^^^^^^
51 |     pub share: (f64, f64), // (x, y) = share point
52 |     pub round: u64,
   |         ^^^^^
   |
   = note: `MPCShareMessage` has derived impls for the traits `Clone` and `Debug`, but these are intentionally ignored during dead code analysis

warning: field `consensus_reached` is never read
  --> crates/pessimistic-proof-core/src/sabv4.rs:60:9
   |
57 | struct MPCNetworkState {
   |        --------------- field in this struct
...
60 |     pub consensus_reached: bool,
   |         ^^^^^^^^^^^^^^^^^
   |
   = note: `MPCNetworkState` has a derived impl for the trait `Debug`, but this is intentionally ignored during dead code analysis

warning: field `validators` is never read
  --> crates/pessimistic-proof-core/src/sabv4.rs:67:5
   |
65 | pub struct Sabv4Algorithm {
   |            -------------- field in this struct
66 |     config: Sabv4Config,
67 |     validators: Vec<ValidatorNode>,
   |     ^^^^^^^^^^
   |
   = note: `Sabv4Algorithm` has a derived impl for the trait `Debug`, but this is intentionally ignored during dead code analysis

warning: multiple methods are never used
    --> crates/pessimistic-proof-core/src/sabv4.rs:493:8
     |
  71 | impl Sabv4Algorithm {
     | ------------------- methods in this implementation
...
 493 |     fn construct_local_cc_mbmt(
     |        ^^^^^^^^^^^^^^^^^^^^^^^
...
 564 |     fn verify_integrity_with_blocks(&self, computed_root: &Digest, expected_root: &agglayer_primitives::Digest, blocks: &[crate::multi_ba...
     |        ^^^^^^^^^^^^^^^^^^^^^^^^^^^^
...
 603 |     fn verify_blockchain_signature_real(&self, computed_root: &Digest, expected_root: &agglayer_primitives::Digest, signature: &agglayer_...
     |        ^^^^^^^^^^^^^^^^^^^^^^^^^^^^^^^^
...
 618 |     fn extract_blockchain_public_key(&self, computed_bytes: &[u8]) -> Result<Vec<u8>, ProofError> {
     |        ^^^^^^^^^^^^^^^^^^^^^^^^^^^^^
...
 629 |     fn validate_blockchain_signature(&self, signature: &[u8], public_key: &[u8]) -> Result<bool, ProofError> {
     |        ^^^^^^^^^^^^^^^^^^^^^^^^^^^^^
...
 648 |     fn verify_merkle_proof(&self, computed_root: &Digest, expected_root: &agglayer_primitives::Digest) -> Result<bool, ProofError> {
     |        ^^^^^^^^^^^^^^^^^^^
...
 682 |     fn extract_blockchain_merkle_proof(&self, computed_root: &Digest, expected_root: &agglayer_primitives::Digest) -> Result<BlockchainMe...
     |        ^^^^^^^^^^^^^^^^^^^^^^^^^^^^^^^
...
 717 |     fn validate_blockchain_proof(&self, proof: &BlockchainMerkleProof) -> Result<bool, ProofError> {
     |        ^^^^^^^^^^^^^^^^^^^^^^^^^
...
 744 |     fn verify_hash_chain(&self, computed_bytes: &[u8], expected_bytes: &[u8]) -> Result<bool, ProofError> {
     |        ^^^^^^^^^^^^^^^^^
...
 772 |     fn verify_timestamp_freshness(&self) -> Result<bool, ProofError> {
     |        ^^^^^^^^^^^^^^^^^^^^^^^^^^
...
 784 |     fn verify_nonce_uniqueness(&self, computed_bytes: &[u8], expected_bytes: &[u8]) -> Result<bool, ProofError> {
     |        ^^^^^^^^^^^^^^^^^^^^^^^
...
 814 |     fn verify_zero_knowledge_proof(&self, computed_root: &Digest, expected_root: &agglayer_primitives::Digest) -> Result<bool, ProofError> {
     |        ^^^^^^^^^^^^^^^^^^^^^^^^^^^
...
 853 |     fn calculate_signature_strength(&self, signature_bytes: &[u8]) -> f64 {
     |        ^^^^^^^^^^^^^^^^^^^^^^^^^^^^
...
 950 |     fn calculate_entropy(&self, data: &[u8]) -> f64 {
     |        ^^^^^^^^^^^^^^^^^
...
 970 |     fn compute_shard_hash(&self, blocks: &[crate::multi_batch_header::MultiBatchHeader<agglayer_primitives::keccak::Keccak256Hasher>]) ->...
     |        ^^^^^^^^^^^^^^^^^^
...
1037 |     fn build_merkle_tree(&self, blocks: &[crate::multi_batch_header::MultiBatchHeader<agglayer_primitives::keccak::Keccak256Hasher>], b: ...
     |        ^^^^^^^^^^^^^^^^^
...
1104 |     fn calculate_tree_height(&self, num_blocks: usize, b: usize) -> usize {
     |        ^^^^^^^^^^^^^^^^^^^^^
...
1113 |     fn compute_root_from_blocks(
     |        ^^^^^^^^^^^^^^^^^^^^^^^^

warning: method `reconstruct_block_from_bytes` is never used
   --> crates/pessimistic-proof-core/src/lmtr4.rs:241:8
    |
 27 | impl Lmtr4Algorithm {
    | ------------------- method in this implementation
...
241 |     fn reconstruct_block_from_bytes(&self, bytes: &[u8]) -> Result<crate::multi_batch_header::MultiBatchHeader<agglayer_primitives::kecca...
    |        ^^^^^^^^^^^^^^^^^^^^^^^^^^^^

warning: struct `BlockchainMerkleProof` is never constructed
  --> crates/pessimistic-proof-core/src/sabv5.rs:48:8
   |
48 | struct BlockchainMerkleProof {
   |        ^^^^^^^^^^^^^^^^^^^^^

warning: fields `shard_index` and `round` are never read
  --> crates/pessimistic-proof-core/src/sabv5.rs:60:9
   |
57 | struct MPCShareMessage {
   |        --------------- fields in this struct
...
60 |     pub shard_index: usize,
   |         ^^^^^^^^^^^
61 |     pub share: (f64, f64), // (x, y) = share point
62 |     pub round: u64,
   |         ^^^^^
   |
   = note: `MPCShareMessage` has derived impls for the traits `Clone` and `Debug`, but these are intentionally ignored during dead code analysis

warning: field `consensus_reached` is never read
  --> crates/pessimistic-proof-core/src/sabv5.rs:70:9
   |
67 | struct MPCNetworkState {
   |        --------------- field in this struct
...
70 |     pub consensus_reached: bool,
   |         ^^^^^^^^^^^^^^^^^
   |
   = note: `MPCNetworkState` has a derived impl for the trait `Debug`, but this is intentionally ignored during dead code analysis

warning: field `validators` is never read
  --> crates/pessimistic-proof-core/src/sabv5.rs:77:5
   |
75 | pub struct Sabv5Algorithm {
   |            -------------- field in this struct
76 |     config: Sabv5Config,
77 |     validators: Vec<ValidatorNode>,
   |     ^^^^^^^^^^
   |
   = note: `Sabv5Algorithm` has a derived impl for the trait `Debug`, but this is intentionally ignored during dead code analysis

warning: multiple methods are never used
    --> crates/pessimistic-proof-core/src/sabv5.rs:696:8
     |
  81 | impl Sabv5Algorithm {
     | ------------------- methods in this implementation
...
 696 |     fn construct_local_cc_mbmt(
     |        ^^^^^^^^^^^^^^^^^^^^^^^
...
 774 |     fn verify_integrity_with_blocks(&self, computed_root: &Digest, expected_root: &agglayer_primitives::Digest, blocks: &[crate::multi_ba...
     |        ^^^^^^^^^^^^^^^^^^^^^^^^^^^^
...
 822 |     fn verify_blockchain_signature_real(&self, computed_root: &Digest, expected_root: &agglayer_primitives::Digest, signature: &agglayer_...
     |        ^^^^^^^^^^^^^^^^^^^^^^^^^^^^^^^^
...
 837 |     fn extract_blockchain_public_key(&self, computed_bytes: &[u8]) -> Result<Vec<u8>, ProofError> {
     |        ^^^^^^^^^^^^^^^^^^^^^^^^^^^^^
...
 848 |     fn validate_blockchain_signature(&self, signature: &[u8], public_key: &[u8]) -> Result<bool, ProofError> {
     |        ^^^^^^^^^^^^^^^^^^^^^^^^^^^^^
...
 867 |     fn verify_merkle_proof(&self, computed_root: &Digest, expected_root: &agglayer_primitives::Digest) -> Result<bool, ProofError> {
     |        ^^^^^^^^^^^^^^^^^^^
...
 901 |     fn extract_blockchain_merkle_proof(&self, computed_root: &Digest, expected_root: &agglayer_primitives::Digest) -> Result<BlockchainMe...
     |        ^^^^^^^^^^^^^^^^^^^^^^^^^^^^^^^
...
 936 |     fn validate_blockchain_proof(&self, proof: &BlockchainMerkleProof) -> Result<bool, ProofError> {
     |        ^^^^^^^^^^^^^^^^^^^^^^^^^
...
 963 |     fn verify_hash_chain(&self, computed_bytes: &[u8], expected_bytes: &[u8]) -> Result<bool, ProofError> {
     |        ^^^^^^^^^^^^^^^^^
...
 991 |     fn verify_timestamp_freshness(&self) -> Result<bool, ProofError> {
     |        ^^^^^^^^^^^^^^^^^^^^^^^^^^
...
1003 |     fn verify_nonce_uniqueness(&self, computed_bytes: &[u8], expected_bytes: &[u8]) -> Result<bool, ProofError> {
     |        ^^^^^^^^^^^^^^^^^^^^^^^
...
1033 |     fn verify_zero_knowledge_proof(&self, computed_root: &Digest, expected_root: &agglayer_primitives::Digest) -> Result<bool, ProofError> {
     |        ^^^^^^^^^^^^^^^^^^^^^^^^^^^
...
1072 |     fn calculate_signature_strength(&self, signature_bytes: &[u8]) -> f64 {
     |        ^^^^^^^^^^^^^^^^^^^^^^^^^^^^
...
1169 |     fn calculate_entropy(&self, data: &[u8]) -> f64 {
     |        ^^^^^^^^^^^^^^^^^
...
1261 |     fn build_merkle_tree(&self, blocks: &[crate::multi_batch_header::MultiBatchHeader<agglayer_primitives::keccak::Keccak256Hasher>], b: ...
     |        ^^^^^^^^^^^^^^^^^
...
1328 |     fn calculate_tree_height(&self, num_blocks: usize, b: usize) -> usize {
     |        ^^^^^^^^^^^^^^^^^^^^^
...
1349 |     fn compute_root_from_blocks(
     |        ^^^^^^^^^^^^^^^^^^^^^^^^

warning: `pessimistic-proof-core` (lib) generated 58 warnings (run `cargo fix --lib -p pessimistic-proof-core` to apply 12 suggestions)
warning: unused import: `rayon::ThreadPoolBuilder`
 --> crates/pessimistic-proof-test-suite/src/bin/ppgen_sabv_lmtr5.rs:6:5
  |
6 | use rayon::ThreadPoolBuilder;
  |     ^^^^^^^^^^^^^^^^^^^^^^^^
  |
  = note: `#[warn(unused_imports)]` on by default

warning: value assigned to `current_state` is never read
   --> crates/pessimistic-proof-test-suite/src/bin/ppgen_sabv_lmtr5.rs:133:9
    |
133 |         current_state = block_state.state_b.clone();
    |         ^^^^^^^^^^^^^
    |
    = help: maybe it is overwritten before being read?
    = note: `#[warn(unused_assignments)]` on by default

warning: unused variable: `vk`
   --> crates/pessimistic-proof-test-suite/src/bin/ppgen_sabv_lmtr5.rs:294:24
    |
294 |             Ok((proof, vk, new_roots)) => {
    |                        ^^ help: if this is intentional, prefix it with an underscore: `_vk`
    |
    = note: `#[warn(unused_variables)]` on by default

warning: unused variable: `new_roots`
   --> crates/pessimistic-proof-test-suite/src/bin/ppgen_sabv_lmtr5.rs:294:28
    |
294 |             Ok((proof, vk, new_roots)) => {
    |                            ^^^^^^^^^ help: if this is intentional, prefix it with an underscore: `_new_roots`

warning: variable does not need to be mutable
  --> crates/pessimistic-proof-test-suite/src/bin/ppgen_sabv_lmtr5.rs:72:9
   |
72 |     let mut state = data::sample_state_00();
   |         ----^^^^^
   |         |
   |         help: remove this `mut`
   |
   = note: `#[warn(unused_mut)]` on by default

warning: `pessimistic-proof-test-suite` (bin "ppgen_sabv_lmtr5") generated 5 warnings (run `cargo fix --bin "ppgen_sabv_lmtr5"` to apply 2 suggestions)
    Finished `release` profile [optimized] target(s) in 7.16s
     Running `target/release/ppgen_sabv_lmtr5 --n-exits 500 --validator-nodes 5 --proof-dir /home/ubuntu/thanhhuyen/proofs/v5/n500_run1`
🔍 SABV5: Starting Algorithm 1 - Verify Aggregated Blocks Integrity
   Input: N=500 blocks, branching_factor=3, validators=5
   📐 Optimal height calculation: log_3(500) + 1 = 7
🎯 V5: Calculated optimal htarget = 7 for N=500, b=3
📊 Computed expected root from 500 ORIGINAL blocks (before rebalancing): a7af8a7bd54c32f6fe44d65b013d0d993b0efdab07dacd483f85e843c50fdd9c (height=7)
📊 SABV5: Calculated j* = 6 with variance = 0.0000
✅ Step 1: Optimal sharding size j* = 6 (shard_size = 3^6 = 729)
📦 SABV5: Created 1 shards (0 full + 1 remainder)
✅ Step 2: Partitioned 500 blocks into 1 shards (shard_size = 729)
📡 SABV5: REAL MPC Network - 5 validators broadcast shares, 5 received sufficient shares
🔐 SABV5: REAL Shamir secret sharing - Secret: 0.774636, Reconstructed: 0.774636, Match: true
   Polynomial degree: 2, Shares: 5, Threshold: 3/5
   Validator 4 assigned with share value: -1.471454
✅ Step 3: Secret sharing applied (threshold k=3/5)
📊 Step 4: Rebalancing shards with LMTR4 (Algorithm 2)...
🔧 LMTR4: Starting Algorithm 2 rebalancing for 500 blocks
📊 LMTR4: Initial state - Ni = 500, b = 3, htarget = 7
🔄 LMTR4: Fixed branch imbalance by appending last block - Ni = 501
✅ LMTR4: Rebalancing complete - Final Ni = 501, height = 7
   ✅ Shard 0 (validator 4) - 500 → 501 blocks, height=7
🌳 Step 5a: Building REAL Local CC-MBMT from rebalanced blocks...
   ✅ Validator 4 built REAL local CC-MBMT (shard 0) - 501 blocks → tree height=7
🔗 SABV5: Merged 1 local CC-MBMTs into global CC-MBMT using REAL tree structure
✅ Step 5b: Merged 1 local CC-MBMTs into global root r
✅ Step 6: Computed alternative root r' (from rebalanced blocks) using SAME Merkle tree method as Step 5a
   Using 501 rebalanced blocks, tree height=7
✅ Step 6b: Using r' (from original blocks) = expected_root_from_original_blocks for CHECK 2
🔐 Step 7: Verifying integrity and detecting fraud...
   r  (from merged local trees, rebalanced): 6c7e3a5bb7b41abf2cb2a0b004f0c45693ae24fb0836bc4a2a8196c94e09f978
   r' (from all rebalanced blocks):           6c7e3a5bb7b41abf2cb2a0b004f0c45693ae24fb0836bc4a2a8196c94e09f978
   r' (from original blocks):                 a7af8a7bd54c32f6fe44d65b013d0d993b0efdab07dacd483f85e843c50fdd9c
   Note: r' (from original) will be compared with r (from rebalanced) in CHECK 2
   ✅ Check 1: r == r' (from rebalanced blocks)? true (internal consistency)
   📊 Block counts: original=500, rebalanced=501
   🔍 Check 2 (rebalancing changed block count):
      • Unique blocks in rebalanced: 500
      • Original blocks: 500
      • All original blocks present: true
      • No extra blocks: true
      • Content preserved: true
   ✅ Check 2: Content preserved (only structure changed) - PASSED
✅ SABV5: Verification PASSED - All checks passed
   ✅ Check 1: r == r' (from rebalanced blocks) - internal consistency verified
   ✅ Check 2: r' (from original blocks) == r (from rebalanced blocks) - rebalancing integrity verified
   ✅ Algorithm integrity: SABV5 + LMTR4 working as designed
   ✅ No fraud detected - blocks are consistent and rebalancing preserved content
2025-11-12T02:51:47.750639Z  INFO prove_core: clk = 0 pc = 0x201504
2025-11-12T02:51:48.284133Z  INFO prove_core: clk = 0 pc = 0x201504
2025-11-12T02:51:48.363597Z  INFO prove_core: clk = 10000000 pc = 0x20885c
2025-11-12T02:51:48.956085Z  INFO prove_core: clk = 20000000 pc = 0x205a38
2025-11-12T02:51:49.546721Z  INFO prove_core: clk = 30000000 pc = 0x2043d0
2025-11-12T02:51:49.624513Z  INFO prove_core: clk = 10000000 pc = 0x20885c
2025-11-12T02:51:50.147835Z  INFO prove_core: clk = 40000000 pc = 0x2060cc
2025-11-12T02:51:50.754779Z  INFO prove_core: clk = 50000000 pc = 0x205f04
2025-11-12T02:51:50.942670Z  INFO prove_core: clk = 20000000 pc = 0x205a38
2025-11-12T02:51:51.458808Z  INFO prove_core: clk = 60000000 pc = 0x2011f0
2025-11-12T02:51:52.053666Z  INFO prove_core: clk = 70000000 pc = 0x231250
2025-11-12T02:51:52.210117Z  INFO prove_core: clk = 30000000 pc = 0x2043d0
2025-11-12T02:51:52.593745Z  INFO prove_core: clk = 60000000 pc = 0x2011f0
2025-11-12T02:51:52.688346Z  INFO prove_core: clk = 80000000 pc = 0x201234
2025-11-12T02:51:53.377786Z  INFO prove_core: clk = 90000000 pc = 0x231254
2025-11-12T02:51:53.648759Z  INFO prove_core: clk = 40000000 pc = 0x2060cc
2025-11-12T02:51:54.079737Z  INFO prove_core: clk = 100000000 pc = 0x2313c8
2025-11-12T02:51:55.549646Z  INFO prove_core: clk = 110000000 pc = 0x201238
2025-11-12T02:51:57.582655Z  INFO prove_core: clk = 50000000 pc = 0x205f04
2025-11-12T02:51:58.047260Z  INFO prove_core: clk = 120000000 pc = 0x2013d8
2025-11-12T02:51:59.308783Z  INFO prove_core:generate main traces: close time.busy=5.38s time.idle=5.95µs index=0
2025-11-12T02:51:59.324537Z  INFO prove_core: clk = 130000000 pc = 0x231250
2025-11-12T02:52:00.586760Z  INFO prove_core: clk = 140000000 pc = 0x201098
2025-11-12T02:52:01.400455Z  INFO prove_core: clk = 150000000 pc = 0x201228
2025-11-12T02:52:01.721767Z  INFO prove_core: clk = 70000000 pc = 0x231250
2025-11-12T02:52:02.211345Z  INFO prove_core: clk = 160000000 pc = 0x2010e4
2025-11-12T02:52:02.960904Z  INFO prove_core: clk = 170000000 pc = 0x23124c
2025-11-12T02:52:04.516852Z  INFO prove_core: clk = 180000000 pc = 0x2312b4
2025-11-12T03:09:02.968879Z  INFO prove_core:generate main traces: close time.busy=3.92s time.idle=6.88µs index=1
2025-11-12T03:09:08.333161Z  INFO prove_core: clk = 80000000 pc = 0x201234
2025-11-12T03:09:13.315910Z  INFO prove_core:generate main traces: close time.busy=6.73s time.idle=6.28µs index=2
2025-11-12T03:09:22.948806Z  INFO prove_core: clk = 90000000 pc = 0x231254
2025-11-12T03:09:32.863281Z  INFO prove_core:generate main traces: close time.busy=9.49s time.idle=7.49µs index=3
2025-11-12T03:26:24.547367Z  INFO prove_core:generate main traces: close time.busy=6.02s time.idle=11.2µs index=4
2025-11-12T03:26:26.320602Z  INFO prove_core: clk = 100000000 pc = 0x2313c8
2025-11-12T03:43:36.265297Z  INFO prove_core:generate main traces: close time.busy=6.40s time.idle=6.84µs index=5
Command terminated by signal 9
	Command being timed: "cargo run --release -p pessimistic-proof-test-suite --bin ppgen_sabv_lmtr5 -- --n-exits 500 --validator-nodes 5 --proof-dir /home/ubuntu/thanhhuyen/proofs/v5/n500_run1"
	User time (seconds): 53810.02
	System time (seconds): 1826.52
	Percent of CPU this job got: 1472%
	Elapsed (wall clock) time (h:mm:ss or m:ss): 1:02:58
	Average shared text size (kbytes): 0
	Average unshared data size (kbytes): 0
	Average stack size (kbytes): 0
	Average total size (kbytes): 0
	Maximum resident set size (kbytes): 64650184
	Average resident set size (kbytes): 0
	Major (requiring I/O) page faults: 2689
	Minor (reclaiming a frame) page faults: 153288336
	Voluntary context switches: 779349
	Involuntary context switches: 621677
	Swaps: 0
	File system inputs: 493008
	File system outputs: 59768
	Socket messages sent: 0
	Socket messages received: 0
	Signals delivered: 0
	Page size (bytes): 4096
	Exit status: 0

━━━━━━━━━━━━━━━━━━━━━━━━━━━━━━━━━━━━━━━━━━━━━━━━━━━━━━━━━━━━
📊 N=500, Run 1/5 Results
━━━━━━━━━━━━━━━━━━━━━━━━━━━━━━━━━━━━━━━━━━━━━━━━━━━━━━━━━━━━
   Duration: 3779s (62m 59s)
   Exit code: 137

   📊 Resource Usage:
      ❌ Process bị KILL (signal 9) - có thể do OOM
      💡 Xem log chi tiết: tail -50 /home/ubuntu/thanhhuyen/logs/v5/v5_n500_run1_20251112_025130.log
      💾 Maximum RAM: 61.65 GB (64650184 KB)
      ⚡ CPU Usage: this%
   ❌ Proof file: KHÔNG CÓ (có thể bị kill hoặc chưa xong)
   ⚠️  Process có thể bị kill bởi OOM

   📁 Log: /home/ubuntu/thanhhuyen/logs/v5/v5_n500_run1_20251112_025130.log
   📁 Proof: /home/ubuntu/thanhhuyen/proofs/v5/n500_run1

✅ Completed iteration 1/5 (N=100 → N=500)

════════════════════════════════════════════════════════════════════════════
🔄 LẦN LẶP 2/5: N=100 → N=500
════════════════════════════════════════════════════════════════════════════
━━━━━━━━━━━━━━━━━━━━━━━━━━━━━━━━━━━━━━━━━━━━━━━━━━━━━━━━━━━━
📊 Lần lặp 2/5 - Running N=100 at 2025-11-12 03:54:31
━━━━━━━━━━━━━━━━━━━━━━━━━━━━━━━━━━━━━━━━━━━━━━━━━━━━━━━━━━━━

   ⚙️  Config: SHARD_BATCH_SIZE=6, TRACE_GEN_WORKERS=12 (N=100) - GIẢM MEMORY
   ⚙️  RAYON_NUM_THREADS=16
   ⚙️  Expected CPU usage: ~1200-1600% (vẫn cao nhưng giảm memory)
   ⚙️  ⚠️  GIẢM MEMORY để tránh OOM kill

   📁 Log: /home/ubuntu/thanhhuyen/logs/v5/v5_n100_run2_20251112_035431.log
   📁 Proof dir: /home/ubuntu/thanhhuyen/proofs/v5/n100_run2

warning: unused import: `keccak::Keccak256Hasher`
 --> crates/pessimistic-proof-core/src/sabv2.rs:2:35
  |
2 | use agglayer_primitives::{Digest, keccak::Keccak256Hasher};
  |                                   ^^^^^^^^^^^^^^^^^^^^^^^
  |
  = note: `#[warn(unused_imports)]` on by default

warning: unused import: `keccak::Keccak256Hasher`
 --> crates/pessimistic-proof-core/src/lmtr2.rs:2:35
  |
2 | use agglayer_primitives::{Digest, keccak::Keccak256Hasher};
  |                                   ^^^^^^^^^^^^^^^^^^^^^^^

warning: unused import: `keccak::Keccak256Hasher`
 --> crates/pessimistic-proof-core/src/sabv3.rs:2:35
  |
2 | use agglayer_primitives::{Digest, keccak::Keccak256Hasher};
  |                                   ^^^^^^^^^^^^^^^^^^^^^^^

warning: unused import: `keccak::Keccak256Hasher`
 --> crates/pessimistic-proof-core/src/lmtr3.rs:2:35
  |
2 | use agglayer_primitives::{Digest, keccak::Keccak256Hasher};
  |                                   ^^^^^^^^^^^^^^^^^^^^^^^

warning: unused import: `keccak::Keccak256Hasher`
 --> crates/pessimistic-proof-core/src/sabv4.rs:2:35
  |
2 | use agglayer_primitives::{Digest, keccak::Keccak256Hasher};
  |                                   ^^^^^^^^^^^^^^^^^^^^^^^

warning: unused import: `keccak::Keccak256Hasher`
 --> crates/pessimistic-proof-core/src/lmtr4.rs:2:35
  |
2 | use agglayer_primitives::{Digest, keccak::Keccak256Hasher};
  |                                   ^^^^^^^^^^^^^^^^^^^^^^^

warning: unused imports: `BridgeExit`, `ImportedBridgeExit`, `NetworkId`, and `TokenInfo`
   --> crates/pessimistic-proof-core/src/lmtr4.rs:245:30
    |
245 |         use unified_bridge::{BridgeExit, ImportedBridgeExit, NetworkId, TokenInfo};
    |                              ^^^^^^^^^^  ^^^^^^^^^^^^^^^^^^  ^^^^^^^^^  ^^^^^^^^^

warning: unused import: `agglayer_primitives::U256`
   --> crates/pessimistic-proof-core/src/lmtr4.rs:247:13
    |
247 |         use agglayer_primitives::U256;
    |             ^^^^^^^^^^^^^^^^^^^^^^^^^

warning: unused import: `crate::nullifier_tree::NullifierPath`
   --> crates/pessimistic-proof-core/src/lmtr4.rs:248:13
    |
248 |         use crate::nullifier_tree::NullifierPath;
    |             ^^^^^^^^^^^^^^^^^^^^^^^^^^^^^^^^^^^^

warning: unused import: `crate::local_balance_tree::LocalBalancePath`
   --> crates/pessimistic-proof-core/src/lmtr4.rs:249:13
    |
249 |         use crate::local_balance_tree::LocalBalancePath;
    |             ^^^^^^^^^^^^^^^^^^^^^^^^^^^^^^^^^^^^^^^^^^^

warning: unused import: `crate::aggchain_proof::AggchainData`
   --> crates/pessimistic-proof-core/src/lmtr4.rs:250:13
    |
250 |         use crate::aggchain_proof::AggchainData;
    |             ^^^^^^^^^^^^^^^^^^^^^^^^^^^^^^^^^^^

warning: unused import: `keccak::Keccak256Hasher`
 --> crates/pessimistic-proof-core/src/sabv5.rs:2:35
  |
2 | use agglayer_primitives::{Digest, keccak::Keccak256Hasher};
  |                                   ^^^^^^^^^^^^^^^^^^^^^^^

warning: unused variable: `branching_factor`
  --> crates/pessimistic-proof-core/src/lmtr.rs:31:9
   |
31 |         branching_factor: usize,
   |         ^^^^^^^^^^^^^^^^ help: if this is intentional, prefix it with an underscore: `_branching_factor`
   |
   = note: `#[warn(unused_variables)]` on by default

warning: unused variable: `block`
  --> crates/pessimistic-proof-core/src/sabv2.rs:72:13
   |
72 |         for block in blocks {
   |             ^^^^^ help: if this is intentional, prefix it with an underscore: `_block`

warning: unused variable: `consensus_result`
  --> crates/pessimistic-proof-core/src/sabv2.rs:79:13
   |
79 |         let consensus_result = self.run_consensus_mechanism(blocks, validator_nodes)?;
   |             ^^^^^^^^^^^^^^^^ help: if this is intentional, prefix it with an underscore: `_consensus_result`

warning: unused variable: `global_root`
  --> crates/pessimistic-proof-core/src/sabv2.rs:63:9
   |
63 |         global_root: &agglayer_primitives::Digest,
   |         ^^^^^^^^^^^ help: if this is intentional, prefix it with an underscore: `_global_root`

warning: unused variable: `computed_hash`
   --> crates/pessimistic-proof-core/src/sabv2.rs:136:13
    |
136 |         let computed_hash = Keccak256::digest(&block_data);
    |             ^^^^^^^^^^^^^ help: if this is intentional, prefix it with an underscore: `_computed_hash`

warning: unused variable: `declared_hash`
   --> crates/pessimistic-proof-core/src/sabv2.rs:139:13
    |
139 |         let declared_hash = self.get_block_declared_hash(block)?;
    |             ^^^^^^^^^^^^^ help: if this is intentional, prefix it with an underscore: `_declared_hash`

warning: unused variable: `block`
   --> crates/pessimistic-proof-core/src/sabv2.rs:229:32
    |
229 |     fn get_block_height(&self, block: &crate::multi_batch_header::MultiBatchHeader<agglayer_primitives::keccak::Keccak256Hasher>) -> Resu...
    |                                ^^^^^ help: if this is intentional, prefix it with an underscore: `_block`

warning: unused variable: `block`
   --> crates/pessimistic-proof-core/src/sabv2.rs:241:39
    |
241 |     fn get_block_declared_hash(&self, block: &crate::multi_batch_header::MultiBatchHeader<agglayer_primitives::keccak::Keccak256Hasher>) ...
    |                                       ^^^^^ help: if this is intentional, prefix it with an underscore: `_block`

warning: unused variable: `block`
   --> crates/pessimistic-proof-core/src/sabv2.rs:247:32
    |
247 |     fn get_block_signer(&self, block: &crate::multi_batch_header::MultiBatchHeader<agglayer_primitives::keccak::Keccak256Hasher>) -> Resu...
    |                                ^^^^^ help: if this is intentional, prefix it with an underscore: `_block`

warning: unused variable: `block`
   --> crates/pessimistic-proof-core/src/sabv2.rs:257:35
    |
257 |     fn get_block_signature(&self, block: &crate::multi_batch_header::MultiBatchHeader<agglayer_primitives::keccak::Keccak256Hasher>) -> R...
    |                                   ^^^^^ help: if this is intentional, prefix it with an underscore: `_block`

warning: unused variable: `hash`
   --> crates/pessimistic-proof-core/src/sabv2.rs:274:13
    |
274 |         let hash = Keccak256::digest(&block_data);
    |             ^^^^ help: if this is intentional, prefix it with an underscore: `_hash`

warning: unused variable: `block`
   --> crates/pessimistic-proof-core/src/sabv2.rs:295:35
    |
295 |     fn estimate_block_size(&self, block: &crate::multi_batch_header::MultiBatchHeader<agglayer_primitives::keccak::Keccak256Hasher>) -> R...
    |                                   ^^^^^ help: if this is intentional, prefix it with an underscore: `_block`

warning: unused variable: `i`
   --> crates/pessimistic-proof-core/src/lmtr2.rs:144:14
    |
144 |         for (i, block) in blocks.iter().enumerate() {
    |              ^ help: if this is intentional, prefix it with an underscore: `_i`

warning: unused variable: `leaf_hash`
   --> crates/pessimistic-proof-core/src/lmtr2.rs:146:17
    |
146 |             let leaf_hash = Keccak256::digest(&block_data);
    |                 ^^^^^^^^^ help: if this is intentional, prefix it with an underscore: `_leaf_hash`

warning: unused variable: `current_efficiency`
   --> crates/pessimistic-proof-core/src/lmtr2.rs:179:13
    |
179 |         let current_efficiency = self.calculate_tree_efficiency(num_blocks, branching_factor)?;
    |             ^^^^^^^^^^^^^^^^^^ help: if this is intentional, prefix it with an underscore: `_current_efficiency`

warning: unused variable: `new_hash`
   --> crates/pessimistic-proof-core/src/lmtr2.rs:229:21
    |
229 |                 let new_hash = Keccak256::digest(&optimized_data);
    |                     ^^^^^^^^ help: if this is intentional, prefix it with an underscore: `_new_hash`

warning: unused variable: `optimal_config`
   --> crates/pessimistic-proof-core/src/lmtr2.rs:217:9
    |
217 |         optimal_config: &OptimalConfig,
    |         ^^^^^^^^^^^^^^ help: if this is intentional, prefix it with an underscore: `_optimal_config`

warning: unused variable: `parent_hash`
   --> crates/pessimistic-proof-core/src/lmtr2.rs:312:21
    |
312 |                 let parent_hash = Keccak256::digest(&parent_data);
    |                     ^^^^^^^^^^^ help: if this is intentional, prefix it with an underscore: `_parent_hash`

warning: unused variable: `tree`
   --> crates/pessimistic-proof-core/src/lmtr2.rs:399:136
    |
399 | ...ves::keccak::Keccak256Hasher>, tree: &MerkleTree) -> Result<crate::multi_batch_header::MultiBatchHeader<agglayer_primitives::keccak::K...
    |                                   ^^^^ help: if this is intentional, prefix it with an underscore: `_tree`

warning: unused variable: `j_star`
   --> crates/pessimistic-proof-core/src/sabv3.rs:306:9
    |
306 |         j_star: usize,
    |         ^^^^^^ help: if this is intentional, prefix it with an underscore: `_j_star`

warning: unused variable: `j_star`
   --> crates/pessimistic-proof-core/src/sabv4.rs:496:9
    |
496 |         j_star: usize,
    |         ^^^^^^ help: if this is intentional, prefix it with an underscore: `_j_star`

warning: unused variable: `expected_root`
   --> crates/pessimistic-proof-core/src/sabv4.rs:603:72
    |
603 | ...mputed_root: &Digest, expected_root: &agglayer_primitives::Digest, signature: &agglayer_primitives::Signature, signer: &agglayer_primi...
    |                          ^^^^^^^^^^^^^ help: if this is intentional, prefix it with an underscore: `_expected_root`

warning: unused variable: `expected_bytes`
   --> crates/pessimistic-proof-core/src/sabv4.rs:744:56
    |
744 |     fn verify_hash_chain(&self, computed_bytes: &[u8], expected_bytes: &[u8]) -> Result<bool, ProofError> {
    |                                                        ^^^^^^^^^^^^^^ help: if this is intentional, prefix it with an underscore: `_expected_bytes`

warning: unused variable: `global_root`
   --> crates/pessimistic-proof-core/src/sabv5.rs:138:9
    |
138 |         global_root: &agglayer_primitives::Digest,
    |         ^^^^^^^^^^^ help: if this is intentional, prefix it with an underscore: `_global_root`

warning: value assigned to `local_trees` is never read
   --> crates/pessimistic-proof-core/src/sabv5.rs:702:17
    |
702 |         let mut local_trees = Vec::new();
    |                 ^^^^^^^^^^^
    |
    = help: maybe it is overwritten before being read?
    = note: `#[warn(unused_assignments)]` on by default

warning: unused variable: `j_star`
   --> crates/pessimistic-proof-core/src/sabv5.rs:699:9
    |
699 |         j_star: usize,
    |         ^^^^^^ help: if this is intentional, prefix it with an underscore: `_j_star`

warning: unused variable: `expected_root`
   --> crates/pessimistic-proof-core/src/sabv5.rs:822:72
    |
822 | ...mputed_root: &Digest, expected_root: &agglayer_primitives::Digest, signature: &agglayer_primitives::Signature, signer: &agglayer_primi...
    |                          ^^^^^^^^^^^^^ help: if this is intentional, prefix it with an underscore: `_expected_root`

warning: unused variable: `expected_bytes`
   --> crates/pessimistic-proof-core/src/sabv5.rs:963:56
    |
963 |     fn verify_hash_chain(&self, computed_bytes: &[u8], expected_bytes: &[u8]) -> Result<bool, ProofError> {
    |                                                        ^^^^^^^^^^^^^^ help: if this is intentional, prefix it with an underscore: `_expected_bytes`

warning: field `config` is never read
  --> crates/pessimistic-proof-core/src/sabv.rs:13:5
   |
12 | pub struct SabvAlgorithm {
   |            ------------- field in this struct
13 |     config: SabvConfig,
   |     ^^^^^^
   |
   = note: `SabvAlgorithm` has derived impls for the traits `Clone` and `Debug`, but these are intentionally ignored during dead code analysis
   = note: `#[warn(dead_code)]` on by default

warning: field `config` is never read
  --> crates/pessimistic-proof-core/src/lmtr.rs:12:5
   |
11 | pub struct LmtrAlgorithm {
   |            ------------- field in this struct
12 |     config: LmtrConfig,
   |     ^^^^^^
   |
   = note: `LmtrAlgorithm` has derived impls for the traits `Clone` and `Debug`, but these are intentionally ignored during dead code analysis

warning: fields `config` and `consensus_messages` are never read
  --> crates/pessimistic-proof-core/src/sabv2.rs:34:5
   |
33 | pub struct Sabv2Algorithm {
   |            -------------- fields in this struct
34 |     config: Sabv2Config,
   |     ^^^^^^
35 |     validators: Vec<ValidatorNode>,
36 |     consensus_messages: HashMap<Digest, Vec<ConsensusMessage>>,
   |     ^^^^^^^^^^^^^^^^^^
   |
   = note: `Sabv2Algorithm` has derived impls for the traits `Clone` and `Debug`, but these are intentionally ignored during dead code analysis

warning: multiple methods are never used
   --> crates/pessimistic-proof-core/src/sabv2.rs:89:8
    |
 39 | impl Sabv2Algorithm {
    | ------------------- methods in this implementation
...
 89 |     fn validate_block_cryptography(
    |        ^^^^^^^^^^^^^^^^^^^^^^^^^^^
...
112 |     fn verify_merkle_tree_structure(
    |        ^^^^^^^^^^^^^^^^^^^^^^^^^^^^
...
130 |     fn verify_hash_integrity(
    |        ^^^^^^^^^^^^^^^^^^^^^
...
149 |     fn verify_signature_validity(
    |        ^^^^^^^^^^^^^^^^^^^^^^^^^
...
204 |     fn verify_consensus_threshold(
    |        ^^^^^^^^^^^^^^^^^^^^^^^^^^
...
222 |     fn calculate_optimal_height(&self, block: &crate::multi_batch_header::MultiBatchHeader<agglayer_primitives::keccak::Keccak256Hasher>)...
    |        ^^^^^^^^^^^^^^^^^^^^^^^^
...
229 |     fn get_block_height(&self, block: &crate::multi_batch_header::MultiBatchHeader<agglayer_primitives::keccak::Keccak256Hasher>) -> Resu...
    |        ^^^^^^^^^^^^^^^^
...
241 |     fn get_block_declared_hash(&self, block: &crate::multi_batch_header::MultiBatchHeader<agglayer_primitives::keccak::Keccak256Hasher>) ...
    |        ^^^^^^^^^^^^^^^^^^^^^^^
...
247 |     fn get_block_signer(&self, block: &crate::multi_batch_header::MultiBatchHeader<agglayer_primitives::keccak::Keccak256Hasher>) -> Resu...
    |        ^^^^^^^^^^^^^^^^
...
252 |     fn get_block_message(&self, block: &crate::multi_batch_header::MultiBatchHeader<agglayer_primitives::keccak::Keccak256Hasher>) -> Res...
    |        ^^^^^^^^^^^^^^^^^
...
257 |     fn get_block_signature(&self, block: &crate::multi_batch_header::MultiBatchHeader<agglayer_primitives::keccak::Keccak256Hasher>) -> R...
    |        ^^^^^^^^^^^^^^^^^^^
...
262 |     fn compute_expected_signature(&self, signer: &str, message: &[u8]) -> Result<String, ProofError> {
    |        ^^^^^^^^^^^^^^^^^^^^^^^^^^
...
295 |     fn estimate_block_size(&self, block: &crate::multi_batch_header::MultiBatchHeader<agglayer_primitives::keccak::Keccak256Hasher>) -> R...
    |        ^^^^^^^^^^^^^^^^^^^

warning: field `tree_cache` is never read
  --> crates/pessimistic-proof-core/src/lmtr2.rs:53:5
   |
51 | pub struct Lmtr2Algorithm {
   |            -------------- field in this struct
52 |     config: Lmtr2Config,
53 |     tree_cache: HashMap<Digest, MerkleTree>,
   |     ^^^^^^^^^^
   |
   = note: `Lmtr2Algorithm` has derived impls for the traits `Clone` and `Debug`, but these are intentionally ignored during dead code analysis

warning: fields `branching_factor` and `rebalancing_cost` are never read
   --> crates/pessimistic-proof-core/src/lmtr2.rs:415:5
    |
413 | struct OptimalConfig {
    |        ------------- fields in this struct
414 |     optimal_height: usize,
415 |     branching_factor: usize,
    |     ^^^^^^^^^^^^^^^^
416 |     expected_efficiency: f64,
417 |     rebalancing_cost: u64,
    |     ^^^^^^^^^^^^^^^^
    |
    = note: `OptimalConfig` has derived impls for the traits `Clone` and `Debug`, but these are intentionally ignored during dead code analysis

warning: field `validators` is never read
  --> crates/pessimistic-proof-core/src/sabv3.rs:41:5
   |
39 | pub struct Sabv3Algorithm {
   |            -------------- field in this struct
40 |     config: Sabv3Config,
41 |     validators: Vec<ValidatorNode>,
   |     ^^^^^^^^^^
   |
   = note: `Sabv3Algorithm` has derived impls for the traits `Clone` and `Debug`, but these are intentionally ignored during dead code analysis

warning: struct `BlockchainMerkleProof` is never constructed
  --> crates/pessimistic-proof-core/src/sabv4.rs:38:8
   |
38 | struct BlockchainMerkleProof {
   |        ^^^^^^^^^^^^^^^^^^^^^

warning: fields `shard_index` and `round` are never read
  --> crates/pessimistic-proof-core/src/sabv4.rs:50:9
   |
47 | struct MPCShareMessage {
   |        --------------- fields in this struct
...
50 |     pub shard_index: usize,
   |         ^^^^^^^^^^^
51 |     pub share: (f64, f64), // (x, y) = share point
52 |     pub round: u64,
   |         ^^^^^
   |
   = note: `MPCShareMessage` has derived impls for the traits `Clone` and `Debug`, but these are intentionally ignored during dead code analysis

warning: field `consensus_reached` is never read
  --> crates/pessimistic-proof-core/src/sabv4.rs:60:9
   |
57 | struct MPCNetworkState {
   |        --------------- field in this struct
...
60 |     pub consensus_reached: bool,
   |         ^^^^^^^^^^^^^^^^^
   |
   = note: `MPCNetworkState` has a derived impl for the trait `Debug`, but this is intentionally ignored during dead code analysis

warning: field `validators` is never read
  --> crates/pessimistic-proof-core/src/sabv4.rs:67:5
   |
65 | pub struct Sabv4Algorithm {
   |            -------------- field in this struct
66 |     config: Sabv4Config,
67 |     validators: Vec<ValidatorNode>,
   |     ^^^^^^^^^^
   |
   = note: `Sabv4Algorithm` has a derived impl for the trait `Debug`, but this is intentionally ignored during dead code analysis

warning: multiple methods are never used
    --> crates/pessimistic-proof-core/src/sabv4.rs:493:8
     |
  71 | impl Sabv4Algorithm {
     | ------------------- methods in this implementation
...
 493 |     fn construct_local_cc_mbmt(
     |        ^^^^^^^^^^^^^^^^^^^^^^^
...
 564 |     fn verify_integrity_with_blocks(&self, computed_root: &Digest, expected_root: &agglayer_primitives::Digest, blocks: &[crate::multi_ba...
     |        ^^^^^^^^^^^^^^^^^^^^^^^^^^^^
...
 603 |     fn verify_blockchain_signature_real(&self, computed_root: &Digest, expected_root: &agglayer_primitives::Digest, signature: &agglayer_...
     |        ^^^^^^^^^^^^^^^^^^^^^^^^^^^^^^^^
...
 618 |     fn extract_blockchain_public_key(&self, computed_bytes: &[u8]) -> Result<Vec<u8>, ProofError> {
     |        ^^^^^^^^^^^^^^^^^^^^^^^^^^^^^
...
 629 |     fn validate_blockchain_signature(&self, signature: &[u8], public_key: &[u8]) -> Result<bool, ProofError> {
     |        ^^^^^^^^^^^^^^^^^^^^^^^^^^^^^
...
 648 |     fn verify_merkle_proof(&self, computed_root: &Digest, expected_root: &agglayer_primitives::Digest) -> Result<bool, ProofError> {
     |        ^^^^^^^^^^^^^^^^^^^
...
 682 |     fn extract_blockchain_merkle_proof(&self, computed_root: &Digest, expected_root: &agglayer_primitives::Digest) -> Result<BlockchainMe...
     |        ^^^^^^^^^^^^^^^^^^^^^^^^^^^^^^^
...
 717 |     fn validate_blockchain_proof(&self, proof: &BlockchainMerkleProof) -> Result<bool, ProofError> {
     |        ^^^^^^^^^^^^^^^^^^^^^^^^^
...
 744 |     fn verify_hash_chain(&self, computed_bytes: &[u8], expected_bytes: &[u8]) -> Result<bool, ProofError> {
     |        ^^^^^^^^^^^^^^^^^
...
 772 |     fn verify_timestamp_freshness(&self) -> Result<bool, ProofError> {
     |        ^^^^^^^^^^^^^^^^^^^^^^^^^^
...
 784 |     fn verify_nonce_uniqueness(&self, computed_bytes: &[u8], expected_bytes: &[u8]) -> Result<bool, ProofError> {
     |        ^^^^^^^^^^^^^^^^^^^^^^^
...
 814 |     fn verify_zero_knowledge_proof(&self, computed_root: &Digest, expected_root: &agglayer_primitives::Digest) -> Result<bool, ProofError> {
     |        ^^^^^^^^^^^^^^^^^^^^^^^^^^^
...
 853 |     fn calculate_signature_strength(&self, signature_bytes: &[u8]) -> f64 {
     |        ^^^^^^^^^^^^^^^^^^^^^^^^^^^^
...
 950 |     fn calculate_entropy(&self, data: &[u8]) -> f64 {
     |        ^^^^^^^^^^^^^^^^^
...
 970 |     fn compute_shard_hash(&self, blocks: &[crate::multi_batch_header::MultiBatchHeader<agglayer_primitives::keccak::Keccak256Hasher>]) ->...
     |        ^^^^^^^^^^^^^^^^^^
...
1037 |     fn build_merkle_tree(&self, blocks: &[crate::multi_batch_header::MultiBatchHeader<agglayer_primitives::keccak::Keccak256Hasher>], b: ...
     |        ^^^^^^^^^^^^^^^^^
...
1104 |     fn calculate_tree_height(&self, num_blocks: usize, b: usize) -> usize {
     |        ^^^^^^^^^^^^^^^^^^^^^
...
1113 |     fn compute_root_from_blocks(
     |        ^^^^^^^^^^^^^^^^^^^^^^^^

warning: method `reconstruct_block_from_bytes` is never used
   --> crates/pessimistic-proof-core/src/lmtr4.rs:241:8
    |
 27 | impl Lmtr4Algorithm {
    | ------------------- method in this implementation
...
241 |     fn reconstruct_block_from_bytes(&self, bytes: &[u8]) -> Result<crate::multi_batch_header::MultiBatchHeader<agglayer_primitives::kecca...
    |        ^^^^^^^^^^^^^^^^^^^^^^^^^^^^

warning: struct `BlockchainMerkleProof` is never constructed
  --> crates/pessimistic-proof-core/src/sabv5.rs:48:8
   |
48 | struct BlockchainMerkleProof {
   |        ^^^^^^^^^^^^^^^^^^^^^

warning: fields `shard_index` and `round` are never read
  --> crates/pessimistic-proof-core/src/sabv5.rs:60:9
   |
57 | struct MPCShareMessage {
   |        --------------- fields in this struct
...
60 |     pub shard_index: usize,
   |         ^^^^^^^^^^^
61 |     pub share: (f64, f64), // (x, y) = share point
62 |     pub round: u64,
   |         ^^^^^
   |
   = note: `MPCShareMessage` has derived impls for the traits `Clone` and `Debug`, but these are intentionally ignored during dead code analysis

warning: field `consensus_reached` is never read
  --> crates/pessimistic-proof-core/src/sabv5.rs:70:9
   |
67 | struct MPCNetworkState {
   |        --------------- field in this struct
...
70 |     pub consensus_reached: bool,
   |         ^^^^^^^^^^^^^^^^^
   |
   = note: `MPCNetworkState` has a derived impl for the trait `Debug`, but this is intentionally ignored during dead code analysis

warning: field `validators` is never read
  --> crates/pessimistic-proof-core/src/sabv5.rs:77:5
   |
75 | pub struct Sabv5Algorithm {
   |            -------------- field in this struct
76 |     config: Sabv5Config,
77 |     validators: Vec<ValidatorNode>,
   |     ^^^^^^^^^^
   |
   = note: `Sabv5Algorithm` has a derived impl for the trait `Debug`, but this is intentionally ignored during dead code analysis

warning: multiple methods are never used
    --> crates/pessimistic-proof-core/src/sabv5.rs:696:8
     |
  81 | impl Sabv5Algorithm {
     | ------------------- methods in this implementation
...
 696 |     fn construct_local_cc_mbmt(
     |        ^^^^^^^^^^^^^^^^^^^^^^^
...
 774 |     fn verify_integrity_with_blocks(&self, computed_root: &Digest, expected_root: &agglayer_primitives::Digest, blocks: &[crate::multi_ba...
     |        ^^^^^^^^^^^^^^^^^^^^^^^^^^^^
...
 822 |     fn verify_blockchain_signature_real(&self, computed_root: &Digest, expected_root: &agglayer_primitives::Digest, signature: &agglayer_...
     |        ^^^^^^^^^^^^^^^^^^^^^^^^^^^^^^^^
...
 837 |     fn extract_blockchain_public_key(&self, computed_bytes: &[u8]) -> Result<Vec<u8>, ProofError> {
     |        ^^^^^^^^^^^^^^^^^^^^^^^^^^^^^
...
 848 |     fn validate_blockchain_signature(&self, signature: &[u8], public_key: &[u8]) -> Result<bool, ProofError> {
     |        ^^^^^^^^^^^^^^^^^^^^^^^^^^^^^
...
 867 |     fn verify_merkle_proof(&self, computed_root: &Digest, expected_root: &agglayer_primitives::Digest) -> Result<bool, ProofError> {
     |        ^^^^^^^^^^^^^^^^^^^
...
 901 |     fn extract_blockchain_merkle_proof(&self, computed_root: &Digest, expected_root: &agglayer_primitives::Digest) -> Result<BlockchainMe...
     |        ^^^^^^^^^^^^^^^^^^^^^^^^^^^^^^^
...
 936 |     fn validate_blockchain_proof(&self, proof: &BlockchainMerkleProof) -> Result<bool, ProofError> {
     |        ^^^^^^^^^^^^^^^^^^^^^^^^^
...
 963 |     fn verify_hash_chain(&self, computed_bytes: &[u8], expected_bytes: &[u8]) -> Result<bool, ProofError> {
     |        ^^^^^^^^^^^^^^^^^
...
 991 |     fn verify_timestamp_freshness(&self) -> Result<bool, ProofError> {
     |        ^^^^^^^^^^^^^^^^^^^^^^^^^^
...
1003 |     fn verify_nonce_uniqueness(&self, computed_bytes: &[u8], expected_bytes: &[u8]) -> Result<bool, ProofError> {
     |        ^^^^^^^^^^^^^^^^^^^^^^^
...
1033 |     fn verify_zero_knowledge_proof(&self, computed_root: &Digest, expected_root: &agglayer_primitives::Digest) -> Result<bool, ProofError> {
     |        ^^^^^^^^^^^^^^^^^^^^^^^^^^^
...
1072 |     fn calculate_signature_strength(&self, signature_bytes: &[u8]) -> f64 {
     |        ^^^^^^^^^^^^^^^^^^^^^^^^^^^^
...
1169 |     fn calculate_entropy(&self, data: &[u8]) -> f64 {
     |        ^^^^^^^^^^^^^^^^^
...
1261 |     fn build_merkle_tree(&self, blocks: &[crate::multi_batch_header::MultiBatchHeader<agglayer_primitives::keccak::Keccak256Hasher>], b: ...
     |        ^^^^^^^^^^^^^^^^^
...
1328 |     fn calculate_tree_height(&self, num_blocks: usize, b: usize) -> usize {
     |        ^^^^^^^^^^^^^^^^^^^^^
...
1349 |     fn compute_root_from_blocks(
     |        ^^^^^^^^^^^^^^^^^^^^^^^^

warning: `pessimistic-proof-core` (lib) generated 58 warnings (run `cargo fix --lib -p pessimistic-proof-core` to apply 12 suggestions)
warning: unused import: `rayon::ThreadPoolBuilder`
 --> crates/pessimistic-proof-test-suite/src/bin/ppgen_sabv_lmtr5.rs:6:5
  |
6 | use rayon::ThreadPoolBuilder;
  |     ^^^^^^^^^^^^^^^^^^^^^^^^
  |
  = note: `#[warn(unused_imports)]` on by default

warning: value assigned to `current_state` is never read
   --> crates/pessimistic-proof-test-suite/src/bin/ppgen_sabv_lmtr5.rs:133:9
    |
133 |         current_state = block_state.state_b.clone();
    |         ^^^^^^^^^^^^^
    |
    = help: maybe it is overwritten before being read?
    = note: `#[warn(unused_assignments)]` on by default

warning: unused variable: `vk`
   --> crates/pessimistic-proof-test-suite/src/bin/ppgen_sabv_lmtr5.rs:294:24
    |
294 |             Ok((proof, vk, new_roots)) => {
    |                        ^^ help: if this is intentional, prefix it with an underscore: `_vk`
    |
    = note: `#[warn(unused_variables)]` on by default

warning: unused variable: `new_roots`
   --> crates/pessimistic-proof-test-suite/src/bin/ppgen_sabv_lmtr5.rs:294:28
    |
294 |             Ok((proof, vk, new_roots)) => {
    |                            ^^^^^^^^^ help: if this is intentional, prefix it with an underscore: `_new_roots`

warning: variable does not need to be mutable
  --> crates/pessimistic-proof-test-suite/src/bin/ppgen_sabv_lmtr5.rs:72:9
   |
72 |     let mut state = data::sample_state_00();
   |         ----^^^^^
   |         |
   |         help: remove this `mut`
   |
   = note: `#[warn(unused_mut)]` on by default

warning: `pessimistic-proof-test-suite` (bin "ppgen_sabv_lmtr5") generated 5 warnings (run `cargo fix --bin "ppgen_sabv_lmtr5"` to apply 2 suggestions)
    Finished `release` profile [optimized] target(s) in 3.56s
     Running `target/release/ppgen_sabv_lmtr5 --n-exits 100 --validator-nodes 5 --proof-dir /home/ubuntu/thanhhuyen/proofs/v5/n100_run2`
🔍 SABV5: Starting Algorithm 1 - Verify Aggregated Blocks Integrity
   Input: N=100 blocks, branching_factor=3, validators=5
   📐 Optimal height calculation: log_3(100) + 1 = 6
🎯 V5: Calculated optimal htarget = 6 for N=100, b=3
📊 Computed expected root from 100 ORIGINAL blocks (before rebalancing): 345bc722c071aa8a8ee2913235c06748286b4f93e267da8b47e6c049ecd4887d (height=6)
📊 SABV5: Calculated j* = 5 with variance = 0.0000
✅ Step 1: Optimal sharding size j* = 5 (shard_size = 3^5 = 243)
📦 SABV5: Created 1 shards (0 full + 1 remainder)
✅ Step 2: Partitioned 100 blocks into 1 shards (shard_size = 243)
📡 SABV5: REAL MPC Network - 5 validators broadcast shares, 5 received sufficient shares
🔐 SABV5: REAL Shamir secret sharing - Secret: 0.243200, Reconstructed: 0.243200, Match: true
   Polynomial degree: 2, Shares: 5, Threshold: 3/5
   Validator 4 assigned with share value: 11.987797
✅ Step 3: Secret sharing applied (threshold k=3/5)
📊 Step 4: Rebalancing shards with LMTR4 (Algorithm 2)...
🔧 LMTR4: Starting Algorithm 2 rebalancing for 100 blocks
📊 LMTR4: Initial state - Ni = 100, b = 3, htarget = 6
🔄 LMTR4: Fixed branch imbalance by appending last block - Ni = 101
🔄 LMTR4: Fixed branch imbalance by appending last block - Ni = 102
✅ LMTR4: Rebalancing complete - Final Ni = 102, height = 6
   ✅ Shard 0 (validator 4) - 100 → 102 blocks, height=6
🌳 Step 5a: Building REAL Local CC-MBMT from rebalanced blocks...
   ✅ Validator 4 built REAL local CC-MBMT (shard 0) - 102 blocks → tree height=6
🔗 SABV5: Merged 1 local CC-MBMTs into global CC-MBMT using REAL tree structure
✅ Step 5b: Merged 1 local CC-MBMTs into global root r
✅ Step 6: Computed alternative root r' (from rebalanced blocks) using SAME Merkle tree method as Step 5a
   Using 102 rebalanced blocks, tree height=6
✅ Step 6b: Using r' (from original blocks) = expected_root_from_original_blocks for CHECK 2
🔐 Step 7: Verifying integrity and detecting fraud...
   r  (from merged local trees, rebalanced): b4c4110f774e96ced3685ee7fbb1bbddd5f6c1b4a5eaa12a0b37dc98daeead64
   r' (from all rebalanced blocks):           b4c4110f774e96ced3685ee7fbb1bbddd5f6c1b4a5eaa12a0b37dc98daeead64
   r' (from original blocks):                 345bc722c071aa8a8ee2913235c06748286b4f93e267da8b47e6c049ecd4887d
   Note: r' (from original) will be compared with r (from rebalanced) in CHECK 2
   ✅ Check 1: r == r' (from rebalanced blocks)? true (internal consistency)
   📊 Block counts: original=100, rebalanced=102
   🔍 Check 2 (rebalancing changed block count):
      • Unique blocks in rebalanced: 100
      • Original blocks: 100
      • All original blocks present: true
      • No extra blocks: true
      • Content preserved: true
   ✅ Check 2: Content preserved (only structure changed) - PASSED
✅ SABV5: Verification PASSED - All checks passed
   ✅ Check 1: r == r' (from rebalanced blocks) - internal consistency verified
   ✅ Check 2: r' (from original blocks) == r (from rebalanced blocks) - rebalancing integrity verified
   ✅ Algorithm integrity: SABV5 + LMTR4 working as designed
   ✅ No fraud detected - blocks are consistent and rebalancing preserved content
2025-11-12T03:54:43.712379Z  INFO prove_core: clk = 0 pc = 0x201504
2025-11-12T03:54:44.331946Z  INFO prove_core: clk = 10000000 pc = 0x2043b8
2025-11-12T03:54:44.496759Z  INFO prove_core: clk = 0 pc = 0x201504
2025-11-12T03:54:44.926798Z  INFO prove_core: clk = 20000000 pc = 0x2010f8
2025-11-12T03:54:45.527441Z  INFO prove_core: clk = 30000000 pc = 0x231208
2025-11-12T03:54:48.591303Z  INFO prove_core: clk = 30000000 pc = 0x231208
2025-11-12T03:54:48.905501Z  INFO prove_core: clk = 20000000 pc = 0x2010f8
2025-11-12T03:54:49.287665Z  INFO prove_core: clk = 10000000 pc = 0x2043b8
2025-11-12T03:54:56.686275Z  INFO prove_core:generate main traces: close time.busy=4.37s time.idle=5.43µs index=0
2025-11-12T03:55:48.482196Z  INFO prove_core:generate main traces: close time.busy=30.0s time.idle=19.0µs index=1
Command terminated by signal 9
	Command being timed: "cargo run --release -p pessimistic-proof-test-suite --bin ppgen_sabv_lmtr5 -- --n-exits 100 --validator-nodes 5 --proof-dir /home/ubuntu/thanhhuyen/proofs/v5/n100_run2"
	User time (seconds): 9864.04
	System time (seconds): 508.83
	Percent of CPU this job got: 1434%
	Elapsed (wall clock) time (h:mm:ss or m:ss): 12:03.08
	Average shared text size (kbytes): 0
	Average unshared data size (kbytes): 0
	Average stack size (kbytes): 0
	Average total size (kbytes): 0
	Maximum resident set size (kbytes): 64541560
	Average resident set size (kbytes): 0
	Major (requiring I/O) page faults: 27734
	Minor (reclaiming a frame) page faults: 37974897
	Voluntary context switches: 69445
	Involuntary context switches: 155481
	Swaps: 0
	File system inputs: 870472
	File system outputs: 11344
	Socket messages sent: 0
	Socket messages received: 0
	Signals delivered: 0
	Page size (bytes): 4096
	Exit status: 0

━━━━━━━━━━━━━━━━━━━━━━━━━━━━━━━━━━━━━━━━━━━━━━━━━━━━━━━━━━━━
📊 N=100, Run 2/5 Results
━━━━━━━━━━━━━━━━━━━━━━━━━━━━━━━━━━━━━━━━━━━━━━━━━━━━━━━━━━━━
   Duration: 723s (12m 3s)
   Exit code: 137

   📊 Resource Usage:
      ❌ Process bị KILL (signal 9) - có thể do OOM
      💡 Xem log chi tiết: tail -50 /home/ubuntu/thanhhuyen/logs/v5/v5_n100_run2_20251112_035431.log
      💾 Maximum RAM: 61.55 GB (64541560 KB)
      ⚡ CPU Usage: this%
   ❌ Proof file: KHÔNG CÓ (có thể bị kill hoặc chưa xong)
   ⚠️  Process có thể bị kill bởi OOM

   📁 Log: /home/ubuntu/thanhhuyen/logs/v5/v5_n100_run2_20251112_035431.log
   📁 Proof: /home/ubuntu/thanhhuyen/proofs/v5/n100_run2

━━━━━━━━━━━━━━━━━━━━━━━━━━━━━━━━━━━━━━━━━━━━━━━━━━━━━━━━━━━━
📊 Lần lặp 2/5 - Running N=500 at 2025-11-12 04:06:36
━━━━━━━━━━━━━━━━━━━━━━━━━━━━━━━━━━━━━━━━━━━━━━━━━━━━━━━━━━━━

   ⚙️  Config: SHARD_BATCH_SIZE=4, TRACE_GEN_WORKERS=8 (N=500) - GIẢM MEMORY TỐI ĐA
   ⚙️  RAYON_NUM_THREADS=16
   ⚙️  Expected CPU usage: ~1200-1600% (vẫn cao nhưng giảm memory)
   ⚙️  ⚠️  GIẢM MEMORY để tránh OOM kill

   📁 Log: /home/ubuntu/thanhhuyen/logs/v5/v5_n500_run2_20251112_040636.log
   📁 Proof dir: /home/ubuntu/thanhhuyen/proofs/v5/n500_run2

warning: unused import: `keccak::Keccak256Hasher`
 --> crates/pessimistic-proof-core/src/sabv2.rs:2:35
  |
2 | use agglayer_primitives::{Digest, keccak::Keccak256Hasher};
  |                                   ^^^^^^^^^^^^^^^^^^^^^^^
  |
  = note: `#[warn(unused_imports)]` on by default

warning: unused import: `keccak::Keccak256Hasher`
 --> crates/pessimistic-proof-core/src/lmtr2.rs:2:35
  |
2 | use agglayer_primitives::{Digest, keccak::Keccak256Hasher};
  |                                   ^^^^^^^^^^^^^^^^^^^^^^^

warning: unused import: `keccak::Keccak256Hasher`
 --> crates/pessimistic-proof-core/src/sabv3.rs:2:35
  |
2 | use agglayer_primitives::{Digest, keccak::Keccak256Hasher};
  |                                   ^^^^^^^^^^^^^^^^^^^^^^^

warning: unused import: `keccak::Keccak256Hasher`
 --> crates/pessimistic-proof-core/src/lmtr3.rs:2:35
  |
2 | use agglayer_primitives::{Digest, keccak::Keccak256Hasher};
  |                                   ^^^^^^^^^^^^^^^^^^^^^^^

warning: unused import: `keccak::Keccak256Hasher`
 --> crates/pessimistic-proof-core/src/sabv4.rs:2:35
  |
2 | use agglayer_primitives::{Digest, keccak::Keccak256Hasher};
  |                                   ^^^^^^^^^^^^^^^^^^^^^^^

warning: unused import: `keccak::Keccak256Hasher`
 --> crates/pessimistic-proof-core/src/lmtr4.rs:2:35
  |
2 | use agglayer_primitives::{Digest, keccak::Keccak256Hasher};
  |                                   ^^^^^^^^^^^^^^^^^^^^^^^

warning: unused imports: `BridgeExit`, `ImportedBridgeExit`, `NetworkId`, and `TokenInfo`
   --> crates/pessimistic-proof-core/src/lmtr4.rs:245:30
    |
245 |         use unified_bridge::{BridgeExit, ImportedBridgeExit, NetworkId, TokenInfo};
    |                              ^^^^^^^^^^  ^^^^^^^^^^^^^^^^^^  ^^^^^^^^^  ^^^^^^^^^

warning: unused import: `agglayer_primitives::U256`
   --> crates/pessimistic-proof-core/src/lmtr4.rs:247:13
    |
247 |         use agglayer_primitives::U256;
    |             ^^^^^^^^^^^^^^^^^^^^^^^^^

warning: unused import: `crate::nullifier_tree::NullifierPath`
   --> crates/pessimistic-proof-core/src/lmtr4.rs:248:13
    |
248 |         use crate::nullifier_tree::NullifierPath;
    |             ^^^^^^^^^^^^^^^^^^^^^^^^^^^^^^^^^^^^

warning: unused import: `crate::local_balance_tree::LocalBalancePath`
   --> crates/pessimistic-proof-core/src/lmtr4.rs:249:13
    |
249 |         use crate::local_balance_tree::LocalBalancePath;
    |             ^^^^^^^^^^^^^^^^^^^^^^^^^^^^^^^^^^^^^^^^^^^

warning: unused import: `crate::aggchain_proof::AggchainData`
   --> crates/pessimistic-proof-core/src/lmtr4.rs:250:13
    |
250 |         use crate::aggchain_proof::AggchainData;
    |             ^^^^^^^^^^^^^^^^^^^^^^^^^^^^^^^^^^^

warning: unused import: `keccak::Keccak256Hasher`
 --> crates/pessimistic-proof-core/src/sabv5.rs:2:35
  |
2 | use agglayer_primitives::{Digest, keccak::Keccak256Hasher};
  |                                   ^^^^^^^^^^^^^^^^^^^^^^^

warning: unused variable: `branching_factor`
  --> crates/pessimistic-proof-core/src/lmtr.rs:31:9
   |
31 |         branching_factor: usize,
   |         ^^^^^^^^^^^^^^^^ help: if this is intentional, prefix it with an underscore: `_branching_factor`
   |
   = note: `#[warn(unused_variables)]` on by default

warning: unused variable: `block`
  --> crates/pessimistic-proof-core/src/sabv2.rs:72:13
   |
72 |         for block in blocks {
   |             ^^^^^ help: if this is intentional, prefix it with an underscore: `_block`

warning: unused variable: `consensus_result`
  --> crates/pessimistic-proof-core/src/sabv2.rs:79:13
   |
79 |         let consensus_result = self.run_consensus_mechanism(blocks, validator_nodes)?;
   |             ^^^^^^^^^^^^^^^^ help: if this is intentional, prefix it with an underscore: `_consensus_result`

warning: unused variable: `global_root`
  --> crates/pessimistic-proof-core/src/sabv2.rs:63:9
   |
63 |         global_root: &agglayer_primitives::Digest,
   |         ^^^^^^^^^^^ help: if this is intentional, prefix it with an underscore: `_global_root`

warning: unused variable: `computed_hash`
   --> crates/pessimistic-proof-core/src/sabv2.rs:136:13
    |
136 |         let computed_hash = Keccak256::digest(&block_data);
    |             ^^^^^^^^^^^^^ help: if this is intentional, prefix it with an underscore: `_computed_hash`

warning: unused variable: `declared_hash`
   --> crates/pessimistic-proof-core/src/sabv2.rs:139:13
    |
139 |         let declared_hash = self.get_block_declared_hash(block)?;
    |             ^^^^^^^^^^^^^ help: if this is intentional, prefix it with an underscore: `_declared_hash`

warning: unused variable: `block`
   --> crates/pessimistic-proof-core/src/sabv2.rs:229:32
    |
229 |     fn get_block_height(&self, block: &crate::multi_batch_header::MultiBatchHeader<agglayer_primitives::keccak::Keccak256Hasher>) -> Resu...
    |                                ^^^^^ help: if this is intentional, prefix it with an underscore: `_block`

warning: unused variable: `block`
   --> crates/pessimistic-proof-core/src/sabv2.rs:241:39
    |
241 |     fn get_block_declared_hash(&self, block: &crate::multi_batch_header::MultiBatchHeader<agglayer_primitives::keccak::Keccak256Hasher>) ...
    |                                       ^^^^^ help: if this is intentional, prefix it with an underscore: `_block`

warning: unused variable: `block`
   --> crates/pessimistic-proof-core/src/sabv2.rs:247:32
    |
247 |     fn get_block_signer(&self, block: &crate::multi_batch_header::MultiBatchHeader<agglayer_primitives::keccak::Keccak256Hasher>) -> Resu...
    |                                ^^^^^ help: if this is intentional, prefix it with an underscore: `_block`

warning: unused variable: `block`
   --> crates/pessimistic-proof-core/src/sabv2.rs:257:35
    |
257 |     fn get_block_signature(&self, block: &crate::multi_batch_header::MultiBatchHeader<agglayer_primitives::keccak::Keccak256Hasher>) -> R...
    |                                   ^^^^^ help: if this is intentional, prefix it with an underscore: `_block`

warning: unused variable: `hash`
   --> crates/pessimistic-proof-core/src/sabv2.rs:274:13
    |
274 |         let hash = Keccak256::digest(&block_data);
    |             ^^^^ help: if this is intentional, prefix it with an underscore: `_hash`

warning: unused variable: `block`
   --> crates/pessimistic-proof-core/src/sabv2.rs:295:35
    |
295 |     fn estimate_block_size(&self, block: &crate::multi_batch_header::MultiBatchHeader<agglayer_primitives::keccak::Keccak256Hasher>) -> R...
    |                                   ^^^^^ help: if this is intentional, prefix it with an underscore: `_block`

warning: unused variable: `i`
   --> crates/pessimistic-proof-core/src/lmtr2.rs:144:14
    |
144 |         for (i, block) in blocks.iter().enumerate() {
    |              ^ help: if this is intentional, prefix it with an underscore: `_i`

warning: unused variable: `leaf_hash`
   --> crates/pessimistic-proof-core/src/lmtr2.rs:146:17
    |
146 |             let leaf_hash = Keccak256::digest(&block_data);
    |                 ^^^^^^^^^ help: if this is intentional, prefix it with an underscore: `_leaf_hash`

warning: unused variable: `current_efficiency`
   --> crates/pessimistic-proof-core/src/lmtr2.rs:179:13
    |
179 |         let current_efficiency = self.calculate_tree_efficiency(num_blocks, branching_factor)?;
    |             ^^^^^^^^^^^^^^^^^^ help: if this is intentional, prefix it with an underscore: `_current_efficiency`

warning: unused variable: `new_hash`
   --> crates/pessimistic-proof-core/src/lmtr2.rs:229:21
    |
229 |                 let new_hash = Keccak256::digest(&optimized_data);
    |                     ^^^^^^^^ help: if this is intentional, prefix it with an underscore: `_new_hash`

warning: unused variable: `optimal_config`
   --> crates/pessimistic-proof-core/src/lmtr2.rs:217:9
    |
217 |         optimal_config: &OptimalConfig,
    |         ^^^^^^^^^^^^^^ help: if this is intentional, prefix it with an underscore: `_optimal_config`

warning: unused variable: `parent_hash`
   --> crates/pessimistic-proof-core/src/lmtr2.rs:312:21
    |
312 |                 let parent_hash = Keccak256::digest(&parent_data);
    |                     ^^^^^^^^^^^ help: if this is intentional, prefix it with an underscore: `_parent_hash`

warning: unused variable: `tree`
   --> crates/pessimistic-proof-core/src/lmtr2.rs:399:136
    |
399 | ...ves::keccak::Keccak256Hasher>, tree: &MerkleTree) -> Result<crate::multi_batch_header::MultiBatchHeader<agglayer_primitives::keccak::K...
    |                                   ^^^^ help: if this is intentional, prefix it with an underscore: `_tree`

warning: unused variable: `j_star`
   --> crates/pessimistic-proof-core/src/sabv3.rs:306:9
    |
306 |         j_star: usize,
    |         ^^^^^^ help: if this is intentional, prefix it with an underscore: `_j_star`

warning: unused variable: `j_star`
   --> crates/pessimistic-proof-core/src/sabv4.rs:496:9
    |
496 |         j_star: usize,
    |         ^^^^^^ help: if this is intentional, prefix it with an underscore: `_j_star`

warning: unused variable: `expected_root`
   --> crates/pessimistic-proof-core/src/sabv4.rs:603:72
    |
603 | ...mputed_root: &Digest, expected_root: &agglayer_primitives::Digest, signature: &agglayer_primitives::Signature, signer: &agglayer_primi...
    |                          ^^^^^^^^^^^^^ help: if this is intentional, prefix it with an underscore: `_expected_root`

warning: unused variable: `expected_bytes`
   --> crates/pessimistic-proof-core/src/sabv4.rs:744:56
    |
744 |     fn verify_hash_chain(&self, computed_bytes: &[u8], expected_bytes: &[u8]) -> Result<bool, ProofError> {
    |                                                        ^^^^^^^^^^^^^^ help: if this is intentional, prefix it with an underscore: `_expected_bytes`

warning: unused variable: `global_root`
   --> crates/pessimistic-proof-core/src/sabv5.rs:138:9
    |
138 |         global_root: &agglayer_primitives::Digest,
    |         ^^^^^^^^^^^ help: if this is intentional, prefix it with an underscore: `_global_root`

warning: value assigned to `local_trees` is never read
   --> crates/pessimistic-proof-core/src/sabv5.rs:702:17
    |
702 |         let mut local_trees = Vec::new();
    |                 ^^^^^^^^^^^
    |
    = help: maybe it is overwritten before being read?
    = note: `#[warn(unused_assignments)]` on by default

warning: unused variable: `j_star`
   --> crates/pessimistic-proof-core/src/sabv5.rs:699:9
    |
699 |         j_star: usize,
    |         ^^^^^^ help: if this is intentional, prefix it with an underscore: `_j_star`

warning: unused variable: `expected_root`
   --> crates/pessimistic-proof-core/src/sabv5.rs:822:72
    |
822 | ...mputed_root: &Digest, expected_root: &agglayer_primitives::Digest, signature: &agglayer_primitives::Signature, signer: &agglayer_primi...
    |                          ^^^^^^^^^^^^^ help: if this is intentional, prefix it with an underscore: `_expected_root`

warning: unused variable: `expected_bytes`
   --> crates/pessimistic-proof-core/src/sabv5.rs:963:56
    |
963 |     fn verify_hash_chain(&self, computed_bytes: &[u8], expected_bytes: &[u8]) -> Result<bool, ProofError> {
    |                                                        ^^^^^^^^^^^^^^ help: if this is intentional, prefix it with an underscore: `_expected_bytes`

warning: field `config` is never read
  --> crates/pessimistic-proof-core/src/sabv.rs:13:5
   |
12 | pub struct SabvAlgorithm {
   |            ------------- field in this struct
13 |     config: SabvConfig,
   |     ^^^^^^
   |
   = note: `SabvAlgorithm` has derived impls for the traits `Clone` and `Debug`, but these are intentionally ignored during dead code analysis
   = note: `#[warn(dead_code)]` on by default

warning: field `config` is never read
  --> crates/pessimistic-proof-core/src/lmtr.rs:12:5
   |
11 | pub struct LmtrAlgorithm {
   |            ------------- field in this struct
12 |     config: LmtrConfig,
   |     ^^^^^^
   |
   = note: `LmtrAlgorithm` has derived impls for the traits `Clone` and `Debug`, but these are intentionally ignored during dead code analysis

warning: fields `config` and `consensus_messages` are never read
  --> crates/pessimistic-proof-core/src/sabv2.rs:34:5
   |
33 | pub struct Sabv2Algorithm {
   |            -------------- fields in this struct
34 |     config: Sabv2Config,
   |     ^^^^^^
35 |     validators: Vec<ValidatorNode>,
36 |     consensus_messages: HashMap<Digest, Vec<ConsensusMessage>>,
   |     ^^^^^^^^^^^^^^^^^^
   |
   = note: `Sabv2Algorithm` has derived impls for the traits `Clone` and `Debug`, but these are intentionally ignored during dead code analysis

warning: multiple methods are never used
   --> crates/pessimistic-proof-core/src/sabv2.rs:89:8
    |
 39 | impl Sabv2Algorithm {
    | ------------------- methods in this implementation
...
 89 |     fn validate_block_cryptography(
    |        ^^^^^^^^^^^^^^^^^^^^^^^^^^^
...
112 |     fn verify_merkle_tree_structure(
    |        ^^^^^^^^^^^^^^^^^^^^^^^^^^^^
...
130 |     fn verify_hash_integrity(
    |        ^^^^^^^^^^^^^^^^^^^^^
...
149 |     fn verify_signature_validity(
    |        ^^^^^^^^^^^^^^^^^^^^^^^^^
...
204 |     fn verify_consensus_threshold(
    |        ^^^^^^^^^^^^^^^^^^^^^^^^^^
...
222 |     fn calculate_optimal_height(&self, block: &crate::multi_batch_header::MultiBatchHeader<agglayer_primitives::keccak::Keccak256Hasher>)...
    |        ^^^^^^^^^^^^^^^^^^^^^^^^
...
229 |     fn get_block_height(&self, block: &crate::multi_batch_header::MultiBatchHeader<agglayer_primitives::keccak::Keccak256Hasher>) -> Resu...
    |        ^^^^^^^^^^^^^^^^
...
241 |     fn get_block_declared_hash(&self, block: &crate::multi_batch_header::MultiBatchHeader<agglayer_primitives::keccak::Keccak256Hasher>) ...
    |        ^^^^^^^^^^^^^^^^^^^^^^^
...
247 |     fn get_block_signer(&self, block: &crate::multi_batch_header::MultiBatchHeader<agglayer_primitives::keccak::Keccak256Hasher>) -> Resu...
    |        ^^^^^^^^^^^^^^^^
...
252 |     fn get_block_message(&self, block: &crate::multi_batch_header::MultiBatchHeader<agglayer_primitives::keccak::Keccak256Hasher>) -> Res...
    |        ^^^^^^^^^^^^^^^^^
...
257 |     fn get_block_signature(&self, block: &crate::multi_batch_header::MultiBatchHeader<agglayer_primitives::keccak::Keccak256Hasher>) -> R...
    |        ^^^^^^^^^^^^^^^^^^^
...
262 |     fn compute_expected_signature(&self, signer: &str, message: &[u8]) -> Result<String, ProofError> {
    |        ^^^^^^^^^^^^^^^^^^^^^^^^^^
...
295 |     fn estimate_block_size(&self, block: &crate::multi_batch_header::MultiBatchHeader<agglayer_primitives::keccak::Keccak256Hasher>) -> R...
    |        ^^^^^^^^^^^^^^^^^^^

warning: field `tree_cache` is never read
  --> crates/pessimistic-proof-core/src/lmtr2.rs:53:5
   |
51 | pub struct Lmtr2Algorithm {
   |            -------------- field in this struct
52 |     config: Lmtr2Config,
53 |     tree_cache: HashMap<Digest, MerkleTree>,
   |     ^^^^^^^^^^
   |
   = note: `Lmtr2Algorithm` has derived impls for the traits `Clone` and `Debug`, but these are intentionally ignored during dead code analysis

warning: fields `branching_factor` and `rebalancing_cost` are never read
   --> crates/pessimistic-proof-core/src/lmtr2.rs:415:5
    |
413 | struct OptimalConfig {
    |        ------------- fields in this struct
414 |     optimal_height: usize,
415 |     branching_factor: usize,
    |     ^^^^^^^^^^^^^^^^
416 |     expected_efficiency: f64,
417 |     rebalancing_cost: u64,
    |     ^^^^^^^^^^^^^^^^
    |
    = note: `OptimalConfig` has derived impls for the traits `Clone` and `Debug`, but these are intentionally ignored during dead code analysis

warning: field `validators` is never read
  --> crates/pessimistic-proof-core/src/sabv3.rs:41:5
   |
39 | pub struct Sabv3Algorithm {
   |            -------------- field in this struct
40 |     config: Sabv3Config,
41 |     validators: Vec<ValidatorNode>,
   |     ^^^^^^^^^^
   |
   = note: `Sabv3Algorithm` has derived impls for the traits `Clone` and `Debug`, but these are intentionally ignored during dead code analysis

warning: struct `BlockchainMerkleProof` is never constructed
  --> crates/pessimistic-proof-core/src/sabv4.rs:38:8
   |
38 | struct BlockchainMerkleProof {
   |        ^^^^^^^^^^^^^^^^^^^^^

warning: fields `shard_index` and `round` are never read
  --> crates/pessimistic-proof-core/src/sabv4.rs:50:9
   |
47 | struct MPCShareMessage {
   |        --------------- fields in this struct
...
50 |     pub shard_index: usize,
   |         ^^^^^^^^^^^
51 |     pub share: (f64, f64), // (x, y) = share point
52 |     pub round: u64,
   |         ^^^^^
   |
   = note: `MPCShareMessage` has derived impls for the traits `Clone` and `Debug`, but these are intentionally ignored during dead code analysis

warning: field `consensus_reached` is never read
  --> crates/pessimistic-proof-core/src/sabv4.rs:60:9
   |
57 | struct MPCNetworkState {
   |        --------------- field in this struct
...
60 |     pub consensus_reached: bool,
   |         ^^^^^^^^^^^^^^^^^
   |
   = note: `MPCNetworkState` has a derived impl for the trait `Debug`, but this is intentionally ignored during dead code analysis

warning: field `validators` is never read
  --> crates/pessimistic-proof-core/src/sabv4.rs:67:5
   |
65 | pub struct Sabv4Algorithm {
   |            -------------- field in this struct
66 |     config: Sabv4Config,
67 |     validators: Vec<ValidatorNode>,
   |     ^^^^^^^^^^
   |
   = note: `Sabv4Algorithm` has a derived impl for the trait `Debug`, but this is intentionally ignored during dead code analysis

warning: multiple methods are never used
    --> crates/pessimistic-proof-core/src/sabv4.rs:493:8
     |
  71 | impl Sabv4Algorithm {
     | ------------------- methods in this implementation
...
 493 |     fn construct_local_cc_mbmt(
     |        ^^^^^^^^^^^^^^^^^^^^^^^
...
 564 |     fn verify_integrity_with_blocks(&self, computed_root: &Digest, expected_root: &agglayer_primitives::Digest, blocks: &[crate::multi_ba...
     |        ^^^^^^^^^^^^^^^^^^^^^^^^^^^^
...
 603 |     fn verify_blockchain_signature_real(&self, computed_root: &Digest, expected_root: &agglayer_primitives::Digest, signature: &agglayer_...
     |        ^^^^^^^^^^^^^^^^^^^^^^^^^^^^^^^^
...
 618 |     fn extract_blockchain_public_key(&self, computed_bytes: &[u8]) -> Result<Vec<u8>, ProofError> {
     |        ^^^^^^^^^^^^^^^^^^^^^^^^^^^^^
...
 629 |     fn validate_blockchain_signature(&self, signature: &[u8], public_key: &[u8]) -> Result<bool, ProofError> {
     |        ^^^^^^^^^^^^^^^^^^^^^^^^^^^^^
...
 648 |     fn verify_merkle_proof(&self, computed_root: &Digest, expected_root: &agglayer_primitives::Digest) -> Result<bool, ProofError> {
     |        ^^^^^^^^^^^^^^^^^^^
...
 682 |     fn extract_blockchain_merkle_proof(&self, computed_root: &Digest, expected_root: &agglayer_primitives::Digest) -> Result<BlockchainMe...
     |        ^^^^^^^^^^^^^^^^^^^^^^^^^^^^^^^
...
 717 |     fn validate_blockchain_proof(&self, proof: &BlockchainMerkleProof) -> Result<bool, ProofError> {
     |        ^^^^^^^^^^^^^^^^^^^^^^^^^
...
 744 |     fn verify_hash_chain(&self, computed_bytes: &[u8], expected_bytes: &[u8]) -> Result<bool, ProofError> {
     |        ^^^^^^^^^^^^^^^^^
...
 772 |     fn verify_timestamp_freshness(&self) -> Result<bool, ProofError> {
     |        ^^^^^^^^^^^^^^^^^^^^^^^^^^
...
 784 |     fn verify_nonce_uniqueness(&self, computed_bytes: &[u8], expected_bytes: &[u8]) -> Result<bool, ProofError> {
     |        ^^^^^^^^^^^^^^^^^^^^^^^
...
 814 |     fn verify_zero_knowledge_proof(&self, computed_root: &Digest, expected_root: &agglayer_primitives::Digest) -> Result<bool, ProofError> {
     |        ^^^^^^^^^^^^^^^^^^^^^^^^^^^
...
 853 |     fn calculate_signature_strength(&self, signature_bytes: &[u8]) -> f64 {
     |        ^^^^^^^^^^^^^^^^^^^^^^^^^^^^
...
 950 |     fn calculate_entropy(&self, data: &[u8]) -> f64 {
     |        ^^^^^^^^^^^^^^^^^
...
 970 |     fn compute_shard_hash(&self, blocks: &[crate::multi_batch_header::MultiBatchHeader<agglayer_primitives::keccak::Keccak256Hasher>]) ->...
     |        ^^^^^^^^^^^^^^^^^^
...
1037 |     fn build_merkle_tree(&self, blocks: &[crate::multi_batch_header::MultiBatchHeader<agglayer_primitives::keccak::Keccak256Hasher>], b: ...
     |        ^^^^^^^^^^^^^^^^^
...
1104 |     fn calculate_tree_height(&self, num_blocks: usize, b: usize) -> usize {
     |        ^^^^^^^^^^^^^^^^^^^^^
...
1113 |     fn compute_root_from_blocks(
     |        ^^^^^^^^^^^^^^^^^^^^^^^^

warning: method `reconstruct_block_from_bytes` is never used
   --> crates/pessimistic-proof-core/src/lmtr4.rs:241:8
    |
 27 | impl Lmtr4Algorithm {
    | ------------------- method in this implementation
...
241 |     fn reconstruct_block_from_bytes(&self, bytes: &[u8]) -> Result<crate::multi_batch_header::MultiBatchHeader<agglayer_primitives::kecca...
    |        ^^^^^^^^^^^^^^^^^^^^^^^^^^^^

warning: struct `BlockchainMerkleProof` is never constructed
  --> crates/pessimistic-proof-core/src/sabv5.rs:48:8
   |
48 | struct BlockchainMerkleProof {
   |        ^^^^^^^^^^^^^^^^^^^^^

warning: fields `shard_index` and `round` are never read
  --> crates/pessimistic-proof-core/src/sabv5.rs:60:9
   |
57 | struct MPCShareMessage {
   |        --------------- fields in this struct
...
60 |     pub shard_index: usize,
   |         ^^^^^^^^^^^
61 |     pub share: (f64, f64), // (x, y) = share point
62 |     pub round: u64,
   |         ^^^^^
   |
   = note: `MPCShareMessage` has derived impls for the traits `Clone` and `Debug`, but these are intentionally ignored during dead code analysis

warning: field `consensus_reached` is never read
  --> crates/pessimistic-proof-core/src/sabv5.rs:70:9
   |
67 | struct MPCNetworkState {
   |        --------------- field in this struct
...
70 |     pub consensus_reached: bool,
   |         ^^^^^^^^^^^^^^^^^
   |
   = note: `MPCNetworkState` has a derived impl for the trait `Debug`, but this is intentionally ignored during dead code analysis

warning: field `validators` is never read
  --> crates/pessimistic-proof-core/src/sabv5.rs:77:5
   |
75 | pub struct Sabv5Algorithm {
   |            -------------- field in this struct
76 |     config: Sabv5Config,
77 |     validators: Vec<ValidatorNode>,
   |     ^^^^^^^^^^
   |
   = note: `Sabv5Algorithm` has a derived impl for the trait `Debug`, but this is intentionally ignored during dead code analysis

warning: multiple methods are never used
    --> crates/pessimistic-proof-core/src/sabv5.rs:696:8
     |
  81 | impl Sabv5Algorithm {
     | ------------------- methods in this implementation
...
 696 |     fn construct_local_cc_mbmt(
     |        ^^^^^^^^^^^^^^^^^^^^^^^
...
 774 |     fn verify_integrity_with_blocks(&self, computed_root: &Digest, expected_root: &agglayer_primitives::Digest, blocks: &[crate::multi_ba...
     |        ^^^^^^^^^^^^^^^^^^^^^^^^^^^^
...
 822 |     fn verify_blockchain_signature_real(&self, computed_root: &Digest, expected_root: &agglayer_primitives::Digest, signature: &agglayer_...
     |        ^^^^^^^^^^^^^^^^^^^^^^^^^^^^^^^^
...
 837 |     fn extract_blockchain_public_key(&self, computed_bytes: &[u8]) -> Result<Vec<u8>, ProofError> {
     |        ^^^^^^^^^^^^^^^^^^^^^^^^^^^^^
...
 848 |     fn validate_blockchain_signature(&self, signature: &[u8], public_key: &[u8]) -> Result<bool, ProofError> {
     |        ^^^^^^^^^^^^^^^^^^^^^^^^^^^^^
...
 867 |     fn verify_merkle_proof(&self, computed_root: &Digest, expected_root: &agglayer_primitives::Digest) -> Result<bool, ProofError> {
     |        ^^^^^^^^^^^^^^^^^^^
...
 901 |     fn extract_blockchain_merkle_proof(&self, computed_root: &Digest, expected_root: &agglayer_primitives::Digest) -> Result<BlockchainMe...
     |        ^^^^^^^^^^^^^^^^^^^^^^^^^^^^^^^
...
 936 |     fn validate_blockchain_proof(&self, proof: &BlockchainMerkleProof) -> Result<bool, ProofError> {
     |        ^^^^^^^^^^^^^^^^^^^^^^^^^
...
 963 |     fn verify_hash_chain(&self, computed_bytes: &[u8], expected_bytes: &[u8]) -> Result<bool, ProofError> {
     |        ^^^^^^^^^^^^^^^^^
...
 991 |     fn verify_timestamp_freshness(&self) -> Result<bool, ProofError> {
     |        ^^^^^^^^^^^^^^^^^^^^^^^^^^
...
1003 |     fn verify_nonce_uniqueness(&self, computed_bytes: &[u8], expected_bytes: &[u8]) -> Result<bool, ProofError> {
     |        ^^^^^^^^^^^^^^^^^^^^^^^
...
1033 |     fn verify_zero_knowledge_proof(&self, computed_root: &Digest, expected_root: &agglayer_primitives::Digest) -> Result<bool, ProofError> {
     |        ^^^^^^^^^^^^^^^^^^^^^^^^^^^
...
1072 |     fn calculate_signature_strength(&self, signature_bytes: &[u8]) -> f64 {
     |        ^^^^^^^^^^^^^^^^^^^^^^^^^^^^
...
1169 |     fn calculate_entropy(&self, data: &[u8]) -> f64 {
     |        ^^^^^^^^^^^^^^^^^
...
1261 |     fn build_merkle_tree(&self, blocks: &[crate::multi_batch_header::MultiBatchHeader<agglayer_primitives::keccak::Keccak256Hasher>], b: ...
     |        ^^^^^^^^^^^^^^^^^
...
1328 |     fn calculate_tree_height(&self, num_blocks: usize, b: usize) -> usize {
     |        ^^^^^^^^^^^^^^^^^^^^^
...
1349 |     fn compute_root_from_blocks(
     |        ^^^^^^^^^^^^^^^^^^^^^^^^

warning: `pessimistic-proof-core` (lib) generated 58 warnings (run `cargo fix --lib -p pessimistic-proof-core` to apply 12 suggestions)
warning: unused import: `rayon::ThreadPoolBuilder`
 --> crates/pessimistic-proof-test-suite/src/bin/ppgen_sabv_lmtr5.rs:6:5
  |
6 | use rayon::ThreadPoolBuilder;
  |     ^^^^^^^^^^^^^^^^^^^^^^^^
  |
  = note: `#[warn(unused_imports)]` on by default

warning: value assigned to `current_state` is never read
   --> crates/pessimistic-proof-test-suite/src/bin/ppgen_sabv_lmtr5.rs:133:9
    |
133 |         current_state = block_state.state_b.clone();
    |         ^^^^^^^^^^^^^
    |
    = help: maybe it is overwritten before being read?
    = note: `#[warn(unused_assignments)]` on by default

warning: unused variable: `vk`
   --> crates/pessimistic-proof-test-suite/src/bin/ppgen_sabv_lmtr5.rs:294:24
    |
294 |             Ok((proof, vk, new_roots)) => {
    |                        ^^ help: if this is intentional, prefix it with an underscore: `_vk`
    |
    = note: `#[warn(unused_variables)]` on by default

warning: unused variable: `new_roots`
   --> crates/pessimistic-proof-test-suite/src/bin/ppgen_sabv_lmtr5.rs:294:28
    |
294 |             Ok((proof, vk, new_roots)) => {
    |                            ^^^^^^^^^ help: if this is intentional, prefix it with an underscore: `_new_roots`

warning: variable does not need to be mutable
  --> crates/pessimistic-proof-test-suite/src/bin/ppgen_sabv_lmtr5.rs:72:9
   |
72 |     let mut state = data::sample_state_00();
   |         ----^^^^^
   |         |
   |         help: remove this `mut`
   |
   = note: `#[warn(unused_mut)]` on by default

warning: `pessimistic-proof-test-suite` (bin "ppgen_sabv_lmtr5") generated 5 warnings (run `cargo fix --bin "ppgen_sabv_lmtr5"` to apply 2 suggestions)
    Finished `release` profile [optimized] target(s) in 3.60s
     Running `target/release/ppgen_sabv_lmtr5 --n-exits 500 --validator-nodes 5 --proof-dir /home/ubuntu/thanhhuyen/proofs/v5/n500_run2`
🔍 SABV5: Starting Algorithm 1 - Verify Aggregated Blocks Integrity
   Input: N=500 blocks, branching_factor=3, validators=5
   📐 Optimal height calculation: log_3(500) + 1 = 7
🎯 V5: Calculated optimal htarget = 7 for N=500, b=3
📊 Computed expected root from 500 ORIGINAL blocks (before rebalancing): 17888e71ef17f71cbe404a70b520498771ba4367e61e498eabc8ff9f1d5ee7fb (height=7)
📊 SABV5: Calculated j* = 6 with variance = 0.0000
✅ Step 1: Optimal sharding size j* = 6 (shard_size = 3^6 = 729)
📦 SABV5: Created 1 shards (0 full + 1 remainder)
✅ Step 2: Partitioned 500 blocks into 1 shards (shard_size = 729)
📡 SABV5: REAL MPC Network - 5 validators broadcast shares, 5 received sufficient shares
🔐 SABV5: REAL Shamir secret sharing - Secret: 0.452218, Reconstructed: 0.452218, Match: true
   Polynomial degree: 2, Shares: 5, Threshold: 3/5
   Validator 4 assigned with share value: -16.715262
✅ Step 3: Secret sharing applied (threshold k=3/5)
📊 Step 4: Rebalancing shards with LMTR4 (Algorithm 2)...
🔧 LMTR4: Starting Algorithm 2 rebalancing for 500 blocks
📊 LMTR4: Initial state - Ni = 500, b = 3, htarget = 7
🔄 LMTR4: Fixed branch imbalance by appending last block - Ni = 501
✅ LMTR4: Rebalancing complete - Final Ni = 501, height = 7
   ✅ Shard 0 (validator 4) - 500 → 501 blocks, height=7
🌳 Step 5a: Building REAL Local CC-MBMT from rebalanced blocks...
   ✅ Validator 4 built REAL local CC-MBMT (shard 0) - 501 blocks → tree height=7
🔗 SABV5: Merged 1 local CC-MBMTs into global CC-MBMT using REAL tree structure
✅ Step 5b: Merged 1 local CC-MBMTs into global root r
✅ Step 6: Computed alternative root r' (from rebalanced blocks) using SAME Merkle tree method as Step 5a
   Using 501 rebalanced blocks, tree height=7
✅ Step 6b: Using r' (from original blocks) = expected_root_from_original_blocks for CHECK 2
🔐 Step 7: Verifying integrity and detecting fraud...
   r  (from merged local trees, rebalanced): cc3ef90c4569fa2e1d3026dbe082e57df6bff86f24607af304403e1b869881d2
   r' (from all rebalanced blocks):           cc3ef90c4569fa2e1d3026dbe082e57df6bff86f24607af304403e1b869881d2
   r' (from original blocks):                 17888e71ef17f71cbe404a70b520498771ba4367e61e498eabc8ff9f1d5ee7fb
   Note: r' (from original) will be compared with r (from rebalanced) in CHECK 2
   ✅ Check 1: r == r' (from rebalanced blocks)? true (internal consistency)
   📊 Block counts: original=500, rebalanced=501
   🔍 Check 2 (rebalancing changed block count):
      • Unique blocks in rebalanced: 500
      • Original blocks: 500
      • All original blocks present: true
      • No extra blocks: true
      • Content preserved: true
   ✅ Check 2: Content preserved (only structure changed) - PASSED
✅ SABV5: Verification PASSED - All checks passed
   ✅ Check 1: r == r' (from rebalanced blocks) - internal consistency verified
   ✅ Check 2: r' (from original blocks) == r (from rebalanced blocks) - rebalancing integrity verified
   ✅ Algorithm integrity: SABV5 + LMTR4 working as designed
   ✅ No fraud detected - blocks are consistent and rebalancing preserved content
2025-11-12T04:06:49.348866Z  INFO prove_core: clk = 0 pc = 0x201504
2025-11-12T04:06:49.882796Z  INFO prove_core: clk = 0 pc = 0x201504
2025-11-12T04:06:49.962695Z  INFO prove_core: clk = 10000000 pc = 0x20885c
2025-11-12T04:06:50.550684Z  INFO prove_core: clk = 20000000 pc = 0x205a38
2025-11-12T04:06:51.147368Z  INFO prove_core: clk = 30000000 pc = 0x2043d0
2025-11-12T04:06:51.220512Z  INFO prove_core: clk = 10000000 pc = 0x20885c
2025-11-12T04:06:51.738009Z  INFO prove_core: clk = 40000000 pc = 0x2060cc
2025-11-12T04:06:52.323110Z  INFO prove_core: clk = 50000000 pc = 0x205f04
2025-11-12T04:06:52.415956Z  INFO prove_core: clk = 20000000 pc = 0x205a38
2025-11-12T04:06:53.011160Z  INFO prove_core: clk = 60000000 pc = 0x2011f0
2025-11-12T04:06:53.613619Z  INFO prove_core: clk = 70000000 pc = 0x231250
2025-11-12T04:06:53.907363Z  INFO prove_core: clk = 30000000 pc = 0x2043d0
2025-11-12T04:06:54.246910Z  INFO prove_core: clk = 60000000 pc = 0x2011f0
2025-11-12T04:06:54.345858Z  INFO prove_core: clk = 80000000 pc = 0x201234
2025-11-12T04:06:54.973614Z  INFO prove_core: clk = 90000000 pc = 0x231254
2025-11-12T04:06:55.028179Z  INFO prove_core: clk = 40000000 pc = 0x2060cc
2025-11-12T04:06:55.719421Z  INFO prove_core: clk = 100000000 pc = 0x2313c8
2025-11-12T04:06:57.611481Z  INFO prove_core: clk = 110000000 pc = 0x201238
2025-11-12T04:06:58.211466Z  INFO prove_core: clk = 50000000 pc = 0x205f04
2025-11-12T04:07:00.157858Z  INFO prove_core: clk = 120000000 pc = 0x2013d8
2025-11-12T04:07:00.878944Z  INFO prove_core:generate main traces: close time.busy=5.44s time.idle=6.64µs index=0
2025-11-12T04:07:02.000537Z  INFO prove_core: clk = 130000000 pc = 0x231250
2025-11-12T04:07:03.319189Z  INFO prove_core: clk = 140000000 pc = 0x201098
2025-11-12T04:07:04.171352Z  INFO prove_core: clk = 70000000 pc = 0x231250
2025-11-12T04:07:04.786127Z  INFO prove_core: clk = 150000000 pc = 0x201228
2025-11-12T04:07:08.037871Z  INFO prove_core: clk = 160000000 pc = 0x2010e4
2025-11-12T04:07:10.720543Z  INFO prove_core: clk = 170000000 pc = 0x23124c
2025-11-12T04:07:12.181763Z  INFO prove_core:generate main traces: close time.busy=7.53s time.idle=7.38µs index=1
2025-11-12T04:07:12.679154Z  INFO prove_core: clk = 180000000 pc = 0x2312b4
2025-11-12T04:07:18.161019Z  INFO prove_core: clk = 80000000 pc = 0x201234
2025-11-12T04:07:31.638193Z  INFO prove_core:generate main traces: close time.busy=9.90s time.idle=11.9µs index=2
2025-11-12T04:24:18.133082Z  INFO prove_core: clk = 90000000 pc = 0x231254
2025-11-12T04:24:21.846215Z  INFO prove_core:generate main traces: close time.busy=8.28s time.idle=9.61µs index=3
Command terminated by signal 9
	Command being timed: "cargo run --release -p pessimistic-proof-test-suite --bin ppgen_sabv_lmtr5 -- --n-exits 500 --validator-nodes 5 --proof-dir /home/ubuntu/thanhhuyen/proofs/v5/n500_run2"
	User time (seconds): 24941.67
	System time (seconds): 899.50
	Percent of CPU this job got: 1469%
	Elapsed (wall clock) time (h:mm:ss or m:ss): 29:18.54
	Average shared text size (kbytes): 0
	Average unshared data size (kbytes): 0
	Average stack size (kbytes): 0
	Average total size (kbytes): 0
	Maximum resident set size (kbytes): 64607472
	Average resident set size (kbytes): 0
	Major (requiring I/O) page faults: 4042
	Minor (reclaiming a frame) page faults: 77374782
	Voluntary context switches: 211727
	Involuntary context switches: 330391
	Swaps: 0
	File system inputs: 580200
	File system outputs: 59768
	Socket messages sent: 0
	Socket messages received: 0
	Signals delivered: 0
	Page size (bytes): 4096
	Exit status: 0

━━━━━━━━━━━━━━━━━━━━━━━━━━━━━━━━━━━━━━━━━━━━━━━━━━━━━━━━━━━━
📊 N=500, Run 2/5 Results
━━━━━━━━━━━━━━━━━━━━━━━━━━━━━━━━━━━━━━━━━━━━━━━━━━━━━━━━━━━━
   Duration: 1760s (29m 20s)
   Exit code: 137

   📊 Resource Usage:
      ❌ Process bị KILL (signal 9) - có thể do OOM
      💡 Xem log chi tiết: tail -50 /home/ubuntu/thanhhuyen/logs/v5/v5_n500_run2_20251112_040636.log
      💾 Maximum RAM: 61.61 GB (64607472 KB)
      ⚡ CPU Usage: this%
   ❌ Proof file: KHÔNG CÓ (có thể bị kill hoặc chưa xong)
   ⚠️  Process có thể bị kill bởi OOM

   📁 Log: /home/ubuntu/thanhhuyen/logs/v5/v5_n500_run2_20251112_040636.log
   📁 Proof: /home/ubuntu/thanhhuyen/proofs/v5/n500_run2

✅ Completed iteration 2/5 (N=100 → N=500)

════════════════════════════════════════════════════════════════════════════
🔄 LẦN LẶP 3/5: N=100 → N=500
════════════════════════════════════════════════════════════════════════════
━━━━━━━━━━━━━━━━━━━━━━━━━━━━━━━━━━━━━━━━━━━━━━━━━━━━━━━━━━━━
📊 Lần lặp 3/5 - Running N=100 at 2025-11-12 04:35:58
━━━━━━━━━━━━━━━━━━━━━━━━━━━━━━━━━━━━━━━━━━━━━━━━━━━━━━━━━━━━

   ⚙️  Config: SHARD_BATCH_SIZE=6, TRACE_GEN_WORKERS=12 (N=100) - GIẢM MEMORY
   ⚙️  RAYON_NUM_THREADS=16
   ⚙️  Expected CPU usage: ~1200-1600% (vẫn cao nhưng giảm memory)
   ⚙️  ⚠️  GIẢM MEMORY để tránh OOM kill

   📁 Log: /home/ubuntu/thanhhuyen/logs/v5/v5_n100_run3_20251112_043558.log
   📁 Proof dir: /home/ubuntu/thanhhuyen/proofs/v5/n100_run3

warning: unused import: `keccak::Keccak256Hasher`
 --> crates/pessimistic-proof-core/src/sabv2.rs:2:35
  |
2 | use agglayer_primitives::{Digest, keccak::Keccak256Hasher};
  |                                   ^^^^^^^^^^^^^^^^^^^^^^^
  |
  = note: `#[warn(unused_imports)]` on by default

warning: unused import: `keccak::Keccak256Hasher`
 --> crates/pessimistic-proof-core/src/lmtr2.rs:2:35
  |
2 | use agglayer_primitives::{Digest, keccak::Keccak256Hasher};
  |                                   ^^^^^^^^^^^^^^^^^^^^^^^

warning: unused import: `keccak::Keccak256Hasher`
 --> crates/pessimistic-proof-core/src/sabv3.rs:2:35
  |
2 | use agglayer_primitives::{Digest, keccak::Keccak256Hasher};
  |                                   ^^^^^^^^^^^^^^^^^^^^^^^

warning: unused import: `keccak::Keccak256Hasher`
 --> crates/pessimistic-proof-core/src/lmtr3.rs:2:35
  |
2 | use agglayer_primitives::{Digest, keccak::Keccak256Hasher};
  |                                   ^^^^^^^^^^^^^^^^^^^^^^^

warning: unused import: `keccak::Keccak256Hasher`
 --> crates/pessimistic-proof-core/src/sabv4.rs:2:35
  |
2 | use agglayer_primitives::{Digest, keccak::Keccak256Hasher};
  |                                   ^^^^^^^^^^^^^^^^^^^^^^^

warning: unused import: `keccak::Keccak256Hasher`
 --> crates/pessimistic-proof-core/src/lmtr4.rs:2:35
  |
2 | use agglayer_primitives::{Digest, keccak::Keccak256Hasher};
  |                                   ^^^^^^^^^^^^^^^^^^^^^^^

warning: unused imports: `BridgeExit`, `ImportedBridgeExit`, `NetworkId`, and `TokenInfo`
   --> crates/pessimistic-proof-core/src/lmtr4.rs:245:30
    |
245 |         use unified_bridge::{BridgeExit, ImportedBridgeExit, NetworkId, TokenInfo};
    |                              ^^^^^^^^^^  ^^^^^^^^^^^^^^^^^^  ^^^^^^^^^  ^^^^^^^^^

warning: unused import: `agglayer_primitives::U256`
   --> crates/pessimistic-proof-core/src/lmtr4.rs:247:13
    |
247 |         use agglayer_primitives::U256;
    |             ^^^^^^^^^^^^^^^^^^^^^^^^^

warning: unused import: `crate::nullifier_tree::NullifierPath`
   --> crates/pessimistic-proof-core/src/lmtr4.rs:248:13
    |
248 |         use crate::nullifier_tree::NullifierPath;
    |             ^^^^^^^^^^^^^^^^^^^^^^^^^^^^^^^^^^^^

warning: unused import: `crate::local_balance_tree::LocalBalancePath`
   --> crates/pessimistic-proof-core/src/lmtr4.rs:249:13
    |
249 |         use crate::local_balance_tree::LocalBalancePath;
    |             ^^^^^^^^^^^^^^^^^^^^^^^^^^^^^^^^^^^^^^^^^^^

warning: unused import: `crate::aggchain_proof::AggchainData`
   --> crates/pessimistic-proof-core/src/lmtr4.rs:250:13
    |
250 |         use crate::aggchain_proof::AggchainData;
    |             ^^^^^^^^^^^^^^^^^^^^^^^^^^^^^^^^^^^

warning: unused import: `keccak::Keccak256Hasher`
 --> crates/pessimistic-proof-core/src/sabv5.rs:2:35
  |
2 | use agglayer_primitives::{Digest, keccak::Keccak256Hasher};
  |                                   ^^^^^^^^^^^^^^^^^^^^^^^

warning: unused variable: `branching_factor`
  --> crates/pessimistic-proof-core/src/lmtr.rs:31:9
   |
31 |         branching_factor: usize,
   |         ^^^^^^^^^^^^^^^^ help: if this is intentional, prefix it with an underscore: `_branching_factor`
   |
   = note: `#[warn(unused_variables)]` on by default

warning: unused variable: `block`
  --> crates/pessimistic-proof-core/src/sabv2.rs:72:13
   |
72 |         for block in blocks {
   |             ^^^^^ help: if this is intentional, prefix it with an underscore: `_block`

warning: unused variable: `consensus_result`
  --> crates/pessimistic-proof-core/src/sabv2.rs:79:13
   |
79 |         let consensus_result = self.run_consensus_mechanism(blocks, validator_nodes)?;
   |             ^^^^^^^^^^^^^^^^ help: if this is intentional, prefix it with an underscore: `_consensus_result`

warning: unused variable: `global_root`
  --> crates/pessimistic-proof-core/src/sabv2.rs:63:9
   |
63 |         global_root: &agglayer_primitives::Digest,
   |         ^^^^^^^^^^^ help: if this is intentional, prefix it with an underscore: `_global_root`

warning: unused variable: `computed_hash`
   --> crates/pessimistic-proof-core/src/sabv2.rs:136:13
    |
136 |         let computed_hash = Keccak256::digest(&block_data);
    |             ^^^^^^^^^^^^^ help: if this is intentional, prefix it with an underscore: `_computed_hash`

warning: unused variable: `declared_hash`
   --> crates/pessimistic-proof-core/src/sabv2.rs:139:13
    |
139 |         let declared_hash = self.get_block_declared_hash(block)?;
    |             ^^^^^^^^^^^^^ help: if this is intentional, prefix it with an underscore: `_declared_hash`

warning: unused variable: `block`
   --> crates/pessimistic-proof-core/src/sabv2.rs:229:32
    |
229 |     fn get_block_height(&self, block: &crate::multi_batch_header::MultiBatchHeader<agglayer_primitives::keccak::Keccak256Hasher>) -> Resu...
    |                                ^^^^^ help: if this is intentional, prefix it with an underscore: `_block`

warning: unused variable: `block`
   --> crates/pessimistic-proof-core/src/sabv2.rs:241:39
    |
241 |     fn get_block_declared_hash(&self, block: &crate::multi_batch_header::MultiBatchHeader<agglayer_primitives::keccak::Keccak256Hasher>) ...
    |                                       ^^^^^ help: if this is intentional, prefix it with an underscore: `_block`

warning: unused variable: `block`
   --> crates/pessimistic-proof-core/src/sabv2.rs:247:32
    |
247 |     fn get_block_signer(&self, block: &crate::multi_batch_header::MultiBatchHeader<agglayer_primitives::keccak::Keccak256Hasher>) -> Resu...
    |                                ^^^^^ help: if this is intentional, prefix it with an underscore: `_block`

warning: unused variable: `block`
   --> crates/pessimistic-proof-core/src/sabv2.rs:257:35
    |
257 |     fn get_block_signature(&self, block: &crate::multi_batch_header::MultiBatchHeader<agglayer_primitives::keccak::Keccak256Hasher>) -> R...
    |                                   ^^^^^ help: if this is intentional, prefix it with an underscore: `_block`

warning: unused variable: `hash`
   --> crates/pessimistic-proof-core/src/sabv2.rs:274:13
    |
274 |         let hash = Keccak256::digest(&block_data);
    |             ^^^^ help: if this is intentional, prefix it with an underscore: `_hash`

warning: unused variable: `block`
   --> crates/pessimistic-proof-core/src/sabv2.rs:295:35
    |
295 |     fn estimate_block_size(&self, block: &crate::multi_batch_header::MultiBatchHeader<agglayer_primitives::keccak::Keccak256Hasher>) -> R...
    |                                   ^^^^^ help: if this is intentional, prefix it with an underscore: `_block`

warning: unused variable: `i`
   --> crates/pessimistic-proof-core/src/lmtr2.rs:144:14
    |
144 |         for (i, block) in blocks.iter().enumerate() {
    |              ^ help: if this is intentional, prefix it with an underscore: `_i`

warning: unused variable: `leaf_hash`
   --> crates/pessimistic-proof-core/src/lmtr2.rs:146:17
    |
146 |             let leaf_hash = Keccak256::digest(&block_data);
    |                 ^^^^^^^^^ help: if this is intentional, prefix it with an underscore: `_leaf_hash`

warning: unused variable: `current_efficiency`
   --> crates/pessimistic-proof-core/src/lmtr2.rs:179:13
    |
179 |         let current_efficiency = self.calculate_tree_efficiency(num_blocks, branching_factor)?;
    |             ^^^^^^^^^^^^^^^^^^ help: if this is intentional, prefix it with an underscore: `_current_efficiency`

warning: unused variable: `new_hash`
   --> crates/pessimistic-proof-core/src/lmtr2.rs:229:21
    |
229 |                 let new_hash = Keccak256::digest(&optimized_data);
    |                     ^^^^^^^^ help: if this is intentional, prefix it with an underscore: `_new_hash`

warning: unused variable: `optimal_config`
   --> crates/pessimistic-proof-core/src/lmtr2.rs:217:9
    |
217 |         optimal_config: &OptimalConfig,
    |         ^^^^^^^^^^^^^^ help: if this is intentional, prefix it with an underscore: `_optimal_config`

warning: unused variable: `parent_hash`
   --> crates/pessimistic-proof-core/src/lmtr2.rs:312:21
    |
312 |                 let parent_hash = Keccak256::digest(&parent_data);
    |                     ^^^^^^^^^^^ help: if this is intentional, prefix it with an underscore: `_parent_hash`

warning: unused variable: `tree`
   --> crates/pessimistic-proof-core/src/lmtr2.rs:399:136
    |
399 | ...ves::keccak::Keccak256Hasher>, tree: &MerkleTree) -> Result<crate::multi_batch_header::MultiBatchHeader<agglayer_primitives::keccak::K...
    |                                   ^^^^ help: if this is intentional, prefix it with an underscore: `_tree`

warning: unused variable: `j_star`
   --> crates/pessimistic-proof-core/src/sabv3.rs:306:9
    |
306 |         j_star: usize,
    |         ^^^^^^ help: if this is intentional, prefix it with an underscore: `_j_star`

warning: unused variable: `j_star`
   --> crates/pessimistic-proof-core/src/sabv4.rs:496:9
    |
496 |         j_star: usize,
    |         ^^^^^^ help: if this is intentional, prefix it with an underscore: `_j_star`

warning: unused variable: `expected_root`
   --> crates/pessimistic-proof-core/src/sabv4.rs:603:72
    |
603 | ...mputed_root: &Digest, expected_root: &agglayer_primitives::Digest, signature: &agglayer_primitives::Signature, signer: &agglayer_primi...
    |                          ^^^^^^^^^^^^^ help: if this is intentional, prefix it with an underscore: `_expected_root`

warning: unused variable: `expected_bytes`
   --> crates/pessimistic-proof-core/src/sabv4.rs:744:56
    |
744 |     fn verify_hash_chain(&self, computed_bytes: &[u8], expected_bytes: &[u8]) -> Result<bool, ProofError> {
    |                                                        ^^^^^^^^^^^^^^ help: if this is intentional, prefix it with an underscore: `_expected_bytes`

warning: unused variable: `global_root`
   --> crates/pessimistic-proof-core/src/sabv5.rs:138:9
    |
138 |         global_root: &agglayer_primitives::Digest,
    |         ^^^^^^^^^^^ help: if this is intentional, prefix it with an underscore: `_global_root`

warning: value assigned to `local_trees` is never read
   --> crates/pessimistic-proof-core/src/sabv5.rs:702:17
    |
702 |         let mut local_trees = Vec::new();
    |                 ^^^^^^^^^^^
    |
    = help: maybe it is overwritten before being read?
    = note: `#[warn(unused_assignments)]` on by default

warning: unused variable: `j_star`
   --> crates/pessimistic-proof-core/src/sabv5.rs:699:9
    |
699 |         j_star: usize,
    |         ^^^^^^ help: if this is intentional, prefix it with an underscore: `_j_star`

warning: unused variable: `expected_root`
   --> crates/pessimistic-proof-core/src/sabv5.rs:822:72
    |
822 | ...mputed_root: &Digest, expected_root: &agglayer_primitives::Digest, signature: &agglayer_primitives::Signature, signer: &agglayer_primi...
    |                          ^^^^^^^^^^^^^ help: if this is intentional, prefix it with an underscore: `_expected_root`

warning: unused variable: `expected_bytes`
   --> crates/pessimistic-proof-core/src/sabv5.rs:963:56
    |
963 |     fn verify_hash_chain(&self, computed_bytes: &[u8], expected_bytes: &[u8]) -> Result<bool, ProofError> {
    |                                                        ^^^^^^^^^^^^^^ help: if this is intentional, prefix it with an underscore: `_expected_bytes`

warning: field `config` is never read
  --> crates/pessimistic-proof-core/src/sabv.rs:13:5
   |
12 | pub struct SabvAlgorithm {
   |            ------------- field in this struct
13 |     config: SabvConfig,
   |     ^^^^^^
   |
   = note: `SabvAlgorithm` has derived impls for the traits `Clone` and `Debug`, but these are intentionally ignored during dead code analysis
   = note: `#[warn(dead_code)]` on by default

warning: field `config` is never read
  --> crates/pessimistic-proof-core/src/lmtr.rs:12:5
   |
11 | pub struct LmtrAlgorithm {
   |            ------------- field in this struct
12 |     config: LmtrConfig,
   |     ^^^^^^
   |
   = note: `LmtrAlgorithm` has derived impls for the traits `Clone` and `Debug`, but these are intentionally ignored during dead code analysis

warning: fields `config` and `consensus_messages` are never read
  --> crates/pessimistic-proof-core/src/sabv2.rs:34:5
   |
33 | pub struct Sabv2Algorithm {
   |            -------------- fields in this struct
34 |     config: Sabv2Config,
   |     ^^^^^^
35 |     validators: Vec<ValidatorNode>,
36 |     consensus_messages: HashMap<Digest, Vec<ConsensusMessage>>,
   |     ^^^^^^^^^^^^^^^^^^
   |
   = note: `Sabv2Algorithm` has derived impls for the traits `Clone` and `Debug`, but these are intentionally ignored during dead code analysis

warning: multiple methods are never used
   --> crates/pessimistic-proof-core/src/sabv2.rs:89:8
    |
 39 | impl Sabv2Algorithm {
    | ------------------- methods in this implementation
...
 89 |     fn validate_block_cryptography(
    |        ^^^^^^^^^^^^^^^^^^^^^^^^^^^
...
112 |     fn verify_merkle_tree_structure(
    |        ^^^^^^^^^^^^^^^^^^^^^^^^^^^^
...
130 |     fn verify_hash_integrity(
    |        ^^^^^^^^^^^^^^^^^^^^^
...
149 |     fn verify_signature_validity(
    |        ^^^^^^^^^^^^^^^^^^^^^^^^^
...
204 |     fn verify_consensus_threshold(
    |        ^^^^^^^^^^^^^^^^^^^^^^^^^^
...
222 |     fn calculate_optimal_height(&self, block: &crate::multi_batch_header::MultiBatchHeader<agglayer_primitives::keccak::Keccak256Hasher>)...
    |        ^^^^^^^^^^^^^^^^^^^^^^^^
...
229 |     fn get_block_height(&self, block: &crate::multi_batch_header::MultiBatchHeader<agglayer_primitives::keccak::Keccak256Hasher>) -> Resu...
    |        ^^^^^^^^^^^^^^^^
...
241 |     fn get_block_declared_hash(&self, block: &crate::multi_batch_header::MultiBatchHeader<agglayer_primitives::keccak::Keccak256Hasher>) ...
    |        ^^^^^^^^^^^^^^^^^^^^^^^
...
247 |     fn get_block_signer(&self, block: &crate::multi_batch_header::MultiBatchHeader<agglayer_primitives::keccak::Keccak256Hasher>) -> Resu...
    |        ^^^^^^^^^^^^^^^^
...
252 |     fn get_block_message(&self, block: &crate::multi_batch_header::MultiBatchHeader<agglayer_primitives::keccak::Keccak256Hasher>) -> Res...
    |        ^^^^^^^^^^^^^^^^^
...
257 |     fn get_block_signature(&self, block: &crate::multi_batch_header::MultiBatchHeader<agglayer_primitives::keccak::Keccak256Hasher>) -> R...
    |        ^^^^^^^^^^^^^^^^^^^
...
262 |     fn compute_expected_signature(&self, signer: &str, message: &[u8]) -> Result<String, ProofError> {
    |        ^^^^^^^^^^^^^^^^^^^^^^^^^^
...
295 |     fn estimate_block_size(&self, block: &crate::multi_batch_header::MultiBatchHeader<agglayer_primitives::keccak::Keccak256Hasher>) -> R...
    |        ^^^^^^^^^^^^^^^^^^^

warning: field `tree_cache` is never read
  --> crates/pessimistic-proof-core/src/lmtr2.rs:53:5
   |
51 | pub struct Lmtr2Algorithm {
   |            -------------- field in this struct
52 |     config: Lmtr2Config,
53 |     tree_cache: HashMap<Digest, MerkleTree>,
   |     ^^^^^^^^^^
   |
   = note: `Lmtr2Algorithm` has derived impls for the traits `Clone` and `Debug`, but these are intentionally ignored during dead code analysis

warning: fields `branching_factor` and `rebalancing_cost` are never read
   --> crates/pessimistic-proof-core/src/lmtr2.rs:415:5
    |
413 | struct OptimalConfig {
    |        ------------- fields in this struct
414 |     optimal_height: usize,
415 |     branching_factor: usize,
    |     ^^^^^^^^^^^^^^^^
416 |     expected_efficiency: f64,
417 |     rebalancing_cost: u64,
    |     ^^^^^^^^^^^^^^^^
    |
    = note: `OptimalConfig` has derived impls for the traits `Clone` and `Debug`, but these are intentionally ignored during dead code analysis

warning: field `validators` is never read
  --> crates/pessimistic-proof-core/src/sabv3.rs:41:5
   |
39 | pub struct Sabv3Algorithm {
   |            -------------- field in this struct
40 |     config: Sabv3Config,
41 |     validators: Vec<ValidatorNode>,
   |     ^^^^^^^^^^
   |
   = note: `Sabv3Algorithm` has derived impls for the traits `Clone` and `Debug`, but these are intentionally ignored during dead code analysis

warning: struct `BlockchainMerkleProof` is never constructed
  --> crates/pessimistic-proof-core/src/sabv4.rs:38:8
   |
38 | struct BlockchainMerkleProof {
   |        ^^^^^^^^^^^^^^^^^^^^^

warning: fields `shard_index` and `round` are never read
  --> crates/pessimistic-proof-core/src/sabv4.rs:50:9
   |
47 | struct MPCShareMessage {
   |        --------------- fields in this struct
...
50 |     pub shard_index: usize,
   |         ^^^^^^^^^^^
51 |     pub share: (f64, f64), // (x, y) = share point
52 |     pub round: u64,
   |         ^^^^^
   |
   = note: `MPCShareMessage` has derived impls for the traits `Clone` and `Debug`, but these are intentionally ignored during dead code analysis

warning: field `consensus_reached` is never read
  --> crates/pessimistic-proof-core/src/sabv4.rs:60:9
   |
57 | struct MPCNetworkState {
   |        --------------- field in this struct
...
60 |     pub consensus_reached: bool,
   |         ^^^^^^^^^^^^^^^^^
   |
   = note: `MPCNetworkState` has a derived impl for the trait `Debug`, but this is intentionally ignored during dead code analysis

warning: field `validators` is never read
  --> crates/pessimistic-proof-core/src/sabv4.rs:67:5
   |
65 | pub struct Sabv4Algorithm {
   |            -------------- field in this struct
66 |     config: Sabv4Config,
67 |     validators: Vec<ValidatorNode>,
   |     ^^^^^^^^^^
   |
   = note: `Sabv4Algorithm` has a derived impl for the trait `Debug`, but this is intentionally ignored during dead code analysis

warning: multiple methods are never used
    --> crates/pessimistic-proof-core/src/sabv4.rs:493:8
     |
  71 | impl Sabv4Algorithm {
     | ------------------- methods in this implementation
...
 493 |     fn construct_local_cc_mbmt(
     |        ^^^^^^^^^^^^^^^^^^^^^^^
...
 564 |     fn verify_integrity_with_blocks(&self, computed_root: &Digest, expected_root: &agglayer_primitives::Digest, blocks: &[crate::multi_ba...
     |        ^^^^^^^^^^^^^^^^^^^^^^^^^^^^
...
 603 |     fn verify_blockchain_signature_real(&self, computed_root: &Digest, expected_root: &agglayer_primitives::Digest, signature: &agglayer_...
     |        ^^^^^^^^^^^^^^^^^^^^^^^^^^^^^^^^
...
 618 |     fn extract_blockchain_public_key(&self, computed_bytes: &[u8]) -> Result<Vec<u8>, ProofError> {
     |        ^^^^^^^^^^^^^^^^^^^^^^^^^^^^^
...
 629 |     fn validate_blockchain_signature(&self, signature: &[u8], public_key: &[u8]) -> Result<bool, ProofError> {
     |        ^^^^^^^^^^^^^^^^^^^^^^^^^^^^^
...
 648 |     fn verify_merkle_proof(&self, computed_root: &Digest, expected_root: &agglayer_primitives::Digest) -> Result<bool, ProofError> {
     |        ^^^^^^^^^^^^^^^^^^^
...
 682 |     fn extract_blockchain_merkle_proof(&self, computed_root: &Digest, expected_root: &agglayer_primitives::Digest) -> Result<BlockchainMe...
     |        ^^^^^^^^^^^^^^^^^^^^^^^^^^^^^^^
...
 717 |     fn validate_blockchain_proof(&self, proof: &BlockchainMerkleProof) -> Result<bool, ProofError> {
     |        ^^^^^^^^^^^^^^^^^^^^^^^^^
...
 744 |     fn verify_hash_chain(&self, computed_bytes: &[u8], expected_bytes: &[u8]) -> Result<bool, ProofError> {
     |        ^^^^^^^^^^^^^^^^^
...
 772 |     fn verify_timestamp_freshness(&self) -> Result<bool, ProofError> {
     |        ^^^^^^^^^^^^^^^^^^^^^^^^^^
...
 784 |     fn verify_nonce_uniqueness(&self, computed_bytes: &[u8], expected_bytes: &[u8]) -> Result<bool, ProofError> {
     |        ^^^^^^^^^^^^^^^^^^^^^^^
...
 814 |     fn verify_zero_knowledge_proof(&self, computed_root: &Digest, expected_root: &agglayer_primitives::Digest) -> Result<bool, ProofError> {
     |        ^^^^^^^^^^^^^^^^^^^^^^^^^^^
...
 853 |     fn calculate_signature_strength(&self, signature_bytes: &[u8]) -> f64 {
     |        ^^^^^^^^^^^^^^^^^^^^^^^^^^^^
...
 950 |     fn calculate_entropy(&self, data: &[u8]) -> f64 {
     |        ^^^^^^^^^^^^^^^^^
...
 970 |     fn compute_shard_hash(&self, blocks: &[crate::multi_batch_header::MultiBatchHeader<agglayer_primitives::keccak::Keccak256Hasher>]) ->...
     |        ^^^^^^^^^^^^^^^^^^
...
1037 |     fn build_merkle_tree(&self, blocks: &[crate::multi_batch_header::MultiBatchHeader<agglayer_primitives::keccak::Keccak256Hasher>], b: ...
     |        ^^^^^^^^^^^^^^^^^
...
1104 |     fn calculate_tree_height(&self, num_blocks: usize, b: usize) -> usize {
     |        ^^^^^^^^^^^^^^^^^^^^^
...
1113 |     fn compute_root_from_blocks(
     |        ^^^^^^^^^^^^^^^^^^^^^^^^

warning: method `reconstruct_block_from_bytes` is never used
   --> crates/pessimistic-proof-core/src/lmtr4.rs:241:8
    |
 27 | impl Lmtr4Algorithm {
    | ------------------- method in this implementation
...
241 |     fn reconstruct_block_from_bytes(&self, bytes: &[u8]) -> Result<crate::multi_batch_header::MultiBatchHeader<agglayer_primitives::kecca...
    |        ^^^^^^^^^^^^^^^^^^^^^^^^^^^^

warning: struct `BlockchainMerkleProof` is never constructed
  --> crates/pessimistic-proof-core/src/sabv5.rs:48:8
   |
48 | struct BlockchainMerkleProof {
   |        ^^^^^^^^^^^^^^^^^^^^^

warning: fields `shard_index` and `round` are never read
  --> crates/pessimistic-proof-core/src/sabv5.rs:60:9
   |
57 | struct MPCShareMessage {
   |        --------------- fields in this struct
...
60 |     pub shard_index: usize,
   |         ^^^^^^^^^^^
61 |     pub share: (f64, f64), // (x, y) = share point
62 |     pub round: u64,
   |         ^^^^^
   |
   = note: `MPCShareMessage` has derived impls for the traits `Clone` and `Debug`, but these are intentionally ignored during dead code analysis

warning: field `consensus_reached` is never read
  --> crates/pessimistic-proof-core/src/sabv5.rs:70:9
   |
67 | struct MPCNetworkState {
   |        --------------- field in this struct
...
70 |     pub consensus_reached: bool,
   |         ^^^^^^^^^^^^^^^^^
   |
   = note: `MPCNetworkState` has a derived impl for the trait `Debug`, but this is intentionally ignored during dead code analysis

warning: field `validators` is never read
  --> crates/pessimistic-proof-core/src/sabv5.rs:77:5
   |
75 | pub struct Sabv5Algorithm {
   |            -------------- field in this struct
76 |     config: Sabv5Config,
77 |     validators: Vec<ValidatorNode>,
   |     ^^^^^^^^^^
   |
   = note: `Sabv5Algorithm` has a derived impl for the trait `Debug`, but this is intentionally ignored during dead code analysis

warning: multiple methods are never used
    --> crates/pessimistic-proof-core/src/sabv5.rs:696:8
     |
  81 | impl Sabv5Algorithm {
     | ------------------- methods in this implementation
...
 696 |     fn construct_local_cc_mbmt(
     |        ^^^^^^^^^^^^^^^^^^^^^^^
...
 774 |     fn verify_integrity_with_blocks(&self, computed_root: &Digest, expected_root: &agglayer_primitives::Digest, blocks: &[crate::multi_ba...
     |        ^^^^^^^^^^^^^^^^^^^^^^^^^^^^
...
 822 |     fn verify_blockchain_signature_real(&self, computed_root: &Digest, expected_root: &agglayer_primitives::Digest, signature: &agglayer_...
     |        ^^^^^^^^^^^^^^^^^^^^^^^^^^^^^^^^
...
 837 |     fn extract_blockchain_public_key(&self, computed_bytes: &[u8]) -> Result<Vec<u8>, ProofError> {
     |        ^^^^^^^^^^^^^^^^^^^^^^^^^^^^^
...
 848 |     fn validate_blockchain_signature(&self, signature: &[u8], public_key: &[u8]) -> Result<bool, ProofError> {
     |        ^^^^^^^^^^^^^^^^^^^^^^^^^^^^^
...
 867 |     fn verify_merkle_proof(&self, computed_root: &Digest, expected_root: &agglayer_primitives::Digest) -> Result<bool, ProofError> {
     |        ^^^^^^^^^^^^^^^^^^^
...
 901 |     fn extract_blockchain_merkle_proof(&self, computed_root: &Digest, expected_root: &agglayer_primitives::Digest) -> Result<BlockchainMe...
     |        ^^^^^^^^^^^^^^^^^^^^^^^^^^^^^^^
...
 936 |     fn validate_blockchain_proof(&self, proof: &BlockchainMerkleProof) -> Result<bool, ProofError> {
     |        ^^^^^^^^^^^^^^^^^^^^^^^^^
...
 963 |     fn verify_hash_chain(&self, computed_bytes: &[u8], expected_bytes: &[u8]) -> Result<bool, ProofError> {
     |        ^^^^^^^^^^^^^^^^^
...
 991 |     fn verify_timestamp_freshness(&self) -> Result<bool, ProofError> {
     |        ^^^^^^^^^^^^^^^^^^^^^^^^^^
...
1003 |     fn verify_nonce_uniqueness(&self, computed_bytes: &[u8], expected_bytes: &[u8]) -> Result<bool, ProofError> {
     |        ^^^^^^^^^^^^^^^^^^^^^^^
...
1033 |     fn verify_zero_knowledge_proof(&self, computed_root: &Digest, expected_root: &agglayer_primitives::Digest) -> Result<bool, ProofError> {
     |        ^^^^^^^^^^^^^^^^^^^^^^^^^^^
...
1072 |     fn calculate_signature_strength(&self, signature_bytes: &[u8]) -> f64 {
     |        ^^^^^^^^^^^^^^^^^^^^^^^^^^^^
...
1169 |     fn calculate_entropy(&self, data: &[u8]) -> f64 {
     |        ^^^^^^^^^^^^^^^^^
...
1261 |     fn build_merkle_tree(&self, blocks: &[crate::multi_batch_header::MultiBatchHeader<agglayer_primitives::keccak::Keccak256Hasher>], b: ...
     |        ^^^^^^^^^^^^^^^^^
...
1328 |     fn calculate_tree_height(&self, num_blocks: usize, b: usize) -> usize {
     |        ^^^^^^^^^^^^^^^^^^^^^
...
1349 |     fn compute_root_from_blocks(
     |        ^^^^^^^^^^^^^^^^^^^^^^^^

warning: `pessimistic-proof-core` (lib) generated 58 warnings (run `cargo fix --lib -p pessimistic-proof-core` to apply 12 suggestions)
warning: unused import: `rayon::ThreadPoolBuilder`
 --> crates/pessimistic-proof-test-suite/src/bin/ppgen_sabv_lmtr5.rs:6:5
  |
6 | use rayon::ThreadPoolBuilder;
  |     ^^^^^^^^^^^^^^^^^^^^^^^^
  |
  = note: `#[warn(unused_imports)]` on by default

warning: value assigned to `current_state` is never read
   --> crates/pessimistic-proof-test-suite/src/bin/ppgen_sabv_lmtr5.rs:133:9
    |
133 |         current_state = block_state.state_b.clone();
    |         ^^^^^^^^^^^^^
    |
    = help: maybe it is overwritten before being read?
    = note: `#[warn(unused_assignments)]` on by default

warning: unused variable: `vk`
   --> crates/pessimistic-proof-test-suite/src/bin/ppgen_sabv_lmtr5.rs:294:24
    |
294 |             Ok((proof, vk, new_roots)) => {
    |                        ^^ help: if this is intentional, prefix it with an underscore: `_vk`
    |
    = note: `#[warn(unused_variables)]` on by default

warning: unused variable: `new_roots`
   --> crates/pessimistic-proof-test-suite/src/bin/ppgen_sabv_lmtr5.rs:294:28
    |
294 |             Ok((proof, vk, new_roots)) => {
    |                            ^^^^^^^^^ help: if this is intentional, prefix it with an underscore: `_new_roots`

warning: variable does not need to be mutable
  --> crates/pessimistic-proof-test-suite/src/bin/ppgen_sabv_lmtr5.rs:72:9
   |
72 |     let mut state = data::sample_state_00();
   |         ----^^^^^
   |         |
   |         help: remove this `mut`
   |
   = note: `#[warn(unused_mut)]` on by default

warning: `pessimistic-proof-test-suite` (bin "ppgen_sabv_lmtr5") generated 5 warnings (run `cargo fix --bin "ppgen_sabv_lmtr5"` to apply 2 suggestions)
    Finished `release` profile [optimized] target(s) in 4.67s
     Running `target/release/ppgen_sabv_lmtr5 --n-exits 100 --validator-nodes 5 --proof-dir /home/ubuntu/thanhhuyen/proofs/v5/n100_run3`
🔍 SABV5: Starting Algorithm 1 - Verify Aggregated Blocks Integrity
   Input: N=100 blocks, branching_factor=3, validators=5
   📐 Optimal height calculation: log_3(100) + 1 = 6
🎯 V5: Calculated optimal htarget = 6 for N=100, b=3
📊 Computed expected root from 100 ORIGINAL blocks (before rebalancing): 0a4782ed6b380c5b32c67c16f9627fdc2c92f78f5c603e9fb0e883014d0faa6d (height=6)
📊 SABV5: Calculated j* = 5 with variance = 0.0000
✅ Step 1: Optimal sharding size j* = 5 (shard_size = 3^5 = 243)
📦 SABV5: Created 1 shards (0 full + 1 remainder)
✅ Step 2: Partitioned 100 blocks into 1 shards (shard_size = 243)
📡 SABV5: REAL MPC Network - 5 validators broadcast shares, 5 received sufficient shares
🔐 SABV5: REAL Shamir secret sharing - Secret: 0.962723, Reconstructed: 0.962723, Match: true
   Polynomial degree: 2, Shares: 5, Threshold: 3/5
   Validator 4 assigned with share value: -11.409507
✅ Step 3: Secret sharing applied (threshold k=3/5)
📊 Step 4: Rebalancing shards with LMTR4 (Algorithm 2)...
🔧 LMTR4: Starting Algorithm 2 rebalancing for 100 blocks
📊 LMTR4: Initial state - Ni = 100, b = 3, htarget = 6
🔄 LMTR4: Fixed branch imbalance by appending last block - Ni = 101
🔄 LMTR4: Fixed branch imbalance by appending last block - Ni = 102
✅ LMTR4: Rebalancing complete - Final Ni = 102, height = 6
   ✅ Shard 0 (validator 4) - 100 → 102 blocks, height=6
🌳 Step 5a: Building REAL Local CC-MBMT from rebalanced blocks...
   ✅ Validator 4 built REAL local CC-MBMT (shard 0) - 102 blocks → tree height=6
🔗 SABV5: Merged 1 local CC-MBMTs into global CC-MBMT using REAL tree structure
✅ Step 5b: Merged 1 local CC-MBMTs into global root r
✅ Step 6: Computed alternative root r' (from rebalanced blocks) using SAME Merkle tree method as Step 5a
   Using 102 rebalanced blocks, tree height=6
✅ Step 6b: Using r' (from original blocks) = expected_root_from_original_blocks for CHECK 2
🔐 Step 7: Verifying integrity and detecting fraud...
   r  (from merged local trees, rebalanced): 90d560fa5a01e0c0ed8473a4c06008e1ef1b58b4df8b77dd97b7cfd86cb41f1e
   r' (from all rebalanced blocks):           90d560fa5a01e0c0ed8473a4c06008e1ef1b58b4df8b77dd97b7cfd86cb41f1e
   r' (from original blocks):                 0a4782ed6b380c5b32c67c16f9627fdc2c92f78f5c603e9fb0e883014d0faa6d
   Note: r' (from original) will be compared with r (from rebalanced) in CHECK 2
   ✅ Check 1: r == r' (from rebalanced blocks)? true (internal consistency)
   📊 Block counts: original=100, rebalanced=102
   🔍 Check 2 (rebalancing changed block count):
      • Unique blocks in rebalanced: 100
      • Original blocks: 100
      • All original blocks present: true
      • No extra blocks: true
      • Content preserved: true
   ✅ Check 2: Content preserved (only structure changed) - PASSED
✅ SABV5: Verification PASSED - All checks passed
   ✅ Check 1: r == r' (from rebalanced blocks) - internal consistency verified
   ✅ Check 2: r' (from original blocks) == r (from rebalanced blocks) - rebalancing integrity verified
   ✅ Algorithm integrity: SABV5 + LMTR4 working as designed
   ✅ No fraud detected - blocks are consistent and rebalancing preserved content
2025-11-12T04:36:11.822217Z  INFO prove_core: clk = 0 pc = 0x201504
2025-11-12T04:36:12.422968Z  INFO prove_core: clk = 10000000 pc = 0x2043b8
2025-11-12T04:36:12.591378Z  INFO prove_core: clk = 0 pc = 0x201504
2025-11-12T04:36:13.021027Z  INFO prove_core: clk = 20000000 pc = 0x2010f8
2025-11-12T04:36:13.607453Z  INFO prove_core: clk = 30000000 pc = 0x231208
2025-11-12T04:36:16.645094Z  INFO prove_core: clk = 30000000 pc = 0x231208
2025-11-12T04:36:16.972272Z  INFO prove_core: clk = 20000000 pc = 0x2010f8
2025-11-12T04:36:17.391188Z  INFO prove_core: clk = 10000000 pc = 0x2043b8
2025-11-12T04:36:25.090523Z  INFO prove_core:generate main traces: close time.busy=4.64s time.idle=5.40µs index=0
2025-11-12T04:37:16.422129Z  INFO prove_core:generate main traces: close time.busy=29.9s time.idle=9.76µs index=1
Command terminated by signal 9
	Command being timed: "cargo run --release -p pessimistic-proof-test-suite --bin ppgen_sabv_lmtr5 -- --n-exits 100 --validator-nodes 5 --proof-dir /home/ubuntu/thanhhuyen/proofs/v5/n100_run3"
	User time (seconds): 11083.12
	System time (seconds): 517.60
	Percent of CPU this job got: 1404%
	Elapsed (wall clock) time (h:mm:ss or m:ss): 13:45.78
	Average shared text size (kbytes): 0
	Average unshared data size (kbytes): 0
	Average stack size (kbytes): 0
	Average total size (kbytes): 0
	Maximum resident set size (kbytes): 64731808
	Average resident set size (kbytes): 0
	Major (requiring I/O) page faults: 39644
	Minor (reclaiming a frame) page faults: 40024823
	Voluntary context switches: 105524
	Involuntary context switches: 177617
	Swaps: 0
	File system inputs: 1943360
	File system outputs: 11344
	Socket messages sent: 0
	Socket messages received: 0
	Signals delivered: 0
	Page size (bytes): 4096
	Exit status: 0

━━━━━━━━━━━━━━━━━━━━━━━━━━━━━━━━━━━━━━━━━━━━━━━━━━━━━━━━━━━━
📊 N=100, Run 3/5 Results
━━━━━━━━━━━━━━━━━━━━━━━━━━━━━━━━━━━━━━━━━━━━━━━━━━━━━━━━━━━━
   Duration: 825s (13m 45s)
   Exit code: 137

   📊 Resource Usage:
      ❌ Process bị KILL (signal 9) - có thể do OOM
      💡 Xem log chi tiết: tail -50 /home/ubuntu/thanhhuyen/logs/v5/v5_n100_run3_20251112_043558.log
      💾 Maximum RAM: 61.73 GB (64731808 KB)
      ⚡ CPU Usage: this%
   ❌ Proof file: KHÔNG CÓ (có thể bị kill hoặc chưa xong)
   ⚠️  Process có thể bị kill bởi OOM

   📁 Log: /home/ubuntu/thanhhuyen/logs/v5/v5_n100_run3_20251112_043558.log
   📁 Proof: /home/ubuntu/thanhhuyen/proofs/v5/n100_run3

━━━━━━━━━━━━━━━━━━━━━━━━━━━━━━━━━━━━━━━━━━━━━━━━━━━━━━━━━━━━
📊 Lần lặp 3/5 - Running N=500 at 2025-11-12 04:49:45
━━━━━━━━━━━━━━━━━━━━━━━━━━━━━━━━━━━━━━━━━━━━━━━━━━━━━━━━━━━━

   ⚙️  Config: SHARD_BATCH_SIZE=4, TRACE_GEN_WORKERS=8 (N=500) - GIẢM MEMORY TỐI ĐA
   ⚙️  RAYON_NUM_THREADS=16
   ⚙️  Expected CPU usage: ~1200-1600% (vẫn cao nhưng giảm memory)
   ⚙️  ⚠️  GIẢM MEMORY để tránh OOM kill

   📁 Log: /home/ubuntu/thanhhuyen/logs/v5/v5_n500_run3_20251112_044945.log
   📁 Proof dir: /home/ubuntu/thanhhuyen/proofs/v5/n500_run3

warning: unused import: `keccak::Keccak256Hasher`
 --> crates/pessimistic-proof-core/src/sabv2.rs:2:35
  |
2 | use agglayer_primitives::{Digest, keccak::Keccak256Hasher};
  |                                   ^^^^^^^^^^^^^^^^^^^^^^^
  |
  = note: `#[warn(unused_imports)]` on by default

warning: unused import: `keccak::Keccak256Hasher`
 --> crates/pessimistic-proof-core/src/lmtr2.rs:2:35
  |
2 | use agglayer_primitives::{Digest, keccak::Keccak256Hasher};
  |                                   ^^^^^^^^^^^^^^^^^^^^^^^

warning: unused import: `keccak::Keccak256Hasher`
 --> crates/pessimistic-proof-core/src/sabv3.rs:2:35
  |
2 | use agglayer_primitives::{Digest, keccak::Keccak256Hasher};
  |                                   ^^^^^^^^^^^^^^^^^^^^^^^

warning: unused import: `keccak::Keccak256Hasher`
 --> crates/pessimistic-proof-core/src/lmtr3.rs:2:35
  |
2 | use agglayer_primitives::{Digest, keccak::Keccak256Hasher};
  |                                   ^^^^^^^^^^^^^^^^^^^^^^^

warning: unused import: `keccak::Keccak256Hasher`
 --> crates/pessimistic-proof-core/src/sabv4.rs:2:35
  |
2 | use agglayer_primitives::{Digest, keccak::Keccak256Hasher};
  |                                   ^^^^^^^^^^^^^^^^^^^^^^^

warning: unused import: `keccak::Keccak256Hasher`
 --> crates/pessimistic-proof-core/src/lmtr4.rs:2:35
  |
2 | use agglayer_primitives::{Digest, keccak::Keccak256Hasher};
  |                                   ^^^^^^^^^^^^^^^^^^^^^^^

warning: unused imports: `BridgeExit`, `ImportedBridgeExit`, `NetworkId`, and `TokenInfo`
   --> crates/pessimistic-proof-core/src/lmtr4.rs:245:30
    |
245 |         use unified_bridge::{BridgeExit, ImportedBridgeExit, NetworkId, TokenInfo};
    |                              ^^^^^^^^^^  ^^^^^^^^^^^^^^^^^^  ^^^^^^^^^  ^^^^^^^^^

warning: unused import: `agglayer_primitives::U256`
   --> crates/pessimistic-proof-core/src/lmtr4.rs:247:13
    |
247 |         use agglayer_primitives::U256;
    |             ^^^^^^^^^^^^^^^^^^^^^^^^^

warning: unused import: `crate::nullifier_tree::NullifierPath`
   --> crates/pessimistic-proof-core/src/lmtr4.rs:248:13
    |
248 |         use crate::nullifier_tree::NullifierPath;
    |             ^^^^^^^^^^^^^^^^^^^^^^^^^^^^^^^^^^^^

warning: unused import: `crate::local_balance_tree::LocalBalancePath`
   --> crates/pessimistic-proof-core/src/lmtr4.rs:249:13
    |
249 |         use crate::local_balance_tree::LocalBalancePath;
    |             ^^^^^^^^^^^^^^^^^^^^^^^^^^^^^^^^^^^^^^^^^^^

warning: unused import: `crate::aggchain_proof::AggchainData`
   --> crates/pessimistic-proof-core/src/lmtr4.rs:250:13
    |
250 |         use crate::aggchain_proof::AggchainData;
    |             ^^^^^^^^^^^^^^^^^^^^^^^^^^^^^^^^^^^

warning: unused import: `keccak::Keccak256Hasher`
 --> crates/pessimistic-proof-core/src/sabv5.rs:2:35
  |
2 | use agglayer_primitives::{Digest, keccak::Keccak256Hasher};
  |                                   ^^^^^^^^^^^^^^^^^^^^^^^

warning: unused variable: `branching_factor`
  --> crates/pessimistic-proof-core/src/lmtr.rs:31:9
   |
31 |         branching_factor: usize,
   |         ^^^^^^^^^^^^^^^^ help: if this is intentional, prefix it with an underscore: `_branching_factor`
   |
   = note: `#[warn(unused_variables)]` on by default

warning: unused variable: `block`
  --> crates/pessimistic-proof-core/src/sabv2.rs:72:13
   |
72 |         for block in blocks {
   |             ^^^^^ help: if this is intentional, prefix it with an underscore: `_block`

warning: unused variable: `consensus_result`
  --> crates/pessimistic-proof-core/src/sabv2.rs:79:13
   |
79 |         let consensus_result = self.run_consensus_mechanism(blocks, validator_nodes)?;
   |             ^^^^^^^^^^^^^^^^ help: if this is intentional, prefix it with an underscore: `_consensus_result`

warning: unused variable: `global_root`
  --> crates/pessimistic-proof-core/src/sabv2.rs:63:9
   |
63 |         global_root: &agglayer_primitives::Digest,
   |         ^^^^^^^^^^^ help: if this is intentional, prefix it with an underscore: `_global_root`

warning: unused variable: `computed_hash`
   --> crates/pessimistic-proof-core/src/sabv2.rs:136:13
    |
136 |         let computed_hash = Keccak256::digest(&block_data);
    |             ^^^^^^^^^^^^^ help: if this is intentional, prefix it with an underscore: `_computed_hash`

warning: unused variable: `declared_hash`
   --> crates/pessimistic-proof-core/src/sabv2.rs:139:13
    |
139 |         let declared_hash = self.get_block_declared_hash(block)?;
    |             ^^^^^^^^^^^^^ help: if this is intentional, prefix it with an underscore: `_declared_hash`

warning: unused variable: `block`
   --> crates/pessimistic-proof-core/src/sabv2.rs:229:32
    |
229 |     fn get_block_height(&self, block: &crate::multi_batch_header::MultiBatchHeader<agglayer_primitives::keccak::Keccak256Hasher>) -> Resu...
    |                                ^^^^^ help: if this is intentional, prefix it with an underscore: `_block`

warning: unused variable: `block`
   --> crates/pessimistic-proof-core/src/sabv2.rs:241:39
    |
241 |     fn get_block_declared_hash(&self, block: &crate::multi_batch_header::MultiBatchHeader<agglayer_primitives::keccak::Keccak256Hasher>) ...
    |                                       ^^^^^ help: if this is intentional, prefix it with an underscore: `_block`

warning: unused variable: `block`
   --> crates/pessimistic-proof-core/src/sabv2.rs:247:32
    |
247 |     fn get_block_signer(&self, block: &crate::multi_batch_header::MultiBatchHeader<agglayer_primitives::keccak::Keccak256Hasher>) -> Resu...
    |                                ^^^^^ help: if this is intentional, prefix it with an underscore: `_block`

warning: unused variable: `block`
   --> crates/pessimistic-proof-core/src/sabv2.rs:257:35
    |
257 |     fn get_block_signature(&self, block: &crate::multi_batch_header::MultiBatchHeader<agglayer_primitives::keccak::Keccak256Hasher>) -> R...
    |                                   ^^^^^ help: if this is intentional, prefix it with an underscore: `_block`

warning: unused variable: `hash`
   --> crates/pessimistic-proof-core/src/sabv2.rs:274:13
    |
274 |         let hash = Keccak256::digest(&block_data);
    |             ^^^^ help: if this is intentional, prefix it with an underscore: `_hash`

warning: unused variable: `block`
   --> crates/pessimistic-proof-core/src/sabv2.rs:295:35
    |
295 |     fn estimate_block_size(&self, block: &crate::multi_batch_header::MultiBatchHeader<agglayer_primitives::keccak::Keccak256Hasher>) -> R...
    |                                   ^^^^^ help: if this is intentional, prefix it with an underscore: `_block`

warning: unused variable: `i`
   --> crates/pessimistic-proof-core/src/lmtr2.rs:144:14
    |
144 |         for (i, block) in blocks.iter().enumerate() {
    |              ^ help: if this is intentional, prefix it with an underscore: `_i`

warning: unused variable: `leaf_hash`
   --> crates/pessimistic-proof-core/src/lmtr2.rs:146:17
    |
146 |             let leaf_hash = Keccak256::digest(&block_data);
    |                 ^^^^^^^^^ help: if this is intentional, prefix it with an underscore: `_leaf_hash`

warning: unused variable: `current_efficiency`
   --> crates/pessimistic-proof-core/src/lmtr2.rs:179:13
    |
179 |         let current_efficiency = self.calculate_tree_efficiency(num_blocks, branching_factor)?;
    |             ^^^^^^^^^^^^^^^^^^ help: if this is intentional, prefix it with an underscore: `_current_efficiency`

warning: unused variable: `new_hash`
   --> crates/pessimistic-proof-core/src/lmtr2.rs:229:21
    |
229 |                 let new_hash = Keccak256::digest(&optimized_data);
    |                     ^^^^^^^^ help: if this is intentional, prefix it with an underscore: `_new_hash`

warning: unused variable: `optimal_config`
   --> crates/pessimistic-proof-core/src/lmtr2.rs:217:9
    |
217 |         optimal_config: &OptimalConfig,
    |         ^^^^^^^^^^^^^^ help: if this is intentional, prefix it with an underscore: `_optimal_config`

warning: unused variable: `parent_hash`
   --> crates/pessimistic-proof-core/src/lmtr2.rs:312:21
    |
312 |                 let parent_hash = Keccak256::digest(&parent_data);
    |                     ^^^^^^^^^^^ help: if this is intentional, prefix it with an underscore: `_parent_hash`

warning: unused variable: `tree`
   --> crates/pessimistic-proof-core/src/lmtr2.rs:399:136
    |
399 | ...ves::keccak::Keccak256Hasher>, tree: &MerkleTree) -> Result<crate::multi_batch_header::MultiBatchHeader<agglayer_primitives::keccak::K...
    |                                   ^^^^ help: if this is intentional, prefix it with an underscore: `_tree`

warning: unused variable: `j_star`
   --> crates/pessimistic-proof-core/src/sabv3.rs:306:9
    |
306 |         j_star: usize,
    |         ^^^^^^ help: if this is intentional, prefix it with an underscore: `_j_star`

warning: unused variable: `j_star`
   --> crates/pessimistic-proof-core/src/sabv4.rs:496:9
    |
496 |         j_star: usize,
    |         ^^^^^^ help: if this is intentional, prefix it with an underscore: `_j_star`

warning: unused variable: `expected_root`
   --> crates/pessimistic-proof-core/src/sabv4.rs:603:72
    |
603 | ...mputed_root: &Digest, expected_root: &agglayer_primitives::Digest, signature: &agglayer_primitives::Signature, signer: &agglayer_primi...
    |                          ^^^^^^^^^^^^^ help: if this is intentional, prefix it with an underscore: `_expected_root`

warning: unused variable: `expected_bytes`
   --> crates/pessimistic-proof-core/src/sabv4.rs:744:56
    |
744 |     fn verify_hash_chain(&self, computed_bytes: &[u8], expected_bytes: &[u8]) -> Result<bool, ProofError> {
    |                                                        ^^^^^^^^^^^^^^ help: if this is intentional, prefix it with an underscore: `_expected_bytes`

warning: unused variable: `global_root`
   --> crates/pessimistic-proof-core/src/sabv5.rs:138:9
    |
138 |         global_root: &agglayer_primitives::Digest,
    |         ^^^^^^^^^^^ help: if this is intentional, prefix it with an underscore: `_global_root`

warning: value assigned to `local_trees` is never read
   --> crates/pessimistic-proof-core/src/sabv5.rs:702:17
    |
702 |         let mut local_trees = Vec::new();
    |                 ^^^^^^^^^^^
    |
    = help: maybe it is overwritten before being read?
    = note: `#[warn(unused_assignments)]` on by default

warning: unused variable: `j_star`
   --> crates/pessimistic-proof-core/src/sabv5.rs:699:9
    |
699 |         j_star: usize,
    |         ^^^^^^ help: if this is intentional, prefix it with an underscore: `_j_star`

warning: unused variable: `expected_root`
   --> crates/pessimistic-proof-core/src/sabv5.rs:822:72
    |
822 | ...mputed_root: &Digest, expected_root: &agglayer_primitives::Digest, signature: &agglayer_primitives::Signature, signer: &agglayer_primi...
    |                          ^^^^^^^^^^^^^ help: if this is intentional, prefix it with an underscore: `_expected_root`

warning: unused variable: `expected_bytes`
   --> crates/pessimistic-proof-core/src/sabv5.rs:963:56
    |
963 |     fn verify_hash_chain(&self, computed_bytes: &[u8], expected_bytes: &[u8]) -> Result<bool, ProofError> {
    |                                                        ^^^^^^^^^^^^^^ help: if this is intentional, prefix it with an underscore: `_expected_bytes`

warning: field `config` is never read
  --> crates/pessimistic-proof-core/src/sabv.rs:13:5
   |
12 | pub struct SabvAlgorithm {
   |            ------------- field in this struct
13 |     config: SabvConfig,
   |     ^^^^^^
   |
   = note: `SabvAlgorithm` has derived impls for the traits `Clone` and `Debug`, but these are intentionally ignored during dead code analysis
   = note: `#[warn(dead_code)]` on by default

warning: field `config` is never read
  --> crates/pessimistic-proof-core/src/lmtr.rs:12:5
   |
11 | pub struct LmtrAlgorithm {
   |            ------------- field in this struct
12 |     config: LmtrConfig,
   |     ^^^^^^
   |
   = note: `LmtrAlgorithm` has derived impls for the traits `Clone` and `Debug`, but these are intentionally ignored during dead code analysis

warning: fields `config` and `consensus_messages` are never read
  --> crates/pessimistic-proof-core/src/sabv2.rs:34:5
   |
33 | pub struct Sabv2Algorithm {
   |            -------------- fields in this struct
34 |     config: Sabv2Config,
   |     ^^^^^^
35 |     validators: Vec<ValidatorNode>,
36 |     consensus_messages: HashMap<Digest, Vec<ConsensusMessage>>,
   |     ^^^^^^^^^^^^^^^^^^
   |
   = note: `Sabv2Algorithm` has derived impls for the traits `Clone` and `Debug`, but these are intentionally ignored during dead code analysis

warning: multiple methods are never used
   --> crates/pessimistic-proof-core/src/sabv2.rs:89:8
    |
 39 | impl Sabv2Algorithm {
    | ------------------- methods in this implementation
...
 89 |     fn validate_block_cryptography(
    |        ^^^^^^^^^^^^^^^^^^^^^^^^^^^
...
112 |     fn verify_merkle_tree_structure(
    |        ^^^^^^^^^^^^^^^^^^^^^^^^^^^^
...
130 |     fn verify_hash_integrity(
    |        ^^^^^^^^^^^^^^^^^^^^^
...
149 |     fn verify_signature_validity(
    |        ^^^^^^^^^^^^^^^^^^^^^^^^^
...
204 |     fn verify_consensus_threshold(
    |        ^^^^^^^^^^^^^^^^^^^^^^^^^^
...
222 |     fn calculate_optimal_height(&self, block: &crate::multi_batch_header::MultiBatchHeader<agglayer_primitives::keccak::Keccak256Hasher>)...
    |        ^^^^^^^^^^^^^^^^^^^^^^^^
...
229 |     fn get_block_height(&self, block: &crate::multi_batch_header::MultiBatchHeader<agglayer_primitives::keccak::Keccak256Hasher>) -> Resu...
    |        ^^^^^^^^^^^^^^^^
...
241 |     fn get_block_declared_hash(&self, block: &crate::multi_batch_header::MultiBatchHeader<agglayer_primitives::keccak::Keccak256Hasher>) ...
    |        ^^^^^^^^^^^^^^^^^^^^^^^
...
247 |     fn get_block_signer(&self, block: &crate::multi_batch_header::MultiBatchHeader<agglayer_primitives::keccak::Keccak256Hasher>) -> Resu...
    |        ^^^^^^^^^^^^^^^^
...
252 |     fn get_block_message(&self, block: &crate::multi_batch_header::MultiBatchHeader<agglayer_primitives::keccak::Keccak256Hasher>) -> Res...
    |        ^^^^^^^^^^^^^^^^^
...
257 |     fn get_block_signature(&self, block: &crate::multi_batch_header::MultiBatchHeader<agglayer_primitives::keccak::Keccak256Hasher>) -> R...
    |        ^^^^^^^^^^^^^^^^^^^
...
262 |     fn compute_expected_signature(&self, signer: &str, message: &[u8]) -> Result<String, ProofError> {
    |        ^^^^^^^^^^^^^^^^^^^^^^^^^^
...
295 |     fn estimate_block_size(&self, block: &crate::multi_batch_header::MultiBatchHeader<agglayer_primitives::keccak::Keccak256Hasher>) -> R...
    |        ^^^^^^^^^^^^^^^^^^^

warning: field `tree_cache` is never read
  --> crates/pessimistic-proof-core/src/lmtr2.rs:53:5
   |
51 | pub struct Lmtr2Algorithm {
   |            -------------- field in this struct
52 |     config: Lmtr2Config,
53 |     tree_cache: HashMap<Digest, MerkleTree>,
   |     ^^^^^^^^^^
   |
   = note: `Lmtr2Algorithm` has derived impls for the traits `Clone` and `Debug`, but these are intentionally ignored during dead code analysis

warning: fields `branching_factor` and `rebalancing_cost` are never read
   --> crates/pessimistic-proof-core/src/lmtr2.rs:415:5
    |
413 | struct OptimalConfig {
    |        ------------- fields in this struct
414 |     optimal_height: usize,
415 |     branching_factor: usize,
    |     ^^^^^^^^^^^^^^^^
416 |     expected_efficiency: f64,
417 |     rebalancing_cost: u64,
    |     ^^^^^^^^^^^^^^^^
    |
    = note: `OptimalConfig` has derived impls for the traits `Clone` and `Debug`, but these are intentionally ignored during dead code analysis

warning: field `validators` is never read
  --> crates/pessimistic-proof-core/src/sabv3.rs:41:5
   |
39 | pub struct Sabv3Algorithm {
   |            -------------- field in this struct
40 |     config: Sabv3Config,
41 |     validators: Vec<ValidatorNode>,
   |     ^^^^^^^^^^
   |
   = note: `Sabv3Algorithm` has derived impls for the traits `Clone` and `Debug`, but these are intentionally ignored during dead code analysis

warning: struct `BlockchainMerkleProof` is never constructed
  --> crates/pessimistic-proof-core/src/sabv4.rs:38:8
   |
38 | struct BlockchainMerkleProof {
   |        ^^^^^^^^^^^^^^^^^^^^^

warning: fields `shard_index` and `round` are never read
  --> crates/pessimistic-proof-core/src/sabv4.rs:50:9
   |
47 | struct MPCShareMessage {
   |        --------------- fields in this struct
...
50 |     pub shard_index: usize,
   |         ^^^^^^^^^^^
51 |     pub share: (f64, f64), // (x, y) = share point
52 |     pub round: u64,
   |         ^^^^^
   |
   = note: `MPCShareMessage` has derived impls for the traits `Clone` and `Debug`, but these are intentionally ignored during dead code analysis

warning: field `consensus_reached` is never read
  --> crates/pessimistic-proof-core/src/sabv4.rs:60:9
   |
57 | struct MPCNetworkState {
   |        --------------- field in this struct
...
60 |     pub consensus_reached: bool,
   |         ^^^^^^^^^^^^^^^^^
   |
   = note: `MPCNetworkState` has a derived impl for the trait `Debug`, but this is intentionally ignored during dead code analysis

warning: field `validators` is never read
  --> crates/pessimistic-proof-core/src/sabv4.rs:67:5
   |
65 | pub struct Sabv4Algorithm {
   |            -------------- field in this struct
66 |     config: Sabv4Config,
67 |     validators: Vec<ValidatorNode>,
   |     ^^^^^^^^^^
   |
   = note: `Sabv4Algorithm` has a derived impl for the trait `Debug`, but this is intentionally ignored during dead code analysis

warning: multiple methods are never used
    --> crates/pessimistic-proof-core/src/sabv4.rs:493:8
     |
  71 | impl Sabv4Algorithm {
     | ------------------- methods in this implementation
...
 493 |     fn construct_local_cc_mbmt(
     |        ^^^^^^^^^^^^^^^^^^^^^^^
...
 564 |     fn verify_integrity_with_blocks(&self, computed_root: &Digest, expected_root: &agglayer_primitives::Digest, blocks: &[crate::multi_ba...
     |        ^^^^^^^^^^^^^^^^^^^^^^^^^^^^
...
 603 |     fn verify_blockchain_signature_real(&self, computed_root: &Digest, expected_root: &agglayer_primitives::Digest, signature: &agglayer_...
     |        ^^^^^^^^^^^^^^^^^^^^^^^^^^^^^^^^
...
 618 |     fn extract_blockchain_public_key(&self, computed_bytes: &[u8]) -> Result<Vec<u8>, ProofError> {
     |        ^^^^^^^^^^^^^^^^^^^^^^^^^^^^^
...
 629 |     fn validate_blockchain_signature(&self, signature: &[u8], public_key: &[u8]) -> Result<bool, ProofError> {
     |        ^^^^^^^^^^^^^^^^^^^^^^^^^^^^^
...
 648 |     fn verify_merkle_proof(&self, computed_root: &Digest, expected_root: &agglayer_primitives::Digest) -> Result<bool, ProofError> {
     |        ^^^^^^^^^^^^^^^^^^^
...
 682 |     fn extract_blockchain_merkle_proof(&self, computed_root: &Digest, expected_root: &agglayer_primitives::Digest) -> Result<BlockchainMe...
     |        ^^^^^^^^^^^^^^^^^^^^^^^^^^^^^^^
...
 717 |     fn validate_blockchain_proof(&self, proof: &BlockchainMerkleProof) -> Result<bool, ProofError> {
     |        ^^^^^^^^^^^^^^^^^^^^^^^^^
...
 744 |     fn verify_hash_chain(&self, computed_bytes: &[u8], expected_bytes: &[u8]) -> Result<bool, ProofError> {
     |        ^^^^^^^^^^^^^^^^^
...
 772 |     fn verify_timestamp_freshness(&self) -> Result<bool, ProofError> {
     |        ^^^^^^^^^^^^^^^^^^^^^^^^^^
...
 784 |     fn verify_nonce_uniqueness(&self, computed_bytes: &[u8], expected_bytes: &[u8]) -> Result<bool, ProofError> {
     |        ^^^^^^^^^^^^^^^^^^^^^^^
...
 814 |     fn verify_zero_knowledge_proof(&self, computed_root: &Digest, expected_root: &agglayer_primitives::Digest) -> Result<bool, ProofError> {
     |        ^^^^^^^^^^^^^^^^^^^^^^^^^^^
...
 853 |     fn calculate_signature_strength(&self, signature_bytes: &[u8]) -> f64 {
     |        ^^^^^^^^^^^^^^^^^^^^^^^^^^^^
...
 950 |     fn calculate_entropy(&self, data: &[u8]) -> f64 {
     |        ^^^^^^^^^^^^^^^^^
...
 970 |     fn compute_shard_hash(&self, blocks: &[crate::multi_batch_header::MultiBatchHeader<agglayer_primitives::keccak::Keccak256Hasher>]) ->...
     |        ^^^^^^^^^^^^^^^^^^
...
1037 |     fn build_merkle_tree(&self, blocks: &[crate::multi_batch_header::MultiBatchHeader<agglayer_primitives::keccak::Keccak256Hasher>], b: ...
     |        ^^^^^^^^^^^^^^^^^
...
1104 |     fn calculate_tree_height(&self, num_blocks: usize, b: usize) -> usize {
     |        ^^^^^^^^^^^^^^^^^^^^^
...
1113 |     fn compute_root_from_blocks(
     |        ^^^^^^^^^^^^^^^^^^^^^^^^

warning: method `reconstruct_block_from_bytes` is never used
   --> crates/pessimistic-proof-core/src/lmtr4.rs:241:8
    |
 27 | impl Lmtr4Algorithm {
    | ------------------- method in this implementation
...
241 |     fn reconstruct_block_from_bytes(&self, bytes: &[u8]) -> Result<crate::multi_batch_header::MultiBatchHeader<agglayer_primitives::kecca...
    |        ^^^^^^^^^^^^^^^^^^^^^^^^^^^^

warning: struct `BlockchainMerkleProof` is never constructed
  --> crates/pessimistic-proof-core/src/sabv5.rs:48:8
   |
48 | struct BlockchainMerkleProof {
   |        ^^^^^^^^^^^^^^^^^^^^^

warning: fields `shard_index` and `round` are never read
  --> crates/pessimistic-proof-core/src/sabv5.rs:60:9
   |
57 | struct MPCShareMessage {
   |        --------------- fields in this struct
...
60 |     pub shard_index: usize,
   |         ^^^^^^^^^^^
61 |     pub share: (f64, f64), // (x, y) = share point
62 |     pub round: u64,
   |         ^^^^^
   |
   = note: `MPCShareMessage` has derived impls for the traits `Clone` and `Debug`, but these are intentionally ignored during dead code analysis

warning: field `consensus_reached` is never read
  --> crates/pessimistic-proof-core/src/sabv5.rs:70:9
   |
67 | struct MPCNetworkState {
   |        --------------- field in this struct
...
70 |     pub consensus_reached: bool,
   |         ^^^^^^^^^^^^^^^^^
   |
   = note: `MPCNetworkState` has a derived impl for the trait `Debug`, but this is intentionally ignored during dead code analysis

warning: field `validators` is never read
  --> crates/pessimistic-proof-core/src/sabv5.rs:77:5
   |
75 | pub struct Sabv5Algorithm {
   |            -------------- field in this struct
76 |     config: Sabv5Config,
77 |     validators: Vec<ValidatorNode>,
   |     ^^^^^^^^^^
   |
   = note: `Sabv5Algorithm` has a derived impl for the trait `Debug`, but this is intentionally ignored during dead code analysis

warning: multiple methods are never used
    --> crates/pessimistic-proof-core/src/sabv5.rs:696:8
     |
  81 | impl Sabv5Algorithm {
     | ------------------- methods in this implementation
...
 696 |     fn construct_local_cc_mbmt(
     |        ^^^^^^^^^^^^^^^^^^^^^^^
...
 774 |     fn verify_integrity_with_blocks(&self, computed_root: &Digest, expected_root: &agglayer_primitives::Digest, blocks: &[crate::multi_ba...
     |        ^^^^^^^^^^^^^^^^^^^^^^^^^^^^
...
 822 |     fn verify_blockchain_signature_real(&self, computed_root: &Digest, expected_root: &agglayer_primitives::Digest, signature: &agglayer_...
     |        ^^^^^^^^^^^^^^^^^^^^^^^^^^^^^^^^
...
 837 |     fn extract_blockchain_public_key(&self, computed_bytes: &[u8]) -> Result<Vec<u8>, ProofError> {
     |        ^^^^^^^^^^^^^^^^^^^^^^^^^^^^^
...
 848 |     fn validate_blockchain_signature(&self, signature: &[u8], public_key: &[u8]) -> Result<bool, ProofError> {
     |        ^^^^^^^^^^^^^^^^^^^^^^^^^^^^^
...
 867 |     fn verify_merkle_proof(&self, computed_root: &Digest, expected_root: &agglayer_primitives::Digest) -> Result<bool, ProofError> {
     |        ^^^^^^^^^^^^^^^^^^^
...
 901 |     fn extract_blockchain_merkle_proof(&self, computed_root: &Digest, expected_root: &agglayer_primitives::Digest) -> Result<BlockchainMe...
     |        ^^^^^^^^^^^^^^^^^^^^^^^^^^^^^^^
...
 936 |     fn validate_blockchain_proof(&self, proof: &BlockchainMerkleProof) -> Result<bool, ProofError> {
     |        ^^^^^^^^^^^^^^^^^^^^^^^^^
...
 963 |     fn verify_hash_chain(&self, computed_bytes: &[u8], expected_bytes: &[u8]) -> Result<bool, ProofError> {
     |        ^^^^^^^^^^^^^^^^^
...
 991 |     fn verify_timestamp_freshness(&self) -> Result<bool, ProofError> {
     |        ^^^^^^^^^^^^^^^^^^^^^^^^^^
...
1003 |     fn verify_nonce_uniqueness(&self, computed_bytes: &[u8], expected_bytes: &[u8]) -> Result<bool, ProofError> {
     |        ^^^^^^^^^^^^^^^^^^^^^^^
...
1033 |     fn verify_zero_knowledge_proof(&self, computed_root: &Digest, expected_root: &agglayer_primitives::Digest) -> Result<bool, ProofError> {
     |        ^^^^^^^^^^^^^^^^^^^^^^^^^^^
...
1072 |     fn calculate_signature_strength(&self, signature_bytes: &[u8]) -> f64 {
     |        ^^^^^^^^^^^^^^^^^^^^^^^^^^^^
...
1169 |     fn calculate_entropy(&self, data: &[u8]) -> f64 {
     |        ^^^^^^^^^^^^^^^^^
...
1261 |     fn build_merkle_tree(&self, blocks: &[crate::multi_batch_header::MultiBatchHeader<agglayer_primitives::keccak::Keccak256Hasher>], b: ...
     |        ^^^^^^^^^^^^^^^^^
...
1328 |     fn calculate_tree_height(&self, num_blocks: usize, b: usize) -> usize {
     |        ^^^^^^^^^^^^^^^^^^^^^
...
1349 |     fn compute_root_from_blocks(
     |        ^^^^^^^^^^^^^^^^^^^^^^^^

warning: `pessimistic-proof-core` (lib) generated 58 warnings (run `cargo fix --lib -p pessimistic-proof-core` to apply 12 suggestions)
warning: unused import: `rayon::ThreadPoolBuilder`
 --> crates/pessimistic-proof-test-suite/src/bin/ppgen_sabv_lmtr5.rs:6:5
  |
6 | use rayon::ThreadPoolBuilder;
  |     ^^^^^^^^^^^^^^^^^^^^^^^^
  |
  = note: `#[warn(unused_imports)]` on by default

warning: value assigned to `current_state` is never read
   --> crates/pessimistic-proof-test-suite/src/bin/ppgen_sabv_lmtr5.rs:133:9
    |
133 |         current_state = block_state.state_b.clone();
    |         ^^^^^^^^^^^^^
    |
    = help: maybe it is overwritten before being read?
    = note: `#[warn(unused_assignments)]` on by default

warning: unused variable: `vk`
   --> crates/pessimistic-proof-test-suite/src/bin/ppgen_sabv_lmtr5.rs:294:24
    |
294 |             Ok((proof, vk, new_roots)) => {
    |                        ^^ help: if this is intentional, prefix it with an underscore: `_vk`
    |
    = note: `#[warn(unused_variables)]` on by default

warning: unused variable: `new_roots`
   --> crates/pessimistic-proof-test-suite/src/bin/ppgen_sabv_lmtr5.rs:294:28
    |
294 |             Ok((proof, vk, new_roots)) => {
    |                            ^^^^^^^^^ help: if this is intentional, prefix it with an underscore: `_new_roots`

warning: variable does not need to be mutable
  --> crates/pessimistic-proof-test-suite/src/bin/ppgen_sabv_lmtr5.rs:72:9
   |
72 |     let mut state = data::sample_state_00();
   |         ----^^^^^
   |         |
   |         help: remove this `mut`
   |
   = note: `#[warn(unused_mut)]` on by default

warning: `pessimistic-proof-test-suite` (bin "ppgen_sabv_lmtr5") generated 5 warnings (run `cargo fix --bin "ppgen_sabv_lmtr5"` to apply 2 suggestions)
    Finished `release` profile [optimized] target(s) in 3.29s
     Running `target/release/ppgen_sabv_lmtr5 --n-exits 500 --validator-nodes 5 --proof-dir /home/ubuntu/thanhhuyen/proofs/v5/n500_run3`
🔍 SABV5: Starting Algorithm 1 - Verify Aggregated Blocks Integrity
   Input: N=500 blocks, branching_factor=3, validators=5
   📐 Optimal height calculation: log_3(500) + 1 = 7
🎯 V5: Calculated optimal htarget = 7 for N=500, b=3
📊 Computed expected root from 500 ORIGINAL blocks (before rebalancing): 55cb4c2bb7e0f18d0019c7d553dd90007932e26e0f7c1fd4c52e5c920dfe9d31 (height=7)
📊 SABV5: Calculated j* = 6 with variance = 0.0000
✅ Step 1: Optimal sharding size j* = 6 (shard_size = 3^6 = 729)
📦 SABV5: Created 1 shards (0 full + 1 remainder)
✅ Step 2: Partitioned 500 blocks into 1 shards (shard_size = 729)
📡 SABV5: REAL MPC Network - 5 validators broadcast shares, 5 received sufficient shares
🔐 SABV5: REAL Shamir secret sharing - Secret: 0.883579, Reconstructed: 0.883579, Match: true
   Polynomial degree: 2, Shares: 5, Threshold: 3/5
   Validator 4 assigned with share value: 24.647242
✅ Step 3: Secret sharing applied (threshold k=3/5)
📊 Step 4: Rebalancing shards with LMTR4 (Algorithm 2)...
🔧 LMTR4: Starting Algorithm 2 rebalancing for 500 blocks
📊 LMTR4: Initial state - Ni = 500, b = 3, htarget = 7
🔄 LMTR4: Fixed branch imbalance by appending last block - Ni = 501
✅ LMTR4: Rebalancing complete - Final Ni = 501, height = 7
   ✅ Shard 0 (validator 4) - 500 → 501 blocks, height=7
🌳 Step 5a: Building REAL Local CC-MBMT from rebalanced blocks...
   ✅ Validator 4 built REAL local CC-MBMT (shard 0) - 501 blocks → tree height=7
🔗 SABV5: Merged 1 local CC-MBMTs into global CC-MBMT using REAL tree structure
✅ Step 5b: Merged 1 local CC-MBMTs into global root r
✅ Step 6: Computed alternative root r' (from rebalanced blocks) using SAME Merkle tree method as Step 5a
   Using 501 rebalanced blocks, tree height=7
✅ Step 6b: Using r' (from original blocks) = expected_root_from_original_blocks for CHECK 2
🔐 Step 7: Verifying integrity and detecting fraud...
   r  (from merged local trees, rebalanced): 30e4411bccb87414600d6be407bab4aeef64cf2a133c4f9fd644b1b947250ca7
   r' (from all rebalanced blocks):           30e4411bccb87414600d6be407bab4aeef64cf2a133c4f9fd644b1b947250ca7
   r' (from original blocks):                 55cb4c2bb7e0f18d0019c7d553dd90007932e26e0f7c1fd4c52e5c920dfe9d31
   Note: r' (from original) will be compared with r (from rebalanced) in CHECK 2
   ✅ Check 1: r == r' (from rebalanced blocks)? true (internal consistency)
   📊 Block counts: original=500, rebalanced=501
   🔍 Check 2 (rebalancing changed block count):
      • Unique blocks in rebalanced: 500
      • Original blocks: 500
      • All original blocks present: true
      • No extra blocks: true
      • Content preserved: true
   ✅ Check 2: Content preserved (only structure changed) - PASSED
✅ SABV5: Verification PASSED - All checks passed
   ✅ Check 1: r == r' (from rebalanced blocks) - internal consistency verified
   ✅ Check 2: r' (from original blocks) == r (from rebalanced blocks) - rebalancing integrity verified
   ✅ Algorithm integrity: SABV5 + LMTR4 working as designed
   ✅ No fraud detected - blocks are consistent and rebalancing preserved content
2025-11-12T04:49:58.739451Z  INFO prove_core: clk = 0 pc = 0x201504
2025-11-12T04:49:59.298836Z  INFO prove_core: clk = 0 pc = 0x201504
2025-11-12T04:49:59.378727Z  INFO prove_core: clk = 10000000 pc = 0x20885c
2025-11-12T04:50:00.004400Z  INFO prove_core: clk = 20000000 pc = 0x205a38
2025-11-12T04:50:00.591187Z  INFO prove_core: clk = 30000000 pc = 0x2043d0
2025-11-12T04:50:00.668602Z  INFO prove_core: clk = 10000000 pc = 0x20885c
2025-11-12T04:50:01.189342Z  INFO prove_core: clk = 40000000 pc = 0x2060cc
2025-11-12T04:50:01.786589Z  INFO prove_core: clk = 50000000 pc = 0x205f04
2025-11-12T04:50:01.947863Z  INFO prove_core: clk = 20000000 pc = 0x205a38
2025-11-12T04:50:02.402432Z  INFO prove_core: clk = 60000000 pc = 0x2011f0
2025-11-12T04:50:03.008118Z  INFO prove_core: clk = 70000000 pc = 0x231250
2025-11-12T04:50:03.180708Z  INFO prove_core: clk = 30000000 pc = 0x2043d0
2025-11-12T04:50:03.597786Z  INFO prove_core: clk = 80000000 pc = 0x201234
2025-11-12T04:50:03.610874Z  INFO prove_core: clk = 60000000 pc = 0x2011f0
2025-11-12T04:50:04.236479Z  INFO prove_core: clk = 90000000 pc = 0x231254
2025-11-12T04:50:04.925458Z  INFO prove_core: clk = 40000000 pc = 0x2060cc
2025-11-12T04:50:04.929038Z  INFO prove_core: clk = 100000000 pc = 0x2313c8
2025-11-12T04:50:06.869276Z  INFO prove_core: clk = 110000000 pc = 0x201238
2025-11-12T04:50:09.054307Z  INFO prove_core: clk = 50000000 pc = 0x205f04
2025-11-12T04:50:09.817173Z  INFO prove_core: clk = 120000000 pc = 0x2013d8
2025-11-12T04:50:10.965187Z  INFO prove_core:generate main traces: close time.busy=6.06s time.idle=7.35µs index=0
2025-11-12T04:50:11.350538Z  INFO prove_core: clk = 130000000 pc = 0x231250
2025-11-12T04:50:13.242510Z  INFO prove_core: clk = 140000000 pc = 0x201098
2025-11-12T04:50:14.600664Z  INFO prove_core: clk = 70000000 pc = 0x231250
2025-11-12T04:50:14.719363Z  INFO prove_core: clk = 150000000 pc = 0x201228
2025-11-12T04:50:16.819809Z  INFO prove_core: clk = 160000000 pc = 0x2010e4
2025-11-12T04:50:18.555166Z  INFO prove_core: clk = 170000000 pc = 0x23124c
2025-11-12T04:50:21.015868Z  INFO prove_core: clk = 180000000 pc = 0x2312b4
2025-11-12T04:50:22.346296Z  INFO prove_core:generate main traces: close time.busy=7.65s time.idle=7.79µs index=1
2025-11-12T04:50:28.621036Z  INFO prove_core: clk = 80000000 pc = 0x201234
2025-11-12T04:50:41.518006Z  INFO prove_core:generate main traces: close time.busy=9.20s time.idle=9.47µs index=2
2025-11-12T05:07:43.677638Z  INFO prove_core: clk = 90000000 pc = 0x231254
2025-11-12T05:07:45.150496Z  INFO prove_core:generate main traces: close time.busy=6.88s time.idle=6.74µs index=3
Command terminated by signal 9
	Command being timed: "cargo run --release -p pessimistic-proof-test-suite --bin ppgen_sabv_lmtr5 -- --n-exits 500 --validator-nodes 5 --proof-dir /home/ubuntu/thanhhuyen/proofs/v5/n500_run3"
	User time (seconds): 24156.80
	System time (seconds): 915.06
	Percent of CPU this job got: 1454%
	Elapsed (wall clock) time (h:mm:ss or m:ss): 28:43.58
	Average shared text size (kbytes): 0
	Average unshared data size (kbytes): 0
	Average stack size (kbytes): 0
	Average total size (kbytes): 0
	Maximum resident set size (kbytes): 64697312
	Average resident set size (kbytes): 0
	Major (requiring I/O) page faults: 1675
	Minor (reclaiming a frame) page faults: 76882645
	Voluntary context switches: 311028
	Involuntary context switches: 327160
	Swaps: 0
	File system inputs: 498312
	File system outputs: 59768
	Socket messages sent: 0
	Socket messages received: 0
	Signals delivered: 0
	Page size (bytes): 4096
	Exit status: 0

━━━━━━━━━━━━━━━━━━━━━━━━━━━━━━━━━━━━━━━━━━━━━━━━━━━━━━━━━━━━
📊 N=500, Run 3/5 Results
━━━━━━━━━━━━━━━━━━━━━━━━━━━━━━━━━━━━━━━━━━━━━━━━━━━━━━━━━━━━
   Duration: 1724s (28m 44s)
   Exit code: 137

   📊 Resource Usage:
      ❌ Process bị KILL (signal 9) - có thể do OOM
      💡 Xem log chi tiết: tail -50 /home/ubuntu/thanhhuyen/logs/v5/v5_n500_run3_20251112_044945.log
      💾 Maximum RAM: 61.70 GB (64697312 KB)
      ⚡ CPU Usage: this%
   ❌ Proof file: KHÔNG CÓ (có thể bị kill hoặc chưa xong)
   ⚠️  Process có thể bị kill bởi OOM

   📁 Log: /home/ubuntu/thanhhuyen/logs/v5/v5_n500_run3_20251112_044945.log
   📁 Proof: /home/ubuntu/thanhhuyen/proofs/v5/n500_run3

✅ Completed iteration 3/5 (N=100 → N=500)

════════════════════════════════════════════════════════════════════════════
🔄 LẦN LẶP 4/5: N=100 → N=500
════════════════════════════════════════════════════════════════════════════
━━━━━━━━━━━━━━━━━━━━━━━━━━━━━━━━━━━━━━━━━━━━━━━━━━━━━━━━━━━━
📊 Lần lặp 4/5 - Running N=100 at 2025-11-12 05:18:32
━━━━━━━━━━━━━━━━━━━━━━━━━━━━━━━━━━━━━━━━━━━━━━━━━━━━━━━━━━━━

   ⚙️  Config: SHARD_BATCH_SIZE=6, TRACE_GEN_WORKERS=12 (N=100) - GIẢM MEMORY
   ⚙️  RAYON_NUM_THREADS=16
   ⚙️  Expected CPU usage: ~1200-1600% (vẫn cao nhưng giảm memory)
   ⚙️  ⚠️  GIẢM MEMORY để tránh OOM kill

   📁 Log: /home/ubuntu/thanhhuyen/logs/v5/v5_n100_run4_20251112_051832.log
   📁 Proof dir: /home/ubuntu/thanhhuyen/proofs/v5/n100_run4

warning: unused import: `keccak::Keccak256Hasher`
 --> crates/pessimistic-proof-core/src/sabv2.rs:2:35
  |
2 | use agglayer_primitives::{Digest, keccak::Keccak256Hasher};
  |                                   ^^^^^^^^^^^^^^^^^^^^^^^
  |
  = note: `#[warn(unused_imports)]` on by default

warning: unused import: `keccak::Keccak256Hasher`
 --> crates/pessimistic-proof-core/src/lmtr2.rs:2:35
  |
2 | use agglayer_primitives::{Digest, keccak::Keccak256Hasher};
  |                                   ^^^^^^^^^^^^^^^^^^^^^^^

warning: unused import: `keccak::Keccak256Hasher`
 --> crates/pessimistic-proof-core/src/sabv3.rs:2:35
  |
2 | use agglayer_primitives::{Digest, keccak::Keccak256Hasher};
  |                                   ^^^^^^^^^^^^^^^^^^^^^^^

warning: unused import: `keccak::Keccak256Hasher`
 --> crates/pessimistic-proof-core/src/lmtr3.rs:2:35
  |
2 | use agglayer_primitives::{Digest, keccak::Keccak256Hasher};
  |                                   ^^^^^^^^^^^^^^^^^^^^^^^

warning: unused import: `keccak::Keccak256Hasher`
 --> crates/pessimistic-proof-core/src/sabv4.rs:2:35
  |
2 | use agglayer_primitives::{Digest, keccak::Keccak256Hasher};
  |                                   ^^^^^^^^^^^^^^^^^^^^^^^

warning: unused import: `keccak::Keccak256Hasher`
 --> crates/pessimistic-proof-core/src/lmtr4.rs:2:35
  |
2 | use agglayer_primitives::{Digest, keccak::Keccak256Hasher};
  |                                   ^^^^^^^^^^^^^^^^^^^^^^^

warning: unused imports: `BridgeExit`, `ImportedBridgeExit`, `NetworkId`, and `TokenInfo`
   --> crates/pessimistic-proof-core/src/lmtr4.rs:245:30
    |
245 |         use unified_bridge::{BridgeExit, ImportedBridgeExit, NetworkId, TokenInfo};
    |                              ^^^^^^^^^^  ^^^^^^^^^^^^^^^^^^  ^^^^^^^^^  ^^^^^^^^^

warning: unused import: `agglayer_primitives::U256`
   --> crates/pessimistic-proof-core/src/lmtr4.rs:247:13
    |
247 |         use agglayer_primitives::U256;
    |             ^^^^^^^^^^^^^^^^^^^^^^^^^

warning: unused import: `crate::nullifier_tree::NullifierPath`
   --> crates/pessimistic-proof-core/src/lmtr4.rs:248:13
    |
248 |         use crate::nullifier_tree::NullifierPath;
    |             ^^^^^^^^^^^^^^^^^^^^^^^^^^^^^^^^^^^^

warning: unused import: `crate::local_balance_tree::LocalBalancePath`
   --> crates/pessimistic-proof-core/src/lmtr4.rs:249:13
    |
249 |         use crate::local_balance_tree::LocalBalancePath;
    |             ^^^^^^^^^^^^^^^^^^^^^^^^^^^^^^^^^^^^^^^^^^^

warning: unused import: `crate::aggchain_proof::AggchainData`
   --> crates/pessimistic-proof-core/src/lmtr4.rs:250:13
    |
250 |         use crate::aggchain_proof::AggchainData;
    |             ^^^^^^^^^^^^^^^^^^^^^^^^^^^^^^^^^^^

warning: unused import: `keccak::Keccak256Hasher`
 --> crates/pessimistic-proof-core/src/sabv5.rs:2:35
  |
2 | use agglayer_primitives::{Digest, keccak::Keccak256Hasher};
  |                                   ^^^^^^^^^^^^^^^^^^^^^^^

warning: unused variable: `branching_factor`
  --> crates/pessimistic-proof-core/src/lmtr.rs:31:9
   |
31 |         branching_factor: usize,
   |         ^^^^^^^^^^^^^^^^ help: if this is intentional, prefix it with an underscore: `_branching_factor`
   |
   = note: `#[warn(unused_variables)]` on by default

warning: unused variable: `block`
  --> crates/pessimistic-proof-core/src/sabv2.rs:72:13
   |
72 |         for block in blocks {
   |             ^^^^^ help: if this is intentional, prefix it with an underscore: `_block`

warning: unused variable: `consensus_result`
  --> crates/pessimistic-proof-core/src/sabv2.rs:79:13
   |
79 |         let consensus_result = self.run_consensus_mechanism(blocks, validator_nodes)?;
   |             ^^^^^^^^^^^^^^^^ help: if this is intentional, prefix it with an underscore: `_consensus_result`

warning: unused variable: `global_root`
  --> crates/pessimistic-proof-core/src/sabv2.rs:63:9
   |
63 |         global_root: &agglayer_primitives::Digest,
   |         ^^^^^^^^^^^ help: if this is intentional, prefix it with an underscore: `_global_root`

warning: unused variable: `computed_hash`
   --> crates/pessimistic-proof-core/src/sabv2.rs:136:13
    |
136 |         let computed_hash = Keccak256::digest(&block_data);
    |             ^^^^^^^^^^^^^ help: if this is intentional, prefix it with an underscore: `_computed_hash`

warning: unused variable: `declared_hash`
   --> crates/pessimistic-proof-core/src/sabv2.rs:139:13
    |
139 |         let declared_hash = self.get_block_declared_hash(block)?;
    |             ^^^^^^^^^^^^^ help: if this is intentional, prefix it with an underscore: `_declared_hash`

warning: unused variable: `block`
   --> crates/pessimistic-proof-core/src/sabv2.rs:229:32
    |
229 |     fn get_block_height(&self, block: &crate::multi_batch_header::MultiBatchHeader<agglayer_primitives::keccak::Keccak256Hasher>) -> Resu...
    |                                ^^^^^ help: if this is intentional, prefix it with an underscore: `_block`

warning: unused variable: `block`
   --> crates/pessimistic-proof-core/src/sabv2.rs:241:39
    |
241 |     fn get_block_declared_hash(&self, block: &crate::multi_batch_header::MultiBatchHeader<agglayer_primitives::keccak::Keccak256Hasher>) ...
    |                                       ^^^^^ help: if this is intentional, prefix it with an underscore: `_block`

warning: unused variable: `block`
   --> crates/pessimistic-proof-core/src/sabv2.rs:247:32
    |
247 |     fn get_block_signer(&self, block: &crate::multi_batch_header::MultiBatchHeader<agglayer_primitives::keccak::Keccak256Hasher>) -> Resu...
    |                                ^^^^^ help: if this is intentional, prefix it with an underscore: `_block`

warning: unused variable: `block`
   --> crates/pessimistic-proof-core/src/sabv2.rs:257:35
    |
257 |     fn get_block_signature(&self, block: &crate::multi_batch_header::MultiBatchHeader<agglayer_primitives::keccak::Keccak256Hasher>) -> R...
    |                                   ^^^^^ help: if this is intentional, prefix it with an underscore: `_block`

warning: unused variable: `hash`
   --> crates/pessimistic-proof-core/src/sabv2.rs:274:13
    |
274 |         let hash = Keccak256::digest(&block_data);
    |             ^^^^ help: if this is intentional, prefix it with an underscore: `_hash`

warning: unused variable: `block`
   --> crates/pessimistic-proof-core/src/sabv2.rs:295:35
    |
295 |     fn estimate_block_size(&self, block: &crate::multi_batch_header::MultiBatchHeader<agglayer_primitives::keccak::Keccak256Hasher>) -> R...
    |                                   ^^^^^ help: if this is intentional, prefix it with an underscore: `_block`

warning: unused variable: `i`
   --> crates/pessimistic-proof-core/src/lmtr2.rs:144:14
    |
144 |         for (i, block) in blocks.iter().enumerate() {
    |              ^ help: if this is intentional, prefix it with an underscore: `_i`

warning: unused variable: `leaf_hash`
   --> crates/pessimistic-proof-core/src/lmtr2.rs:146:17
    |
146 |             let leaf_hash = Keccak256::digest(&block_data);
    |                 ^^^^^^^^^ help: if this is intentional, prefix it with an underscore: `_leaf_hash`

warning: unused variable: `current_efficiency`
   --> crates/pessimistic-proof-core/src/lmtr2.rs:179:13
    |
179 |         let current_efficiency = self.calculate_tree_efficiency(num_blocks, branching_factor)?;
    |             ^^^^^^^^^^^^^^^^^^ help: if this is intentional, prefix it with an underscore: `_current_efficiency`

warning: unused variable: `new_hash`
   --> crates/pessimistic-proof-core/src/lmtr2.rs:229:21
    |
229 |                 let new_hash = Keccak256::digest(&optimized_data);
    |                     ^^^^^^^^ help: if this is intentional, prefix it with an underscore: `_new_hash`

warning: unused variable: `optimal_config`
   --> crates/pessimistic-proof-core/src/lmtr2.rs:217:9
    |
217 |         optimal_config: &OptimalConfig,
    |         ^^^^^^^^^^^^^^ help: if this is intentional, prefix it with an underscore: `_optimal_config`

warning: unused variable: `parent_hash`
   --> crates/pessimistic-proof-core/src/lmtr2.rs:312:21
    |
312 |                 let parent_hash = Keccak256::digest(&parent_data);
    |                     ^^^^^^^^^^^ help: if this is intentional, prefix it with an underscore: `_parent_hash`

warning: unused variable: `tree`
   --> crates/pessimistic-proof-core/src/lmtr2.rs:399:136
    |
399 | ...ves::keccak::Keccak256Hasher>, tree: &MerkleTree) -> Result<crate::multi_batch_header::MultiBatchHeader<agglayer_primitives::keccak::K...
    |                                   ^^^^ help: if this is intentional, prefix it with an underscore: `_tree`

warning: unused variable: `j_star`
   --> crates/pessimistic-proof-core/src/sabv3.rs:306:9
    |
306 |         j_star: usize,
    |         ^^^^^^ help: if this is intentional, prefix it with an underscore: `_j_star`

warning: unused variable: `j_star`
   --> crates/pessimistic-proof-core/src/sabv4.rs:496:9
    |
496 |         j_star: usize,
    |         ^^^^^^ help: if this is intentional, prefix it with an underscore: `_j_star`

warning: unused variable: `expected_root`
   --> crates/pessimistic-proof-core/src/sabv4.rs:603:72
    |
603 | ...mputed_root: &Digest, expected_root: &agglayer_primitives::Digest, signature: &agglayer_primitives::Signature, signer: &agglayer_primi...
    |                          ^^^^^^^^^^^^^ help: if this is intentional, prefix it with an underscore: `_expected_root`

warning: unused variable: `expected_bytes`
   --> crates/pessimistic-proof-core/src/sabv4.rs:744:56
    |
744 |     fn verify_hash_chain(&self, computed_bytes: &[u8], expected_bytes: &[u8]) -> Result<bool, ProofError> {
    |                                                        ^^^^^^^^^^^^^^ help: if this is intentional, prefix it with an underscore: `_expected_bytes`

warning: unused variable: `global_root`
   --> crates/pessimistic-proof-core/src/sabv5.rs:138:9
    |
138 |         global_root: &agglayer_primitives::Digest,
    |         ^^^^^^^^^^^ help: if this is intentional, prefix it with an underscore: `_global_root`

warning: value assigned to `local_trees` is never read
   --> crates/pessimistic-proof-core/src/sabv5.rs:702:17
    |
702 |         let mut local_trees = Vec::new();
    |                 ^^^^^^^^^^^
    |
    = help: maybe it is overwritten before being read?
    = note: `#[warn(unused_assignments)]` on by default

warning: unused variable: `j_star`
   --> crates/pessimistic-proof-core/src/sabv5.rs:699:9
    |
699 |         j_star: usize,
    |         ^^^^^^ help: if this is intentional, prefix it with an underscore: `_j_star`

warning: unused variable: `expected_root`
   --> crates/pessimistic-proof-core/src/sabv5.rs:822:72
    |
822 | ...mputed_root: &Digest, expected_root: &agglayer_primitives::Digest, signature: &agglayer_primitives::Signature, signer: &agglayer_primi...
    |                          ^^^^^^^^^^^^^ help: if this is intentional, prefix it with an underscore: `_expected_root`

warning: unused variable: `expected_bytes`
   --> crates/pessimistic-proof-core/src/sabv5.rs:963:56
    |
963 |     fn verify_hash_chain(&self, computed_bytes: &[u8], expected_bytes: &[u8]) -> Result<bool, ProofError> {
    |                                                        ^^^^^^^^^^^^^^ help: if this is intentional, prefix it with an underscore: `_expected_bytes`

warning: field `config` is never read
  --> crates/pessimistic-proof-core/src/sabv.rs:13:5
   |
12 | pub struct SabvAlgorithm {
   |            ------------- field in this struct
13 |     config: SabvConfig,
   |     ^^^^^^
   |
   = note: `SabvAlgorithm` has derived impls for the traits `Clone` and `Debug`, but these are intentionally ignored during dead code analysis
   = note: `#[warn(dead_code)]` on by default

warning: field `config` is never read
  --> crates/pessimistic-proof-core/src/lmtr.rs:12:5
   |
11 | pub struct LmtrAlgorithm {
   |            ------------- field in this struct
12 |     config: LmtrConfig,
   |     ^^^^^^
   |
   = note: `LmtrAlgorithm` has derived impls for the traits `Clone` and `Debug`, but these are intentionally ignored during dead code analysis

warning: fields `config` and `consensus_messages` are never read
  --> crates/pessimistic-proof-core/src/sabv2.rs:34:5
   |
33 | pub struct Sabv2Algorithm {
   |            -------------- fields in this struct
34 |     config: Sabv2Config,
   |     ^^^^^^
35 |     validators: Vec<ValidatorNode>,
36 |     consensus_messages: HashMap<Digest, Vec<ConsensusMessage>>,
   |     ^^^^^^^^^^^^^^^^^^
   |
   = note: `Sabv2Algorithm` has derived impls for the traits `Clone` and `Debug`, but these are intentionally ignored during dead code analysis

warning: multiple methods are never used
   --> crates/pessimistic-proof-core/src/sabv2.rs:89:8
    |
 39 | impl Sabv2Algorithm {
    | ------------------- methods in this implementation
...
 89 |     fn validate_block_cryptography(
    |        ^^^^^^^^^^^^^^^^^^^^^^^^^^^
...
112 |     fn verify_merkle_tree_structure(
    |        ^^^^^^^^^^^^^^^^^^^^^^^^^^^^
...
130 |     fn verify_hash_integrity(
    |        ^^^^^^^^^^^^^^^^^^^^^
...
149 |     fn verify_signature_validity(
    |        ^^^^^^^^^^^^^^^^^^^^^^^^^
...
204 |     fn verify_consensus_threshold(
    |        ^^^^^^^^^^^^^^^^^^^^^^^^^^
...
222 |     fn calculate_optimal_height(&self, block: &crate::multi_batch_header::MultiBatchHeader<agglayer_primitives::keccak::Keccak256Hasher>)...
    |        ^^^^^^^^^^^^^^^^^^^^^^^^
...
229 |     fn get_block_height(&self, block: &crate::multi_batch_header::MultiBatchHeader<agglayer_primitives::keccak::Keccak256Hasher>) -> Resu...
    |        ^^^^^^^^^^^^^^^^
...
241 |     fn get_block_declared_hash(&self, block: &crate::multi_batch_header::MultiBatchHeader<agglayer_primitives::keccak::Keccak256Hasher>) ...
    |        ^^^^^^^^^^^^^^^^^^^^^^^
...
247 |     fn get_block_signer(&self, block: &crate::multi_batch_header::MultiBatchHeader<agglayer_primitives::keccak::Keccak256Hasher>) -> Resu...
    |        ^^^^^^^^^^^^^^^^
...
252 |     fn get_block_message(&self, block: &crate::multi_batch_header::MultiBatchHeader<agglayer_primitives::keccak::Keccak256Hasher>) -> Res...
    |        ^^^^^^^^^^^^^^^^^
...
257 |     fn get_block_signature(&self, block: &crate::multi_batch_header::MultiBatchHeader<agglayer_primitives::keccak::Keccak256Hasher>) -> R...
    |        ^^^^^^^^^^^^^^^^^^^
...
262 |     fn compute_expected_signature(&self, signer: &str, message: &[u8]) -> Result<String, ProofError> {
    |        ^^^^^^^^^^^^^^^^^^^^^^^^^^
...
295 |     fn estimate_block_size(&self, block: &crate::multi_batch_header::MultiBatchHeader<agglayer_primitives::keccak::Keccak256Hasher>) -> R...
    |        ^^^^^^^^^^^^^^^^^^^

warning: field `tree_cache` is never read
  --> crates/pessimistic-proof-core/src/lmtr2.rs:53:5
   |
51 | pub struct Lmtr2Algorithm {
   |            -------------- field in this struct
52 |     config: Lmtr2Config,
53 |     tree_cache: HashMap<Digest, MerkleTree>,
   |     ^^^^^^^^^^
   |
   = note: `Lmtr2Algorithm` has derived impls for the traits `Clone` and `Debug`, but these are intentionally ignored during dead code analysis

warning: fields `branching_factor` and `rebalancing_cost` are never read
   --> crates/pessimistic-proof-core/src/lmtr2.rs:415:5
    |
413 | struct OptimalConfig {
    |        ------------- fields in this struct
414 |     optimal_height: usize,
415 |     branching_factor: usize,
    |     ^^^^^^^^^^^^^^^^
416 |     expected_efficiency: f64,
417 |     rebalancing_cost: u64,
    |     ^^^^^^^^^^^^^^^^
    |
    = note: `OptimalConfig` has derived impls for the traits `Clone` and `Debug`, but these are intentionally ignored during dead code analysis

warning: field `validators` is never read
  --> crates/pessimistic-proof-core/src/sabv3.rs:41:5
   |
39 | pub struct Sabv3Algorithm {
   |            -------------- field in this struct
40 |     config: Sabv3Config,
41 |     validators: Vec<ValidatorNode>,
   |     ^^^^^^^^^^
   |
   = note: `Sabv3Algorithm` has derived impls for the traits `Clone` and `Debug`, but these are intentionally ignored during dead code analysis

warning: struct `BlockchainMerkleProof` is never constructed
  --> crates/pessimistic-proof-core/src/sabv4.rs:38:8
   |
38 | struct BlockchainMerkleProof {
   |        ^^^^^^^^^^^^^^^^^^^^^

warning: fields `shard_index` and `round` are never read
  --> crates/pessimistic-proof-core/src/sabv4.rs:50:9
   |
47 | struct MPCShareMessage {
   |        --------------- fields in this struct
...
50 |     pub shard_index: usize,
   |         ^^^^^^^^^^^
51 |     pub share: (f64, f64), // (x, y) = share point
52 |     pub round: u64,
   |         ^^^^^
   |
   = note: `MPCShareMessage` has derived impls for the traits `Clone` and `Debug`, but these are intentionally ignored during dead code analysis

warning: field `consensus_reached` is never read
  --> crates/pessimistic-proof-core/src/sabv4.rs:60:9
   |
57 | struct MPCNetworkState {
   |        --------------- field in this struct
...
60 |     pub consensus_reached: bool,
   |         ^^^^^^^^^^^^^^^^^
   |
   = note: `MPCNetworkState` has a derived impl for the trait `Debug`, but this is intentionally ignored during dead code analysis

warning: field `validators` is never read
  --> crates/pessimistic-proof-core/src/sabv4.rs:67:5
   |
65 | pub struct Sabv4Algorithm {
   |            -------------- field in this struct
66 |     config: Sabv4Config,
67 |     validators: Vec<ValidatorNode>,
   |     ^^^^^^^^^^
   |
   = note: `Sabv4Algorithm` has a derived impl for the trait `Debug`, but this is intentionally ignored during dead code analysis

warning: multiple methods are never used
    --> crates/pessimistic-proof-core/src/sabv4.rs:493:8
     |
  71 | impl Sabv4Algorithm {
     | ------------------- methods in this implementation
...
 493 |     fn construct_local_cc_mbmt(
     |        ^^^^^^^^^^^^^^^^^^^^^^^
...
 564 |     fn verify_integrity_with_blocks(&self, computed_root: &Digest, expected_root: &agglayer_primitives::Digest, blocks: &[crate::multi_ba...
     |        ^^^^^^^^^^^^^^^^^^^^^^^^^^^^
...
 603 |     fn verify_blockchain_signature_real(&self, computed_root: &Digest, expected_root: &agglayer_primitives::Digest, signature: &agglayer_...
     |        ^^^^^^^^^^^^^^^^^^^^^^^^^^^^^^^^
...
 618 |     fn extract_blockchain_public_key(&self, computed_bytes: &[u8]) -> Result<Vec<u8>, ProofError> {
     |        ^^^^^^^^^^^^^^^^^^^^^^^^^^^^^
...
 629 |     fn validate_blockchain_signature(&self, signature: &[u8], public_key: &[u8]) -> Result<bool, ProofError> {
     |        ^^^^^^^^^^^^^^^^^^^^^^^^^^^^^
...
 648 |     fn verify_merkle_proof(&self, computed_root: &Digest, expected_root: &agglayer_primitives::Digest) -> Result<bool, ProofError> {
     |        ^^^^^^^^^^^^^^^^^^^
...
 682 |     fn extract_blockchain_merkle_proof(&self, computed_root: &Digest, expected_root: &agglayer_primitives::Digest) -> Result<BlockchainMe...
     |        ^^^^^^^^^^^^^^^^^^^^^^^^^^^^^^^
...
 717 |     fn validate_blockchain_proof(&self, proof: &BlockchainMerkleProof) -> Result<bool, ProofError> {
     |        ^^^^^^^^^^^^^^^^^^^^^^^^^
...
 744 |     fn verify_hash_chain(&self, computed_bytes: &[u8], expected_bytes: &[u8]) -> Result<bool, ProofError> {
     |        ^^^^^^^^^^^^^^^^^
...
 772 |     fn verify_timestamp_freshness(&self) -> Result<bool, ProofError> {
     |        ^^^^^^^^^^^^^^^^^^^^^^^^^^
...
 784 |     fn verify_nonce_uniqueness(&self, computed_bytes: &[u8], expected_bytes: &[u8]) -> Result<bool, ProofError> {
     |        ^^^^^^^^^^^^^^^^^^^^^^^
...
 814 |     fn verify_zero_knowledge_proof(&self, computed_root: &Digest, expected_root: &agglayer_primitives::Digest) -> Result<bool, ProofError> {
     |        ^^^^^^^^^^^^^^^^^^^^^^^^^^^
...
 853 |     fn calculate_signature_strength(&self, signature_bytes: &[u8]) -> f64 {
     |        ^^^^^^^^^^^^^^^^^^^^^^^^^^^^
...
 950 |     fn calculate_entropy(&self, data: &[u8]) -> f64 {
     |        ^^^^^^^^^^^^^^^^^
...
 970 |     fn compute_shard_hash(&self, blocks: &[crate::multi_batch_header::MultiBatchHeader<agglayer_primitives::keccak::Keccak256Hasher>]) ->...
     |        ^^^^^^^^^^^^^^^^^^
...
1037 |     fn build_merkle_tree(&self, blocks: &[crate::multi_batch_header::MultiBatchHeader<agglayer_primitives::keccak::Keccak256Hasher>], b: ...
     |        ^^^^^^^^^^^^^^^^^
...
1104 |     fn calculate_tree_height(&self, num_blocks: usize, b: usize) -> usize {
     |        ^^^^^^^^^^^^^^^^^^^^^
...
1113 |     fn compute_root_from_blocks(
     |        ^^^^^^^^^^^^^^^^^^^^^^^^

warning: method `reconstruct_block_from_bytes` is never used
   --> crates/pessimistic-proof-core/src/lmtr4.rs:241:8
    |
 27 | impl Lmtr4Algorithm {
    | ------------------- method in this implementation
...
241 |     fn reconstruct_block_from_bytes(&self, bytes: &[u8]) -> Result<crate::multi_batch_header::MultiBatchHeader<agglayer_primitives::kecca...
    |        ^^^^^^^^^^^^^^^^^^^^^^^^^^^^

warning: struct `BlockchainMerkleProof` is never constructed
  --> crates/pessimistic-proof-core/src/sabv5.rs:48:8
   |
48 | struct BlockchainMerkleProof {
   |        ^^^^^^^^^^^^^^^^^^^^^

warning: fields `shard_index` and `round` are never read
  --> crates/pessimistic-proof-core/src/sabv5.rs:60:9
   |
57 | struct MPCShareMessage {
   |        --------------- fields in this struct
...
60 |     pub shard_index: usize,
   |         ^^^^^^^^^^^
61 |     pub share: (f64, f64), // (x, y) = share point
62 |     pub round: u64,
   |         ^^^^^
   |
   = note: `MPCShareMessage` has derived impls for the traits `Clone` and `Debug`, but these are intentionally ignored during dead code analysis

warning: field `consensus_reached` is never read
  --> crates/pessimistic-proof-core/src/sabv5.rs:70:9
   |
67 | struct MPCNetworkState {
   |        --------------- field in this struct
...
70 |     pub consensus_reached: bool,
   |         ^^^^^^^^^^^^^^^^^
   |
   = note: `MPCNetworkState` has a derived impl for the trait `Debug`, but this is intentionally ignored during dead code analysis

warning: field `validators` is never read
  --> crates/pessimistic-proof-core/src/sabv5.rs:77:5
   |
75 | pub struct Sabv5Algorithm {
   |            -------------- field in this struct
76 |     config: Sabv5Config,
77 |     validators: Vec<ValidatorNode>,
   |     ^^^^^^^^^^
   |
   = note: `Sabv5Algorithm` has a derived impl for the trait `Debug`, but this is intentionally ignored during dead code analysis

warning: multiple methods are never used
    --> crates/pessimistic-proof-core/src/sabv5.rs:696:8
     |
  81 | impl Sabv5Algorithm {
     | ------------------- methods in this implementation
...
 696 |     fn construct_local_cc_mbmt(
     |        ^^^^^^^^^^^^^^^^^^^^^^^
...
 774 |     fn verify_integrity_with_blocks(&self, computed_root: &Digest, expected_root: &agglayer_primitives::Digest, blocks: &[crate::multi_ba...
     |        ^^^^^^^^^^^^^^^^^^^^^^^^^^^^
...
 822 |     fn verify_blockchain_signature_real(&self, computed_root: &Digest, expected_root: &agglayer_primitives::Digest, signature: &agglayer_...
     |        ^^^^^^^^^^^^^^^^^^^^^^^^^^^^^^^^
...
 837 |     fn extract_blockchain_public_key(&self, computed_bytes: &[u8]) -> Result<Vec<u8>, ProofError> {
     |        ^^^^^^^^^^^^^^^^^^^^^^^^^^^^^
...
 848 |     fn validate_blockchain_signature(&self, signature: &[u8], public_key: &[u8]) -> Result<bool, ProofError> {
     |        ^^^^^^^^^^^^^^^^^^^^^^^^^^^^^
...
 867 |     fn verify_merkle_proof(&self, computed_root: &Digest, expected_root: &agglayer_primitives::Digest) -> Result<bool, ProofError> {
     |        ^^^^^^^^^^^^^^^^^^^
...
 901 |     fn extract_blockchain_merkle_proof(&self, computed_root: &Digest, expected_root: &agglayer_primitives::Digest) -> Result<BlockchainMe...
     |        ^^^^^^^^^^^^^^^^^^^^^^^^^^^^^^^
...
 936 |     fn validate_blockchain_proof(&self, proof: &BlockchainMerkleProof) -> Result<bool, ProofError> {
     |        ^^^^^^^^^^^^^^^^^^^^^^^^^
...
 963 |     fn verify_hash_chain(&self, computed_bytes: &[u8], expected_bytes: &[u8]) -> Result<bool, ProofError> {
     |        ^^^^^^^^^^^^^^^^^
...
 991 |     fn verify_timestamp_freshness(&self) -> Result<bool, ProofError> {
     |        ^^^^^^^^^^^^^^^^^^^^^^^^^^
...
1003 |     fn verify_nonce_uniqueness(&self, computed_bytes: &[u8], expected_bytes: &[u8]) -> Result<bool, ProofError> {
     |        ^^^^^^^^^^^^^^^^^^^^^^^
...
1033 |     fn verify_zero_knowledge_proof(&self, computed_root: &Digest, expected_root: &agglayer_primitives::Digest) -> Result<bool, ProofError> {
     |        ^^^^^^^^^^^^^^^^^^^^^^^^^^^
...
1072 |     fn calculate_signature_strength(&self, signature_bytes: &[u8]) -> f64 {
     |        ^^^^^^^^^^^^^^^^^^^^^^^^^^^^
...
1169 |     fn calculate_entropy(&self, data: &[u8]) -> f64 {
     |        ^^^^^^^^^^^^^^^^^
...
1261 |     fn build_merkle_tree(&self, blocks: &[crate::multi_batch_header::MultiBatchHeader<agglayer_primitives::keccak::Keccak256Hasher>], b: ...
     |        ^^^^^^^^^^^^^^^^^
...
1328 |     fn calculate_tree_height(&self, num_blocks: usize, b: usize) -> usize {
     |        ^^^^^^^^^^^^^^^^^^^^^
...
1349 |     fn compute_root_from_blocks(
     |        ^^^^^^^^^^^^^^^^^^^^^^^^

warning: `pessimistic-proof-core` (lib) generated 58 warnings (run `cargo fix --lib -p pessimistic-proof-core` to apply 12 suggestions)
warning: unused import: `rayon::ThreadPoolBuilder`
 --> crates/pessimistic-proof-test-suite/src/bin/ppgen_sabv_lmtr5.rs:6:5
  |
6 | use rayon::ThreadPoolBuilder;
  |     ^^^^^^^^^^^^^^^^^^^^^^^^
  |
  = note: `#[warn(unused_imports)]` on by default

warning: value assigned to `current_state` is never read
   --> crates/pessimistic-proof-test-suite/src/bin/ppgen_sabv_lmtr5.rs:133:9
    |
133 |         current_state = block_state.state_b.clone();
    |         ^^^^^^^^^^^^^
    |
    = help: maybe it is overwritten before being read?
    = note: `#[warn(unused_assignments)]` on by default

warning: unused variable: `vk`
   --> crates/pessimistic-proof-test-suite/src/bin/ppgen_sabv_lmtr5.rs:294:24
    |
294 |             Ok((proof, vk, new_roots)) => {
    |                        ^^ help: if this is intentional, prefix it with an underscore: `_vk`
    |
    = note: `#[warn(unused_variables)]` on by default

warning: unused variable: `new_roots`
   --> crates/pessimistic-proof-test-suite/src/bin/ppgen_sabv_lmtr5.rs:294:28
    |
294 |             Ok((proof, vk, new_roots)) => {
    |                            ^^^^^^^^^ help: if this is intentional, prefix it with an underscore: `_new_roots`

warning: variable does not need to be mutable
  --> crates/pessimistic-proof-test-suite/src/bin/ppgen_sabv_lmtr5.rs:72:9
   |
72 |     let mut state = data::sample_state_00();
   |         ----^^^^^
   |         |
   |         help: remove this `mut`
   |
   = note: `#[warn(unused_mut)]` on by default

warning: `pessimistic-proof-test-suite` (bin "ppgen_sabv_lmtr5") generated 5 warnings (run `cargo fix --bin "ppgen_sabv_lmtr5"` to apply 2 suggestions)
    Finished `release` profile [optimized] target(s) in 3.51s
     Running `target/release/ppgen_sabv_lmtr5 --n-exits 100 --validator-nodes 5 --proof-dir /home/ubuntu/thanhhuyen/proofs/v5/n100_run4`
🔍 SABV5: Starting Algorithm 1 - Verify Aggregated Blocks Integrity
   Input: N=100 blocks, branching_factor=3, validators=5
   📐 Optimal height calculation: log_3(100) + 1 = 6
🎯 V5: Calculated optimal htarget = 6 for N=100, b=3
📊 Computed expected root from 100 ORIGINAL blocks (before rebalancing): c5f4d2f6052a8c54325eb1cf937daf06d660db1615cad946e3ab84d437c3e0bb (height=6)
📊 SABV5: Calculated j* = 5 with variance = 0.0000
✅ Step 1: Optimal sharding size j* = 5 (shard_size = 3^5 = 243)
📦 SABV5: Created 1 shards (0 full + 1 remainder)
✅ Step 2: Partitioned 100 blocks into 1 shards (shard_size = 243)
📡 SABV5: REAL MPC Network - 5 validators broadcast shares, 5 received sufficient shares
🔐 SABV5: REAL Shamir secret sharing - Secret: 0.695600, Reconstructed: 0.695600, Match: true
   Polynomial degree: 2, Shares: 5, Threshold: 3/5
   Validator 4 assigned with share value: 8.502346
✅ Step 3: Secret sharing applied (threshold k=3/5)
📊 Step 4: Rebalancing shards with LMTR4 (Algorithm 2)...
🔧 LMTR4: Starting Algorithm 2 rebalancing for 100 blocks
📊 LMTR4: Initial state - Ni = 100, b = 3, htarget = 6
🔄 LMTR4: Fixed branch imbalance by appending last block - Ni = 101
🔄 LMTR4: Fixed branch imbalance by appending last block - Ni = 102
✅ LMTR4: Rebalancing complete - Final Ni = 102, height = 6
   ✅ Shard 0 (validator 4) - 100 → 102 blocks, height=6
🌳 Step 5a: Building REAL Local CC-MBMT from rebalanced blocks...
   ✅ Validator 4 built REAL local CC-MBMT (shard 0) - 102 blocks → tree height=6
🔗 SABV5: Merged 1 local CC-MBMTs into global CC-MBMT using REAL tree structure
✅ Step 5b: Merged 1 local CC-MBMTs into global root r
✅ Step 6: Computed alternative root r' (from rebalanced blocks) using SAME Merkle tree method as Step 5a
   Using 102 rebalanced blocks, tree height=6
✅ Step 6b: Using r' (from original blocks) = expected_root_from_original_blocks for CHECK 2
🔐 Step 7: Verifying integrity and detecting fraud...
   r  (from merged local trees, rebalanced): 88768fb3140c011924b1fde56461934994cbbd17bb04d6c1a5389967592345d7
   r' (from all rebalanced blocks):           88768fb3140c011924b1fde56461934994cbbd17bb04d6c1a5389967592345d7
   r' (from original blocks):                 c5f4d2f6052a8c54325eb1cf937daf06d660db1615cad946e3ab84d437c3e0bb
   Note: r' (from original) will be compared with r (from rebalanced) in CHECK 2
   ✅ Check 1: r == r' (from rebalanced blocks)? true (internal consistency)
   📊 Block counts: original=100, rebalanced=102
   🔍 Check 2 (rebalancing changed block count):
      • Unique blocks in rebalanced: 100
      • Original blocks: 100
      • All original blocks present: true
      • No extra blocks: true
      • Content preserved: true
   ✅ Check 2: Content preserved (only structure changed) - PASSED
✅ SABV5: Verification PASSED - All checks passed
   ✅ Check 1: r == r' (from rebalanced blocks) - internal consistency verified
   ✅ Check 2: r' (from original blocks) == r (from rebalanced blocks) - rebalancing integrity verified
   ✅ Algorithm integrity: SABV5 + LMTR4 working as designed
   ✅ No fraud detected - blocks are consistent and rebalancing preserved content
2025-11-12T05:18:44.330596Z  INFO prove_core: clk = 0 pc = 0x201504
2025-11-12T05:18:44.930137Z  INFO prove_core: clk = 10000000 pc = 0x2043b8
2025-11-12T05:18:45.089772Z  INFO prove_core: clk = 0 pc = 0x201504
2025-11-12T05:18:45.511060Z  INFO prove_core: clk = 20000000 pc = 0x2010f8
2025-11-12T05:18:46.191307Z  INFO prove_core: clk = 30000000 pc = 0x231208
2025-11-12T05:18:49.126505Z  INFO prove_core: clk = 30000000 pc = 0x231208
2025-11-12T05:18:49.255701Z  INFO prove_core: clk = 20000000 pc = 0x2010f8
2025-11-12T05:18:49.944097Z  INFO prove_core: clk = 10000000 pc = 0x2043b8
2025-11-12T05:18:58.038461Z  INFO prove_core:generate main traces: close time.busy=5.08s time.idle=8.73µs index=0
2025-11-12T05:19:36.066776Z  INFO prove_core:generate main traces: close time.busy=21.1s time.idle=13.7µs index=1
Command terminated by signal 9
	Command being timed: "cargo run --release -p pessimistic-proof-test-suite --bin ppgen_sabv_lmtr5 -- --n-exits 100 --validator-nodes 5 --proof-dir /home/ubuntu/thanhhuyen/proofs/v5/n100_run4"
	User time (seconds): 11032.81
	System time (seconds): 506.58
	Percent of CPU this job got: 1432%
	Elapsed (wall clock) time (h:mm:ss or m:ss): 13:25.70
	Average shared text size (kbytes): 0
	Average unshared data size (kbytes): 0
	Average stack size (kbytes): 0
	Average total size (kbytes): 0
	Maximum resident set size (kbytes): 64709252
	Average resident set size (kbytes): 0
	Major (requiring I/O) page faults: 2090
	Minor (reclaiming a frame) page faults: 39555456
	Voluntary context switches: 64980
	Involuntary context switches: 134187
	Swaps: 0
	File system inputs: 453336
	File system outputs: 11344
	Socket messages sent: 0
	Socket messages received: 0
	Signals delivered: 0
	Page size (bytes): 4096
	Exit status: 0

━━━━━━━━━━━━━━━━━━━━━━━━━━━━━━━━━━━━━━━━━━━━━━━━━━━━━━━━━━━━
📊 N=100, Run 4/5 Results
━━━━━━━━━━━━━━━━━━━━━━━━━━━━━━━━━━━━━━━━━━━━━━━━━━━━━━━━━━━━
   Duration: 805s (13m 25s)
   Exit code: 137

   📊 Resource Usage:
      ❌ Process bị KILL (signal 9) - có thể do OOM
      💡 Xem log chi tiết: tail -50 /home/ubuntu/thanhhuyen/logs/v5/v5_n100_run4_20251112_051832.log
      💾 Maximum RAM: 61.71 GB (64709252 KB)
      ⚡ CPU Usage: this%
   ❌ Proof file: KHÔNG CÓ (có thể bị kill hoặc chưa xong)
   ⚠️  Process có thể bị kill bởi OOM

   📁 Log: /home/ubuntu/thanhhuyen/logs/v5/v5_n100_run4_20251112_051832.log
   📁 Proof: /home/ubuntu/thanhhuyen/proofs/v5/n100_run4

━━━━━━━━━━━━━━━━━━━━━━━━━━━━━━━━━━━━━━━━━━━━━━━━━━━━━━━━━━━━
📊 Lần lặp 4/5 - Running N=500 at 2025-11-12 05:31:59
━━━━━━━━━━━━━━━━━━━━━━━━━━━━━━━━━━━━━━━━━━━━━━━━━━━━━━━━━━━━

   ⚙️  Config: SHARD_BATCH_SIZE=4, TRACE_GEN_WORKERS=8 (N=500) - GIẢM MEMORY TỐI ĐA
   ⚙️  RAYON_NUM_THREADS=16
   ⚙️  Expected CPU usage: ~1200-1600% (vẫn cao nhưng giảm memory)
   ⚙️  ⚠️  GIẢM MEMORY để tránh OOM kill

   📁 Log: /home/ubuntu/thanhhuyen/logs/v5/v5_n500_run4_20251112_053159.log
   📁 Proof dir: /home/ubuntu/thanhhuyen/proofs/v5/n500_run4

warning: unused import: `keccak::Keccak256Hasher`
 --> crates/pessimistic-proof-core/src/sabv2.rs:2:35
  |
2 | use agglayer_primitives::{Digest, keccak::Keccak256Hasher};
  |                                   ^^^^^^^^^^^^^^^^^^^^^^^
  |
  = note: `#[warn(unused_imports)]` on by default

warning: unused import: `keccak::Keccak256Hasher`
 --> crates/pessimistic-proof-core/src/lmtr2.rs:2:35
  |
2 | use agglayer_primitives::{Digest, keccak::Keccak256Hasher};
  |                                   ^^^^^^^^^^^^^^^^^^^^^^^

warning: unused import: `keccak::Keccak256Hasher`
 --> crates/pessimistic-proof-core/src/sabv3.rs:2:35
  |
2 | use agglayer_primitives::{Digest, keccak::Keccak256Hasher};
  |                                   ^^^^^^^^^^^^^^^^^^^^^^^

warning: unused import: `keccak::Keccak256Hasher`
 --> crates/pessimistic-proof-core/src/lmtr3.rs:2:35
  |
2 | use agglayer_primitives::{Digest, keccak::Keccak256Hasher};
  |                                   ^^^^^^^^^^^^^^^^^^^^^^^

warning: unused import: `keccak::Keccak256Hasher`
 --> crates/pessimistic-proof-core/src/sabv4.rs:2:35
  |
2 | use agglayer_primitives::{Digest, keccak::Keccak256Hasher};
  |                                   ^^^^^^^^^^^^^^^^^^^^^^^

warning: unused import: `keccak::Keccak256Hasher`
 --> crates/pessimistic-proof-core/src/lmtr4.rs:2:35
  |
2 | use agglayer_primitives::{Digest, keccak::Keccak256Hasher};
  |                                   ^^^^^^^^^^^^^^^^^^^^^^^

warning: unused imports: `BridgeExit`, `ImportedBridgeExit`, `NetworkId`, and `TokenInfo`
   --> crates/pessimistic-proof-core/src/lmtr4.rs:245:30
    |
245 |         use unified_bridge::{BridgeExit, ImportedBridgeExit, NetworkId, TokenInfo};
    |                              ^^^^^^^^^^  ^^^^^^^^^^^^^^^^^^  ^^^^^^^^^  ^^^^^^^^^

warning: unused import: `agglayer_primitives::U256`
   --> crates/pessimistic-proof-core/src/lmtr4.rs:247:13
    |
247 |         use agglayer_primitives::U256;
    |             ^^^^^^^^^^^^^^^^^^^^^^^^^

warning: unused import: `crate::nullifier_tree::NullifierPath`
   --> crates/pessimistic-proof-core/src/lmtr4.rs:248:13
    |
248 |         use crate::nullifier_tree::NullifierPath;
    |             ^^^^^^^^^^^^^^^^^^^^^^^^^^^^^^^^^^^^

warning: unused import: `crate::local_balance_tree::LocalBalancePath`
   --> crates/pessimistic-proof-core/src/lmtr4.rs:249:13
    |
249 |         use crate::local_balance_tree::LocalBalancePath;
    |             ^^^^^^^^^^^^^^^^^^^^^^^^^^^^^^^^^^^^^^^^^^^

warning: unused import: `crate::aggchain_proof::AggchainData`
   --> crates/pessimistic-proof-core/src/lmtr4.rs:250:13
    |
250 |         use crate::aggchain_proof::AggchainData;
    |             ^^^^^^^^^^^^^^^^^^^^^^^^^^^^^^^^^^^

warning: unused import: `keccak::Keccak256Hasher`
 --> crates/pessimistic-proof-core/src/sabv5.rs:2:35
  |
2 | use agglayer_primitives::{Digest, keccak::Keccak256Hasher};
  |                                   ^^^^^^^^^^^^^^^^^^^^^^^

warning: unused variable: `branching_factor`
  --> crates/pessimistic-proof-core/src/lmtr.rs:31:9
   |
31 |         branching_factor: usize,
   |         ^^^^^^^^^^^^^^^^ help: if this is intentional, prefix it with an underscore: `_branching_factor`
   |
   = note: `#[warn(unused_variables)]` on by default

warning: unused variable: `block`
  --> crates/pessimistic-proof-core/src/sabv2.rs:72:13
   |
72 |         for block in blocks {
   |             ^^^^^ help: if this is intentional, prefix it with an underscore: `_block`

warning: unused variable: `consensus_result`
  --> crates/pessimistic-proof-core/src/sabv2.rs:79:13
   |
79 |         let consensus_result = self.run_consensus_mechanism(blocks, validator_nodes)?;
   |             ^^^^^^^^^^^^^^^^ help: if this is intentional, prefix it with an underscore: `_consensus_result`

warning: unused variable: `global_root`
  --> crates/pessimistic-proof-core/src/sabv2.rs:63:9
   |
63 |         global_root: &agglayer_primitives::Digest,
   |         ^^^^^^^^^^^ help: if this is intentional, prefix it with an underscore: `_global_root`

warning: unused variable: `computed_hash`
   --> crates/pessimistic-proof-core/src/sabv2.rs:136:13
    |
136 |         let computed_hash = Keccak256::digest(&block_data);
    |             ^^^^^^^^^^^^^ help: if this is intentional, prefix it with an underscore: `_computed_hash`

warning: unused variable: `declared_hash`
   --> crates/pessimistic-proof-core/src/sabv2.rs:139:13
    |
139 |         let declared_hash = self.get_block_declared_hash(block)?;
    |             ^^^^^^^^^^^^^ help: if this is intentional, prefix it with an underscore: `_declared_hash`

warning: unused variable: `block`
   --> crates/pessimistic-proof-core/src/sabv2.rs:229:32
    |
229 |     fn get_block_height(&self, block: &crate::multi_batch_header::MultiBatchHeader<agglayer_primitives::keccak::Keccak256Hasher>) -> Resu...
    |                                ^^^^^ help: if this is intentional, prefix it with an underscore: `_block`

warning: unused variable: `block`
   --> crates/pessimistic-proof-core/src/sabv2.rs:241:39
    |
241 |     fn get_block_declared_hash(&self, block: &crate::multi_batch_header::MultiBatchHeader<agglayer_primitives::keccak::Keccak256Hasher>) ...
    |                                       ^^^^^ help: if this is intentional, prefix it with an underscore: `_block`

warning: unused variable: `block`
   --> crates/pessimistic-proof-core/src/sabv2.rs:247:32
    |
247 |     fn get_block_signer(&self, block: &crate::multi_batch_header::MultiBatchHeader<agglayer_primitives::keccak::Keccak256Hasher>) -> Resu...
    |                                ^^^^^ help: if this is intentional, prefix it with an underscore: `_block`

warning: unused variable: `block`
   --> crates/pessimistic-proof-core/src/sabv2.rs:257:35
    |
257 |     fn get_block_signature(&self, block: &crate::multi_batch_header::MultiBatchHeader<agglayer_primitives::keccak::Keccak256Hasher>) -> R...
    |                                   ^^^^^ help: if this is intentional, prefix it with an underscore: `_block`

warning: unused variable: `hash`
   --> crates/pessimistic-proof-core/src/sabv2.rs:274:13
    |
274 |         let hash = Keccak256::digest(&block_data);
    |             ^^^^ help: if this is intentional, prefix it with an underscore: `_hash`

warning: unused variable: `block`
   --> crates/pessimistic-proof-core/src/sabv2.rs:295:35
    |
295 |     fn estimate_block_size(&self, block: &crate::multi_batch_header::MultiBatchHeader<agglayer_primitives::keccak::Keccak256Hasher>) -> R...
    |                                   ^^^^^ help: if this is intentional, prefix it with an underscore: `_block`

warning: unused variable: `i`
   --> crates/pessimistic-proof-core/src/lmtr2.rs:144:14
    |
144 |         for (i, block) in blocks.iter().enumerate() {
    |              ^ help: if this is intentional, prefix it with an underscore: `_i`

warning: unused variable: `leaf_hash`
   --> crates/pessimistic-proof-core/src/lmtr2.rs:146:17
    |
146 |             let leaf_hash = Keccak256::digest(&block_data);
    |                 ^^^^^^^^^ help: if this is intentional, prefix it with an underscore: `_leaf_hash`

warning: unused variable: `current_efficiency`
   --> crates/pessimistic-proof-core/src/lmtr2.rs:179:13
    |
179 |         let current_efficiency = self.calculate_tree_efficiency(num_blocks, branching_factor)?;
    |             ^^^^^^^^^^^^^^^^^^ help: if this is intentional, prefix it with an underscore: `_current_efficiency`

warning: unused variable: `new_hash`
   --> crates/pessimistic-proof-core/src/lmtr2.rs:229:21
    |
229 |                 let new_hash = Keccak256::digest(&optimized_data);
    |                     ^^^^^^^^ help: if this is intentional, prefix it with an underscore: `_new_hash`

warning: unused variable: `optimal_config`
   --> crates/pessimistic-proof-core/src/lmtr2.rs:217:9
    |
217 |         optimal_config: &OptimalConfig,
    |         ^^^^^^^^^^^^^^ help: if this is intentional, prefix it with an underscore: `_optimal_config`

warning: unused variable: `parent_hash`
   --> crates/pessimistic-proof-core/src/lmtr2.rs:312:21
    |
312 |                 let parent_hash = Keccak256::digest(&parent_data);
    |                     ^^^^^^^^^^^ help: if this is intentional, prefix it with an underscore: `_parent_hash`

warning: unused variable: `tree`
   --> crates/pessimistic-proof-core/src/lmtr2.rs:399:136
    |
399 | ...ves::keccak::Keccak256Hasher>, tree: &MerkleTree) -> Result<crate::multi_batch_header::MultiBatchHeader<agglayer_primitives::keccak::K...
    |                                   ^^^^ help: if this is intentional, prefix it with an underscore: `_tree`

warning: unused variable: `j_star`
   --> crates/pessimistic-proof-core/src/sabv3.rs:306:9
    |
306 |         j_star: usize,
    |         ^^^^^^ help: if this is intentional, prefix it with an underscore: `_j_star`

warning: unused variable: `j_star`
   --> crates/pessimistic-proof-core/src/sabv4.rs:496:9
    |
496 |         j_star: usize,
    |         ^^^^^^ help: if this is intentional, prefix it with an underscore: `_j_star`

warning: unused variable: `expected_root`
   --> crates/pessimistic-proof-core/src/sabv4.rs:603:72
    |
603 | ...mputed_root: &Digest, expected_root: &agglayer_primitives::Digest, signature: &agglayer_primitives::Signature, signer: &agglayer_primi...
    |                          ^^^^^^^^^^^^^ help: if this is intentional, prefix it with an underscore: `_expected_root`

warning: unused variable: `expected_bytes`
   --> crates/pessimistic-proof-core/src/sabv4.rs:744:56
    |
744 |     fn verify_hash_chain(&self, computed_bytes: &[u8], expected_bytes: &[u8]) -> Result<bool, ProofError> {
    |                                                        ^^^^^^^^^^^^^^ help: if this is intentional, prefix it with an underscore: `_expected_bytes`

warning: unused variable: `global_root`
   --> crates/pessimistic-proof-core/src/sabv5.rs:138:9
    |
138 |         global_root: &agglayer_primitives::Digest,
    |         ^^^^^^^^^^^ help: if this is intentional, prefix it with an underscore: `_global_root`

warning: value assigned to `local_trees` is never read
   --> crates/pessimistic-proof-core/src/sabv5.rs:702:17
    |
702 |         let mut local_trees = Vec::new();
    |                 ^^^^^^^^^^^
    |
    = help: maybe it is overwritten before being read?
    = note: `#[warn(unused_assignments)]` on by default

warning: unused variable: `j_star`
   --> crates/pessimistic-proof-core/src/sabv5.rs:699:9
    |
699 |         j_star: usize,
    |         ^^^^^^ help: if this is intentional, prefix it with an underscore: `_j_star`

warning: unused variable: `expected_root`
   --> crates/pessimistic-proof-core/src/sabv5.rs:822:72
    |
822 | ...mputed_root: &Digest, expected_root: &agglayer_primitives::Digest, signature: &agglayer_primitives::Signature, signer: &agglayer_primi...
    |                          ^^^^^^^^^^^^^ help: if this is intentional, prefix it with an underscore: `_expected_root`

warning: unused variable: `expected_bytes`
   --> crates/pessimistic-proof-core/src/sabv5.rs:963:56
    |
963 |     fn verify_hash_chain(&self, computed_bytes: &[u8], expected_bytes: &[u8]) -> Result<bool, ProofError> {
    |                                                        ^^^^^^^^^^^^^^ help: if this is intentional, prefix it with an underscore: `_expected_bytes`

warning: field `config` is never read
  --> crates/pessimistic-proof-core/src/sabv.rs:13:5
   |
12 | pub struct SabvAlgorithm {
   |            ------------- field in this struct
13 |     config: SabvConfig,
   |     ^^^^^^
   |
   = note: `SabvAlgorithm` has derived impls for the traits `Clone` and `Debug`, but these are intentionally ignored during dead code analysis
   = note: `#[warn(dead_code)]` on by default

warning: field `config` is never read
  --> crates/pessimistic-proof-core/src/lmtr.rs:12:5
   |
11 | pub struct LmtrAlgorithm {
   |            ------------- field in this struct
12 |     config: LmtrConfig,
   |     ^^^^^^
   |
   = note: `LmtrAlgorithm` has derived impls for the traits `Clone` and `Debug`, but these are intentionally ignored during dead code analysis

warning: fields `config` and `consensus_messages` are never read
  --> crates/pessimistic-proof-core/src/sabv2.rs:34:5
   |
33 | pub struct Sabv2Algorithm {
   |            -------------- fields in this struct
34 |     config: Sabv2Config,
   |     ^^^^^^
35 |     validators: Vec<ValidatorNode>,
36 |     consensus_messages: HashMap<Digest, Vec<ConsensusMessage>>,
   |     ^^^^^^^^^^^^^^^^^^
   |
   = note: `Sabv2Algorithm` has derived impls for the traits `Clone` and `Debug`, but these are intentionally ignored during dead code analysis

warning: multiple methods are never used
   --> crates/pessimistic-proof-core/src/sabv2.rs:89:8
    |
 39 | impl Sabv2Algorithm {
    | ------------------- methods in this implementation
...
 89 |     fn validate_block_cryptography(
    |        ^^^^^^^^^^^^^^^^^^^^^^^^^^^
...
112 |     fn verify_merkle_tree_structure(
    |        ^^^^^^^^^^^^^^^^^^^^^^^^^^^^
...
130 |     fn verify_hash_integrity(
    |        ^^^^^^^^^^^^^^^^^^^^^
...
149 |     fn verify_signature_validity(
    |        ^^^^^^^^^^^^^^^^^^^^^^^^^
...
204 |     fn verify_consensus_threshold(
    |        ^^^^^^^^^^^^^^^^^^^^^^^^^^
...
222 |     fn calculate_optimal_height(&self, block: &crate::multi_batch_header::MultiBatchHeader<agglayer_primitives::keccak::Keccak256Hasher>)...
    |        ^^^^^^^^^^^^^^^^^^^^^^^^
...
229 |     fn get_block_height(&self, block: &crate::multi_batch_header::MultiBatchHeader<agglayer_primitives::keccak::Keccak256Hasher>) -> Resu...
    |        ^^^^^^^^^^^^^^^^
...
241 |     fn get_block_declared_hash(&self, block: &crate::multi_batch_header::MultiBatchHeader<agglayer_primitives::keccak::Keccak256Hasher>) ...
    |        ^^^^^^^^^^^^^^^^^^^^^^^
...
247 |     fn get_block_signer(&self, block: &crate::multi_batch_header::MultiBatchHeader<agglayer_primitives::keccak::Keccak256Hasher>) -> Resu...
    |        ^^^^^^^^^^^^^^^^
...
252 |     fn get_block_message(&self, block: &crate::multi_batch_header::MultiBatchHeader<agglayer_primitives::keccak::Keccak256Hasher>) -> Res...
    |        ^^^^^^^^^^^^^^^^^
...
257 |     fn get_block_signature(&self, block: &crate::multi_batch_header::MultiBatchHeader<agglayer_primitives::keccak::Keccak256Hasher>) -> R...
    |        ^^^^^^^^^^^^^^^^^^^
...
262 |     fn compute_expected_signature(&self, signer: &str, message: &[u8]) -> Result<String, ProofError> {
    |        ^^^^^^^^^^^^^^^^^^^^^^^^^^
...
295 |     fn estimate_block_size(&self, block: &crate::multi_batch_header::MultiBatchHeader<agglayer_primitives::keccak::Keccak256Hasher>) -> R...
    |        ^^^^^^^^^^^^^^^^^^^

warning: field `tree_cache` is never read
  --> crates/pessimistic-proof-core/src/lmtr2.rs:53:5
   |
51 | pub struct Lmtr2Algorithm {
   |            -------------- field in this struct
52 |     config: Lmtr2Config,
53 |     tree_cache: HashMap<Digest, MerkleTree>,
   |     ^^^^^^^^^^
   |
   = note: `Lmtr2Algorithm` has derived impls for the traits `Clone` and `Debug`, but these are intentionally ignored during dead code analysis

warning: fields `branching_factor` and `rebalancing_cost` are never read
   --> crates/pessimistic-proof-core/src/lmtr2.rs:415:5
    |
413 | struct OptimalConfig {
    |        ------------- fields in this struct
414 |     optimal_height: usize,
415 |     branching_factor: usize,
    |     ^^^^^^^^^^^^^^^^
416 |     expected_efficiency: f64,
417 |     rebalancing_cost: u64,
    |     ^^^^^^^^^^^^^^^^
    |
    = note: `OptimalConfig` has derived impls for the traits `Clone` and `Debug`, but these are intentionally ignored during dead code analysis

warning: field `validators` is never read
  --> crates/pessimistic-proof-core/src/sabv3.rs:41:5
   |
39 | pub struct Sabv3Algorithm {
   |            -------------- field in this struct
40 |     config: Sabv3Config,
41 |     validators: Vec<ValidatorNode>,
   |     ^^^^^^^^^^
   |
   = note: `Sabv3Algorithm` has derived impls for the traits `Clone` and `Debug`, but these are intentionally ignored during dead code analysis

warning: struct `BlockchainMerkleProof` is never constructed
  --> crates/pessimistic-proof-core/src/sabv4.rs:38:8
   |
38 | struct BlockchainMerkleProof {
   |        ^^^^^^^^^^^^^^^^^^^^^

warning: fields `shard_index` and `round` are never read
  --> crates/pessimistic-proof-core/src/sabv4.rs:50:9
   |
47 | struct MPCShareMessage {
   |        --------------- fields in this struct
...
50 |     pub shard_index: usize,
   |         ^^^^^^^^^^^
51 |     pub share: (f64, f64), // (x, y) = share point
52 |     pub round: u64,
   |         ^^^^^
   |
   = note: `MPCShareMessage` has derived impls for the traits `Clone` and `Debug`, but these are intentionally ignored during dead code analysis

warning: field `consensus_reached` is never read
  --> crates/pessimistic-proof-core/src/sabv4.rs:60:9
   |
57 | struct MPCNetworkState {
   |        --------------- field in this struct
...
60 |     pub consensus_reached: bool,
   |         ^^^^^^^^^^^^^^^^^
   |
   = note: `MPCNetworkState` has a derived impl for the trait `Debug`, but this is intentionally ignored during dead code analysis

warning: field `validators` is never read
  --> crates/pessimistic-proof-core/src/sabv4.rs:67:5
   |
65 | pub struct Sabv4Algorithm {
   |            -------------- field in this struct
66 |     config: Sabv4Config,
67 |     validators: Vec<ValidatorNode>,
   |     ^^^^^^^^^^
   |
   = note: `Sabv4Algorithm` has a derived impl for the trait `Debug`, but this is intentionally ignored during dead code analysis

warning: multiple methods are never used
    --> crates/pessimistic-proof-core/src/sabv4.rs:493:8
     |
  71 | impl Sabv4Algorithm {
     | ------------------- methods in this implementation
...
 493 |     fn construct_local_cc_mbmt(
     |        ^^^^^^^^^^^^^^^^^^^^^^^
...
 564 |     fn verify_integrity_with_blocks(&self, computed_root: &Digest, expected_root: &agglayer_primitives::Digest, blocks: &[crate::multi_ba...
     |        ^^^^^^^^^^^^^^^^^^^^^^^^^^^^
...
 603 |     fn verify_blockchain_signature_real(&self, computed_root: &Digest, expected_root: &agglayer_primitives::Digest, signature: &agglayer_...
     |        ^^^^^^^^^^^^^^^^^^^^^^^^^^^^^^^^
...
 618 |     fn extract_blockchain_public_key(&self, computed_bytes: &[u8]) -> Result<Vec<u8>, ProofError> {
     |        ^^^^^^^^^^^^^^^^^^^^^^^^^^^^^
...
 629 |     fn validate_blockchain_signature(&self, signature: &[u8], public_key: &[u8]) -> Result<bool, ProofError> {
     |        ^^^^^^^^^^^^^^^^^^^^^^^^^^^^^
...
 648 |     fn verify_merkle_proof(&self, computed_root: &Digest, expected_root: &agglayer_primitives::Digest) -> Result<bool, ProofError> {
     |        ^^^^^^^^^^^^^^^^^^^
...
 682 |     fn extract_blockchain_merkle_proof(&self, computed_root: &Digest, expected_root: &agglayer_primitives::Digest) -> Result<BlockchainMe...
     |        ^^^^^^^^^^^^^^^^^^^^^^^^^^^^^^^
...
 717 |     fn validate_blockchain_proof(&self, proof: &BlockchainMerkleProof) -> Result<bool, ProofError> {
     |        ^^^^^^^^^^^^^^^^^^^^^^^^^
...
 744 |     fn verify_hash_chain(&self, computed_bytes: &[u8], expected_bytes: &[u8]) -> Result<bool, ProofError> {
     |        ^^^^^^^^^^^^^^^^^
...
 772 |     fn verify_timestamp_freshness(&self) -> Result<bool, ProofError> {
     |        ^^^^^^^^^^^^^^^^^^^^^^^^^^
...
 784 |     fn verify_nonce_uniqueness(&self, computed_bytes: &[u8], expected_bytes: &[u8]) -> Result<bool, ProofError> {
     |        ^^^^^^^^^^^^^^^^^^^^^^^
...
 814 |     fn verify_zero_knowledge_proof(&self, computed_root: &Digest, expected_root: &agglayer_primitives::Digest) -> Result<bool, ProofError> {
     |        ^^^^^^^^^^^^^^^^^^^^^^^^^^^
...
 853 |     fn calculate_signature_strength(&self, signature_bytes: &[u8]) -> f64 {
     |        ^^^^^^^^^^^^^^^^^^^^^^^^^^^^
...
 950 |     fn calculate_entropy(&self, data: &[u8]) -> f64 {
     |        ^^^^^^^^^^^^^^^^^
...
 970 |     fn compute_shard_hash(&self, blocks: &[crate::multi_batch_header::MultiBatchHeader<agglayer_primitives::keccak::Keccak256Hasher>]) ->...
     |        ^^^^^^^^^^^^^^^^^^
...
1037 |     fn build_merkle_tree(&self, blocks: &[crate::multi_batch_header::MultiBatchHeader<agglayer_primitives::keccak::Keccak256Hasher>], b: ...
     |        ^^^^^^^^^^^^^^^^^
...
1104 |     fn calculate_tree_height(&self, num_blocks: usize, b: usize) -> usize {
     |        ^^^^^^^^^^^^^^^^^^^^^
...
1113 |     fn compute_root_from_blocks(
     |        ^^^^^^^^^^^^^^^^^^^^^^^^

warning: method `reconstruct_block_from_bytes` is never used
   --> crates/pessimistic-proof-core/src/lmtr4.rs:241:8
    |
 27 | impl Lmtr4Algorithm {
    | ------------------- method in this implementation
...
241 |     fn reconstruct_block_from_bytes(&self, bytes: &[u8]) -> Result<crate::multi_batch_header::MultiBatchHeader<agglayer_primitives::kecca...
    |        ^^^^^^^^^^^^^^^^^^^^^^^^^^^^

warning: struct `BlockchainMerkleProof` is never constructed
  --> crates/pessimistic-proof-core/src/sabv5.rs:48:8
   |
48 | struct BlockchainMerkleProof {
   |        ^^^^^^^^^^^^^^^^^^^^^

warning: fields `shard_index` and `round` are never read
  --> crates/pessimistic-proof-core/src/sabv5.rs:60:9
   |
57 | struct MPCShareMessage {
   |        --------------- fields in this struct
...
60 |     pub shard_index: usize,
   |         ^^^^^^^^^^^
61 |     pub share: (f64, f64), // (x, y) = share point
62 |     pub round: u64,
   |         ^^^^^
   |
   = note: `MPCShareMessage` has derived impls for the traits `Clone` and `Debug`, but these are intentionally ignored during dead code analysis

warning: field `consensus_reached` is never read
  --> crates/pessimistic-proof-core/src/sabv5.rs:70:9
   |
67 | struct MPCNetworkState {
   |        --------------- field in this struct
...
70 |     pub consensus_reached: bool,
   |         ^^^^^^^^^^^^^^^^^
   |
   = note: `MPCNetworkState` has a derived impl for the trait `Debug`, but this is intentionally ignored during dead code analysis

warning: field `validators` is never read
  --> crates/pessimistic-proof-core/src/sabv5.rs:77:5
   |
75 | pub struct Sabv5Algorithm {
   |            -------------- field in this struct
76 |     config: Sabv5Config,
77 |     validators: Vec<ValidatorNode>,
   |     ^^^^^^^^^^
   |
   = note: `Sabv5Algorithm` has a derived impl for the trait `Debug`, but this is intentionally ignored during dead code analysis

warning: multiple methods are never used
    --> crates/pessimistic-proof-core/src/sabv5.rs:696:8
     |
  81 | impl Sabv5Algorithm {
     | ------------------- methods in this implementation
...
 696 |     fn construct_local_cc_mbmt(
     |        ^^^^^^^^^^^^^^^^^^^^^^^
...
 774 |     fn verify_integrity_with_blocks(&self, computed_root: &Digest, expected_root: &agglayer_primitives::Digest, blocks: &[crate::multi_ba...
     |        ^^^^^^^^^^^^^^^^^^^^^^^^^^^^
...
 822 |     fn verify_blockchain_signature_real(&self, computed_root: &Digest, expected_root: &agglayer_primitives::Digest, signature: &agglayer_...
     |        ^^^^^^^^^^^^^^^^^^^^^^^^^^^^^^^^
...
 837 |     fn extract_blockchain_public_key(&self, computed_bytes: &[u8]) -> Result<Vec<u8>, ProofError> {
     |        ^^^^^^^^^^^^^^^^^^^^^^^^^^^^^
...
 848 |     fn validate_blockchain_signature(&self, signature: &[u8], public_key: &[u8]) -> Result<bool, ProofError> {
     |        ^^^^^^^^^^^^^^^^^^^^^^^^^^^^^
...
 867 |     fn verify_merkle_proof(&self, computed_root: &Digest, expected_root: &agglayer_primitives::Digest) -> Result<bool, ProofError> {
     |        ^^^^^^^^^^^^^^^^^^^
...
 901 |     fn extract_blockchain_merkle_proof(&self, computed_root: &Digest, expected_root: &agglayer_primitives::Digest) -> Result<BlockchainMe...
     |        ^^^^^^^^^^^^^^^^^^^^^^^^^^^^^^^
...
 936 |     fn validate_blockchain_proof(&self, proof: &BlockchainMerkleProof) -> Result<bool, ProofError> {
     |        ^^^^^^^^^^^^^^^^^^^^^^^^^
...
 963 |     fn verify_hash_chain(&self, computed_bytes: &[u8], expected_bytes: &[u8]) -> Result<bool, ProofError> {
     |        ^^^^^^^^^^^^^^^^^
...
 991 |     fn verify_timestamp_freshness(&self) -> Result<bool, ProofError> {
     |        ^^^^^^^^^^^^^^^^^^^^^^^^^^
...
1003 |     fn verify_nonce_uniqueness(&self, computed_bytes: &[u8], expected_bytes: &[u8]) -> Result<bool, ProofError> {
     |        ^^^^^^^^^^^^^^^^^^^^^^^
...
1033 |     fn verify_zero_knowledge_proof(&self, computed_root: &Digest, expected_root: &agglayer_primitives::Digest) -> Result<bool, ProofError> {
     |        ^^^^^^^^^^^^^^^^^^^^^^^^^^^
...
1072 |     fn calculate_signature_strength(&self, signature_bytes: &[u8]) -> f64 {
     |        ^^^^^^^^^^^^^^^^^^^^^^^^^^^^
...
1169 |     fn calculate_entropy(&self, data: &[u8]) -> f64 {
     |        ^^^^^^^^^^^^^^^^^
...
1261 |     fn build_merkle_tree(&self, blocks: &[crate::multi_batch_header::MultiBatchHeader<agglayer_primitives::keccak::Keccak256Hasher>], b: ...
     |        ^^^^^^^^^^^^^^^^^
...
1328 |     fn calculate_tree_height(&self, num_blocks: usize, b: usize) -> usize {
     |        ^^^^^^^^^^^^^^^^^^^^^
...
1349 |     fn compute_root_from_blocks(
     |        ^^^^^^^^^^^^^^^^^^^^^^^^

warning: `pessimistic-proof-core` (lib) generated 58 warnings (run `cargo fix --lib -p pessimistic-proof-core` to apply 12 suggestions)
warning: unused import: `rayon::ThreadPoolBuilder`
 --> crates/pessimistic-proof-test-suite/src/bin/ppgen_sabv_lmtr5.rs:6:5
  |
6 | use rayon::ThreadPoolBuilder;
  |     ^^^^^^^^^^^^^^^^^^^^^^^^
  |
  = note: `#[warn(unused_imports)]` on by default

warning: value assigned to `current_state` is never read
   --> crates/pessimistic-proof-test-suite/src/bin/ppgen_sabv_lmtr5.rs:133:9
    |
133 |         current_state = block_state.state_b.clone();
    |         ^^^^^^^^^^^^^
    |
    = help: maybe it is overwritten before being read?
    = note: `#[warn(unused_assignments)]` on by default

warning: unused variable: `vk`
   --> crates/pessimistic-proof-test-suite/src/bin/ppgen_sabv_lmtr5.rs:294:24
    |
294 |             Ok((proof, vk, new_roots)) => {
    |                        ^^ help: if this is intentional, prefix it with an underscore: `_vk`
    |
    = note: `#[warn(unused_variables)]` on by default

warning: unused variable: `new_roots`
   --> crates/pessimistic-proof-test-suite/src/bin/ppgen_sabv_lmtr5.rs:294:28
    |
294 |             Ok((proof, vk, new_roots)) => {
    |                            ^^^^^^^^^ help: if this is intentional, prefix it with an underscore: `_new_roots`

warning: variable does not need to be mutable
  --> crates/pessimistic-proof-test-suite/src/bin/ppgen_sabv_lmtr5.rs:72:9
   |
72 |     let mut state = data::sample_state_00();
   |         ----^^^^^
   |         |
   |         help: remove this `mut`
   |
   = note: `#[warn(unused_mut)]` on by default

warning: `pessimistic-proof-test-suite` (bin "ppgen_sabv_lmtr5") generated 5 warnings (run `cargo fix --bin "ppgen_sabv_lmtr5"` to apply 2 suggestions)
    Finished `release` profile [optimized] target(s) in 3.48s
     Running `target/release/ppgen_sabv_lmtr5 --n-exits 500 --validator-nodes 5 --proof-dir /home/ubuntu/thanhhuyen/proofs/v5/n500_run4`
🔍 SABV5: Starting Algorithm 1 - Verify Aggregated Blocks Integrity
   Input: N=500 blocks, branching_factor=3, validators=5
   📐 Optimal height calculation: log_3(500) + 1 = 7
🎯 V5: Calculated optimal htarget = 7 for N=500, b=3
📊 Computed expected root from 500 ORIGINAL blocks (before rebalancing): e0d8255704cbb2e49fb6af35a9c8682ea98d9fec8b3dddf69a153c14ec64a6e2 (height=7)
📊 SABV5: Calculated j* = 6 with variance = 0.0000
✅ Step 1: Optimal sharding size j* = 6 (shard_size = 3^6 = 729)
📦 SABV5: Created 1 shards (0 full + 1 remainder)
✅ Step 2: Partitioned 500 blocks into 1 shards (shard_size = 729)
📡 SABV5: REAL MPC Network - 5 validators broadcast shares, 5 received sufficient shares
🔐 SABV5: REAL Shamir secret sharing - Secret: 0.297249, Reconstructed: 0.297249, Match: true
   Polynomial degree: 2, Shares: 5, Threshold: 3/5
   Validator 4 assigned with share value: 10.534045
✅ Step 3: Secret sharing applied (threshold k=3/5)
📊 Step 4: Rebalancing shards with LMTR4 (Algorithm 2)...
🔧 LMTR4: Starting Algorithm 2 rebalancing for 500 blocks
📊 LMTR4: Initial state - Ni = 500, b = 3, htarget = 7
🔄 LMTR4: Fixed branch imbalance by appending last block - Ni = 501
✅ LMTR4: Rebalancing complete - Final Ni = 501, height = 7
   ✅ Shard 0 (validator 4) - 500 → 501 blocks, height=7
🌳 Step 5a: Building REAL Local CC-MBMT from rebalanced blocks...
   ✅ Validator 4 built REAL local CC-MBMT (shard 0) - 501 blocks → tree height=7
🔗 SABV5: Merged 1 local CC-MBMTs into global CC-MBMT using REAL tree structure
✅ Step 5b: Merged 1 local CC-MBMTs into global root r
✅ Step 6: Computed alternative root r' (from rebalanced blocks) using SAME Merkle tree method as Step 5a
   Using 501 rebalanced blocks, tree height=7
✅ Step 6b: Using r' (from original blocks) = expected_root_from_original_blocks for CHECK 2
🔐 Step 7: Verifying integrity and detecting fraud...
   r  (from merged local trees, rebalanced): ea72c7241796e2dd5baeb1be746e3080657bcf98151c49b9f3a96d90e22ab129
   r' (from all rebalanced blocks):           ea72c7241796e2dd5baeb1be746e3080657bcf98151c49b9f3a96d90e22ab129
   r' (from original blocks):                 e0d8255704cbb2e49fb6af35a9c8682ea98d9fec8b3dddf69a153c14ec64a6e2
   Note: r' (from original) will be compared with r (from rebalanced) in CHECK 2
   ✅ Check 1: r == r' (from rebalanced blocks)? true (internal consistency)
   📊 Block counts: original=500, rebalanced=501
   🔍 Check 2 (rebalancing changed block count):
      • Unique blocks in rebalanced: 500
      • Original blocks: 500
      • All original blocks present: true
      • No extra blocks: true
      • Content preserved: true
   ✅ Check 2: Content preserved (only structure changed) - PASSED
✅ SABV5: Verification PASSED - All checks passed
   ✅ Check 1: r == r' (from rebalanced blocks) - internal consistency verified
   ✅ Check 2: r' (from original blocks) == r (from rebalanced blocks) - rebalancing integrity verified
   ✅ Algorithm integrity: SABV5 + LMTR4 working as designed
   ✅ No fraud detected - blocks are consistent and rebalancing preserved content
2025-11-12T05:32:12.765695Z  INFO prove_core: clk = 0 pc = 0x201504
2025-11-12T05:32:13.309403Z  INFO prove_core: clk = 0 pc = 0x201504
2025-11-12T05:32:13.389425Z  INFO prove_core: clk = 10000000 pc = 0x20885c
2025-11-12T05:32:13.982077Z  INFO prove_core: clk = 20000000 pc = 0x205a38
2025-11-12T05:32:14.568080Z  INFO prove_core: clk = 30000000 pc = 0x2043d0
2025-11-12T05:32:14.653427Z  INFO prove_core: clk = 10000000 pc = 0x20885c
2025-11-12T05:32:15.162190Z  INFO prove_core: clk = 40000000 pc = 0x2060cc
2025-11-12T05:32:15.760306Z  INFO prove_core: clk = 50000000 pc = 0x205f04
2025-11-12T05:32:16.020157Z  INFO prove_core: clk = 20000000 pc = 0x205a38
2025-11-12T05:32:16.460771Z  INFO prove_core: clk = 60000000 pc = 0x2011f0
2025-11-12T05:32:17.064613Z  INFO prove_core: clk = 70000000 pc = 0x231250
2025-11-12T05:32:17.366852Z  INFO prove_core: clk = 30000000 pc = 0x2043d0
2025-11-12T05:32:17.605743Z  INFO prove_core: clk = 60000000 pc = 0x2011f0
2025-11-12T05:32:17.700726Z  INFO prove_core: clk = 80000000 pc = 0x201234
2025-11-12T05:32:18.316927Z  INFO prove_core: clk = 90000000 pc = 0x231254
2025-11-12T05:32:18.614578Z  INFO prove_core: clk = 40000000 pc = 0x2060cc
2025-11-12T05:32:18.950571Z  INFO prove_core: clk = 100000000 pc = 0x2313c8
2025-11-12T05:32:21.677059Z  INFO prove_core: clk = 50000000 pc = 0x205f04
2025-11-12T05:32:21.718567Z  INFO prove_core: clk = 110000000 pc = 0x201238
2025-11-12T05:32:24.104297Z  INFO prove_core:generate main traces: close time.busy=5.20s time.idle=7.56µs index=0
2025-11-12T05:32:24.539548Z  INFO prove_core: clk = 120000000 pc = 0x2013d8
2025-11-12T05:32:26.181716Z  INFO prove_core: clk = 130000000 pc = 0x231250
2025-11-12T05:32:27.486588Z  INFO prove_core: clk = 70000000 pc = 0x231250
2025-11-12T05:32:27.927304Z  INFO prove_core: clk = 140000000 pc = 0x201098
2025-11-12T05:32:30.111922Z  INFO prove_core: clk = 150000000 pc = 0x201228
2025-11-12T05:32:31.955148Z  INFO prove_core: clk = 160000000 pc = 0x2010e4
2025-11-12T05:32:34.239487Z  INFO prove_core: clk = 170000000 pc = 0x23124c
2025-11-12T05:32:35.827970Z  INFO prove_core:generate main traces: close time.busy=7.43s time.idle=7.97µs index=1
2025-11-12T05:32:35.893298Z  INFO prove_core: clk = 180000000 pc = 0x2312b4
2025-11-12T05:32:42.508518Z  INFO prove_core: clk = 80000000 pc = 0x201234
2025-11-12T05:32:55.676875Z  INFO prove_core:generate main traces: close time.busy=10.4s time.idle=8.47µs index=2
Command terminated by signal 9
	Command being timed: "cargo run --release -p pessimistic-proof-test-suite --bin ppgen_sabv_lmtr5 -- --n-exits 500 --validator-nodes 5 --proof-dir /home/ubuntu/thanhhuyen/proofs/v5/n500_run4"
	User time (seconds): 10474.10
	System time (seconds): 463.97
	Percent of CPU this job got: 1442%
	Elapsed (wall clock) time (h:mm:ss or m:ss): 12:38.39
	Average shared text size (kbytes): 0
	Average unshared data size (kbytes): 0
	Average stack size (kbytes): 0
	Average total size (kbytes): 0
	Maximum resident set size (kbytes): 64678164
	Average resident set size (kbytes): 0
	Major (requiring I/O) page faults: 2311
	Minor (reclaiming a frame) page faults: 36647479
	Voluntary context switches: 68370
	Involuntary context switches: 138112
	Swaps: 0
	File system inputs: 409664
	File system outputs: 59768
	Socket messages sent: 0
	Socket messages received: 0
	Signals delivered: 0
	Page size (bytes): 4096
	Exit status: 0

━━━━━━━━━━━━━━━━━━━━━━━━━━━━━━━━━━━━━━━━━━━━━━━━━━━━━━━━━━━━
📊 N=500, Run 4/5 Results
━━━━━━━━━━━━━━━━━━━━━━━━━━━━━━━━━━━━━━━━━━━━━━━━━━━━━━━━━━━━
   Duration: 759s (12m 39s)
   Exit code: 137

   📊 Resource Usage:
      ❌ Process bị KILL (signal 9) - có thể do OOM
      💡 Xem log chi tiết: tail -50 /home/ubuntu/thanhhuyen/logs/v5/v5_n500_run4_20251112_053159.log
      💾 Maximum RAM: 61.68 GB (64678164 KB)
      ⚡ CPU Usage: this%
   ❌ Proof file: KHÔNG CÓ (có thể bị kill hoặc chưa xong)
   ⚠️  Process có thể bị kill bởi OOM

   📁 Log: /home/ubuntu/thanhhuyen/logs/v5/v5_n500_run4_20251112_053159.log
   📁 Proof: /home/ubuntu/thanhhuyen/proofs/v5/n500_run4

✅ Completed iteration 4/5 (N=100 → N=500)

════════════════════════════════════════════════════════════════════════════
🔄 LẦN LẶP 5/5: N=100 → N=500
════════════════════════════════════════════════════════════════════════════
━━━━━━━━━━━━━━━━━━━━━━━━━━━━━━━━━━━━━━━━━━━━━━━━━━━━━━━━━━━━
📊 Lần lặp 5/5 - Running N=100 at 2025-11-12 05:44:40
━━━━━━━━━━━━━━━━━━━━━━━━━━━━━━━━━━━━━━━━━━━━━━━━━━━━━━━━━━━━

   ⚙️  Config: SHARD_BATCH_SIZE=6, TRACE_GEN_WORKERS=12 (N=100) - GIẢM MEMORY
   ⚙️  RAYON_NUM_THREADS=16
   ⚙️  Expected CPU usage: ~1200-1600% (vẫn cao nhưng giảm memory)
   ⚙️  ⚠️  GIẢM MEMORY để tránh OOM kill

   📁 Log: /home/ubuntu/thanhhuyen/logs/v5/v5_n100_run5_20251112_054440.log
   📁 Proof dir: /home/ubuntu/thanhhuyen/proofs/v5/n100_run5

warning: unused import: `keccak::Keccak256Hasher`
 --> crates/pessimistic-proof-core/src/sabv2.rs:2:35
  |
2 | use agglayer_primitives::{Digest, keccak::Keccak256Hasher};
  |                                   ^^^^^^^^^^^^^^^^^^^^^^^
  |
  = note: `#[warn(unused_imports)]` on by default

warning: unused import: `keccak::Keccak256Hasher`
 --> crates/pessimistic-proof-core/src/lmtr2.rs:2:35
  |
2 | use agglayer_primitives::{Digest, keccak::Keccak256Hasher};
  |                                   ^^^^^^^^^^^^^^^^^^^^^^^

warning: unused import: `keccak::Keccak256Hasher`
 --> crates/pessimistic-proof-core/src/sabv3.rs:2:35
  |
2 | use agglayer_primitives::{Digest, keccak::Keccak256Hasher};
  |                                   ^^^^^^^^^^^^^^^^^^^^^^^

warning: unused import: `keccak::Keccak256Hasher`
 --> crates/pessimistic-proof-core/src/lmtr3.rs:2:35
  |
2 | use agglayer_primitives::{Digest, keccak::Keccak256Hasher};
  |                                   ^^^^^^^^^^^^^^^^^^^^^^^

warning: unused import: `keccak::Keccak256Hasher`
 --> crates/pessimistic-proof-core/src/sabv4.rs:2:35
  |
2 | use agglayer_primitives::{Digest, keccak::Keccak256Hasher};
  |                                   ^^^^^^^^^^^^^^^^^^^^^^^

warning: unused import: `keccak::Keccak256Hasher`
 --> crates/pessimistic-proof-core/src/lmtr4.rs:2:35
  |
2 | use agglayer_primitives::{Digest, keccak::Keccak256Hasher};
  |                                   ^^^^^^^^^^^^^^^^^^^^^^^

warning: unused imports: `BridgeExit`, `ImportedBridgeExit`, `NetworkId`, and `TokenInfo`
   --> crates/pessimistic-proof-core/src/lmtr4.rs:245:30
    |
245 |         use unified_bridge::{BridgeExit, ImportedBridgeExit, NetworkId, TokenInfo};
    |                              ^^^^^^^^^^  ^^^^^^^^^^^^^^^^^^  ^^^^^^^^^  ^^^^^^^^^

warning: unused import: `agglayer_primitives::U256`
   --> crates/pessimistic-proof-core/src/lmtr4.rs:247:13
    |
247 |         use agglayer_primitives::U256;
    |             ^^^^^^^^^^^^^^^^^^^^^^^^^

warning: unused import: `crate::nullifier_tree::NullifierPath`
   --> crates/pessimistic-proof-core/src/lmtr4.rs:248:13
    |
248 |         use crate::nullifier_tree::NullifierPath;
    |             ^^^^^^^^^^^^^^^^^^^^^^^^^^^^^^^^^^^^

warning: unused import: `crate::local_balance_tree::LocalBalancePath`
   --> crates/pessimistic-proof-core/src/lmtr4.rs:249:13
    |
249 |         use crate::local_balance_tree::LocalBalancePath;
    |             ^^^^^^^^^^^^^^^^^^^^^^^^^^^^^^^^^^^^^^^^^^^

warning: unused import: `crate::aggchain_proof::AggchainData`
   --> crates/pessimistic-proof-core/src/lmtr4.rs:250:13
    |
250 |         use crate::aggchain_proof::AggchainData;
    |             ^^^^^^^^^^^^^^^^^^^^^^^^^^^^^^^^^^^

warning: unused import: `keccak::Keccak256Hasher`
 --> crates/pessimistic-proof-core/src/sabv5.rs:2:35
  |
2 | use agglayer_primitives::{Digest, keccak::Keccak256Hasher};
  |                                   ^^^^^^^^^^^^^^^^^^^^^^^

warning: unused variable: `branching_factor`
  --> crates/pessimistic-proof-core/src/lmtr.rs:31:9
   |
31 |         branching_factor: usize,
   |         ^^^^^^^^^^^^^^^^ help: if this is intentional, prefix it with an underscore: `_branching_factor`
   |
   = note: `#[warn(unused_variables)]` on by default

warning: unused variable: `block`
  --> crates/pessimistic-proof-core/src/sabv2.rs:72:13
   |
72 |         for block in blocks {
   |             ^^^^^ help: if this is intentional, prefix it with an underscore: `_block`

warning: unused variable: `consensus_result`
  --> crates/pessimistic-proof-core/src/sabv2.rs:79:13
   |
79 |         let consensus_result = self.run_consensus_mechanism(blocks, validator_nodes)?;
   |             ^^^^^^^^^^^^^^^^ help: if this is intentional, prefix it with an underscore: `_consensus_result`

warning: unused variable: `global_root`
  --> crates/pessimistic-proof-core/src/sabv2.rs:63:9
   |
63 |         global_root: &agglayer_primitives::Digest,
   |         ^^^^^^^^^^^ help: if this is intentional, prefix it with an underscore: `_global_root`

warning: unused variable: `computed_hash`
   --> crates/pessimistic-proof-core/src/sabv2.rs:136:13
    |
136 |         let computed_hash = Keccak256::digest(&block_data);
    |             ^^^^^^^^^^^^^ help: if this is intentional, prefix it with an underscore: `_computed_hash`

warning: unused variable: `declared_hash`
   --> crates/pessimistic-proof-core/src/sabv2.rs:139:13
    |
139 |         let declared_hash = self.get_block_declared_hash(block)?;
    |             ^^^^^^^^^^^^^ help: if this is intentional, prefix it with an underscore: `_declared_hash`

warning: unused variable: `block`
   --> crates/pessimistic-proof-core/src/sabv2.rs:229:32
    |
229 |     fn get_block_height(&self, block: &crate::multi_batch_header::MultiBatchHeader<agglayer_primitives::keccak::Keccak256Hasher>) -> Resu...
    |                                ^^^^^ help: if this is intentional, prefix it with an underscore: `_block`

warning: unused variable: `block`
   --> crates/pessimistic-proof-core/src/sabv2.rs:241:39
    |
241 |     fn get_block_declared_hash(&self, block: &crate::multi_batch_header::MultiBatchHeader<agglayer_primitives::keccak::Keccak256Hasher>) ...
    |                                       ^^^^^ help: if this is intentional, prefix it with an underscore: `_block`

warning: unused variable: `block`
   --> crates/pessimistic-proof-core/src/sabv2.rs:247:32
    |
247 |     fn get_block_signer(&self, block: &crate::multi_batch_header::MultiBatchHeader<agglayer_primitives::keccak::Keccak256Hasher>) -> Resu...
    |                                ^^^^^ help: if this is intentional, prefix it with an underscore: `_block`

warning: unused variable: `block`
   --> crates/pessimistic-proof-core/src/sabv2.rs:257:35
    |
257 |     fn get_block_signature(&self, block: &crate::multi_batch_header::MultiBatchHeader<agglayer_primitives::keccak::Keccak256Hasher>) -> R...
    |                                   ^^^^^ help: if this is intentional, prefix it with an underscore: `_block`

warning: unused variable: `hash`
   --> crates/pessimistic-proof-core/src/sabv2.rs:274:13
    |
274 |         let hash = Keccak256::digest(&block_data);
    |             ^^^^ help: if this is intentional, prefix it with an underscore: `_hash`

warning: unused variable: `block`
   --> crates/pessimistic-proof-core/src/sabv2.rs:295:35
    |
295 |     fn estimate_block_size(&self, block: &crate::multi_batch_header::MultiBatchHeader<agglayer_primitives::keccak::Keccak256Hasher>) -> R...
    |                                   ^^^^^ help: if this is intentional, prefix it with an underscore: `_block`

warning: unused variable: `i`
   --> crates/pessimistic-proof-core/src/lmtr2.rs:144:14
    |
144 |         for (i, block) in blocks.iter().enumerate() {
    |              ^ help: if this is intentional, prefix it with an underscore: `_i`

warning: unused variable: `leaf_hash`
   --> crates/pessimistic-proof-core/src/lmtr2.rs:146:17
    |
146 |             let leaf_hash = Keccak256::digest(&block_data);
    |                 ^^^^^^^^^ help: if this is intentional, prefix it with an underscore: `_leaf_hash`

warning: unused variable: `current_efficiency`
   --> crates/pessimistic-proof-core/src/lmtr2.rs:179:13
    |
179 |         let current_efficiency = self.calculate_tree_efficiency(num_blocks, branching_factor)?;
    |             ^^^^^^^^^^^^^^^^^^ help: if this is intentional, prefix it with an underscore: `_current_efficiency`

warning: unused variable: `new_hash`
   --> crates/pessimistic-proof-core/src/lmtr2.rs:229:21
    |
229 |                 let new_hash = Keccak256::digest(&optimized_data);
    |                     ^^^^^^^^ help: if this is intentional, prefix it with an underscore: `_new_hash`

warning: unused variable: `optimal_config`
   --> crates/pessimistic-proof-core/src/lmtr2.rs:217:9
    |
217 |         optimal_config: &OptimalConfig,
    |         ^^^^^^^^^^^^^^ help: if this is intentional, prefix it with an underscore: `_optimal_config`

warning: unused variable: `parent_hash`
   --> crates/pessimistic-proof-core/src/lmtr2.rs:312:21
    |
312 |                 let parent_hash = Keccak256::digest(&parent_data);
    |                     ^^^^^^^^^^^ help: if this is intentional, prefix it with an underscore: `_parent_hash`

warning: unused variable: `tree`
   --> crates/pessimistic-proof-core/src/lmtr2.rs:399:136
    |
399 | ...ves::keccak::Keccak256Hasher>, tree: &MerkleTree) -> Result<crate::multi_batch_header::MultiBatchHeader<agglayer_primitives::keccak::K...
    |                                   ^^^^ help: if this is intentional, prefix it with an underscore: `_tree`

warning: unused variable: `j_star`
   --> crates/pessimistic-proof-core/src/sabv3.rs:306:9
    |
306 |         j_star: usize,
    |         ^^^^^^ help: if this is intentional, prefix it with an underscore: `_j_star`

warning: unused variable: `j_star`
   --> crates/pessimistic-proof-core/src/sabv4.rs:496:9
    |
496 |         j_star: usize,
    |         ^^^^^^ help: if this is intentional, prefix it with an underscore: `_j_star`

warning: unused variable: `expected_root`
   --> crates/pessimistic-proof-core/src/sabv4.rs:603:72
    |
603 | ...mputed_root: &Digest, expected_root: &agglayer_primitives::Digest, signature: &agglayer_primitives::Signature, signer: &agglayer_primi...
    |                          ^^^^^^^^^^^^^ help: if this is intentional, prefix it with an underscore: `_expected_root`

warning: unused variable: `expected_bytes`
   --> crates/pessimistic-proof-core/src/sabv4.rs:744:56
    |
744 |     fn verify_hash_chain(&self, computed_bytes: &[u8], expected_bytes: &[u8]) -> Result<bool, ProofError> {
    |                                                        ^^^^^^^^^^^^^^ help: if this is intentional, prefix it with an underscore: `_expected_bytes`

warning: unused variable: `global_root`
   --> crates/pessimistic-proof-core/src/sabv5.rs:138:9
    |
138 |         global_root: &agglayer_primitives::Digest,
    |         ^^^^^^^^^^^ help: if this is intentional, prefix it with an underscore: `_global_root`

warning: value assigned to `local_trees` is never read
   --> crates/pessimistic-proof-core/src/sabv5.rs:702:17
    |
702 |         let mut local_trees = Vec::new();
    |                 ^^^^^^^^^^^
    |
    = help: maybe it is overwritten before being read?
    = note: `#[warn(unused_assignments)]` on by default

warning: unused variable: `j_star`
   --> crates/pessimistic-proof-core/src/sabv5.rs:699:9
    |
699 |         j_star: usize,
    |         ^^^^^^ help: if this is intentional, prefix it with an underscore: `_j_star`

warning: unused variable: `expected_root`
   --> crates/pessimistic-proof-core/src/sabv5.rs:822:72
    |
822 | ...mputed_root: &Digest, expected_root: &agglayer_primitives::Digest, signature: &agglayer_primitives::Signature, signer: &agglayer_primi...
    |                          ^^^^^^^^^^^^^ help: if this is intentional, prefix it with an underscore: `_expected_root`

warning: unused variable: `expected_bytes`
   --> crates/pessimistic-proof-core/src/sabv5.rs:963:56
    |
963 |     fn verify_hash_chain(&self, computed_bytes: &[u8], expected_bytes: &[u8]) -> Result<bool, ProofError> {
    |                                                        ^^^^^^^^^^^^^^ help: if this is intentional, prefix it with an underscore: `_expected_bytes`

warning: field `config` is never read
  --> crates/pessimistic-proof-core/src/sabv.rs:13:5
   |
12 | pub struct SabvAlgorithm {
   |            ------------- field in this struct
13 |     config: SabvConfig,
   |     ^^^^^^
   |
   = note: `SabvAlgorithm` has derived impls for the traits `Clone` and `Debug`, but these are intentionally ignored during dead code analysis
   = note: `#[warn(dead_code)]` on by default

warning: field `config` is never read
  --> crates/pessimistic-proof-core/src/lmtr.rs:12:5
   |
11 | pub struct LmtrAlgorithm {
   |            ------------- field in this struct
12 |     config: LmtrConfig,
   |     ^^^^^^
   |
   = note: `LmtrAlgorithm` has derived impls for the traits `Clone` and `Debug`, but these are intentionally ignored during dead code analysis

warning: fields `config` and `consensus_messages` are never read
  --> crates/pessimistic-proof-core/src/sabv2.rs:34:5
   |
33 | pub struct Sabv2Algorithm {
   |            -------------- fields in this struct
34 |     config: Sabv2Config,
   |     ^^^^^^
35 |     validators: Vec<ValidatorNode>,
36 |     consensus_messages: HashMap<Digest, Vec<ConsensusMessage>>,
   |     ^^^^^^^^^^^^^^^^^^
   |
   = note: `Sabv2Algorithm` has derived impls for the traits `Clone` and `Debug`, but these are intentionally ignored during dead code analysis

warning: multiple methods are never used
   --> crates/pessimistic-proof-core/src/sabv2.rs:89:8
    |
 39 | impl Sabv2Algorithm {
    | ------------------- methods in this implementation
...
 89 |     fn validate_block_cryptography(
    |        ^^^^^^^^^^^^^^^^^^^^^^^^^^^
...
112 |     fn verify_merkle_tree_structure(
    |        ^^^^^^^^^^^^^^^^^^^^^^^^^^^^
...
130 |     fn verify_hash_integrity(
    |        ^^^^^^^^^^^^^^^^^^^^^
...
149 |     fn verify_signature_validity(
    |        ^^^^^^^^^^^^^^^^^^^^^^^^^
...
204 |     fn verify_consensus_threshold(
    |        ^^^^^^^^^^^^^^^^^^^^^^^^^^
...
222 |     fn calculate_optimal_height(&self, block: &crate::multi_batch_header::MultiBatchHeader<agglayer_primitives::keccak::Keccak256Hasher>)...
    |        ^^^^^^^^^^^^^^^^^^^^^^^^
...
229 |     fn get_block_height(&self, block: &crate::multi_batch_header::MultiBatchHeader<agglayer_primitives::keccak::Keccak256Hasher>) -> Resu...
    |        ^^^^^^^^^^^^^^^^
...
241 |     fn get_block_declared_hash(&self, block: &crate::multi_batch_header::MultiBatchHeader<agglayer_primitives::keccak::Keccak256Hasher>) ...
    |        ^^^^^^^^^^^^^^^^^^^^^^^
...
247 |     fn get_block_signer(&self, block: &crate::multi_batch_header::MultiBatchHeader<agglayer_primitives::keccak::Keccak256Hasher>) -> Resu...
    |        ^^^^^^^^^^^^^^^^
...
252 |     fn get_block_message(&self, block: &crate::multi_batch_header::MultiBatchHeader<agglayer_primitives::keccak::Keccak256Hasher>) -> Res...
    |        ^^^^^^^^^^^^^^^^^
...
257 |     fn get_block_signature(&self, block: &crate::multi_batch_header::MultiBatchHeader<agglayer_primitives::keccak::Keccak256Hasher>) -> R...
    |        ^^^^^^^^^^^^^^^^^^^
...
262 |     fn compute_expected_signature(&self, signer: &str, message: &[u8]) -> Result<String, ProofError> {
    |        ^^^^^^^^^^^^^^^^^^^^^^^^^^
...
295 |     fn estimate_block_size(&self, block: &crate::multi_batch_header::MultiBatchHeader<agglayer_primitives::keccak::Keccak256Hasher>) -> R...
    |        ^^^^^^^^^^^^^^^^^^^

warning: field `tree_cache` is never read
  --> crates/pessimistic-proof-core/src/lmtr2.rs:53:5
   |
51 | pub struct Lmtr2Algorithm {
   |            -------------- field in this struct
52 |     config: Lmtr2Config,
53 |     tree_cache: HashMap<Digest, MerkleTree>,
   |     ^^^^^^^^^^
   |
   = note: `Lmtr2Algorithm` has derived impls for the traits `Clone` and `Debug`, but these are intentionally ignored during dead code analysis

warning: fields `branching_factor` and `rebalancing_cost` are never read
   --> crates/pessimistic-proof-core/src/lmtr2.rs:415:5
    |
413 | struct OptimalConfig {
    |        ------------- fields in this struct
414 |     optimal_height: usize,
415 |     branching_factor: usize,
    |     ^^^^^^^^^^^^^^^^
416 |     expected_efficiency: f64,
417 |     rebalancing_cost: u64,
    |     ^^^^^^^^^^^^^^^^
    |
    = note: `OptimalConfig` has derived impls for the traits `Clone` and `Debug`, but these are intentionally ignored during dead code analysis

warning: field `validators` is never read
  --> crates/pessimistic-proof-core/src/sabv3.rs:41:5
   |
39 | pub struct Sabv3Algorithm {
   |            -------------- field in this struct
40 |     config: Sabv3Config,
41 |     validators: Vec<ValidatorNode>,
   |     ^^^^^^^^^^
   |
   = note: `Sabv3Algorithm` has derived impls for the traits `Clone` and `Debug`, but these are intentionally ignored during dead code analysis

warning: struct `BlockchainMerkleProof` is never constructed
  --> crates/pessimistic-proof-core/src/sabv4.rs:38:8
   |
38 | struct BlockchainMerkleProof {
   |        ^^^^^^^^^^^^^^^^^^^^^

warning: fields `shard_index` and `round` are never read
  --> crates/pessimistic-proof-core/src/sabv4.rs:50:9
   |
47 | struct MPCShareMessage {
   |        --------------- fields in this struct
...
50 |     pub shard_index: usize,
   |         ^^^^^^^^^^^
51 |     pub share: (f64, f64), // (x, y) = share point
52 |     pub round: u64,
   |         ^^^^^
   |
   = note: `MPCShareMessage` has derived impls for the traits `Clone` and `Debug`, but these are intentionally ignored during dead code analysis

warning: field `consensus_reached` is never read
  --> crates/pessimistic-proof-core/src/sabv4.rs:60:9
   |
57 | struct MPCNetworkState {
   |        --------------- field in this struct
...
60 |     pub consensus_reached: bool,
   |         ^^^^^^^^^^^^^^^^^
   |
   = note: `MPCNetworkState` has a derived impl for the trait `Debug`, but this is intentionally ignored during dead code analysis

warning: field `validators` is never read
  --> crates/pessimistic-proof-core/src/sabv4.rs:67:5
   |
65 | pub struct Sabv4Algorithm {
   |            -------------- field in this struct
66 |     config: Sabv4Config,
67 |     validators: Vec<ValidatorNode>,
   |     ^^^^^^^^^^
   |
   = note: `Sabv4Algorithm` has a derived impl for the trait `Debug`, but this is intentionally ignored during dead code analysis

warning: multiple methods are never used
    --> crates/pessimistic-proof-core/src/sabv4.rs:493:8
     |
  71 | impl Sabv4Algorithm {
     | ------------------- methods in this implementation
...
 493 |     fn construct_local_cc_mbmt(
     |        ^^^^^^^^^^^^^^^^^^^^^^^
...
 564 |     fn verify_integrity_with_blocks(&self, computed_root: &Digest, expected_root: &agglayer_primitives::Digest, blocks: &[crate::multi_ba...
     |        ^^^^^^^^^^^^^^^^^^^^^^^^^^^^
...
 603 |     fn verify_blockchain_signature_real(&self, computed_root: &Digest, expected_root: &agglayer_primitives::Digest, signature: &agglayer_...
     |        ^^^^^^^^^^^^^^^^^^^^^^^^^^^^^^^^
...
 618 |     fn extract_blockchain_public_key(&self, computed_bytes: &[u8]) -> Result<Vec<u8>, ProofError> {
     |        ^^^^^^^^^^^^^^^^^^^^^^^^^^^^^
...
 629 |     fn validate_blockchain_signature(&self, signature: &[u8], public_key: &[u8]) -> Result<bool, ProofError> {
     |        ^^^^^^^^^^^^^^^^^^^^^^^^^^^^^
...
 648 |     fn verify_merkle_proof(&self, computed_root: &Digest, expected_root: &agglayer_primitives::Digest) -> Result<bool, ProofError> {
     |        ^^^^^^^^^^^^^^^^^^^
...
 682 |     fn extract_blockchain_merkle_proof(&self, computed_root: &Digest, expected_root: &agglayer_primitives::Digest) -> Result<BlockchainMe...
     |        ^^^^^^^^^^^^^^^^^^^^^^^^^^^^^^^
...
 717 |     fn validate_blockchain_proof(&self, proof: &BlockchainMerkleProof) -> Result<bool, ProofError> {
     |        ^^^^^^^^^^^^^^^^^^^^^^^^^
...
 744 |     fn verify_hash_chain(&self, computed_bytes: &[u8], expected_bytes: &[u8]) -> Result<bool, ProofError> {
     |        ^^^^^^^^^^^^^^^^^
...
 772 |     fn verify_timestamp_freshness(&self) -> Result<bool, ProofError> {
     |        ^^^^^^^^^^^^^^^^^^^^^^^^^^
...
 784 |     fn verify_nonce_uniqueness(&self, computed_bytes: &[u8], expected_bytes: &[u8]) -> Result<bool, ProofError> {
     |        ^^^^^^^^^^^^^^^^^^^^^^^
...
 814 |     fn verify_zero_knowledge_proof(&self, computed_root: &Digest, expected_root: &agglayer_primitives::Digest) -> Result<bool, ProofError> {
     |        ^^^^^^^^^^^^^^^^^^^^^^^^^^^
...
 853 |     fn calculate_signature_strength(&self, signature_bytes: &[u8]) -> f64 {
     |        ^^^^^^^^^^^^^^^^^^^^^^^^^^^^
...
 950 |     fn calculate_entropy(&self, data: &[u8]) -> f64 {
     |        ^^^^^^^^^^^^^^^^^
...
 970 |     fn compute_shard_hash(&self, blocks: &[crate::multi_batch_header::MultiBatchHeader<agglayer_primitives::keccak::Keccak256Hasher>]) ->...
     |        ^^^^^^^^^^^^^^^^^^
...
1037 |     fn build_merkle_tree(&self, blocks: &[crate::multi_batch_header::MultiBatchHeader<agglayer_primitives::keccak::Keccak256Hasher>], b: ...
     |        ^^^^^^^^^^^^^^^^^
...
1104 |     fn calculate_tree_height(&self, num_blocks: usize, b: usize) -> usize {
     |        ^^^^^^^^^^^^^^^^^^^^^
...
1113 |     fn compute_root_from_blocks(
     |        ^^^^^^^^^^^^^^^^^^^^^^^^

warning: method `reconstruct_block_from_bytes` is never used
   --> crates/pessimistic-proof-core/src/lmtr4.rs:241:8
    |
 27 | impl Lmtr4Algorithm {
    | ------------------- method in this implementation
...
241 |     fn reconstruct_block_from_bytes(&self, bytes: &[u8]) -> Result<crate::multi_batch_header::MultiBatchHeader<agglayer_primitives::kecca...
    |        ^^^^^^^^^^^^^^^^^^^^^^^^^^^^

warning: struct `BlockchainMerkleProof` is never constructed
  --> crates/pessimistic-proof-core/src/sabv5.rs:48:8
   |
48 | struct BlockchainMerkleProof {
   |        ^^^^^^^^^^^^^^^^^^^^^

warning: fields `shard_index` and `round` are never read
  --> crates/pessimistic-proof-core/src/sabv5.rs:60:9
   |
57 | struct MPCShareMessage {
   |        --------------- fields in this struct
...
60 |     pub shard_index: usize,
   |         ^^^^^^^^^^^
61 |     pub share: (f64, f64), // (x, y) = share point
62 |     pub round: u64,
   |         ^^^^^
   |
   = note: `MPCShareMessage` has derived impls for the traits `Clone` and `Debug`, but these are intentionally ignored during dead code analysis

warning: field `consensus_reached` is never read
  --> crates/pessimistic-proof-core/src/sabv5.rs:70:9
   |
67 | struct MPCNetworkState {
   |        --------------- field in this struct
...
70 |     pub consensus_reached: bool,
   |         ^^^^^^^^^^^^^^^^^
   |
   = note: `MPCNetworkState` has a derived impl for the trait `Debug`, but this is intentionally ignored during dead code analysis

warning: field `validators` is never read
  --> crates/pessimistic-proof-core/src/sabv5.rs:77:5
   |
75 | pub struct Sabv5Algorithm {
   |            -------------- field in this struct
76 |     config: Sabv5Config,
77 |     validators: Vec<ValidatorNode>,
   |     ^^^^^^^^^^
   |
   = note: `Sabv5Algorithm` has a derived impl for the trait `Debug`, but this is intentionally ignored during dead code analysis

warning: multiple methods are never used
    --> crates/pessimistic-proof-core/src/sabv5.rs:696:8
     |
  81 | impl Sabv5Algorithm {
     | ------------------- methods in this implementation
...
 696 |     fn construct_local_cc_mbmt(
     |        ^^^^^^^^^^^^^^^^^^^^^^^
...
 774 |     fn verify_integrity_with_blocks(&self, computed_root: &Digest, expected_root: &agglayer_primitives::Digest, blocks: &[crate::multi_ba...
     |        ^^^^^^^^^^^^^^^^^^^^^^^^^^^^
...
 822 |     fn verify_blockchain_signature_real(&self, computed_root: &Digest, expected_root: &agglayer_primitives::Digest, signature: &agglayer_...
     |        ^^^^^^^^^^^^^^^^^^^^^^^^^^^^^^^^
...
 837 |     fn extract_blockchain_public_key(&self, computed_bytes: &[u8]) -> Result<Vec<u8>, ProofError> {
     |        ^^^^^^^^^^^^^^^^^^^^^^^^^^^^^
...
 848 |     fn validate_blockchain_signature(&self, signature: &[u8], public_key: &[u8]) -> Result<bool, ProofError> {
     |        ^^^^^^^^^^^^^^^^^^^^^^^^^^^^^
...
 867 |     fn verify_merkle_proof(&self, computed_root: &Digest, expected_root: &agglayer_primitives::Digest) -> Result<bool, ProofError> {
     |        ^^^^^^^^^^^^^^^^^^^
...
 901 |     fn extract_blockchain_merkle_proof(&self, computed_root: &Digest, expected_root: &agglayer_primitives::Digest) -> Result<BlockchainMe...
     |        ^^^^^^^^^^^^^^^^^^^^^^^^^^^^^^^
...
 936 |     fn validate_blockchain_proof(&self, proof: &BlockchainMerkleProof) -> Result<bool, ProofError> {
     |        ^^^^^^^^^^^^^^^^^^^^^^^^^
...
 963 |     fn verify_hash_chain(&self, computed_bytes: &[u8], expected_bytes: &[u8]) -> Result<bool, ProofError> {
     |        ^^^^^^^^^^^^^^^^^
...
 991 |     fn verify_timestamp_freshness(&self) -> Result<bool, ProofError> {
     |        ^^^^^^^^^^^^^^^^^^^^^^^^^^
...
1003 |     fn verify_nonce_uniqueness(&self, computed_bytes: &[u8], expected_bytes: &[u8]) -> Result<bool, ProofError> {
     |        ^^^^^^^^^^^^^^^^^^^^^^^
...
1033 |     fn verify_zero_knowledge_proof(&self, computed_root: &Digest, expected_root: &agglayer_primitives::Digest) -> Result<bool, ProofError> {
     |        ^^^^^^^^^^^^^^^^^^^^^^^^^^^
...
1072 |     fn calculate_signature_strength(&self, signature_bytes: &[u8]) -> f64 {
     |        ^^^^^^^^^^^^^^^^^^^^^^^^^^^^
...
1169 |     fn calculate_entropy(&self, data: &[u8]) -> f64 {
     |        ^^^^^^^^^^^^^^^^^
...
1261 |     fn build_merkle_tree(&self, blocks: &[crate::multi_batch_header::MultiBatchHeader<agglayer_primitives::keccak::Keccak256Hasher>], b: ...
     |        ^^^^^^^^^^^^^^^^^
...
1328 |     fn calculate_tree_height(&self, num_blocks: usize, b: usize) -> usize {
     |        ^^^^^^^^^^^^^^^^^^^^^
...
1349 |     fn compute_root_from_blocks(
     |        ^^^^^^^^^^^^^^^^^^^^^^^^

warning: `pessimistic-proof-core` (lib) generated 58 warnings (run `cargo fix --lib -p pessimistic-proof-core` to apply 12 suggestions)
warning: unused import: `rayon::ThreadPoolBuilder`
 --> crates/pessimistic-proof-test-suite/src/bin/ppgen_sabv_lmtr5.rs:6:5
  |
6 | use rayon::ThreadPoolBuilder;
  |     ^^^^^^^^^^^^^^^^^^^^^^^^
  |
  = note: `#[warn(unused_imports)]` on by default

warning: value assigned to `current_state` is never read
   --> crates/pessimistic-proof-test-suite/src/bin/ppgen_sabv_lmtr5.rs:133:9
    |
133 |         current_state = block_state.state_b.clone();
    |         ^^^^^^^^^^^^^
    |
    = help: maybe it is overwritten before being read?
    = note: `#[warn(unused_assignments)]` on by default

warning: unused variable: `vk`
   --> crates/pessimistic-proof-test-suite/src/bin/ppgen_sabv_lmtr5.rs:294:24
    |
294 |             Ok((proof, vk, new_roots)) => {
    |                        ^^ help: if this is intentional, prefix it with an underscore: `_vk`
    |
    = note: `#[warn(unused_variables)]` on by default

warning: unused variable: `new_roots`
   --> crates/pessimistic-proof-test-suite/src/bin/ppgen_sabv_lmtr5.rs:294:28
    |
294 |             Ok((proof, vk, new_roots)) => {
    |                            ^^^^^^^^^ help: if this is intentional, prefix it with an underscore: `_new_roots`

warning: variable does not need to be mutable
  --> crates/pessimistic-proof-test-suite/src/bin/ppgen_sabv_lmtr5.rs:72:9
   |
72 |     let mut state = data::sample_state_00();
   |         ----^^^^^
   |         |
   |         help: remove this `mut`
   |
   = note: `#[warn(unused_mut)]` on by default

warning: `pessimistic-proof-test-suite` (bin "ppgen_sabv_lmtr5") generated 5 warnings (run `cargo fix --bin "ppgen_sabv_lmtr5"` to apply 2 suggestions)
    Finished `release` profile [optimized] target(s) in 3.88s
     Running `target/release/ppgen_sabv_lmtr5 --n-exits 100 --validator-nodes 5 --proof-dir /home/ubuntu/thanhhuyen/proofs/v5/n100_run5`
🔍 SABV5: Starting Algorithm 1 - Verify Aggregated Blocks Integrity
   Input: N=100 blocks, branching_factor=3, validators=5
   📐 Optimal height calculation: log_3(100) + 1 = 6
🎯 V5: Calculated optimal htarget = 6 for N=100, b=3
📊 Computed expected root from 100 ORIGINAL blocks (before rebalancing): 4b6da8582b608352e40a4aa373a66d9947e88e3c697b282e91edf8b08167f7a5 (height=6)
📊 SABV5: Calculated j* = 5 with variance = 0.0000
✅ Step 1: Optimal sharding size j* = 5 (shard_size = 3^5 = 243)
📦 SABV5: Created 1 shards (0 full + 1 remainder)
✅ Step 2: Partitioned 100 blocks into 1 shards (shard_size = 243)
📡 SABV5: REAL MPC Network - 5 validators broadcast shares, 5 received sufficient shares
🔐 SABV5: REAL Shamir secret sharing - Secret: 0.797601, Reconstructed: 0.797601, Match: true
   Polynomial degree: 2, Shares: 5, Threshold: 3/5
   Validator 4 assigned with share value: 1.145703
✅ Step 3: Secret sharing applied (threshold k=3/5)
📊 Step 4: Rebalancing shards with LMTR4 (Algorithm 2)...
🔧 LMTR4: Starting Algorithm 2 rebalancing for 100 blocks
📊 LMTR4: Initial state - Ni = 100, b = 3, htarget = 6
🔄 LMTR4: Fixed branch imbalance by appending last block - Ni = 101
🔄 LMTR4: Fixed branch imbalance by appending last block - Ni = 102
✅ LMTR4: Rebalancing complete - Final Ni = 102, height = 6
   ✅ Shard 0 (validator 4) - 100 → 102 blocks, height=6
🌳 Step 5a: Building REAL Local CC-MBMT from rebalanced blocks...
   ✅ Validator 4 built REAL local CC-MBMT (shard 0) - 102 blocks → tree height=6
🔗 SABV5: Merged 1 local CC-MBMTs into global CC-MBMT using REAL tree structure
✅ Step 5b: Merged 1 local CC-MBMTs into global root r
✅ Step 6: Computed alternative root r' (from rebalanced blocks) using SAME Merkle tree method as Step 5a
   Using 102 rebalanced blocks, tree height=6
✅ Step 6b: Using r' (from original blocks) = expected_root_from_original_blocks for CHECK 2
🔐 Step 7: Verifying integrity and detecting fraud...
   r  (from merged local trees, rebalanced): 6d55cf2c5f76509b9d9fad1ad369da460c806ab40e40d2783349fdbf9d905f94
   r' (from all rebalanced blocks):           6d55cf2c5f76509b9d9fad1ad369da460c806ab40e40d2783349fdbf9d905f94
   r' (from original blocks):                 4b6da8582b608352e40a4aa373a66d9947e88e3c697b282e91edf8b08167f7a5
   Note: r' (from original) will be compared with r (from rebalanced) in CHECK 2
   ✅ Check 1: r == r' (from rebalanced blocks)? true (internal consistency)
   📊 Block counts: original=100, rebalanced=102
   🔍 Check 2 (rebalancing changed block count):
      • Unique blocks in rebalanced: 100
      • Original blocks: 100
      • All original blocks present: true
      • No extra blocks: true
      • Content preserved: true
   ✅ Check 2: Content preserved (only structure changed) - PASSED
✅ SABV5: Verification PASSED - All checks passed
   ✅ Check 1: r == r' (from rebalanced blocks) - internal consistency verified
   ✅ Check 2: r' (from original blocks) == r (from rebalanced blocks) - rebalancing integrity verified
   ✅ Algorithm integrity: SABV5 + LMTR4 working as designed
   ✅ No fraud detected - blocks are consistent and rebalancing preserved content
2025-11-12T05:44:53.081400Z  INFO prove_core: clk = 0 pc = 0x201504
2025-11-12T05:44:53.680735Z  INFO prove_core: clk = 10000000 pc = 0x2043b8
2025-11-12T05:44:53.848312Z  INFO prove_core: clk = 0 pc = 0x201504
2025-11-12T05:44:54.281430Z  INFO prove_core: clk = 20000000 pc = 0x2010f8
2025-11-12T05:44:54.876269Z  INFO prove_core: clk = 30000000 pc = 0x231208
2025-11-12T05:44:57.742301Z  INFO prove_core: clk = 30000000 pc = 0x231208
2025-11-12T05:44:58.091337Z  INFO prove_core: clk = 20000000 pc = 0x2010f8
2025-11-12T05:44:58.659009Z  INFO prove_core: clk = 10000000 pc = 0x2043b8
2025-11-12T05:45:06.242536Z  INFO prove_core:generate main traces: close time.busy=4.63s time.idle=5.76µs index=0
2025-11-12T05:45:52.952500Z  INFO prove_core:generate main traces: close time.busy=26.9s time.idle=8.06µs index=1
Command terminated by signal 9
	Command being timed: "cargo run --release -p pessimistic-proof-test-suite --bin ppgen_sabv_lmtr5 -- --n-exits 100 --validator-nodes 5 --proof-dir /home/ubuntu/thanhhuyen/proofs/v5/n100_run5"
	User time (seconds): 10300.99
	System time (seconds): 514.15
	Percent of CPU this job got: 1443%
	Elapsed (wall clock) time (h:mm:ss or m:ss): 12:28.98
	Average shared text size (kbytes): 0
	Average unshared data size (kbytes): 0
	Average stack size (kbytes): 0
	Average total size (kbytes): 0
	Maximum resident set size (kbytes): 64597732
	Average resident set size (kbytes): 0
	Major (requiring I/O) page faults: 2941
	Minor (reclaiming a frame) page faults: 40370449
	Voluntary context switches: 87279
	Involuntary context switches: 117185
	Swaps: 0
	File system inputs: 493088
	File system outputs: 11344
	Socket messages sent: 0
	Socket messages received: 0
	Signals delivered: 0
	Page size (bytes): 4096
	Exit status: 0

━━━━━━━━━━━━━━━━━━━━━━━━━━━━━━━━━━━━━━━━━━━━━━━━━━━━━━━━━━━━
📊 N=100, Run 5/5 Results
━━━━━━━━━━━━━━━━━━━━━━━━━━━━━━━━━━━━━━━━━━━━━━━━━━━━━━━━━━━━
   Duration: 749s (12m 29s)
   Exit code: 137

   📊 Resource Usage:
      ❌ Process bị KILL (signal 9) - có thể do OOM
      💡 Xem log chi tiết: tail -50 /home/ubuntu/thanhhuyen/logs/v5/v5_n100_run5_20251112_054440.log
      💾 Maximum RAM: 61.60 GB (64597732 KB)
      ⚡ CPU Usage: this%
   ❌ Proof file: KHÔNG CÓ (có thể bị kill hoặc chưa xong)
   ⚠️  Process có thể bị kill bởi OOM

   📁 Log: /home/ubuntu/thanhhuyen/logs/v5/v5_n100_run5_20251112_054440.log
   📁 Proof: /home/ubuntu/thanhhuyen/proofs/v5/n100_run5

━━━━━━━━━━━━━━━━━━━━━━━━━━━━━━━━━━━━━━━━━━━━━━━━━━━━━━━━━━━━
📊 Lần lặp 5/5 - Running N=500 at 2025-11-12 05:57:11
━━━━━━━━━━━━━━━━━━━━━━━━━━━━━━━━━━━━━━━━━━━━━━━━━━━━━━━━━━━━

   ⚙️  Config: SHARD_BATCH_SIZE=4, TRACE_GEN_WORKERS=8 (N=500) - GIẢM MEMORY TỐI ĐA
   ⚙️  RAYON_NUM_THREADS=16
   ⚙️  Expected CPU usage: ~1200-1600% (vẫn cao nhưng giảm memory)
   ⚙️  ⚠️  GIẢM MEMORY để tránh OOM kill

   📁 Log: /home/ubuntu/thanhhuyen/logs/v5/v5_n500_run5_20251112_055711.log
   📁 Proof dir: /home/ubuntu/thanhhuyen/proofs/v5/n500_run5

warning: unused import: `keccak::Keccak256Hasher`
 --> crates/pessimistic-proof-core/src/sabv2.rs:2:35
  |
2 | use agglayer_primitives::{Digest, keccak::Keccak256Hasher};
  |                                   ^^^^^^^^^^^^^^^^^^^^^^^
  |
  = note: `#[warn(unused_imports)]` on by default

warning: unused import: `keccak::Keccak256Hasher`
 --> crates/pessimistic-proof-core/src/lmtr2.rs:2:35
  |
2 | use agglayer_primitives::{Digest, keccak::Keccak256Hasher};
  |                                   ^^^^^^^^^^^^^^^^^^^^^^^

warning: unused import: `keccak::Keccak256Hasher`
 --> crates/pessimistic-proof-core/src/sabv3.rs:2:35
  |
2 | use agglayer_primitives::{Digest, keccak::Keccak256Hasher};
  |                                   ^^^^^^^^^^^^^^^^^^^^^^^

warning: unused import: `keccak::Keccak256Hasher`
 --> crates/pessimistic-proof-core/src/lmtr3.rs:2:35
  |
2 | use agglayer_primitives::{Digest, keccak::Keccak256Hasher};
  |                                   ^^^^^^^^^^^^^^^^^^^^^^^

warning: unused import: `keccak::Keccak256Hasher`
 --> crates/pessimistic-proof-core/src/sabv4.rs:2:35
  |
2 | use agglayer_primitives::{Digest, keccak::Keccak256Hasher};
  |                                   ^^^^^^^^^^^^^^^^^^^^^^^

warning: unused import: `keccak::Keccak256Hasher`
 --> crates/pessimistic-proof-core/src/lmtr4.rs:2:35
  |
2 | use agglayer_primitives::{Digest, keccak::Keccak256Hasher};
  |                                   ^^^^^^^^^^^^^^^^^^^^^^^

warning: unused imports: `BridgeExit`, `ImportedBridgeExit`, `NetworkId`, and `TokenInfo`
   --> crates/pessimistic-proof-core/src/lmtr4.rs:245:30
    |
245 |         use unified_bridge::{BridgeExit, ImportedBridgeExit, NetworkId, TokenInfo};
    |                              ^^^^^^^^^^  ^^^^^^^^^^^^^^^^^^  ^^^^^^^^^  ^^^^^^^^^

warning: unused import: `agglayer_primitives::U256`
   --> crates/pessimistic-proof-core/src/lmtr4.rs:247:13
    |
247 |         use agglayer_primitives::U256;
    |             ^^^^^^^^^^^^^^^^^^^^^^^^^

warning: unused import: `crate::nullifier_tree::NullifierPath`
   --> crates/pessimistic-proof-core/src/lmtr4.rs:248:13
    |
248 |         use crate::nullifier_tree::NullifierPath;
    |             ^^^^^^^^^^^^^^^^^^^^^^^^^^^^^^^^^^^^

warning: unused import: `crate::local_balance_tree::LocalBalancePath`
   --> crates/pessimistic-proof-core/src/lmtr4.rs:249:13
    |
249 |         use crate::local_balance_tree::LocalBalancePath;
    |             ^^^^^^^^^^^^^^^^^^^^^^^^^^^^^^^^^^^^^^^^^^^

warning: unused import: `crate::aggchain_proof::AggchainData`
   --> crates/pessimistic-proof-core/src/lmtr4.rs:250:13
    |
250 |         use crate::aggchain_proof::AggchainData;
    |             ^^^^^^^^^^^^^^^^^^^^^^^^^^^^^^^^^^^

warning: unused import: `keccak::Keccak256Hasher`
 --> crates/pessimistic-proof-core/src/sabv5.rs:2:35
  |
2 | use agglayer_primitives::{Digest, keccak::Keccak256Hasher};
  |                                   ^^^^^^^^^^^^^^^^^^^^^^^

warning: unused variable: `branching_factor`
  --> crates/pessimistic-proof-core/src/lmtr.rs:31:9
   |
31 |         branching_factor: usize,
   |         ^^^^^^^^^^^^^^^^ help: if this is intentional, prefix it with an underscore: `_branching_factor`
   |
   = note: `#[warn(unused_variables)]` on by default

warning: unused variable: `block`
  --> crates/pessimistic-proof-core/src/sabv2.rs:72:13
   |
72 |         for block in blocks {
   |             ^^^^^ help: if this is intentional, prefix it with an underscore: `_block`

warning: unused variable: `consensus_result`
  --> crates/pessimistic-proof-core/src/sabv2.rs:79:13
   |
79 |         let consensus_result = self.run_consensus_mechanism(blocks, validator_nodes)?;
   |             ^^^^^^^^^^^^^^^^ help: if this is intentional, prefix it with an underscore: `_consensus_result`

warning: unused variable: `global_root`
  --> crates/pessimistic-proof-core/src/sabv2.rs:63:9
   |
63 |         global_root: &agglayer_primitives::Digest,
   |         ^^^^^^^^^^^ help: if this is intentional, prefix it with an underscore: `_global_root`

warning: unused variable: `computed_hash`
   --> crates/pessimistic-proof-core/src/sabv2.rs:136:13
    |
136 |         let computed_hash = Keccak256::digest(&block_data);
    |             ^^^^^^^^^^^^^ help: if this is intentional, prefix it with an underscore: `_computed_hash`

warning: unused variable: `declared_hash`
   --> crates/pessimistic-proof-core/src/sabv2.rs:139:13
    |
139 |         let declared_hash = self.get_block_declared_hash(block)?;
    |             ^^^^^^^^^^^^^ help: if this is intentional, prefix it with an underscore: `_declared_hash`

warning: unused variable: `block`
   --> crates/pessimistic-proof-core/src/sabv2.rs:229:32
    |
229 |     fn get_block_height(&self, block: &crate::multi_batch_header::MultiBatchHeader<agglayer_primitives::keccak::Keccak256Hasher>) -> Resu...
    |                                ^^^^^ help: if this is intentional, prefix it with an underscore: `_block`

warning: unused variable: `block`
   --> crates/pessimistic-proof-core/src/sabv2.rs:241:39
    |
241 |     fn get_block_declared_hash(&self, block: &crate::multi_batch_header::MultiBatchHeader<agglayer_primitives::keccak::Keccak256Hasher>) ...
    |                                       ^^^^^ help: if this is intentional, prefix it with an underscore: `_block`

warning: unused variable: `block`
   --> crates/pessimistic-proof-core/src/sabv2.rs:247:32
    |
247 |     fn get_block_signer(&self, block: &crate::multi_batch_header::MultiBatchHeader<agglayer_primitives::keccak::Keccak256Hasher>) -> Resu...
    |                                ^^^^^ help: if this is intentional, prefix it with an underscore: `_block`

warning: unused variable: `block`
   --> crates/pessimistic-proof-core/src/sabv2.rs:257:35
    |
257 |     fn get_block_signature(&self, block: &crate::multi_batch_header::MultiBatchHeader<agglayer_primitives::keccak::Keccak256Hasher>) -> R...
    |                                   ^^^^^ help: if this is intentional, prefix it with an underscore: `_block`

warning: unused variable: `hash`
   --> crates/pessimistic-proof-core/src/sabv2.rs:274:13
    |
274 |         let hash = Keccak256::digest(&block_data);
    |             ^^^^ help: if this is intentional, prefix it with an underscore: `_hash`

warning: unused variable: `block`
   --> crates/pessimistic-proof-core/src/sabv2.rs:295:35
    |
295 |     fn estimate_block_size(&self, block: &crate::multi_batch_header::MultiBatchHeader<agglayer_primitives::keccak::Keccak256Hasher>) -> R...
    |                                   ^^^^^ help: if this is intentional, prefix it with an underscore: `_block`

warning: unused variable: `i`
   --> crates/pessimistic-proof-core/src/lmtr2.rs:144:14
    |
144 |         for (i, block) in blocks.iter().enumerate() {
    |              ^ help: if this is intentional, prefix it with an underscore: `_i`

warning: unused variable: `leaf_hash`
   --> crates/pessimistic-proof-core/src/lmtr2.rs:146:17
    |
146 |             let leaf_hash = Keccak256::digest(&block_data);
    |                 ^^^^^^^^^ help: if this is intentional, prefix it with an underscore: `_leaf_hash`

warning: unused variable: `current_efficiency`
   --> crates/pessimistic-proof-core/src/lmtr2.rs:179:13
    |
179 |         let current_efficiency = self.calculate_tree_efficiency(num_blocks, branching_factor)?;
    |             ^^^^^^^^^^^^^^^^^^ help: if this is intentional, prefix it with an underscore: `_current_efficiency`

warning: unused variable: `new_hash`
   --> crates/pessimistic-proof-core/src/lmtr2.rs:229:21
    |
229 |                 let new_hash = Keccak256::digest(&optimized_data);
    |                     ^^^^^^^^ help: if this is intentional, prefix it with an underscore: `_new_hash`

warning: unused variable: `optimal_config`
   --> crates/pessimistic-proof-core/src/lmtr2.rs:217:9
    |
217 |         optimal_config: &OptimalConfig,
    |         ^^^^^^^^^^^^^^ help: if this is intentional, prefix it with an underscore: `_optimal_config`

warning: unused variable: `parent_hash`
   --> crates/pessimistic-proof-core/src/lmtr2.rs:312:21
    |
312 |                 let parent_hash = Keccak256::digest(&parent_data);
    |                     ^^^^^^^^^^^ help: if this is intentional, prefix it with an underscore: `_parent_hash`

warning: unused variable: `tree`
   --> crates/pessimistic-proof-core/src/lmtr2.rs:399:136
    |
399 | ...ves::keccak::Keccak256Hasher>, tree: &MerkleTree) -> Result<crate::multi_batch_header::MultiBatchHeader<agglayer_primitives::keccak::K...
    |                                   ^^^^ help: if this is intentional, prefix it with an underscore: `_tree`

warning: unused variable: `j_star`
   --> crates/pessimistic-proof-core/src/sabv3.rs:306:9
    |
306 |         j_star: usize,
    |         ^^^^^^ help: if this is intentional, prefix it with an underscore: `_j_star`

warning: unused variable: `j_star`
   --> crates/pessimistic-proof-core/src/sabv4.rs:496:9
    |
496 |         j_star: usize,
    |         ^^^^^^ help: if this is intentional, prefix it with an underscore: `_j_star`

warning: unused variable: `expected_root`
   --> crates/pessimistic-proof-core/src/sabv4.rs:603:72
    |
603 | ...mputed_root: &Digest, expected_root: &agglayer_primitives::Digest, signature: &agglayer_primitives::Signature, signer: &agglayer_primi...
    |                          ^^^^^^^^^^^^^ help: if this is intentional, prefix it with an underscore: `_expected_root`

warning: unused variable: `expected_bytes`
   --> crates/pessimistic-proof-core/src/sabv4.rs:744:56
    |
744 |     fn verify_hash_chain(&self, computed_bytes: &[u8], expected_bytes: &[u8]) -> Result<bool, ProofError> {
    |                                                        ^^^^^^^^^^^^^^ help: if this is intentional, prefix it with an underscore: `_expected_bytes`

warning: unused variable: `global_root`
   --> crates/pessimistic-proof-core/src/sabv5.rs:138:9
    |
138 |         global_root: &agglayer_primitives::Digest,
    |         ^^^^^^^^^^^ help: if this is intentional, prefix it with an underscore: `_global_root`

warning: value assigned to `local_trees` is never read
   --> crates/pessimistic-proof-core/src/sabv5.rs:702:17
    |
702 |         let mut local_trees = Vec::new();
    |                 ^^^^^^^^^^^
    |
    = help: maybe it is overwritten before being read?
    = note: `#[warn(unused_assignments)]` on by default

warning: unused variable: `j_star`
   --> crates/pessimistic-proof-core/src/sabv5.rs:699:9
    |
699 |         j_star: usize,
    |         ^^^^^^ help: if this is intentional, prefix it with an underscore: `_j_star`

warning: unused variable: `expected_root`
   --> crates/pessimistic-proof-core/src/sabv5.rs:822:72
    |
822 | ...mputed_root: &Digest, expected_root: &agglayer_primitives::Digest, signature: &agglayer_primitives::Signature, signer: &agglayer_primi...
    |                          ^^^^^^^^^^^^^ help: if this is intentional, prefix it with an underscore: `_expected_root`

warning: unused variable: `expected_bytes`
   --> crates/pessimistic-proof-core/src/sabv5.rs:963:56
    |
963 |     fn verify_hash_chain(&self, computed_bytes: &[u8], expected_bytes: &[u8]) -> Result<bool, ProofError> {
    |                                                        ^^^^^^^^^^^^^^ help: if this is intentional, prefix it with an underscore: `_expected_bytes`

warning: field `config` is never read
  --> crates/pessimistic-proof-core/src/sabv.rs:13:5
   |
12 | pub struct SabvAlgorithm {
   |            ------------- field in this struct
13 |     config: SabvConfig,
   |     ^^^^^^
   |
   = note: `SabvAlgorithm` has derived impls for the traits `Clone` and `Debug`, but these are intentionally ignored during dead code analysis
   = note: `#[warn(dead_code)]` on by default

warning: field `config` is never read
  --> crates/pessimistic-proof-core/src/lmtr.rs:12:5
   |
11 | pub struct LmtrAlgorithm {
   |            ------------- field in this struct
12 |     config: LmtrConfig,
   |     ^^^^^^
   |
   = note: `LmtrAlgorithm` has derived impls for the traits `Clone` and `Debug`, but these are intentionally ignored during dead code analysis

warning: fields `config` and `consensus_messages` are never read
  --> crates/pessimistic-proof-core/src/sabv2.rs:34:5
   |
33 | pub struct Sabv2Algorithm {
   |            -------------- fields in this struct
34 |     config: Sabv2Config,
   |     ^^^^^^
35 |     validators: Vec<ValidatorNode>,
36 |     consensus_messages: HashMap<Digest, Vec<ConsensusMessage>>,
   |     ^^^^^^^^^^^^^^^^^^
   |
   = note: `Sabv2Algorithm` has derived impls for the traits `Clone` and `Debug`, but these are intentionally ignored during dead code analysis

warning: multiple methods are never used
   --> crates/pessimistic-proof-core/src/sabv2.rs:89:8
    |
 39 | impl Sabv2Algorithm {
    | ------------------- methods in this implementation
...
 89 |     fn validate_block_cryptography(
    |        ^^^^^^^^^^^^^^^^^^^^^^^^^^^
...
112 |     fn verify_merkle_tree_structure(
    |        ^^^^^^^^^^^^^^^^^^^^^^^^^^^^
...
130 |     fn verify_hash_integrity(
    |        ^^^^^^^^^^^^^^^^^^^^^
...
149 |     fn verify_signature_validity(
    |        ^^^^^^^^^^^^^^^^^^^^^^^^^
...
204 |     fn verify_consensus_threshold(
    |        ^^^^^^^^^^^^^^^^^^^^^^^^^^
...
222 |     fn calculate_optimal_height(&self, block: &crate::multi_batch_header::MultiBatchHeader<agglayer_primitives::keccak::Keccak256Hasher>)...
    |        ^^^^^^^^^^^^^^^^^^^^^^^^
...
229 |     fn get_block_height(&self, block: &crate::multi_batch_header::MultiBatchHeader<agglayer_primitives::keccak::Keccak256Hasher>) -> Resu...
    |        ^^^^^^^^^^^^^^^^
...
241 |     fn get_block_declared_hash(&self, block: &crate::multi_batch_header::MultiBatchHeader<agglayer_primitives::keccak::Keccak256Hasher>) ...
    |        ^^^^^^^^^^^^^^^^^^^^^^^
...
247 |     fn get_block_signer(&self, block: &crate::multi_batch_header::MultiBatchHeader<agglayer_primitives::keccak::Keccak256Hasher>) -> Resu...
    |        ^^^^^^^^^^^^^^^^
...
252 |     fn get_block_message(&self, block: &crate::multi_batch_header::MultiBatchHeader<agglayer_primitives::keccak::Keccak256Hasher>) -> Res...
    |        ^^^^^^^^^^^^^^^^^
...
257 |     fn get_block_signature(&self, block: &crate::multi_batch_header::MultiBatchHeader<agglayer_primitives::keccak::Keccak256Hasher>) -> R...
    |        ^^^^^^^^^^^^^^^^^^^
...
262 |     fn compute_expected_signature(&self, signer: &str, message: &[u8]) -> Result<String, ProofError> {
    |        ^^^^^^^^^^^^^^^^^^^^^^^^^^
...
295 |     fn estimate_block_size(&self, block: &crate::multi_batch_header::MultiBatchHeader<agglayer_primitives::keccak::Keccak256Hasher>) -> R...
    |        ^^^^^^^^^^^^^^^^^^^

warning: field `tree_cache` is never read
  --> crates/pessimistic-proof-core/src/lmtr2.rs:53:5
   |
51 | pub struct Lmtr2Algorithm {
   |            -------------- field in this struct
52 |     config: Lmtr2Config,
53 |     tree_cache: HashMap<Digest, MerkleTree>,
   |     ^^^^^^^^^^
   |
   = note: `Lmtr2Algorithm` has derived impls for the traits `Clone` and `Debug`, but these are intentionally ignored during dead code analysis

warning: fields `branching_factor` and `rebalancing_cost` are never read
   --> crates/pessimistic-proof-core/src/lmtr2.rs:415:5
    |
413 | struct OptimalConfig {
    |        ------------- fields in this struct
414 |     optimal_height: usize,
415 |     branching_factor: usize,
    |     ^^^^^^^^^^^^^^^^
416 |     expected_efficiency: f64,
417 |     rebalancing_cost: u64,
    |     ^^^^^^^^^^^^^^^^
    |
    = note: `OptimalConfig` has derived impls for the traits `Clone` and `Debug`, but these are intentionally ignored during dead code analysis

warning: field `validators` is never read
  --> crates/pessimistic-proof-core/src/sabv3.rs:41:5
   |
39 | pub struct Sabv3Algorithm {
   |            -------------- field in this struct
40 |     config: Sabv3Config,
41 |     validators: Vec<ValidatorNode>,
   |     ^^^^^^^^^^
   |
   = note: `Sabv3Algorithm` has derived impls for the traits `Clone` and `Debug`, but these are intentionally ignored during dead code analysis

warning: struct `BlockchainMerkleProof` is never constructed
  --> crates/pessimistic-proof-core/src/sabv4.rs:38:8
   |
38 | struct BlockchainMerkleProof {
   |        ^^^^^^^^^^^^^^^^^^^^^

warning: fields `shard_index` and `round` are never read
  --> crates/pessimistic-proof-core/src/sabv4.rs:50:9
   |
47 | struct MPCShareMessage {
   |        --------------- fields in this struct
...
50 |     pub shard_index: usize,
   |         ^^^^^^^^^^^
51 |     pub share: (f64, f64), // (x, y) = share point
52 |     pub round: u64,
   |         ^^^^^
   |
   = note: `MPCShareMessage` has derived impls for the traits `Clone` and `Debug`, but these are intentionally ignored during dead code analysis

warning: field `consensus_reached` is never read
  --> crates/pessimistic-proof-core/src/sabv4.rs:60:9
   |
57 | struct MPCNetworkState {
   |        --------------- field in this struct
...
60 |     pub consensus_reached: bool,
   |         ^^^^^^^^^^^^^^^^^
   |
   = note: `MPCNetworkState` has a derived impl for the trait `Debug`, but this is intentionally ignored during dead code analysis

warning: field `validators` is never read
  --> crates/pessimistic-proof-core/src/sabv4.rs:67:5
   |
65 | pub struct Sabv4Algorithm {
   |            -------------- field in this struct
66 |     config: Sabv4Config,
67 |     validators: Vec<ValidatorNode>,
   |     ^^^^^^^^^^
   |
   = note: `Sabv4Algorithm` has a derived impl for the trait `Debug`, but this is intentionally ignored during dead code analysis

warning: multiple methods are never used
    --> crates/pessimistic-proof-core/src/sabv4.rs:493:8
     |
  71 | impl Sabv4Algorithm {
     | ------------------- methods in this implementation
...
 493 |     fn construct_local_cc_mbmt(
     |        ^^^^^^^^^^^^^^^^^^^^^^^
...
 564 |     fn verify_integrity_with_blocks(&self, computed_root: &Digest, expected_root: &agglayer_primitives::Digest, blocks: &[crate::multi_ba...
     |        ^^^^^^^^^^^^^^^^^^^^^^^^^^^^
...
 603 |     fn verify_blockchain_signature_real(&self, computed_root: &Digest, expected_root: &agglayer_primitives::Digest, signature: &agglayer_...
     |        ^^^^^^^^^^^^^^^^^^^^^^^^^^^^^^^^
...
 618 |     fn extract_blockchain_public_key(&self, computed_bytes: &[u8]) -> Result<Vec<u8>, ProofError> {
     |        ^^^^^^^^^^^^^^^^^^^^^^^^^^^^^
...
 629 |     fn validate_blockchain_signature(&self, signature: &[u8], public_key: &[u8]) -> Result<bool, ProofError> {
     |        ^^^^^^^^^^^^^^^^^^^^^^^^^^^^^
...
 648 |     fn verify_merkle_proof(&self, computed_root: &Digest, expected_root: &agglayer_primitives::Digest) -> Result<bool, ProofError> {
     |        ^^^^^^^^^^^^^^^^^^^
...
 682 |     fn extract_blockchain_merkle_proof(&self, computed_root: &Digest, expected_root: &agglayer_primitives::Digest) -> Result<BlockchainMe...
     |        ^^^^^^^^^^^^^^^^^^^^^^^^^^^^^^^
...
 717 |     fn validate_blockchain_proof(&self, proof: &BlockchainMerkleProof) -> Result<bool, ProofError> {
     |        ^^^^^^^^^^^^^^^^^^^^^^^^^
...
 744 |     fn verify_hash_chain(&self, computed_bytes: &[u8], expected_bytes: &[u8]) -> Result<bool, ProofError> {
     |        ^^^^^^^^^^^^^^^^^
...
 772 |     fn verify_timestamp_freshness(&self) -> Result<bool, ProofError> {
     |        ^^^^^^^^^^^^^^^^^^^^^^^^^^
...
 784 |     fn verify_nonce_uniqueness(&self, computed_bytes: &[u8], expected_bytes: &[u8]) -> Result<bool, ProofError> {
     |        ^^^^^^^^^^^^^^^^^^^^^^^
...
 814 |     fn verify_zero_knowledge_proof(&self, computed_root: &Digest, expected_root: &agglayer_primitives::Digest) -> Result<bool, ProofError> {
     |        ^^^^^^^^^^^^^^^^^^^^^^^^^^^
...
 853 |     fn calculate_signature_strength(&self, signature_bytes: &[u8]) -> f64 {
     |        ^^^^^^^^^^^^^^^^^^^^^^^^^^^^
...
 950 |     fn calculate_entropy(&self, data: &[u8]) -> f64 {
     |        ^^^^^^^^^^^^^^^^^
...
 970 |     fn compute_shard_hash(&self, blocks: &[crate::multi_batch_header::MultiBatchHeader<agglayer_primitives::keccak::Keccak256Hasher>]) ->...
     |        ^^^^^^^^^^^^^^^^^^
...
1037 |     fn build_merkle_tree(&self, blocks: &[crate::multi_batch_header::MultiBatchHeader<agglayer_primitives::keccak::Keccak256Hasher>], b: ...
     |        ^^^^^^^^^^^^^^^^^
...
1104 |     fn calculate_tree_height(&self, num_blocks: usize, b: usize) -> usize {
     |        ^^^^^^^^^^^^^^^^^^^^^
...
1113 |     fn compute_root_from_blocks(
     |        ^^^^^^^^^^^^^^^^^^^^^^^^

warning: method `reconstruct_block_from_bytes` is never used
   --> crates/pessimistic-proof-core/src/lmtr4.rs:241:8
    |
 27 | impl Lmtr4Algorithm {
    | ------------------- method in this implementation
...
241 |     fn reconstruct_block_from_bytes(&self, bytes: &[u8]) -> Result<crate::multi_batch_header::MultiBatchHeader<agglayer_primitives::kecca...
    |        ^^^^^^^^^^^^^^^^^^^^^^^^^^^^

warning: struct `BlockchainMerkleProof` is never constructed
  --> crates/pessimistic-proof-core/src/sabv5.rs:48:8
   |
48 | struct BlockchainMerkleProof {
   |        ^^^^^^^^^^^^^^^^^^^^^

warning: fields `shard_index` and `round` are never read
  --> crates/pessimistic-proof-core/src/sabv5.rs:60:9
   |
57 | struct MPCShareMessage {
   |        --------------- fields in this struct
...
60 |     pub shard_index: usize,
   |         ^^^^^^^^^^^
61 |     pub share: (f64, f64), // (x, y) = share point
62 |     pub round: u64,
   |         ^^^^^
   |
   = note: `MPCShareMessage` has derived impls for the traits `Clone` and `Debug`, but these are intentionally ignored during dead code analysis

warning: field `consensus_reached` is never read
  --> crates/pessimistic-proof-core/src/sabv5.rs:70:9
   |
67 | struct MPCNetworkState {
   |        --------------- field in this struct
...
70 |     pub consensus_reached: bool,
   |         ^^^^^^^^^^^^^^^^^
   |
   = note: `MPCNetworkState` has a derived impl for the trait `Debug`, but this is intentionally ignored during dead code analysis

warning: field `validators` is never read
  --> crates/pessimistic-proof-core/src/sabv5.rs:77:5
   |
75 | pub struct Sabv5Algorithm {
   |            -------------- field in this struct
76 |     config: Sabv5Config,
77 |     validators: Vec<ValidatorNode>,
   |     ^^^^^^^^^^
   |
   = note: `Sabv5Algorithm` has a derived impl for the trait `Debug`, but this is intentionally ignored during dead code analysis

warning: multiple methods are never used
    --> crates/pessimistic-proof-core/src/sabv5.rs:696:8
     |
  81 | impl Sabv5Algorithm {
     | ------------------- methods in this implementation
...
 696 |     fn construct_local_cc_mbmt(
     |        ^^^^^^^^^^^^^^^^^^^^^^^
...
 774 |     fn verify_integrity_with_blocks(&self, computed_root: &Digest, expected_root: &agglayer_primitives::Digest, blocks: &[crate::multi_ba...
     |        ^^^^^^^^^^^^^^^^^^^^^^^^^^^^
...
 822 |     fn verify_blockchain_signature_real(&self, computed_root: &Digest, expected_root: &agglayer_primitives::Digest, signature: &agglayer_...
     |        ^^^^^^^^^^^^^^^^^^^^^^^^^^^^^^^^
...
 837 |     fn extract_blockchain_public_key(&self, computed_bytes: &[u8]) -> Result<Vec<u8>, ProofError> {
     |        ^^^^^^^^^^^^^^^^^^^^^^^^^^^^^
...
 848 |     fn validate_blockchain_signature(&self, signature: &[u8], public_key: &[u8]) -> Result<bool, ProofError> {
     |        ^^^^^^^^^^^^^^^^^^^^^^^^^^^^^
...
 867 |     fn verify_merkle_proof(&self, computed_root: &Digest, expected_root: &agglayer_primitives::Digest) -> Result<bool, ProofError> {
     |        ^^^^^^^^^^^^^^^^^^^
...
 901 |     fn extract_blockchain_merkle_proof(&self, computed_root: &Digest, expected_root: &agglayer_primitives::Digest) -> Result<BlockchainMe...
     |        ^^^^^^^^^^^^^^^^^^^^^^^^^^^^^^^
...
 936 |     fn validate_blockchain_proof(&self, proof: &BlockchainMerkleProof) -> Result<bool, ProofError> {
     |        ^^^^^^^^^^^^^^^^^^^^^^^^^
...
 963 |     fn verify_hash_chain(&self, computed_bytes: &[u8], expected_bytes: &[u8]) -> Result<bool, ProofError> {
     |        ^^^^^^^^^^^^^^^^^
...
 991 |     fn verify_timestamp_freshness(&self) -> Result<bool, ProofError> {
     |        ^^^^^^^^^^^^^^^^^^^^^^^^^^
...
1003 |     fn verify_nonce_uniqueness(&self, computed_bytes: &[u8], expected_bytes: &[u8]) -> Result<bool, ProofError> {
     |        ^^^^^^^^^^^^^^^^^^^^^^^
...
1033 |     fn verify_zero_knowledge_proof(&self, computed_root: &Digest, expected_root: &agglayer_primitives::Digest) -> Result<bool, ProofError> {
     |        ^^^^^^^^^^^^^^^^^^^^^^^^^^^
...
1072 |     fn calculate_signature_strength(&self, signature_bytes: &[u8]) -> f64 {
     |        ^^^^^^^^^^^^^^^^^^^^^^^^^^^^
...
1169 |     fn calculate_entropy(&self, data: &[u8]) -> f64 {
     |        ^^^^^^^^^^^^^^^^^
...
1261 |     fn build_merkle_tree(&self, blocks: &[crate::multi_batch_header::MultiBatchHeader<agglayer_primitives::keccak::Keccak256Hasher>], b: ...
     |        ^^^^^^^^^^^^^^^^^
...
1328 |     fn calculate_tree_height(&self, num_blocks: usize, b: usize) -> usize {
     |        ^^^^^^^^^^^^^^^^^^^^^
...
1349 |     fn compute_root_from_blocks(
     |        ^^^^^^^^^^^^^^^^^^^^^^^^

warning: `pessimistic-proof-core` (lib) generated 58 warnings (run `cargo fix --lib -p pessimistic-proof-core` to apply 12 suggestions)
warning: unused import: `rayon::ThreadPoolBuilder`
 --> crates/pessimistic-proof-test-suite/src/bin/ppgen_sabv_lmtr5.rs:6:5
  |
6 | use rayon::ThreadPoolBuilder;
  |     ^^^^^^^^^^^^^^^^^^^^^^^^
  |
  = note: `#[warn(unused_imports)]` on by default

warning: value assigned to `current_state` is never read
   --> crates/pessimistic-proof-test-suite/src/bin/ppgen_sabv_lmtr5.rs:133:9
    |
133 |         current_state = block_state.state_b.clone();
    |         ^^^^^^^^^^^^^
    |
    = help: maybe it is overwritten before being read?
    = note: `#[warn(unused_assignments)]` on by default

warning: unused variable: `vk`
   --> crates/pessimistic-proof-test-suite/src/bin/ppgen_sabv_lmtr5.rs:294:24
    |
294 |             Ok((proof, vk, new_roots)) => {
    |                        ^^ help: if this is intentional, prefix it with an underscore: `_vk`
    |
    = note: `#[warn(unused_variables)]` on by default

warning: unused variable: `new_roots`
   --> crates/pessimistic-proof-test-suite/src/bin/ppgen_sabv_lmtr5.rs:294:28
    |
294 |             Ok((proof, vk, new_roots)) => {
    |                            ^^^^^^^^^ help: if this is intentional, prefix it with an underscore: `_new_roots`

warning: variable does not need to be mutable
  --> crates/pessimistic-proof-test-suite/src/bin/ppgen_sabv_lmtr5.rs:72:9
   |
72 |     let mut state = data::sample_state_00();
   |         ----^^^^^
   |         |
   |         help: remove this `mut`
   |
   = note: `#[warn(unused_mut)]` on by default

warning: `pessimistic-proof-test-suite` (bin "ppgen_sabv_lmtr5") generated 5 warnings (run `cargo fix --bin "ppgen_sabv_lmtr5"` to apply 2 suggestions)
    Finished `release` profile [optimized] target(s) in 9.40s
     Running `target/release/ppgen_sabv_lmtr5 --n-exits 500 --validator-nodes 5 --proof-dir /home/ubuntu/thanhhuyen/proofs/v5/n500_run5`
🔍 SABV5: Starting Algorithm 1 - Verify Aggregated Blocks Integrity
   Input: N=500 blocks, branching_factor=3, validators=5
   📐 Optimal height calculation: log_3(500) + 1 = 7
🎯 V5: Calculated optimal htarget = 7 for N=500, b=3
📊 Computed expected root from 500 ORIGINAL blocks (before rebalancing): 520e7511d3d99a0193831539725d4f8faae4e54b224d88cb82a8e1c43dc8158f (height=7)
📊 SABV5: Calculated j* = 6 with variance = 0.0000
✅ Step 1: Optimal sharding size j* = 6 (shard_size = 3^6 = 729)
📦 SABV5: Created 1 shards (0 full + 1 remainder)
✅ Step 2: Partitioned 500 blocks into 1 shards (shard_size = 729)
📡 SABV5: REAL MPC Network - 5 validators broadcast shares, 5 received sufficient shares
🔐 SABV5: REAL Shamir secret sharing - Secret: 0.427941, Reconstructed: 0.427941, Match: true
   Polynomial degree: 2, Shares: 5, Threshold: 3/5
   Validator 4 assigned with share value: -12.018326
✅ Step 3: Secret sharing applied (threshold k=3/5)
📊 Step 4: Rebalancing shards with LMTR4 (Algorithm 2)...
🔧 LMTR4: Starting Algorithm 2 rebalancing for 500 blocks
📊 LMTR4: Initial state - Ni = 500, b = 3, htarget = 7
🔄 LMTR4: Fixed branch imbalance by appending last block - Ni = 501
✅ LMTR4: Rebalancing complete - Final Ni = 501, height = 7
   ✅ Shard 0 (validator 4) - 500 → 501 blocks, height=7
🌳 Step 5a: Building REAL Local CC-MBMT from rebalanced blocks...
   ✅ Validator 4 built REAL local CC-MBMT (shard 0) - 501 blocks → tree height=7
🔗 SABV5: Merged 1 local CC-MBMTs into global CC-MBMT using REAL tree structure
✅ Step 5b: Merged 1 local CC-MBMTs into global root r
✅ Step 6: Computed alternative root r' (from rebalanced blocks) using SAME Merkle tree method as Step 5a
   Using 501 rebalanced blocks, tree height=7
✅ Step 6b: Using r' (from original blocks) = expected_root_from_original_blocks for CHECK 2
🔐 Step 7: Verifying integrity and detecting fraud...
   r  (from merged local trees, rebalanced): 8b542d732817125a51f43ef099f45a5c84fb84a03120226df7425f763845fdb5
   r' (from all rebalanced blocks):           8b542d732817125a51f43ef099f45a5c84fb84a03120226df7425f763845fdb5
   r' (from original blocks):                 520e7511d3d99a0193831539725d4f8faae4e54b224d88cb82a8e1c43dc8158f
   Note: r' (from original) will be compared with r (from rebalanced) in CHECK 2
   ✅ Check 1: r == r' (from rebalanced blocks)? true (internal consistency)
   📊 Block counts: original=500, rebalanced=501
   🔍 Check 2 (rebalancing changed block count):
      • Unique blocks in rebalanced: 500
      • Original blocks: 500
      • All original blocks present: true
      • No extra blocks: true
      • Content preserved: true
   ✅ Check 2: Content preserved (only structure changed) - PASSED
✅ SABV5: Verification PASSED - All checks passed
   ✅ Check 1: r == r' (from rebalanced blocks) - internal consistency verified
   ✅ Check 2: r' (from original blocks) == r (from rebalanced blocks) - rebalancing integrity verified
   ✅ Algorithm integrity: SABV5 + LMTR4 working as designed
   ✅ No fraud detected - blocks are consistent and rebalancing preserved content
2025-11-12T05:57:30.572337Z  INFO prove_core: clk = 0 pc = 0x201504
2025-11-12T05:57:31.098230Z  INFO prove_core: clk = 0 pc = 0x201504
2025-11-12T05:57:31.177114Z  INFO prove_core: clk = 10000000 pc = 0x20885c
2025-11-12T05:57:31.762092Z  INFO prove_core: clk = 20000000 pc = 0x205a38
2025-11-12T05:57:32.351517Z  INFO prove_core: clk = 10000000 pc = 0x20885c
2025-11-12T05:57:32.353581Z  INFO prove_core: clk = 30000000 pc = 0x2043d0
2025-11-12T05:57:32.938852Z  INFO prove_core: clk = 40000000 pc = 0x2060cc
2025-11-12T05:57:33.527074Z  INFO prove_core: clk = 50000000 pc = 0x205f04
2025-11-12T05:57:33.719472Z  INFO prove_core: clk = 20000000 pc = 0x205a38
2025-11-12T05:57:34.119382Z  INFO prove_core: clk = 60000000 pc = 0x2011f0
2025-11-12T05:57:34.736038Z  INFO prove_core: clk = 70000000 pc = 0x231250
2025-11-12T05:57:34.841080Z  INFO prove_core: clk = 30000000 pc = 0x2043d0
2025-11-12T05:57:35.348148Z  INFO prove_core: clk = 80000000 pc = 0x201234
2025-11-12T05:57:35.354836Z  INFO prove_core: clk = 60000000 pc = 0x2011f0
2025-11-12T05:57:35.953414Z  INFO prove_core: clk = 90000000 pc = 0x231254
2025-11-12T05:57:36.533819Z  INFO prove_core: clk = 40000000 pc = 0x2060cc
2025-11-12T05:57:36.551176Z  INFO prove_core: clk = 100000000 pc = 0x2313c8
2025-11-12T05:57:37.816736Z  INFO prove_core: clk = 110000000 pc = 0x201238
2025-11-12T05:57:39.825940Z  INFO prove_core: clk = 50000000 pc = 0x205f04
2025-11-12T05:57:39.876792Z  INFO prove_core: clk = 120000000 pc = 0x2013d8
2025-11-12T05:57:41.901868Z  INFO prove_core:generate main traces: close time.busy=5.25s time.idle=6.79µs index=0
2025-11-12T05:57:42.198574Z  INFO prove_core: clk = 130000000 pc = 0x231250
2025-11-12T05:57:43.975278Z  INFO prove_core: clk = 140000000 pc = 0x201098
2025-11-12T05:57:45.652971Z  INFO prove_core: clk = 150000000 pc = 0x201228
2025-11-12T05:57:45.656220Z  INFO prove_core: clk = 70000000 pc = 0x231250
2025-11-12T05:57:47.075476Z  INFO prove_core: clk = 160000000 pc = 0x2010e4
2025-11-12T05:57:50.070597Z  INFO prove_core: clk = 170000000 pc = 0x23124c
2025-11-12T05:57:52.043977Z  INFO prove_core: clk = 180000000 pc = 0x2312b4
2025-11-12T05:57:53.552404Z  INFO prove_core:generate main traces: close time.busy=7.75s time.idle=9.12µs index=1
2025-11-12T05:58:00.462607Z  INFO prove_core: clk = 80000000 pc = 0x201234
2025-11-12T05:58:13.252626Z  INFO prove_core:generate main traces: close time.busy=9.68s time.idle=11.7µs index=2
2025-11-12T06:15:01.963073Z  INFO prove_core: clk = 90000000 pc = 0x231254
2025-11-12T06:15:05.024327Z  INFO prove_core:generate main traces: close time.busy=8.04s time.idle=9.87µs index=3
Command terminated by signal 9
	Command being timed: "cargo run --release -p pessimistic-proof-test-suite --bin ppgen_sabv_lmtr5 -- --n-exits 500 --validator-nodes 5 --proof-dir /home/ubuntu/thanhhuyen/proofs/v5/n500_run5"
	User time (seconds): 25366.03
	System time (seconds): 940.75
	Percent of CPU this job got: 1458%
	Elapsed (wall clock) time (h:mm:ss or m:ss): 30:04.00
	Average shared text size (kbytes): 0
	Average unshared data size (kbytes): 0
	Average stack size (kbytes): 0
	Average total size (kbytes): 0
	Maximum resident set size (kbytes): 64803284
	Average resident set size (kbytes): 0
	Major (requiring I/O) page faults: 3618
	Minor (reclaiming a frame) page faults: 79612481
	Voluntary context switches: 227060
	Involuntary context switches: 296953
	Swaps: 0
	File system inputs: 503808
	File system outputs: 59768
	Socket messages sent: 0
	Socket messages received: 0
	Signals delivered: 0
	Page size (bytes): 4096
	Exit status: 0

━━━━━━━━━━━━━━━━━━━━━━━━━━━━━━━━━━━━━━━━━━━━━━━━━━━━━━━━━━━━
📊 N=500, Run 5/5 Results
━━━━━━━━━━━━━━━━━━━━━━━━━━━━━━━━━━━━━━━━━━━━━━━━━━━━━━━━━━━━
   Duration: 1804s (30m 4s)
   Exit code: 137

   📊 Resource Usage:
      ❌ Process bị KILL (signal 9) - có thể do OOM
      💡 Xem log chi tiết: tail -50 /home/ubuntu/thanhhuyen/logs/v5/v5_n500_run5_20251112_055711.log
      💾 Maximum RAM: 61.80 GB (64803284 KB)
      ⚡ CPU Usage: this%
   ❌ Proof file: KHÔNG CÓ (có thể bị kill hoặc chưa xong)
   ⚠️  Process có thể bị kill bởi OOM

   📁 Log: /home/ubuntu/thanhhuyen/logs/v5/v5_n500_run5_20251112_055711.log
   📁 Proof: /home/ubuntu/thanhhuyen/proofs/v5/n500_run5

✅ Completed iteration 5/5 (N=100 → N=500)

════════════════════════════════════════════════════════════════════════════
🎉 ALL BENCHMARKS COMPLETED
════════════════════════════════════════════════════════════════════════════

📊 Summary:
   Log dir: /home/ubuntu/thanhhuyen/logs/v5
   Proof dir: /home/ubuntu/thanhhuyen/proofs/v5
   TMUX session: v5_n100_500 (GIỮ LẠI để xem log)

💡 Xem log:
   tmux attach -t v5_n100_500
   hoặc: ls -lht /home/ubuntu/thanhhuyen/logs/v5/v5_n*_run*.log

To check results:
   grep -E 'SUCCESS|FAILED|PASSED|signal 9' /home/ubuntu/thanhhuyen/logs/v5/v5_n*_run*.log

✅ TMUX session 'v5_n100_500' được GIỮ LẠI - Attach: tmux attach -t v5_n100_500
💡 Log files: ls -lht /home/ubuntu/thanhhuyen/logs/v5/v5_n*_run*.log
