🔍 SABV5: Starting Algorithm 1 - Verify Aggregated Blocks Integrity
   Input: N=1 blocks, branching_factor=3, validators=5
   📐 Optimal height calculation: log_3(1) + 1 = 1
🎯 V5: Calculated optimal htarget = 1 for N=1, b=3
📊 SABV5: Calculated j* = 1 with variance = 179769313486231570814527423731704356798070567525844996598917476803157260780028538760589558632766878171540458953514382464234321326889464182768467546703537516986049910576551282076245490090389328944075868508455133942304583236903222948165808559332123348274797826204144723168738177180919299881250404026184124858368.0000
✅ Step 1: Optimal sharding size j* = 1 (shard_size = 3^1 = 3)
📦 SABV5: Created 1 shards (0 full + 1 remainder)
✅ Step 2: Partitioned 1 blocks into 1 shards (shard_size = 3)
📡 SABV5: REAL MPC Network - 5 validators broadcast shares, 5 received sufficient shares
🔐 SABV5: REAL Shamir secret sharing - Secret: 0.858753, Reconstructed: 0.858753, Match: true
   Polynomial degree: 2, Shares: 5, Threshold: 3/5
   Validator 4 assigned with share value: -21.606024
✅ Step 3: Secret sharing applied (threshold k=3/5)
📊 Step 4: Rebalancing shards with LMTR4 (Algorithm 2)...
🔧 LMTR4: Starting Algorithm 2 rebalancing for 1 blocks
📊 LMTR4: Initial state - Ni = 1, b = 3, htarget = 1
🔄 LMTR4: Fixed branch imbalance by appending last block - Ni = 2
🔄 LMTR4: Fixed branch imbalance by appending last block - Ni = 3
📊 LMTR4: Height adjustment - Current height = 2, Target = 1
⬇️ LMTR4: Removed block to decrease height - Ni = 2, height = 2
📊 LMTR4: Height adjustment - Current height = 2, Target = 1
⬇️ LMTR4: Removed block to decrease height - Ni = 1, height = 2
✅ LMTR4: Rebalancing complete - Final Ni = 1, height = 1
   ✅ Shard 0 (validator 4) - 1 → 1 blocks, height=1
🌳 Step 5a: Building REAL Local CC-MBMT from rebalanced blocks...
   ✅ Validator 4 built REAL local CC-MBMT (shard 0) - 1 blocks → tree height=1
🔗 SABV5: Merged 1 local CC-MBMTs into global CC-MBMT using REAL tree structure
✅ Step 5b: Merged 1 local CC-MBMTs into global root r
✅ Step 6: Computed alternative root r' using SAME Merkle tree method as Step 5a
   Using 1 rebalanced blocks, tree height=1
🔐 Step 7: Verifying integrity...
   r  (from merged trees):     9fc9db7f700be19ae316eb63dec6d2af7317dcf722e1e75980d279bf2b68768f
   r' (from all blocks):       9fc9db7f700be19ae316eb63dec6d2af7317dcf722e1e75980d279bf2b68768f
   R  (global_root expected): c2c0b2d68d34d3eb347bb91369e6b5f7272cc821cf29491f16caf4b1438505a0
   r == r'? true
🔐 SABV5: Extracted REAL blockchain ECDSA signature from block
🔐 SABV5: REAL blockchain signature verification - Recovered address matches signer: false
🔍 SABV5: Blockchain signature verification - Valid: false
📝 SABV5: ZKP verification delegated to SP1 proving system
   r == global_root? false
❌ SABV5: Verification FAILED - Blockchain mismatch!
   ❌ r ≠ global_root (computed root doesn't match blockchain)
   ⚠️  Fraud detected - blocks don't match expected state!
🔧 LMTR4: Starting Algorithm 2 rebalancing for 1 blocks
📊 LMTR4: Initial state - Ni = 1, b = 3, htarget = 4
🔄 LMTR4: Fixed branch imbalance by appending last block - Ni = 2
🔄 LMTR4: Fixed branch imbalance by appending last block - Ni = 3
📊 LMTR4: Height adjustment - Current height = 2, Target = 4
⬆️ LMTR4: Added block to increase height - Ni = 4, height = 2
📊 LMTR4: Height adjustment - Current height = 3, Target = 4
⬆️ LMTR4: Added block to increase height - Ni = 5, height = 3
📊 LMTR4: Height adjustment - Current height = 3, Target = 4
⬆️ LMTR4: Added block to increase height - Ni = 6, height = 3
📊 LMTR4: Height adjustment - Current height = 3, Target = 4
⬆️ LMTR4: Added block to increase height - Ni = 7, height = 3
📊 LMTR4: Height adjustment - Current height = 3, Target = 4
⬆️ LMTR4: Added block to increase height - Ni = 8, height = 3
📊 LMTR4: Height adjustment - Current height = 3, Target = 4
⬆️ LMTR4: Added block to increase height - Ni = 9, height = 3
📊 LMTR4: Height adjustment - Current height = 3, Target = 4
⬆️ LMTR4: Added block to increase height - Ni = 10, height = 3
✅ LMTR4: Rebalancing complete - Final Ni = 10, height = 4
2025-11-02T10:19:36.955756Z DEBUG initialize prover: chip Cpu has 11 byte interactions
2025-11-02T10:19:36.956082Z DEBUG initialize prover: chip Program has 0 byte interactions
2025-11-02T10:19:36.956309Z DEBUG initialize prover: chip ShaExtend has 60 byte interactions
2025-11-02T10:19:36.956816Z DEBUG initialize prover: chip ShaCompress has 112 byte interactions
2025-11-02T10:19:36.964769Z DEBUG initialize prover: chip EdAddAssign has 818 byte interactions
2025-11-02T10:19:36.983645Z DEBUG initialize prover: chip EdDecompress has 710 byte interactions
2025-11-02T10:19:36.996592Z DEBUG initialize prover: chip Secp256k1Decompress has 616 byte interactions
2025-11-02T10:19:37.010696Z DEBUG initialize prover: chip Secp256k1AddAssign has 1006 byte interactions
2025-11-02T10:19:37.028122Z DEBUG initialize prover: chip Secp256k1DoubleAssign has 1068 byte interactions
2025-11-02T10:19:37.046772Z DEBUG initialize prover: chip Secp256r1Decompress has 616 byte interactions
2025-11-02T10:19:37.060470Z DEBUG initialize prover: chip Secp256r1AddAssign has 1006 byte interactions
2025-11-02T10:19:37.076613Z DEBUG initialize prover: chip Secp256r1DoubleAssign has 1068 byte interactions
2025-11-02T10:19:37.088453Z DEBUG initialize prover: chip KeccakPermute has 200 byte interactions
2025-11-02T10:19:37.102122Z DEBUG initialize prover: chip Bn254AddAssign has 1006 byte interactions
2025-11-02T10:19:37.114902Z DEBUG initialize prover: chip Bn254DoubleAssign has 1068 byte interactions
2025-11-02T10:19:37.134576Z DEBUG initialize prover: chip Bls12381AddAssign has 1518 byte interactions
2025-11-02T10:19:37.169496Z DEBUG initialize prover: chip Bls12381DoubleAssign has 1612 byte interactions
2025-11-02T10:19:37.196728Z DEBUG initialize prover: chip Uint256MulMod has 145 byte interactions
2025-11-02T10:19:37.204937Z DEBUG initialize prover: chip U256XU2048Mul has 1060 byte interactions
2025-11-02T10:19:37.219289Z DEBUG initialize prover: chip Bls12381FpOpAssign has 191 byte interactions
2025-11-02T10:19:37.226227Z DEBUG initialize prover: chip Bls12381Fp2AddSubAssign has 382 byte interactions
2025-11-02T10:19:37.238287Z DEBUG initialize prover: chip Bls12381Fp2MulAssign has 950 byte interactions
2025-11-02T10:19:37.250052Z DEBUG initialize prover: chip Bn254FpOpAssign has 127 byte interactions
2025-11-02T10:19:37.253295Z DEBUG initialize prover: chip Bn254Fp2AddSubAssign has 254 byte interactions
2025-11-02T10:19:37.259055Z DEBUG initialize prover: chip Bn254Fp2MulAssign has 630 byte interactions
2025-11-02T10:19:37.270701Z DEBUG initialize prover: chip Bls12381Decompress has 930 byte interactions
2025-11-02T10:19:37.281459Z DEBUG initialize prover: chip SyscallCore has 0 byte interactions
2025-11-02T10:19:37.281492Z DEBUG initialize prover: chip SyscallPrecompile has 0 byte interactions
2025-11-02T10:19:37.281599Z DEBUG initialize prover: chip DivRem has 11 byte interactions
2025-11-02T10:19:37.281732Z DEBUG initialize prover: chip AddSub has 6 byte interactions
2025-11-02T10:19:37.281803Z DEBUG initialize prover: chip Bitwise has 4 byte interactions
2025-11-02T10:19:37.281861Z DEBUG initialize prover: chip Mul has 14 byte interactions
2025-11-02T10:19:37.281973Z DEBUG initialize prover: chip ShiftRight has 25 byte interactions
2025-11-02T10:19:37.282082Z DEBUG initialize prover: chip ShiftLeft has 4 byte interactions
2025-11-02T10:19:37.282157Z DEBUG initialize prover: chip Lt has 3 byte interactions
2025-11-02T10:19:37.282319Z DEBUG initialize prover: chip MemoryInstrs has 7 byte interactions
2025-11-02T10:19:37.282461Z DEBUG initialize prover: chip Auipc has 1 byte interactions
2025-11-02T10:19:37.282545Z DEBUG initialize prover: chip Branch has 2 byte interactions
2025-11-02T10:19:37.282621Z DEBUG initialize prover: chip Jump has 3 byte interactions
2025-11-02T10:19:37.282731Z DEBUG initialize prover: chip SyscallInstrs has 3 byte interactions
2025-11-02T10:19:37.282957Z DEBUG initialize prover: chip MemoryGlobalInit has 0 byte interactions
2025-11-02T10:19:37.283301Z DEBUG initialize prover: chip MemoryGlobalFinalize has 0 byte interactions
2025-11-02T10:19:37.283607Z DEBUG initialize prover: chip MemoryLocal has 0 byte interactions
2025-11-02T10:19:37.284055Z DEBUG initialize prover: chip Global has 1 byte interactions
2025-11-02T10:19:37.284659Z DEBUG initialize prover: chip Byte has 9 byte interactions
2025-11-02T10:19:37.284723Z DEBUG initialize prover: chip MemoryConst has 0 byte interactions
2025-11-02T10:19:37.284741Z DEBUG initialize prover: chip MemoryVar has 0 byte interactions
2025-11-02T10:19:37.284769Z DEBUG initialize prover: chip BaseAlu has 0 byte interactions
2025-11-02T10:19:37.284850Z DEBUG initialize prover: chip ExtAlu has 0 byte interactions
2025-11-02T10:19:37.285142Z DEBUG initialize prover: chip Poseidon2WideDeg3 has 0 byte interactions
2025-11-02T10:19:37.285521Z DEBUG initialize prover: chip BatchFRI has 0 byte interactions
2025-11-02T10:19:37.285636Z DEBUG initialize prover: chip Select has 0 byte interactions
2025-11-02T10:19:37.285686Z DEBUG initialize prover: chip ExpReverseBitsLen has 0 byte interactions
2025-11-02T10:19:37.285706Z DEBUG initialize prover: chip PublicValues has 0 byte interactions
2025-11-02T10:19:37.285730Z DEBUG initialize prover: chip MemoryConst has 0 byte interactions
2025-11-02T10:19:37.285746Z DEBUG initialize prover: chip MemoryVar has 0 byte interactions
2025-11-02T10:19:37.285771Z DEBUG initialize prover: chip BaseAlu has 0 byte interactions
2025-11-02T10:19:37.285844Z DEBUG initialize prover: chip ExtAlu has 0 byte interactions
2025-11-02T10:19:37.286133Z DEBUG initialize prover: chip Poseidon2WideDeg3 has 0 byte interactions
2025-11-02T10:19:37.286461Z DEBUG initialize prover: chip BatchFRI has 0 byte interactions
2025-11-02T10:19:37.286571Z DEBUG initialize prover: chip Select has 0 byte interactions
2025-11-02T10:19:37.286606Z DEBUG initialize prover: chip ExpReverseBitsLen has 0 byte interactions
2025-11-02T10:19:37.286626Z DEBUG initialize prover: chip PublicValues has 0 byte interactions
2025-11-02T10:19:37.286845Z DEBUG initialize prover: chip MemoryConst has 0 byte interactions
2025-11-02T10:19:37.286871Z DEBUG initialize prover: chip MemoryVar has 0 byte interactions
2025-11-02T10:19:37.286898Z DEBUG initialize prover: chip BaseAlu has 0 byte interactions
2025-11-02T10:19:37.286971Z DEBUG initialize prover: chip ExtAlu has 0 byte interactions
2025-11-02T10:19:37.287192Z DEBUG initialize prover: chip Poseidon2SkinnyDeg9 has 0 byte interactions
2025-11-02T10:19:37.287385Z DEBUG initialize prover: chip Select has 0 byte interactions
2025-11-02T10:19:37.287443Z DEBUG initialize prover: chip PublicValues has 0 byte interactions
2025-11-02T10:19:37.306202Z DEBUG initialize prover: chip Cpu has 11 byte interactions
2025-11-02T10:19:37.306303Z DEBUG initialize prover: chip Program has 0 byte interactions
2025-11-02T10:19:37.306444Z DEBUG initialize prover: chip ShaExtend has 60 byte interactions
2025-11-02T10:19:37.306776Z DEBUG initialize prover: chip ShaCompress has 112 byte interactions
2025-11-02T10:19:37.313970Z DEBUG initialize prover: chip EdAddAssign has 818 byte interactions
2025-11-02T10:19:37.332201Z DEBUG initialize prover: chip EdDecompress has 710 byte interactions
2025-11-02T10:19:37.345262Z DEBUG initialize prover: chip Secp256k1Decompress has 616 byte interactions
2025-11-02T10:19:37.358661Z DEBUG initialize prover: chip Secp256k1AddAssign has 1006 byte interactions
2025-11-02T10:19:37.375849Z DEBUG initialize prover: chip Secp256k1DoubleAssign has 1068 byte interactions
2025-11-02T10:19:37.394081Z DEBUG initialize prover: chip Secp256r1Decompress has 616 byte interactions
2025-11-02T10:19:37.407733Z DEBUG initialize prover: chip Secp256r1AddAssign has 1006 byte interactions
2025-11-02T10:19:37.425449Z DEBUG initialize prover: chip Secp256r1DoubleAssign has 1068 byte interactions
2025-11-02T10:19:37.443104Z DEBUG initialize prover: chip KeccakPermute has 200 byte interactions
2025-11-02T10:19:37.463237Z DEBUG initialize prover: chip Bn254AddAssign has 1006 byte interactions
2025-11-02T10:19:37.481068Z DEBUG initialize prover: chip Bn254DoubleAssign has 1068 byte interactions
2025-11-02T10:19:37.505890Z DEBUG initialize prover: chip Bls12381AddAssign has 1518 byte interactions
2025-11-02T10:19:37.544199Z DEBUG initialize prover: chip Bls12381DoubleAssign has 1612 byte interactions
2025-11-02T10:19:37.574220Z DEBUG initialize prover: chip Uint256MulMod has 145 byte interactions
2025-11-02T10:19:37.582668Z DEBUG initialize prover: chip U256XU2048Mul has 1060 byte interactions
2025-11-02T10:19:37.598280Z DEBUG initialize prover: chip Bls12381FpOpAssign has 191 byte interactions
2025-11-02T10:19:37.605415Z DEBUG initialize prover: chip Bls12381Fp2AddSubAssign has 382 byte interactions
2025-11-02T10:19:37.617816Z DEBUG initialize prover: chip Bls12381Fp2MulAssign has 950 byte interactions
2025-11-02T10:19:37.631551Z DEBUG initialize prover: chip Bn254FpOpAssign has 127 byte interactions
2025-11-02T10:19:37.635089Z DEBUG initialize prover: chip Bn254Fp2AddSubAssign has 254 byte interactions
2025-11-02T10:19:37.640861Z DEBUG initialize prover: chip Bn254Fp2MulAssign has 630 byte interactions
2025-11-02T10:19:37.652831Z DEBUG initialize prover: chip Bls12381Decompress has 930 byte interactions
2025-11-02T10:19:37.664086Z DEBUG initialize prover: chip SyscallCore has 0 byte interactions
2025-11-02T10:19:37.664128Z DEBUG initialize prover: chip SyscallPrecompile has 0 byte interactions
2025-11-02T10:19:37.664236Z DEBUG initialize prover: chip DivRem has 11 byte interactions
2025-11-02T10:19:37.664420Z DEBUG initialize prover: chip AddSub has 6 byte interactions
2025-11-02T10:19:37.664482Z DEBUG initialize prover: chip Bitwise has 4 byte interactions
2025-11-02T10:19:37.664548Z DEBUG initialize prover: chip Mul has 14 byte interactions
2025-11-02T10:19:37.664655Z DEBUG initialize prover: chip ShiftRight has 25 byte interactions
2025-11-02T10:19:37.664780Z DEBUG initialize prover: chip ShiftLeft has 4 byte interactions
2025-11-02T10:19:37.664858Z DEBUG initialize prover: chip Lt has 3 byte interactions
2025-11-02T10:19:37.664976Z DEBUG initialize prover: chip MemoryInstrs has 7 byte interactions
2025-11-02T10:19:37.665099Z DEBUG initialize prover: chip Auipc has 1 byte interactions
2025-11-02T10:19:37.665166Z DEBUG initialize prover: chip Branch has 2 byte interactions
2025-11-02T10:19:37.665236Z DEBUG initialize prover: chip Jump has 3 byte interactions
2025-11-02T10:19:37.665321Z DEBUG initialize prover: chip SyscallInstrs has 3 byte interactions
2025-11-02T10:19:37.665554Z DEBUG initialize prover: chip MemoryGlobalInit has 0 byte interactions
2025-11-02T10:19:37.665889Z DEBUG initialize prover: chip MemoryGlobalFinalize has 0 byte interactions
2025-11-02T10:19:37.666129Z DEBUG initialize prover: chip MemoryLocal has 0 byte interactions
2025-11-02T10:19:37.666558Z DEBUG initialize prover: chip Global has 1 byte interactions
2025-11-02T10:19:37.667157Z DEBUG initialize prover: chip Byte has 9 byte interactions
2025-11-02T10:19:37.675899Z DEBUG initialize prover: chip U256XU2048Mul has 1060 byte interactions
2025-11-02T10:19:37.685778Z DEBUG initialize prover: chip Bn254Fp2MulAssign has 630 byte interactions
2025-11-02T10:19:37.693254Z DEBUG initialize prover: chip Secp256r1Decompress has 616 byte interactions
2025-11-02T10:19:37.700957Z DEBUG initialize prover: chip Secp256k1Decompress has 616 byte interactions
2025-11-02T10:19:37.709790Z DEBUG initialize prover: chip Bn254AddAssign has 1006 byte interactions
2025-11-02T10:19:37.718681Z DEBUG initialize prover: chip KeccakPermute has 200 byte interactions
2025-11-02T10:19:37.729157Z DEBUG initialize prover: chip Secp256k1AddAssign has 1006 byte interactions
2025-11-02T10:19:37.735124Z DEBUG initialize prover: chip Bn254FpOpAssign has 127 byte interactions
2025-11-02T10:19:37.736274Z DEBUG initialize prover: chip ShaExtend has 60 byte interactions
2025-11-02T10:19:37.746878Z DEBUG initialize prover: chip Bls12381AddAssign has 1518 byte interactions
2025-11-02T10:19:37.761783Z DEBUG initialize prover: chip Bls12381Fp2AddSubAssign has 382 byte interactions
2025-11-02T10:19:37.770438Z DEBUG initialize prover: chip EdDecompress has 710 byte interactions
2025-11-02T10:19:37.779607Z DEBUG initialize prover: chip Secp256r1AddAssign has 1006 byte interactions
2025-11-02T10:19:37.790508Z DEBUG initialize prover: chip Bn254DoubleAssign has 1068 byte interactions
2025-11-02T10:19:37.797134Z DEBUG initialize prover: chip Uint256MulMod has 145 byte interactions
2025-11-02T10:19:37.810090Z DEBUG initialize prover: chip Bls12381DoubleAssign has 1612 byte interactions
2025-11-02T10:19:37.831837Z DEBUG initialize prover: chip Bls12381Fp2MulAssign has 950 byte interactions
2025-11-02T10:19:37.845923Z DEBUG initialize prover: chip EdAddAssign has 818 byte interactions
2025-11-02T10:19:37.860429Z DEBUG initialize prover: chip Bls12381Decompress has 930 byte interactions
2025-11-02T10:19:37.874385Z DEBUG initialize prover: chip Secp256r1DoubleAssign has 1068 byte interactions
2025-11-02T10:19:37.882444Z DEBUG initialize prover: chip Bn254Fp2AddSubAssign has 254 byte interactions
2025-11-02T10:19:37.887036Z DEBUG initialize prover: chip Bls12381FpOpAssign has 191 byte interactions
2025-11-02T10:19:37.889539Z DEBUG initialize prover: chip ShaCompress has 112 byte interactions
2025-11-02T10:19:37.895650Z DEBUG initialize prover: chip Secp256k1DoubleAssign has 1068 byte interactions
2025-11-02T10:19:37.903935Z DEBUG initialize prover: vk verification: true
2025-11-02T10:19:38.322385Z DEBUG initialize prover:build compress program:assert lookup multiplicities: close time.busy=7.62µs time.idle=6.57µs
2025-11-02T10:19:38.424291Z DEBUG initialize prover:build compress program:2adic pcs:verify shape and challenges: close time.busy=81.1ms time.idle=5.01µs
2025-11-02T10:19:38.647885Z DEBUG initialize prover:build compress program:2adic pcs:verify challenges: close time.busy=143ms time.idle=5.81µs
2025-11-02T10:19:38.647969Z DEBUG initialize prover:build compress program:2adic pcs: close time.busy=324ms time.idle=3.11µs
2025-11-02T10:19:38.650207Z DEBUG initialize prover:build compress program:verify constraints: close time.busy=2.22ms time.idle=4.64µs
2025-11-02T10:19:38.663192Z DEBUG initialize prover:build compress program:assert lookup multiplicities: close time.busy=4.82µs time.idle=3.38µs
2025-11-02T10:19:38.749462Z DEBUG initialize prover:build compress program:2adic pcs:verify shape and challenges: close time.busy=69.4ms time.idle=4.53µs
2025-11-02T10:19:38.979628Z DEBUG initialize prover:build compress program:2adic pcs:verify challenges: close time.busy=144ms time.idle=5.64µs
2025-11-02T10:19:38.979732Z DEBUG initialize prover:build compress program:2adic pcs: close time.busy=314ms time.idle=3.32µs
2025-11-02T10:19:38.981781Z DEBUG initialize prover:build compress program:verify constraints: close time.busy=2.03ms time.idle=3.61µs
2025-11-02T10:19:38.996390Z DEBUG initialize prover:build compress program: close time.busy=795ms time.idle=10.3µs
2025-11-02T10:19:39.662481Z DEBUG initialize prover:compile compress program:compile raw program: close time.busy=666ms time.idle=4.13µs
2025-11-02T10:19:39.706031Z DEBUG initialize prover:compile compress program:backfill mult: close time.busy=43.5ms time.idle=5.22µs
2025-11-02T10:19:39.706174Z DEBUG initialize prover:compile compress program:prepend constants: close time.busy=87.0µs time.idle=3.44µs
2025-11-02T10:19:39.722986Z DEBUG initialize prover:compile compress program: close time.busy=727ms time.idle=4.79µs
2025-11-02T10:19:39.865973Z DEBUG initialize prover:build compress program:assert lookup multiplicities: close time.busy=7.00µs time.idle=4.88µs
2025-11-02T10:19:39.951786Z DEBUG initialize prover:build compress program:2adic pcs:verify shape and challenges: close time.busy=69.6ms time.idle=4.85µs
2025-11-02T10:19:40.086746Z DEBUG initialize prover:build compress program:2adic pcs:verify challenges: close time.busy=94.6ms time.idle=5.46µs
2025-11-02T10:19:40.086849Z DEBUG initialize prover:build compress program:2adic pcs: close time.busy=219ms time.idle=3.31µs
2025-11-02T10:19:40.088921Z DEBUG initialize prover:build compress program:verify constraints: close time.busy=2.05ms time.idle=3.90µs
2025-11-02T10:19:40.102471Z DEBUG initialize prover:build compress program:assert lookup multiplicities: close time.busy=4.88µs time.idle=3.40µs
2025-11-02T10:19:40.194298Z DEBUG initialize prover:build compress program:2adic pcs:verify shape and challenges: close time.busy=74.4ms time.idle=5.55µs
2025-11-02T10:19:40.457370Z DEBUG initialize prover:build compress program:2adic pcs:verify challenges: close time.busy=170ms time.idle=6.01µs
2025-11-02T10:19:40.457562Z DEBUG initialize prover:build compress program:2adic pcs: close time.busy=352ms time.idle=3.54µs
2025-11-02T10:19:40.461193Z DEBUG initialize prover:build compress program:verify constraints: close time.busy=3.59ms time.idle=5.47µs
2025-11-02T10:19:40.476859Z DEBUG initialize prover:build compress program: close time.busy=736ms time.idle=5.13µs
2025-11-02T10:19:41.144636Z DEBUG initialize prover:compile compress program:compile raw program: close time.busy=668ms time.idle=4.94µs
2025-11-02T10:19:41.185884Z DEBUG initialize prover:compile compress program:backfill mult: close time.busy=41.2ms time.idle=5.19µs
2025-11-02T10:19:41.185981Z DEBUG initialize prover:compile compress program:prepend constants: close time.busy=41.8µs time.idle=3.04µs
2025-11-02T10:19:41.204530Z DEBUG initialize prover:compile compress program: close time.busy=728ms time.idle=5.09µs
2025-11-02T10:19:41.347401Z DEBUG initialize prover:build compress program:assert lookup multiplicities: close time.busy=6.84µs time.idle=4.84µs
2025-11-02T10:19:41.432365Z DEBUG initialize prover:build compress program:2adic pcs:verify shape and challenges: close time.busy=68.7ms time.idle=24.6µs
2025-11-02T10:19:41.621337Z DEBUG initialize prover:build compress program:2adic pcs:verify challenges: close time.busy=138ms time.idle=14.7µs
2025-11-02T10:19:41.621450Z DEBUG initialize prover:build compress program:2adic pcs: close time.busy=273ms time.idle=3.26µs
2025-11-02T10:19:41.623528Z DEBUG initialize prover:build compress program:verify constraints: close time.busy=2.05ms time.idle=3.45µs
2025-11-02T10:19:41.637619Z DEBUG initialize prover:build compress program:assert lookup multiplicities: close time.busy=5.58µs time.idle=4.50µs
2025-11-02T10:19:41.734842Z DEBUG initialize prover:build compress program:2adic pcs:verify shape and challenges: close time.busy=77.0ms time.idle=6.07µs
2025-11-02T10:19:41.965999Z DEBUG initialize prover:build compress program:2adic pcs:verify challenges: close time.busy=142ms time.idle=5.84µs
2025-11-02T10:19:41.966132Z DEBUG initialize prover:build compress program:2adic pcs: close time.busy=325ms time.idle=3.21µs
2025-11-02T10:19:41.968248Z DEBUG initialize prover:build compress program:verify constraints: close time.busy=2.09ms time.idle=3.92µs
2025-11-02T10:19:41.983769Z DEBUG initialize prover:build compress program: close time.busy=766ms time.idle=5.51µs
2025-11-02T10:19:42.476919Z DEBUG initialize prover:compile compress program:compile raw program: close time.busy=493ms time.idle=4.87µs
2025-11-02T10:19:42.518144Z DEBUG initialize prover:compile compress program:backfill mult: close time.busy=41.1ms time.idle=5.68µs
2025-11-02T10:19:42.518259Z DEBUG initialize prover:compile compress program:prepend constants: close time.busy=44.5µs time.idle=3.21µs
2025-11-02T10:19:42.536107Z DEBUG initialize prover:compile compress program: close time.busy=552ms time.idle=5.13µs
2025-11-02T10:19:42.683471Z DEBUG initialize prover:build compress program:assert lookup multiplicities: close time.busy=7.10µs time.idle=5.30µs
2025-11-02T10:19:42.768191Z DEBUG initialize prover:build compress program:2adic pcs:verify shape and challenges: close time.busy=68.6ms time.idle=3.95µs
2025-11-02T10:19:42.929402Z DEBUG initialize prover:build compress program:2adic pcs:verify challenges: close time.busy=118ms time.idle=6.00µs
2025-11-02T10:19:42.929505Z DEBUG initialize prover:build compress program:2adic pcs: close time.busy=245ms time.idle=3.09µs
2025-11-02T10:19:42.931602Z DEBUG initialize prover:build compress program:verify constraints: close time.busy=2.08ms time.idle=3.54µs
2025-11-02T10:19:42.945284Z DEBUG initialize prover:build compress program:assert lookup multiplicities: close time.busy=7.72µs time.idle=6.37µs
2025-11-02T10:19:43.040957Z DEBUG initialize prover:build compress program:2adic pcs:verify shape and challenges: close time.busy=77.2ms time.idle=4.42µs
2025-11-02T10:19:43.298652Z DEBUG initialize prover:build compress program:2adic pcs:verify challenges: close time.busy=159ms time.idle=5.83µs
2025-11-02T10:19:43.298761Z DEBUG initialize prover:build compress program:2adic pcs: close time.busy=350ms time.idle=3.22µs
2025-11-02T10:19:43.300803Z DEBUG initialize prover:build compress program:verify constraints: close time.busy=2.01ms time.idle=3.85µs
2025-11-02T10:19:43.316194Z DEBUG initialize prover:build compress program: close time.busy=767ms time.idle=4.80µs
2025-11-02T10:19:43.854314Z DEBUG initialize prover:compile compress program:compile raw program: close time.busy=538ms time.idle=4.45µs
2025-11-02T10:19:43.897992Z DEBUG initialize prover:compile compress program:backfill mult: close time.busy=43.6ms time.idle=5.41µs
2025-11-02T10:19:43.898118Z DEBUG initialize prover:compile compress program:prepend constants: close time.busy=44.7µs time.idle=3.13µs
2025-11-02T10:19:43.917054Z DEBUG initialize prover:compile compress program: close time.busy=601ms time.idle=4.60µs
2025-11-02T10:19:43.928013Z DEBUG initialize prover: close time.busy=6.97s time.idle=4.93µs
2025-11-02T10:19:43.994889Z DEBUG setup:setup machine:generate preprocessed traces: generated preprocessed trace for chip Secp256r1Decompress in 1.854µs
2025-11-02T10:19:43.994936Z DEBUG setup:setup machine:generate preprocessed traces: generated preprocessed trace for chip ShaExtend in 1.415µs
2025-11-02T10:19:43.994961Z DEBUG fixed log2 rows can be potentially reduced: got 50022, expected 524288
2025-11-02T10:19:43.994972Z DEBUG setup:setup machine:generate preprocessed traces: generated preprocessed trace for chip SyscallInstrs in 5.227µs
2025-11-02T10:19:43.994979Z DEBUG setup:setup machine:generate preprocessed traces: generated preprocessed trace for chip SyscallPrecompile in 5.005µs
2025-11-02T10:19:43.995006Z DEBUG setup:setup machine:generate preprocessed traces: generated preprocessed trace for chip Bn254AddAssign in 5.081µs
2025-11-02T10:19:43.994964Z DEBUG setup:setup machine:generate preprocessed traces: generated preprocessed trace for chip Cpu in 5.452µs
2025-11-02T10:19:43.995041Z DEBUG setup:setup machine:generate preprocessed traces: generated preprocessed trace for chip DivRem in 1µs
2025-11-02T10:19:43.995051Z DEBUG setup:setup machine:generate preprocessed traces: generated preprocessed trace for chip Bn254FpOpAssign in 1.136µs
2025-11-02T10:19:43.994964Z DEBUG setup:setup machine:generate preprocessed traces: generated preprocessed trace for chip Secp256r1DoubleAssign in 49.976µs
2025-11-02T10:19:43.994978Z DEBUG setup:setup machine:generate preprocessed traces: generated preprocessed trace for chip EdDecompress in 4.886µs
2025-11-02T10:19:43.994979Z DEBUG setup:setup machine:generate preprocessed traces: generated preprocessed trace for chip Bn254Fp2MulAssign in 5.064µs
2025-11-02T10:19:43.994984Z DEBUG setup:setup machine:generate preprocessed traces: generated preprocessed trace for chip ShiftLeft in 5.335µs
2025-11-02T10:19:43.994984Z DEBUG setup:setup machine:generate preprocessed traces: generated preprocessed trace for chip Bls12381DoubleAssign in 4.994µs
2025-11-02T10:19:43.995210Z DEBUG setup:setup machine:generate preprocessed traces: generated preprocessed trace for chip Lt in 1.061µs
2025-11-02T10:19:43.995212Z DEBUG setup:setup machine:generate preprocessed traces: generated preprocessed trace for chip MemoryGlobalInit in 1.137µs
2025-11-02T10:19:43.995220Z DEBUG setup:setup machine:generate preprocessed traces: generated preprocessed trace for chip ShaCompress in 1.154µs
2025-11-02T10:19:43.994968Z DEBUG setup:setup machine:generate preprocessed traces: generated preprocessed trace for chip Bitwise in 5.058µs
2025-11-02T10:19:43.995191Z DEBUG setup:setup machine:generate preprocessed traces: generated preprocessed trace for chip AddSub in 1.199µs
2025-11-02T10:19:43.995248Z DEBUG setup:setup machine:generate preprocessed traces: generated preprocessed trace for chip Bn254DoubleAssign in 1.188µs
2025-11-02T10:19:43.995266Z DEBUG setup:setup machine:generate preprocessed traces: generated preprocessed trace for chip MemoryInstrs in 1.018µs
2025-11-02T10:19:43.994969Z DEBUG setup:setup machine:generate preprocessed traces: generated preprocessed trace for chip Secp256k1DoubleAssign in 5.152µs
2025-11-02T10:19:43.995394Z DEBUG setup:setup machine:generate preprocessed traces: generated preprocessed trace for chip KeccakPermute in 1.297µs
2025-11-02T10:19:43.995401Z DEBUG setup:setup machine:generate preprocessed traces: generated preprocessed trace for chip Mul in 1.104µs
2025-11-02T10:19:43.995447Z DEBUG setup:setup machine:generate preprocessed traces: generated preprocessed trace for chip Auipc in 1.049µs
2025-11-02T10:19:43.995488Z DEBUG setup:setup machine:generate preprocessed traces: generated preprocessed trace for chip Branch in 1.244µs
2025-11-02T10:19:43.995498Z DEBUG setup:setup machine:generate preprocessed traces: generated preprocessed trace for chip ShiftRight in 1.06µs
2025-11-02T10:19:43.995545Z DEBUG setup:setup machine:generate preprocessed traces: generated preprocessed trace for chip MemoryGlobalFinalize in 1.188µs
2025-11-02T10:19:43.995557Z DEBUG setup:setup machine:generate preprocessed traces: generated preprocessed trace for chip Jump in 1.009µs
2025-11-02T10:19:43.995667Z DEBUG setup:setup machine:generate preprocessed traces: generated preprocessed trace for chip Bls12381Decompress in 1.146µs
2025-11-02T10:19:43.995812Z DEBUG setup:setup machine:generate preprocessed traces: generated preprocessed trace for chip MemoryLocal in 1.176µs
2025-11-02T10:19:43.995839Z DEBUG setup:setup machine:generate preprocessed traces: generated preprocessed trace for chip EdAddAssign in 1.096µs
2025-11-02T10:19:43.995998Z DEBUG setup:setup machine:generate preprocessed traces: generated preprocessed trace for chip Global in 1.09µs
2025-11-02T10:19:43.994986Z DEBUG setup:setup machine:generate preprocessed traces: generated preprocessed trace for chip Bn254Fp2AddSubAssign in 4.973µs
2025-11-02T10:19:44.003920Z DEBUG setup:setup machine:generate preprocessed traces: generated preprocessed trace for chip Secp256k1Decompress in 1.454µs
2025-11-02T10:19:44.008281Z DEBUG setup:setup machine:generate preprocessed traces: generated preprocessed trace for chip Byte in 5.480317ms
2025-11-02T10:19:44.008330Z DEBUG setup:setup machine:generate preprocessed traces: generated preprocessed trace for chip Secp256r1AddAssign in 1.053µs
2025-11-02T10:19:44.017515Z DEBUG setup:setup machine:generate preprocessed traces: generated preprocessed trace for chip Secp256k1AddAssign in 2.239µs
2025-11-02T10:19:44.017560Z DEBUG setup:setup machine:generate preprocessed traces: generated preprocessed trace for chip Bls12381FpOpAssign in 1.601µs
2025-11-02T10:19:44.017632Z DEBUG setup:setup machine:generate preprocessed traces: generated preprocessed trace for chip Uint256MulMod in 1.178µs
2025-11-02T10:19:44.018965Z DEBUG setup:setup machine:generate preprocessed traces: generated preprocessed trace for chip U256XU2048Mul in 1.175µs
2025-11-02T10:19:44.040089Z DEBUG setup:setup machine:generate preprocessed traces: generated preprocessed trace for chip Bls12381AddAssign in 2.141µs
2025-11-02T10:19:44.043389Z DEBUG setup:setup machine:generate preprocessed traces: generated preprocessed trace for chip SyscallCore in 1.802µs
2025-11-02T10:19:44.043448Z DEBUG setup:setup machine:generate preprocessed traces: generated preprocessed trace for chip Bls12381Fp2AddSubAssign in 1.018µs
2025-11-02T10:19:44.043626Z DEBUG setup:setup machine:generate preprocessed traces: generated preprocessed trace for chip Bls12381Fp2MulAssign in 1.481µs
2025-11-02T10:19:44.075889Z DEBUG setup:setup machine:generate preprocessed traces: generated preprocessed trace for chip Program in 80.940792ms
2025-11-02T10:19:45.052201Z DEBUG setup:setup machine:commit to preprocessed traces: close time.busy=904ms time.idle=7.09µs
2025-11-02T10:19:45.052284Z DEBUG setup:setup machine:generate preprocessed traces: close time.busy=111ms time.idle=947ms
2025-11-02T10:19:45.052308Z DEBUG setup:setup machine: close time.busy=1.12s time.idle=3.63µs
2025-11-02T10:19:45.550563Z DEBUG setup: close time.busy=1.62s time.idle=5.08µs
2025-11-02T10:19:45.649861Z DEBUG prove_core:checkpoint generator:batch:clone: close time.busy=191µs time.idle=3.83µs
2025-11-02T10:19:45.649913Z DEBUG prove_core:checkpoint generator:batch:execute: loading memory image
2025-11-02T10:19:45.651908Z  INFO prove_core:checkpoint generator:batch:execute: clk = 0 pc = 0x201504
2025-11-02T10:19:45.946712Z DEBUG prove_core:checkpoint generator:batch:execute: close time.busy=297ms time.idle=4.35µs
2025-11-02T10:19:45.949910Z DEBUG prove_core:checkpoint generator:batch:create memory checkpoint: close time.busy=3.12ms time.idle=3.55µs
2025-11-02T10:19:45.952938Z DEBUG prove_core:checkpoint generator:batch: close time.busy=303ms time.idle=3.54µs
2025-11-02T10:19:45.952980Z DEBUG prove_core:checkpoint generator: close time.busy=303ms time.idle=23.8µs
2025-11-02T10:19:45.960998Z DEBUG prove_core:phase 2 trace generation:trace checkpoint: loading memory image
2025-11-02T10:19:45.961771Z  INFO prove_core:phase 2 trace generation:trace checkpoint: clk = 0 pc = 0x201504
2025-11-02T10:19:46.851519Z DEBUG prove_core:phase 2 trace generation:trace checkpoint: close time.busy=899ms time.idle=4.47µs
2025-11-02T10:19:47.154206Z DEBUG prove_core:phase 2 trace generation: deferred 4 records
2025-11-02T10:19:47.217772Z DEBUG prove_core:phase 2 trace generation:generate dependencies:generate cpu dependencies: close time.busy=63.5ms time.idle=4.40µs index=0
2025-11-02T10:19:47.357521Z DEBUG prove_core:phase 2 trace generation:generate dependencies:register nonces: close time.busy=2.92µs time.idle=4.97µs index=0
2025-11-02T10:19:47.357588Z DEBUG prove_core:phase 2 trace generation:generate dependencies:generate cpu dependencies: close time.busy=8.62µs time.idle=2.73µs index=0
2025-11-02T10:19:47.401012Z DEBUG prove_core:phase 2 trace generation:generate dependencies:register nonces: close time.busy=2.28µs time.idle=5.11µs index=0
2025-11-02T10:19:47.401069Z DEBUG prove_core:phase 2 trace generation:generate dependencies:generate cpu dependencies: close time.busy=9.36µs time.idle=3.23µs index=0
2025-11-02T10:19:47.469945Z DEBUG prove_core:phase 2 trace generation:generate dependencies:register nonces: close time.busy=2.53µs time.idle=4.84µs index=0
2025-11-02T10:19:47.470002Z DEBUG prove_core:phase 2 trace generation:generate dependencies:generate cpu dependencies: close time.busy=7.85µs time.idle=2.71µs index=0
2025-11-02T10:19:47.618563Z DEBUG prove_core:phase 2 trace generation:generate dependencies:register nonces: close time.busy=2.44µs time.idle=4.44µs index=0
2025-11-02T10:19:47.618622Z DEBUG prove_core:phase 2 trace generation:generate dependencies:generate cpu dependencies: close time.busy=7.72µs time.idle=2.69µs index=0
2025-11-02T10:19:47.631490Z DEBUG prove_core:phase 2 trace generation:generate dependencies:register nonces: close time.busy=1.50µs time.idle=3.41µs index=0
2025-11-02T10:19:47.631518Z DEBUG prove_core:phase 2 trace generation:generate dependencies: close time.busy=477ms time.idle=3.46µs index=0
2025-11-02T10:19:47.632167Z DEBUG prove_core:phase 2 trace generation: Shard Lifted: Index=1, Cluster=4
2025-11-02T10:19:47.632188Z DEBUG prove_core:phase 2 trace generation: Chip Cpu: 21  -> 21 
2025-11-02T10:19:47.632197Z DEBUG prove_core:phase 2 trace generation: Chip AddSub: 21  -> 21 
2025-11-02T10:19:47.632204Z DEBUG prove_core:phase 2 trace generation: Chip Bitwise: 17  -> 17 
2025-11-02T10:19:47.632212Z DEBUG prove_core:phase 2 trace generation: Chip Mul: 12  -> 17 
2025-11-02T10:19:47.632219Z DEBUG prove_core:phase 2 trace generation: Chip ShiftRight: 14  -> 17 
2025-11-02T10:19:47.632226Z DEBUG prove_core:phase 2 trace generation: Chip ShiftLeft: 14  -> 17 
2025-11-02T10:19:47.632233Z DEBUG prove_core:phase 2 trace generation: Chip Lt: 19  -> 19 
2025-11-02T10:19:47.632240Z DEBUG prove_core:phase 2 trace generation: Chip MemoryLocal: 14  -> 18 
2025-11-02T10:19:47.632248Z DEBUG prove_core:phase 2 trace generation: Chip MemoryInstrs: 20  -> 20 
2025-11-02T10:19:47.632255Z DEBUG prove_core:phase 2 trace generation: Chip Auipc: 14  -> 18 
2025-11-02T10:19:47.632262Z DEBUG prove_core:phase 2 trace generation: Chip Branch: 18  -> 18 
2025-11-02T10:19:47.632269Z DEBUG prove_core:phase 2 trace generation: Chip Jump: 16  -> 18 
2025-11-02T10:19:47.632276Z DEBUG prove_core:phase 2 trace generation: Chip Global: 17  -> 17 
2025-11-02T10:19:47.632283Z DEBUG prove_core:phase 2 trace generation: Chip SyscallCore: 12  -> 18 
2025-11-02T10:19:47.632290Z DEBUG prove_core:phase 2 trace generation: Chip SyscallInstrs: 12  -> 18 
2025-11-02T10:19:47.633185Z DEBUG fixed log2 rows can be potentially reduced: got 33172, expected 262144
2025-11-02T10:19:47.633217Z DEBUG fixed log2 rows can be potentially reduced: got 2263, expected 262144
2025-11-02T10:19:47.633226Z DEBUG generate traces for shard: generated trace for chip SyscallPrecompile in 92.14µs
2025-11-02T10:19:47.633259Z DEBUG fixed log2 rows can be potentially reduced: got 15247, expected 262144
2025-11-02T10:19:47.633381Z DEBUG generate traces for shard: fixed log2 rows can be potentially reduced: got 50022, expected 524288
2025-11-02T10:19:47.633538Z DEBUG generate traces for shard: generated trace for chip SyscallPrecompile in 339.769µs
2025-11-02T10:19:47.633883Z DEBUG generate traces for shard: generated trace for chip Program in 815.404µs
2025-11-02T10:19:47.634004Z DEBUG generate traces for shard: generated trace for chip MemoryLocal in 881.52µs
2025-11-02T10:19:47.634035Z DEBUG fixed log2 rows can be potentially reduced: got 14408, expected 131072
2025-11-02T10:19:47.635692Z DEBUG prove_core: core cache miss, misses: 0
2025-11-02T10:19:47.635993Z DEBUG generate traces for shard: generated trace for chip Auipc in 2.744707ms
2025-11-02T10:19:47.636716Z DEBUG generate traces for shard: fixed log2 rows can be potentially reduced: got 50022, expected 524288
2025-11-02T10:19:47.636722Z DEBUG generate traces for shard: fixed log2 rows can be potentially reduced: got 50022, expected 524288
2025-11-02T10:19:47.637249Z DEBUG generate traces for shard: generated trace for chip Program in 791.219µs
2025-11-02T10:19:47.637718Z DEBUG generate traces for shard: generated trace for chip MemoryLocal in 1.330047ms
2025-11-02T10:19:47.639730Z DEBUG generate traces for shard: generated trace for chip Program in 3.354328ms
2025-11-02T10:19:47.642605Z DEBUG generate traces for shard: generated trace for chip Jump in 9.44344ms
2025-11-02T10:19:47.642641Z DEBUG fixed log2 rows can be potentially reduced: got 2263, expected 262144
2025-11-02T10:19:47.645586Z DEBUG generate traces for shard: generated trace for chip SyscallInstrs in 2.958881ms
2025-11-02T10:19:47.645808Z DEBUG fixed log2 rows can be potentially reduced: got 13023, expected 262144
2025-11-02T10:19:47.650466Z DEBUG generate traces for shard: generated trace for chip MemoryLocal in 4.860517ms
2025-11-02T10:19:47.650751Z DEBUG generate traces for shard: generated trace for chip SyscallCore in 17.645281ms
2025-11-02T10:19:47.657486Z DEBUG generate traces for shard: generated trace for chip Bitwise in 24.350174ms
2025-11-02T10:19:47.657545Z DEBUG fixed log2 rows can be potentially reduced: got 3907, expected 131072
2025-11-02T10:19:47.659898Z DEBUG generate traces for shard: generated trace for chip Mul in 2.364763ms
2025-11-02T10:19:47.661819Z DEBUG generate traces for shard: generated trace for chip Byte in 1.894104ms
2025-11-02T10:19:47.663401Z DEBUG generate traces for shard: generated trace for chip Byte in 1.557099ms
2025-11-02T10:19:47.664858Z DEBUG fixed log2 rows can be potentially reduced: got 15258, expected 131072
2025-11-02T10:19:47.672479Z DEBUG fixed log2 rows can be potentially reduced: got 50022, expected 524288
2025-11-02T10:19:47.677964Z DEBUG generate traces for shard: generated trace for chip Program in 41.579459ms
2025-11-02T10:19:47.690833Z DEBUG generate traces for shard: generated trace for chip Byte in 12.825238ms
2025-11-02T10:19:47.691898Z DEBUG generate traces for shard: generated trace for chip ShiftRight in 57.867387ms
2025-11-02T10:19:47.726575Z DEBUG generate traces for shard: generated trace for chip Branch in 90.561872ms
2025-11-02T10:19:47.732448Z DEBUG generate traces for shard: generated trace for chip ShiftLeft in 69.020757ms
2025-11-02T10:19:47.748089Z DEBUG prove_core:build recursion program:read input: close time.busy=112ms time.idle=3.75µs
2025-11-02T10:19:47.748915Z DEBUG prove_core:build recursion program:verify:verify shard:assert lookup multiplicities: close time.busy=7.96µs time.idle=2.87µs
2025-11-02T10:19:47.772074Z DEBUG generate traces for shard: generated trace for chip Secp256k1AddAssign in 138.941694ms
2025-11-02T10:19:47.830174Z DEBUG generate traces for shard: fixed log2 rows can be potentially reduced: got 50022, expected 524288
2025-11-02T10:19:47.830703Z DEBUG generate traces for shard: generated trace for chip Program in 828.543µs
2025-11-02T10:19:47.836048Z DEBUG generate traces for shard: fixed log2 rows can be potentially reduced: got 18041, expected 65536
2025-11-02T10:19:47.869004Z DEBUG prove_core:build recursion program:verify:verify shard:2adic pcs:verify shape and challenges: close time.busy=78.0ms time.idle=6.39µs
2025-11-02T10:19:47.912537Z DEBUG generate traces for shard: generated trace for chip MemoryGlobalInit in 81.808715ms
2025-11-02T10:19:47.934021Z DEBUG generate traces for shard: generated trace for chip AddSub in 283.22771ms
2025-11-02T10:19:47.957106Z DEBUG generate traces for shard: generated trace for chip MemoryLocal in 3.337129ms
2025-11-02T10:19:47.976489Z DEBUG generate traces for shard: generated trace for chip Byte in 3.839088ms
2025-11-02T10:19:47.979715Z DEBUG generate traces for shard: fixed log2 rows can be potentially reduced: got 74917, expected 262144
2025-11-02T10:19:48.038607Z DEBUG generate traces for shard: generated trace for chip Byte in 68.33µs
2025-11-02T10:19:48.155670Z DEBUG prove_core:build recursion program:verify:verify shard:2adic pcs:verify challenges: close time.busy=180ms time.idle=6.74µs
2025-11-02T10:19:48.155845Z DEBUG prove_core:build recursion program:verify:verify shard:2adic pcs: close time.busy=404ms time.idle=3.76µs
2025-11-02T10:19:48.163005Z DEBUG prove_core:build recursion program:verify:verify shard:verify constraints: close time.busy=7.13ms time.idle=5.97µs
2025-11-02T10:19:48.163059Z DEBUG prove_core:build recursion program:verify:verify shard: close time.busy=414ms time.idle=5.05µs
2025-11-02T10:19:48.179764Z DEBUG generate traces for shard: generated trace for chip Lt in 546.618194ms
2025-11-02T10:19:48.216886Z DEBUG prove_core:build recursion program:verify: close time.busy=469ms time.idle=5.33µs
2025-11-02T10:19:48.216942Z DEBUG prove_core:build recursion program:build block: close time.busy=7.63µs time.idle=3.16µs
2025-11-02T10:19:48.216954Z DEBUG prove_core:build recursion program: close time.busy=581ms time.idle=3.33µs
2025-11-02T10:19:48.274374Z DEBUG generate traces for shard: generated trace for chip SyscallPrecompile in 154.067µs
2025-11-02T10:19:48.324750Z DEBUG generate traces for shard: generated trace for chip MemoryGlobalFinalize in 412.161536ms
2025-11-02T10:19:48.692763Z DEBUG generate traces for shard: generated trace for chip KeccakPermute in 1.055491079s
2025-11-02T10:19:48.692782Z DEBUG generate traces for shard: generated trace for chip Secp256k1DoubleAssign in 1.059662894s
2025-11-02T10:19:48.694312Z DEBUG generate traces for shard: generated trace for chip MemoryInstrs in 1.060728637s
2025-11-02T10:19:48.706894Z DEBUG prove_core:compile recursion program:compile raw program: close time.busy=490ms time.idle=4.34µs
2025-11-02T10:19:48.802469Z DEBUG prove_core:compile recursion program:backfill mult: close time.busy=95.5ms time.idle=5.06µs
2025-11-02T10:19:48.802569Z DEBUG prove_core:compile recursion program:prepend constants: close time.busy=51.4µs time.idle=3.38µs
2025-11-02T10:19:48.813250Z DEBUG prove_core:compile recursion program: close time.busy=596ms time.idle=4.59µs
2025-11-02T10:19:48.836615Z DEBUG prove_core: core cache miss, misses: 1
2025-11-02T10:19:48.879995Z DEBUG generate traces for shard: generated trace for chip Global in 1.246090464s
2025-11-02T10:19:48.881189Z DEBUG generate traces for shard: generated trace for chip Global in 1.243441394s
2025-11-02T10:19:48.881255Z DEBUG generate traces for shard: close time.busy=1.25s time.idle=7.69µs
2025-11-02T10:19:48.886287Z DEBUG generate traces for shard: generated trace for chip Global in 929.140905ms
2025-11-02T10:19:48.922282Z DEBUG generate traces for shard: close time.busy=1.29s time.idle=5.97µs
2025-11-02T10:19:48.931253Z DEBUG generate traces for shard: close time.busy=1.29s time.idle=5.58µs
2025-11-02T10:19:48.932611Z DEBUG generate traces for shard: generated trace for chip Global in 1.282123857s
2025-11-02T10:19:48.932696Z DEBUG generate traces for shard: generated trace for chip Global in 977.16701ms
2025-11-02T10:19:48.932884Z DEBUG generate traces for shard: generated trace for chip Cpu in 1.299768207s
2025-11-02T10:19:48.932932Z DEBUG generate traces for shard: close time.busy=1.10s time.idle=5.59µs
2025-11-02T10:19:48.933035Z DEBUG generate traces for shard: close time.busy=1.30s time.idle=3.63µs
2025-11-02T10:19:48.933081Z  INFO prove_core:phase 2 trace generation:generate main traces: close time.busy=1.30s time.idle=4.21µs index=0
2025-11-02T10:19:49.009276Z DEBUG prove_core:build recursion program:read input: close time.busy=173ms time.idle=4.17µs
2025-11-02T10:19:49.010135Z DEBUG prove_core:build recursion program:verify:verify shard:assert lookup multiplicities: close time.busy=22.5µs time.idle=3.95µs
2025-11-02T10:19:49.235038Z DEBUG prove_core:build recursion program:verify:verify shard:2adic pcs:verify shape and challenges: close time.busy=90.8ms time.idle=6.10µs
2025-11-02T10:19:49.596627Z DEBUG prove_core:build recursion program:verify:verify shard:2adic pcs:verify challenges: close time.busy=151ms time.idle=5.96µs
2025-11-02T10:19:49.596728Z DEBUG prove_core:build recursion program:verify:verify shard:2adic pcs: close time.busy=585ms time.idle=3.17µs
2025-11-02T10:19:49.614666Z DEBUG prove_core:build recursion program:verify:verify shard:verify constraints: close time.busy=17.9ms time.idle=4.98µs
2025-11-02T10:19:49.614724Z DEBUG prove_core:build recursion program:verify:verify shard: close time.busy=605ms time.idle=3.44µs
2025-11-02T10:19:49.645229Z DEBUG prove_core:build recursion program:verify: close time.busy=636ms time.idle=7.21µs
2025-11-02T10:19:49.645288Z DEBUG prove_core:build recursion program:build block: close time.busy=2.06µs time.idle=3.14µs
2025-11-02T10:19:49.645301Z DEBUG prove_core:build recursion program: close time.busy=809ms time.idle=3.95µs
2025-11-02T10:19:50.162456Z DEBUG prove_core:compile recursion program:compile raw program: close time.busy=517ms time.idle=4.69µs
2025-11-02T10:19:50.194920Z DEBUG prove_core:compile recursion program:backfill mult: close time.busy=32.4ms time.idle=5.05µs
2025-11-02T10:19:50.195016Z DEBUG prove_core:compile recursion program:prepend constants: close time.busy=38.5µs time.idle=3.49µs
2025-11-02T10:19:50.207035Z DEBUG prove_core:compile recursion program: close time.busy=562ms time.idle=3.98µs
2025-11-02T10:19:50.220250Z DEBUG prove_core: core cache miss, misses: 2
2025-11-02T10:19:50.360135Z DEBUG prove_core:build recursion program:read input: close time.busy=140ms time.idle=3.60µs
2025-11-02T10:19:50.360956Z DEBUG prove_core:build recursion program:verify:verify shard:assert lookup multiplicities: close time.busy=21.3µs time.idle=3.02µs
2025-11-02T10:19:50.642086Z DEBUG prove_core:build recursion program:verify:verify shard:2adic pcs:verify shape and challenges: close time.busy=90.9ms time.idle=6.34µs
2025-11-02T10:19:50.970863Z DEBUG prove_core:build recursion program:verify:verify shard:2adic pcs:verify challenges: close time.busy=151ms time.idle=6.18µs
2025-11-02T10:19:50.970964Z DEBUG prove_core:build recursion program:verify:verify shard:2adic pcs: close time.busy=609ms time.idle=3.24µs
2025-11-02T10:19:50.989924Z DEBUG prove_core:build recursion program:verify:verify shard:verify constraints: close time.busy=18.9ms time.idle=4.84µs
2025-11-02T10:19:50.989990Z DEBUG prove_core:build recursion program:verify:verify shard: close time.busy=629ms time.idle=3.84µs
2025-11-02T10:19:51.022386Z DEBUG prove_core:build recursion program:verify: close time.busy=662ms time.idle=4.60µs
2025-11-02T10:19:51.022452Z DEBUG prove_core:build recursion program:build block: close time.busy=2.03µs time.idle=3.41µs
2025-11-02T10:19:51.022464Z DEBUG prove_core:build recursion program: close time.busy=802ms time.idle=3.67µs
2025-11-02T10:19:51.474956Z DEBUG prove_core:compile recursion program:compile raw program: close time.busy=452ms time.idle=8.75µs
2025-11-02T10:19:51.519220Z DEBUG prove_core:compile recursion program:backfill mult: close time.busy=44.2ms time.idle=7.25µs
2025-11-02T10:19:51.519318Z DEBUG prove_core:compile recursion program:prepend constants: close time.busy=43.4µs time.idle=3.72µs
2025-11-02T10:19:51.531915Z DEBUG prove_core:compile recursion program: close time.busy=509ms time.idle=3.93µs
2025-11-02T10:20:47.662214Z DEBUG prove_core:phase 2 prover:batch:commit: close time.busy=58.7s time.idle=4.81µs shard=1
2025-11-02T10:21:09.291981Z DEBUG prove_core:phase 2 prover:batch:opening:generate permutation traces: close time.busy=21.6s time.idle=4.66µs shard=1
2025-11-02T10:21:09.292090Z DEBUG prove_core:phase 2 prover:batch:opening: AddSub          | Main Cols = 19    | Pre Cols = 0      | Perm Cols = 20    | Rows = 2097152 | Cells = 81788928   shard=1
2025-11-02T10:21:09.292106Z DEBUG prove_core:phase 2 prover:batch:opening: Cpu             | Main Cols = 57    | Pre Cols = 0      | Perm Cols = 44    | Rows = 2097152 | Cells = 211812352  shard=1
2025-11-02T10:21:09.292115Z DEBUG prove_core:phase 2 prover:batch:opening: MemoryInstrs    | Main Cols = 57    | Pre Cols = 0      | Perm Cols = 28    | Rows = 1048576 | Cells = 89128960   shard=1
2025-11-02T10:21:09.292123Z DEBUG prove_core:phase 2 prover:batch:opening: Lt              | Main Cols = 33    | Pre Cols = 0      | Perm Cols = 12    | Rows = 524288 | Cells = 23592960   shard=1
2025-11-02T10:21:09.292132Z DEBUG prove_core:phase 2 prover:batch:opening: Program         | Main Cols = 1     | Pre Cols = 14     | Perm Cols = 8     | Rows = 524288 | Cells = 12058624   shard=1
2025-11-02T10:21:09.292140Z DEBUG prove_core:phase 2 prover:batch:opening: Auipc           | Main Cols = 21    | Pre Cols = 0      | Perm Cols = 12    | Rows = 262144 | Cells = 8650752    shard=1
2025-11-02T10:21:09.292149Z DEBUG prove_core:phase 2 prover:batch:opening: Branch          | Main Cols = 34    | Pre Cols = 0      | Perm Cols = 16    | Rows = 262144 | Cells = 13107200   shard=1
2025-11-02T10:21:09.292157Z DEBUG prove_core:phase 2 prover:batch:opening: Jump            | Main Cols = 26    | Pre Cols = 0      | Perm Cols = 16    | Rows = 262144 | Cells = 11010048   shard=1
2025-11-02T10:21:09.292165Z DEBUG prove_core:phase 2 prover:batch:opening: MemoryLocal     | Main Cols = 56    | Pre Cols = 0      | Perm Cols = 36    | Rows = 262144 | Cells = 24117248   shard=1
2025-11-02T10:21:09.292175Z DEBUG prove_core:phase 2 prover:batch:opening: SyscallCore     | Main Cols = 6     | Pre Cols = 0      | Perm Cols = 8     | Rows = 262144 | Cells = 3670016    shard=1
2025-11-02T10:21:09.292184Z DEBUG prove_core:phase 2 prover:batch:opening: SyscallInstrs   | Main Cols = 52    | Pre Cols = 0      | Perm Cols = 20    | Rows = 262144 | Cells = 18874368   shard=1
2025-11-02T10:21:09.292192Z DEBUG prove_core:phase 2 prover:batch:opening: Bitwise         | Main Cols = 17    | Pre Cols = 0      | Perm Cols = 16    | Rows = 131072 | Cells = 4325376    shard=1
2025-11-02T10:21:09.292200Z DEBUG prove_core:phase 2 prover:batch:opening: Global          | Main Cols = 412   | Pre Cols = 0      | Perm Cols = 8     | Rows = 131072 | Cells = 55050240   shard=1
2025-11-02T10:21:09.292208Z DEBUG prove_core:phase 2 prover:batch:opening: Mul             | Main Cols = 39    | Pre Cols = 0      | Perm Cols = 36    | Rows = 131072 | Cells = 9830400    shard=1
2025-11-02T10:21:09.292216Z DEBUG prove_core:phase 2 prover:batch:opening: ShiftLeft       | Main Cols = 44    | Pre Cols = 0      | Perm Cols = 16    | Rows = 131072 | Cells = 7864320    shard=1
2025-11-02T10:21:09.292225Z DEBUG prove_core:phase 2 prover:batch:opening: ShiftRight      | Main Cols = 70    | Pre Cols = 0      | Perm Cols = 56    | Rows = 131072 | Cells = 16515072   shard=1
2025-11-02T10:21:09.292233Z DEBUG prove_core:phase 2 prover:batch:opening: Byte            | Main Cols = 9     | Pre Cols = 11     | Perm Cols = 24    | Rows = 65536 | Cells = 2883584    shard=1
2025-11-02T10:21:12.244457Z DEBUG prove_core:phase 2 prover:batch:opening:flatten permutation traces and collect domains: close time.busy=2.95s time.idle=8.65µs shard=1
2025-11-02T10:21:46.701569Z DEBUG prove_core:phase 2 prover:batch:opening:commit to permutation traces: close time.busy=34.5s time.idle=8.25µs shard=1
2025-11-02T10:21:52.381680Z DEBUG prove_core:phase 2 prover:batch:opening:compute quotient values:compute quotient values for domain: close time.busy=5.68s time.idle=7.96µs shard=1
2025-11-02T10:21:54.678036Z DEBUG prove_core:phase 2 prover:batch:opening:compute quotient values:compute quotient values for domain: close time.busy=7.98s time.idle=15.3µs shard=1
2025-11-02T10:21:56.326688Z DEBUG prove_core:phase 2 prover:batch:opening:compute quotient values:compute quotient values for domain: close time.busy=9.62s time.idle=13.9µs shard=1
2025-11-02T10:22:03.463974Z DEBUG prove_core:phase 2 prover:batch:opening:compute quotient values:compute quotient values for domain: close time.busy=16.8s time.idle=9.08µs shard=1
2025-11-02T10:22:07.615195Z DEBUG prove_core:phase 2 prover:batch:opening:compute quotient values:compute quotient values for domain: close time.busy=20.9s time.idle=6.82µs shard=1
2025-11-02T10:22:13.912717Z DEBUG prove_core:phase 2 prover:batch:opening:compute quotient values:compute quotient values for domain: close time.busy=27.2s time.idle=12.7µs shard=1
2025-11-02T10:22:14.769865Z DEBUG prove_core:phase 2 prover:batch:opening:compute quotient values:compute quotient values for domain: close time.busy=28.1s time.idle=15.6µs shard=1
2025-11-02T10:22:27.864176Z DEBUG prove_core:phase 2 prover:batch:opening:compute quotient values:compute quotient values for domain: close time.busy=41.2s time.idle=6.46µs shard=1
2025-11-02T10:23:13.058909Z DEBUG prove_core:phase 2 prover:batch:opening:compute quotient values:compute quotient values for domain: close time.busy=86.4s time.idle=7.45µs shard=1
2025-11-02T10:23:13.093216Z DEBUG prove_core:phase 2 prover:batch:opening:compute quotient values:compute quotient values for domain: close time.busy=86.4s time.idle=8.32µs shard=1
2025-11-02T10:23:13.109401Z DEBUG prove_core:phase 2 prover:batch:opening:compute quotient values:compute quotient values for domain: close time.busy=69.6s time.idle=6.86µs shard=1
2025-11-02T10:23:13.121516Z DEBUG prove_core:phase 2 prover:batch:opening:compute quotient values:compute quotient values for domain: close time.busy=86.4s time.idle=5.84µs shard=1
2025-11-02T10:23:13.143174Z DEBUG prove_core:phase 2 prover:batch:opening:compute quotient values:compute quotient values for domain: close time.busy=86.4s time.idle=7.60µs shard=1
2025-11-02T10:23:13.182658Z DEBUG prove_core:phase 2 prover:batch:opening:compute quotient values:compute quotient values for domain: close time.busy=86.5s time.idle=19.2µs shard=1
2025-11-02T10:23:13.296488Z DEBUG prove_core:phase 2 prover:batch:opening:compute quotient values:compute quotient values for domain: close time.busy=86.6s time.idle=7.73µs shard=1
2025-11-02T10:23:13.406316Z DEBUG prove_core:phase 2 prover:batch:opening:compute quotient values:compute quotient values for domain: close time.busy=86.7s time.idle=6.00µs shard=1
2025-11-02T10:23:13.692404Z DEBUG prove_core:phase 2 prover:batch:opening:compute quotient values:compute quotient values for domain: close time.busy=87.0s time.idle=10.9µs shard=1
2025-11-02T10:23:28.309652Z DEBUG prove_core:phase 2 prover:batch:opening:commit to quotient traces: close time.busy=13.6s time.idle=5.48µs shard=1
2025-11-02T10:23:28.309730Z DEBUG prove_core:phase 2 prover:batch:opening:compute preprocessed opening points: close time.busy=18.5µs time.idle=3.11µs shard=1
2025-11-02T10:23:28.309775Z DEBUG prove_core:phase 2 prover:batch:opening:compute main trace opening points: close time.busy=28.5µs time.idle=2.29µs shard=1
2025-11-02T10:23:28.309795Z DEBUG prove_core:phase 2 prover:batch:opening:compute permutation trace opening points: close time.busy=4.84µs time.idle=2.27µs shard=1
2025-11-02T10:23:53.554206Z DEBUG prove_core:phase 2 prover:batch:opening:open multi batches: close time.busy=25.2s time.idle=4.72µs shard=1
2025-11-02T10:23:53.655309Z DEBUG prove_core:phase 2 prover:batch:opening:compute quotient values: close time.busy=87.0s time.idle=40.0s shard=1
2025-11-02T10:23:54.730310Z DEBUG prove_core:phase 2 prover:batch:opening: close time.busy=187s time.idle=9.60µs shard=1
2025-11-02T10:23:54.730426Z DEBUG prove_core:phase 2 prover:batch: proving shard 1 took 245797201610 ns. shape: Some([(Byte, 16), (Global, 17), (ShiftLeft, 17), (Bitwise, 17), (ShiftRight, 17), (Mul, 17), (SyscallCore, 18), (SyscallInstrs, 18), (Jump, 18), (MemoryLocal, 18), (Auipc, 18), (Branch, 18), (Lt, 19), (Program, 19), (MemoryInstrs, 20), (Cpu, 21), (AddSub, 21)])
2025-11-02T10:23:54.730566Z DEBUG prove_core:phase 2 prover:batch: close time.busy=246s time.idle=26.8µs
2025-11-02T10:23:58.961288Z DEBUG prove_core:phase 2 prover:batch:commit: close time.busy=4.23s time.idle=3.92µs shard=2
2025-11-02T10:23:59.486063Z DEBUG prove_core:phase 2 prover:batch:opening:generate permutation traces: close time.busy=525ms time.idle=4.14µs shard=2
2025-11-02T10:23:59.486109Z DEBUG prove_core:phase 2 prover:batch:opening: Program         | Main Cols = 1     | Pre Cols = 14     | Perm Cols = 8     | Rows = 524288 | Cells = 12058624   shard=2
2025-11-02T10:23:59.486122Z DEBUG prove_core:phase 2 prover:batch:opening: Byte            | Main Cols = 9     | Pre Cols = 11     | Perm Cols = 24    | Rows = 65536 | Cells = 2883584    shard=2
2025-11-02T10:23:59.486131Z DEBUG prove_core:phase 2 prover:batch:opening: Global          | Main Cols = 412   | Pre Cols = 0      | Perm Cols = 8     | Rows = 65536 | Cells = 27525120   shard=2
2025-11-02T10:23:59.486140Z DEBUG prove_core:phase 2 prover:batch:opening: MemoryLocal     | Main Cols = 56    | Pre Cols = 0      | Perm Cols = 36    | Rows = 8192  | Cells = 753664     shard=2
2025-11-02T10:23:59.486149Z DEBUG prove_core:phase 2 prover:batch:opening: Secp256k1AddAssign | Main Cols = 2305  | Pre Cols = 0      | Perm Cols = 2148  | Rows = 1024  | Cells = 4559872    shard=2
2025-11-02T10:23:59.486160Z DEBUG prove_core:phase 2 prover:batch:opening: SyscallPrecompile | Main Cols = 6     | Pre Cols = 0      | Perm Cols = 8     | Rows = 1024  | Cells = 14336      shard=2
2025-11-02T10:23:59.922111Z DEBUG prove_core:phase 2 prover:batch:opening:flatten permutation traces and collect domains: close time.busy=436ms time.idle=5.09µs shard=2
2025-11-02T10:24:01.636243Z DEBUG prove_core:phase 2 prover:batch:opening:commit to permutation traces: close time.busy=1.71s time.idle=4.67µs shard=2
2025-11-02T10:24:03.637189Z DEBUG prove_core:phase 2 prover:batch:opening:compute quotient values:compute quotient values for domain: close time.busy=2.00s time.idle=5.40µs shard=2
2025-11-02T10:24:03.637202Z DEBUG prove_core:phase 2 prover:batch:opening:compute quotient values:compute quotient values for domain: close time.busy=2.00s time.idle=6.25µs shard=2
2025-11-02T10:24:03.637869Z DEBUG prove_core:phase 2 prover:batch:opening:compute quotient values:compute quotient values for domain: close time.busy=2.00s time.idle=4.24µs shard=2
2025-11-02T10:24:03.638087Z DEBUG prove_core:phase 2 prover:batch:opening:compute quotient values:compute quotient values for domain: close time.busy=2.00s time.idle=5.61µs shard=2
2025-11-02T10:24:03.672532Z DEBUG prove_core:phase 2 prover:batch:opening:compute quotient values:compute quotient values for domain: close time.busy=2.04s time.idle=6.10µs shard=2
2025-11-02T10:24:04.723087Z DEBUG prove_core:phase 2 prover:batch:opening:compute quotient values:compute quotient values for domain: close time.busy=3.09s time.idle=5.39µs shard=2
2025-11-02T10:24:06.068624Z DEBUG prove_core:phase 2 prover:batch:opening:commit to quotient traces: close time.busy=1.31s time.idle=5.36µs shard=2
2025-11-02T10:24:06.068692Z DEBUG prove_core:phase 2 prover:batch:opening:compute preprocessed opening points: close time.busy=10.7µs time.idle=3.36µs shard=2
2025-11-02T10:24:06.068712Z DEBUG prove_core:phase 2 prover:batch:opening:compute main trace opening points: close time.busy=4.00µs time.idle=2.26µs shard=2
2025-11-02T10:24:06.068729Z DEBUG prove_core:phase 2 prover:batch:opening:compute permutation trace opening points: close time.busy=4.63µs time.idle=2.23µs shard=2
2025-11-02T10:24:08.578597Z DEBUG prove_core:phase 2 prover:batch:opening:open multi batches: close time.busy=2.51s time.idle=4.27µs shard=2
2025-11-02T10:24:08.578682Z DEBUG prove_core:phase 2 prover:batch:opening:compute quotient values: close time.busy=3.09s time.idle=3.86s shard=2
2025-11-02T10:24:08.637760Z DEBUG prove_core:phase 2 prover:batch:opening: close time.busy=9.68s time.idle=4.27µs shard=2
2025-11-02T10:24:08.637793Z DEBUG prove_core:phase 2 prover:batch: proving shard 2 took 13907164582 ns. shape: Some([(Secp256k1AddAssign, 10), (SyscallPrecompile, 10), (MemoryLocal, 13), (Byte, 16), (Global, 16), (Program, 19)])
2025-11-02T10:24:08.637878Z DEBUG prove_core:phase 2 prover:batch: close time.busy=13.9s time.idle=17.4µs
2025-11-02T10:24:13.839708Z DEBUG prove_core:phase 2 prover:batch:commit: close time.busy=5.20s time.idle=3.94µs shard=3
2025-11-02T10:24:14.450743Z DEBUG prove_core:phase 2 prover:batch:opening:generate permutation traces: close time.busy=611ms time.idle=4.61µs shard=3
2025-11-02T10:24:14.450812Z DEBUG prove_core:phase 2 prover:batch:opening: Program         | Main Cols = 1     | Pre Cols = 14     | Perm Cols = 8     | Rows = 524288 | Cells = 12058624   shard=3
2025-11-02T10:24:14.450825Z DEBUG prove_core:phase 2 prover:batch:opening: Byte            | Main Cols = 9     | Pre Cols = 11     | Perm Cols = 24    | Rows = 65536 | Cells = 2883584    shard=3
2025-11-02T10:24:14.450834Z DEBUG prove_core:phase 2 prover:batch:opening: Global          | Main Cols = 412   | Pre Cols = 0      | Perm Cols = 8     | Rows = 65536 | Cells = 27525120   shard=3
2025-11-02T10:24:14.450843Z DEBUG prove_core:phase 2 prover:batch:opening: MemoryLocal     | Main Cols = 56    | Pre Cols = 0      | Perm Cols = 36    | Rows = 4096  | Cells = 376832     shard=3
2025-11-02T10:24:14.450852Z DEBUG prove_core:phase 2 prover:batch:opening: Secp256k1DoubleAssign | Main Cols = 2348  | Pre Cols = 0      | Perm Cols = 2208  | Rows = 1024  | Cells = 4665344    shard=3
2025-11-02T10:24:14.450863Z DEBUG prove_core:phase 2 prover:batch:opening: SyscallPrecompile | Main Cols = 6     | Pre Cols = 0      | Perm Cols = 8     | Rows = 1024  | Cells = 14336      shard=3
2025-11-02T10:24:14.486606Z DEBUG prove_core:phase 2 prover:batch:opening:flatten permutation traces and collect domains: close time.busy=35.7ms time.idle=4.94µs shard=3
2025-11-02T10:24:16.037273Z DEBUG prove_core:phase 2 prover:batch:opening:commit to permutation traces: close time.busy=1.55s time.idle=4.89µs shard=3
2025-11-02T10:24:16.041999Z DEBUG prove_core:phase 2 prover:batch:opening:compute quotient values:compute quotient values for domain: close time.busy=4.46ms time.idle=5.79µs shard=3
2025-11-02T10:24:17.933284Z DEBUG prove_core:phase 2 prover:batch:opening:compute quotient values:compute quotient values for domain: close time.busy=1.90s time.idle=6.32µs shard=3
2025-11-02T10:24:17.933314Z DEBUG prove_core:phase 2 prover:batch:opening:compute quotient values:compute quotient values for domain: close time.busy=1.90s time.idle=5.90µs shard=3
2025-11-02T10:24:18.258853Z DEBUG prove_core:phase 2 prover:batch:opening:compute quotient values:compute quotient values for domain: close time.busy=2.22s time.idle=5.77µs shard=3
2025-11-02T10:24:18.290856Z DEBUG prove_core:phase 2 prover:batch:opening:compute quotient values:compute quotient values for domain: close time.busy=2.25s time.idle=5.87µs shard=3
2025-11-02T10:24:19.383662Z DEBUG prove_core:phase 2 prover:batch:opening:compute quotient values:compute quotient values for domain: close time.busy=3.35s time.idle=7.83µs shard=3
2025-11-02T10:24:20.871054Z DEBUG prove_core:phase 2 prover:batch:opening:commit to quotient traces: close time.busy=1.46s time.idle=5.50µs shard=3
2025-11-02T10:24:20.871112Z DEBUG prove_core:phase 2 prover:batch:opening:compute preprocessed opening points: close time.busy=4.12µs time.idle=3.20µs shard=3
2025-11-02T10:24:20.871131Z DEBUG prove_core:phase 2 prover:batch:opening:compute main trace opening points: close time.busy=4.69µs time.idle=2.31µs shard=3
2025-11-02T10:24:20.871147Z DEBUG prove_core:phase 2 prover:batch:opening:compute permutation trace opening points: close time.busy=3.30µs time.idle=2.03µs shard=3
2025-11-02T10:24:23.612856Z DEBUG prove_core:phase 2 prover:batch:opening:open multi batches: close time.busy=2.74s time.idle=3.92µs shard=3
2025-11-02T10:24:23.612942Z DEBUG prove_core:phase 2 prover:batch:opening:compute quotient values: close time.busy=3.35s time.idle=4.23s shard=3
2025-11-02T10:24:23.680764Z DEBUG prove_core:phase 2 prover:batch:opening: close time.busy=9.84s time.idle=10.6µs shard=3
2025-11-02T10:24:23.680829Z DEBUG prove_core:phase 2 prover:batch: proving shard 3 took 15042891883 ns. shape: Some([(SyscallPrecompile, 10), (Secp256k1DoubleAssign, 10), (MemoryLocal, 12), (Global, 16), (Byte, 16), (Program, 19)])
2025-11-02T10:24:23.680932Z DEBUG prove_core:phase 2 prover:batch: close time.busy=15.0s time.idle=17.3µs
2025-11-02T10:24:23.716652Z DEBUG prove_core:phase 2 trace generation: close time.busy=278s time.idle=27.7µs
2025-11-02T10:24:40.007010Z DEBUG prove_core:phase 2 prover:batch:commit: close time.busy=16.3s time.idle=8.88µs shard=4
2025-11-02T10:24:41.608422Z DEBUG prove_core:phase 2 prover:batch:opening:generate permutation traces: close time.busy=1.60s time.idle=4.81µs shard=4
2025-11-02T10:24:41.608515Z DEBUG prove_core:phase 2 prover:batch:opening: Program         | Main Cols = 1     | Pre Cols = 14     | Perm Cols = 8     | Rows = 524288 | Cells = 12058624   shard=4
2025-11-02T10:24:41.608529Z DEBUG prove_core:phase 2 prover:batch:opening: Global          | Main Cols = 412   | Pre Cols = 0      | Perm Cols = 8     | Rows = 131072 | Cells = 55050240   shard=4
2025-11-02T10:24:41.608538Z DEBUG prove_core:phase 2 prover:batch:opening: Byte            | Main Cols = 9     | Pre Cols = 11     | Perm Cols = 24    | Rows = 65536 | Cells = 2883584    shard=4
2025-11-02T10:24:41.608548Z DEBUG prove_core:phase 2 prover:batch:opening: KeccakPermute   | Main Cols = 3289  | Pre Cols = 0      | Perm Cols = 608   | Rows = 16384 | Cells = 63848448   shard=4
2025-11-02T10:24:41.608556Z DEBUG prove_core:phase 2 prover:batch:opening: MemoryLocal     | Main Cols = 56    | Pre Cols = 0      | Perm Cols = 36    | Rows = 16384 | Cells = 1507328    shard=4
2025-11-02T10:24:41.608568Z DEBUG prove_core:phase 2 prover:batch:opening: SyscallPrecompile | Main Cols = 6     | Pre Cols = 0      | Perm Cols = 8     | Rows = 1024  | Cells = 14336      shard=4
2025-11-02T10:24:41.809798Z DEBUG prove_core:phase 2 prover:batch:opening:flatten permutation traces and collect domains: close time.busy=201ms time.idle=5.68µs shard=4
2025-11-02T10:24:44.649905Z DEBUG prove_core:phase 2 prover:batch:opening:commit to permutation traces: close time.busy=2.84s time.idle=5.60µs shard=4
2025-11-02T10:24:44.653563Z DEBUG prove_core:phase 2 prover:batch:opening:compute quotient values:compute quotient values for domain: close time.busy=3.44ms time.idle=3.36µs shard=4
2025-11-02T10:24:44.942171Z DEBUG prove_core:phase 2 prover:batch:opening:compute quotient values:compute quotient values for domain: close time.busy=292ms time.idle=4.91µs shard=4
2025-11-02T10:24:44.942824Z DEBUG prove_core:phase 2 prover:batch:opening:compute quotient values:compute quotient values for domain: close time.busy=293ms time.idle=4.33µs shard=4
2025-11-02T10:24:51.208896Z DEBUG prove_core:phase 2 prover:batch:opening:compute quotient values:compute quotient values for domain: close time.busy=6.56s time.idle=6.52µs shard=4
2025-11-02T10:24:51.220447Z DEBUG prove_core:phase 2 prover:batch:opening:compute quotient values:compute quotient values for domain: close time.busy=6.57s time.idle=5.74µs shard=4
2025-11-02T10:24:52.850468Z DEBUG prove_core:phase 2 prover:batch:opening:compute quotient values:compute quotient values for domain: close time.busy=8.20s time.idle=5.65µs shard=4
2025-11-02T10:24:54.370104Z DEBUG prove_core:phase 2 prover:batch:opening:commit to quotient traces: close time.busy=1.46s time.idle=5.61µs shard=4
2025-11-02T10:24:54.370180Z DEBUG prove_core:phase 2 prover:batch:opening:compute preprocessed opening points: close time.busy=24.0µs time.idle=3.50µs shard=4
2025-11-02T10:24:54.370235Z DEBUG prove_core:phase 2 prover:batch:opening:compute main trace opening points: close time.busy=37.8µs time.idle=2.68µs shard=4
2025-11-02T10:24:54.370265Z DEBUG prove_core:phase 2 prover:batch:opening:compute permutation trace opening points: close time.busy=10.0µs time.idle=2.37µs shard=4
2025-11-02T10:24:58.456063Z DEBUG prove_core:phase 2 prover:batch:opening:open multi batches: close time.busy=4.09s time.idle=5.31µs shard=4
2025-11-02T10:24:58.456172Z DEBUG prove_core:phase 2 prover:batch:opening:compute quotient values: close time.busy=8.20s time.idle=5.61s shard=4
2025-11-02T10:24:58.689085Z DEBUG prove_core:phase 2 prover:batch:opening: close time.busy=18.7s time.idle=7.03µs shard=4
2025-11-02T10:24:58.689153Z DEBUG prove_core:phase 2 prover:batch: proving shard 4 took 35008168374 ns. shape: Some([(SyscallPrecompile, 10), (KeccakPermute, 14), (MemoryLocal, 14), (Byte, 16), (Global, 17), (Program, 19)])
2025-11-02T10:24:58.689265Z DEBUG prove_core:phase 2 prover:batch: close time.busy=35.0s time.idle=10.4µs
2025-11-02T10:25:12.583384Z DEBUG prove_core:phase 2 prover:batch:commit: close time.busy=13.9s time.idle=3.92µs shard=5
2025-11-02T10:25:13.037783Z DEBUG prove_core:phase 2 prover:batch:opening:generate permutation traces: close time.busy=454ms time.idle=4.30µs shard=5
2025-11-02T10:25:13.037863Z DEBUG prove_core:phase 2 prover:batch:opening: Program         | Main Cols = 1     | Pre Cols = 14     | Perm Cols = 8     | Rows = 524288 | Cells = 12058624   shard=5
2025-11-02T10:25:13.037876Z DEBUG prove_core:phase 2 prover:batch:opening: MemoryGlobalFinalize | Main Cols = 108   | Pre Cols = 0      | Perm Cols = 8     | Rows = 262144 | Cells = 30408704   shard=5
2025-11-02T10:25:13.037885Z DEBUG prove_core:phase 2 prover:batch:opening: Global          | Main Cols = 412   | Pre Cols = 0      | Perm Cols = 8     | Rows = 131072 | Cells = 55050240   shard=5
2025-11-02T10:25:13.037894Z DEBUG prove_core:phase 2 prover:batch:opening: Byte            | Main Cols = 9     | Pre Cols = 11     | Perm Cols = 24    | Rows = 65536 | Cells = 2883584    shard=5
2025-11-02T10:25:13.037903Z DEBUG prove_core:phase 2 prover:batch:opening: MemoryGlobalInit | Main Cols = 108   | Pre Cols = 0      | Perm Cols = 8     | Rows = 65536 | Cells = 7602176    shard=5
2025-11-02T10:25:13.083608Z DEBUG prove_core:phase 2 prover:batch:opening:flatten permutation traces and collect domains: close time.busy=45.7ms time.idle=4.64µs shard=5
2025-11-02T10:25:15.073643Z DEBUG prove_core:phase 2 prover:batch:opening:commit to permutation traces: close time.busy=1.99s time.idle=5.81µs shard=5
2025-11-02T10:25:16.349758Z DEBUG prove_core:phase 2 prover:batch:opening:compute quotient values:compute quotient values for domain: close time.busy=1.28s time.idle=8.56µs shard=5
2025-11-02T10:25:16.394085Z DEBUG prove_core:phase 2 prover:batch:opening:compute quotient values:compute quotient values for domain: close time.busy=1.32s time.idle=10.3µs shard=5
2025-11-02T10:25:20.149624Z DEBUG prove_core:phase 2 prover:batch:opening:compute quotient values:compute quotient values for domain: close time.busy=5.08s time.idle=7.43µs shard=5
2025-11-02T10:25:20.217330Z DEBUG prove_core:phase 2 prover:batch:opening:compute quotient values:compute quotient values for domain: close time.busy=5.14s time.idle=5.42µs shard=5
2025-11-02T10:25:20.252401Z DEBUG prove_core:phase 2 prover:batch:opening:compute quotient values:compute quotient values for domain: close time.busy=5.18s time.idle=4.44µs shard=5
2025-11-02T10:25:22.246024Z DEBUG prove_core:phase 2 prover:batch:opening:commit to quotient traces: close time.busy=1.94s time.idle=6.79µs shard=5
2025-11-02T10:25:22.246106Z DEBUG prove_core:phase 2 prover:batch:opening:compute preprocessed opening points: close time.busy=4.36µs time.idle=3.74µs shard=5
2025-11-02T10:25:22.246132Z DEBUG prove_core:phase 2 prover:batch:opening:compute main trace opening points: close time.busy=5.85µs time.idle=3.21µs shard=5
2025-11-02T10:25:22.246155Z DEBUG prove_core:phase 2 prover:batch:opening:compute permutation trace opening points: close time.busy=3.44µs time.idle=2.81µs shard=5
2025-11-02T10:25:26.206224Z DEBUG prove_core:phase 2 prover:batch:opening:open multi batches: close time.busy=3.96s time.idle=9.19µs shard=5
2025-11-02T10:25:26.206392Z DEBUG prove_core:phase 2 prover:batch:opening:compute quotient values: close time.busy=5.18s time.idle=5.95s shard=5
2025-11-02T10:25:26.393660Z DEBUG prove_core:phase 2 prover:batch:opening: close time.busy=13.8s time.idle=10.1µs shard=5
2025-11-02T10:25:26.393730Z DEBUG prove_core:phase 2 prover:batch: proving shard 5 took 27704427795 ns. shape: Some([(Byte, 16), (MemoryGlobalInit, 16), (Global, 17), (MemoryGlobalFinalize, 18), (Program, 19)])
2025-11-02T10:25:26.393843Z DEBUG prove_core:phase 2 prover:batch: close time.busy=27.7s time.idle=11.5µs
2025-11-02T10:25:26.393860Z DEBUG prove_core:phase 2 prover: close time.busy=341s time.idle=3.33µs
2025-11-02T10:25:26.394410Z DEBUG prove_core: execution report (totals): total_cycles=1317209, total_syscall_cycles=2263, touched_memory_addresses=74916
2025-11-02T10:25:26.394455Z DEBUG prove_core: execution report (opcode counts):
2025-11-02T10:25:26.394474Z DEBUG prove_core:   339848 add
2025-11-02T10:25:26.394483Z DEBUG prove_core:   211069 sw
2025-11-02T10:25:26.394491Z DEBUG prove_core:   176236 lw
2025-11-02T10:25:26.394498Z DEBUG prove_core:   136792 lbu
2025-11-02T10:25:26.394506Z DEBUG prove_core:   100169 sb
2025-11-02T10:25:26.394513Z DEBUG prove_core:    57146 bne
2025-11-02T10:25:26.394521Z DEBUG prove_core:    55845 beq
2025-11-02T10:25:26.394528Z DEBUG prove_core:    46895 xor
2025-11-02T10:25:26.394536Z DEBUG prove_core:    42142 bltu
2025-11-02T10:25:26.394543Z DEBUG prove_core:    30485 jalr
2025-11-02T10:25:26.394551Z DEBUG prove_core:    21320 and
2025-11-02T10:25:26.394558Z DEBUG prove_core:    17668 or
2025-11-02T10:25:26.394565Z DEBUG prove_core:    15258 sll
2025-11-02T10:25:26.394573Z DEBUG prove_core:    15247 auipc
2025-11-02T10:25:26.394580Z DEBUG prove_core:    14300 srl
2025-11-02T10:25:26.394588Z DEBUG prove_core:     9436 lb
2025-11-02T10:25:26.394595Z DEBUG prove_core:     8341 sltu
2025-11-02T10:25:26.394602Z DEBUG prove_core:     6633 sub
2025-11-02T10:25:26.394610Z DEBUG prove_core:     2687 jal
2025-11-02T10:25:26.394617Z DEBUG prove_core:     2315 mul
2025-11-02T10:25:26.394625Z DEBUG prove_core:     2263 ecall
2025-11-02T10:25:26.394632Z DEBUG prove_core:     2196 bgeu
2025-11-02T10:25:26.394639Z DEBUG prove_core:     1592 mulhu
2025-11-02T10:25:26.394647Z DEBUG prove_core:     1119 sh
2025-11-02T10:25:26.394654Z DEBUG prove_core:      108 sra
2025-11-02T10:25:26.394662Z DEBUG prove_core:       49 lh
2025-11-02T10:25:26.394669Z DEBUG prove_core:       38 lhu
2025-11-02T10:25:26.394677Z DEBUG prove_core:        6 blt
2025-11-02T10:25:26.394684Z DEBUG prove_core:        6 bge
2025-11-02T10:25:26.394692Z DEBUG prove_core:        0 slt
2025-11-02T10:25:26.394700Z DEBUG prove_core:        0 mulh
2025-11-02T10:25:26.394707Z DEBUG prove_core:        0 mulhsu
2025-11-02T10:25:26.394715Z DEBUG prove_core:        0 div
2025-11-02T10:25:26.394722Z DEBUG prove_core:        0 divu
2025-11-02T10:25:26.394729Z DEBUG prove_core:        0 rem
2025-11-02T10:25:26.394737Z DEBUG prove_core:        0 remu
2025-11-02T10:25:26.394744Z DEBUG prove_core:        0 ebreak
2025-11-02T10:25:26.394752Z DEBUG prove_core:        0 unimp
2025-11-02T10:25:26.394759Z DEBUG prove_core: execution report (syscall counts):
2025-11-02T10:25:26.394772Z DEBUG prove_core:   1024 secp256k1_double
2025-11-02T10:25:26.394780Z DEBUG prove_core:    657 keccak_permute
2025-11-02T10:25:26.394788Z DEBUG prove_core:    544 secp256k1_add
2025-11-02T10:25:26.394796Z DEBUG prove_core:      8 commit
2025-11-02T10:25:26.394804Z DEBUG prove_core:      8 commit_deferred_proofs
2025-11-02T10:25:26.394811Z DEBUG prove_core:      8 hint_len
2025-11-02T10:25:26.394819Z DEBUG prove_core:      8 hint_read
2025-11-02T10:25:26.394826Z DEBUG prove_core:      4 enter_unconstrained
2025-11-02T10:25:26.394834Z DEBUG prove_core:      1 halt
2025-11-02T10:25:26.394841Z DEBUG prove_core:      1 write
2025-11-02T10:25:26.394849Z DEBUG prove_core:      0 exit_unconstrained
2025-11-02T10:25:26.394857Z DEBUG prove_core:      0 verify_sp1_proof
2025-11-02T10:25:26.394865Z DEBUG prove_core:      0 ed_decompress
2025-11-02T10:25:26.394872Z DEBUG prove_core:      0 secp256k1_decompress
2025-11-02T10:25:26.394880Z DEBUG prove_core:      0 bn254_double
2025-11-02T10:25:26.394887Z DEBUG prove_core:      0 bls12381_decompress
2025-11-02T10:25:26.394895Z DEBUG prove_core:      0 bls12381_double
2025-11-02T10:25:26.394902Z DEBUG prove_core:      0 secp256r1_double
2025-11-02T10:25:26.394910Z DEBUG prove_core:      0 secp256r1_decompress
2025-11-02T10:25:26.394917Z DEBUG prove_core:      0 sha_compress
2025-11-02T10:25:26.394925Z DEBUG prove_core:      0 ed_add
2025-11-02T10:25:26.394932Z DEBUG prove_core:      0 bn254_add
2025-11-02T10:25:26.394940Z DEBUG prove_core:      0 uint256_mul
2025-11-02T10:25:26.394947Z DEBUG prove_core:      0 bls12381_add
2025-11-02T10:25:26.394955Z DEBUG prove_core:      0 bls12381_fp_add
2025-11-02T10:25:26.394962Z DEBUG prove_core:      0 bls12381_fp_sub
2025-11-02T10:25:26.394970Z DEBUG prove_core:      0 bls12381_fp_mul
2025-11-02T10:25:26.394977Z DEBUG prove_core:      0 bls12381_fp2_add
2025-11-02T10:25:26.394985Z DEBUG prove_core:      0 bls12381_fp2_sub
2025-11-02T10:25:26.394992Z DEBUG prove_core:      0 bls12381_fp2_mul
2025-11-02T10:25:26.395000Z DEBUG prove_core:      0 bn254_fp_add
2025-11-02T10:25:26.395007Z DEBUG prove_core:      0 bn254_fp_sub
2025-11-02T10:25:26.395015Z DEBUG prove_core:      0 bn254_fp_mul
2025-11-02T10:25:26.395022Z DEBUG prove_core:      0 bn254_fp2_add
2025-11-02T10:25:26.395030Z DEBUG prove_core:      0 bn254_fp2_sub
2025-11-02T10:25:26.395037Z DEBUG prove_core:      0 bn254_fp2_mul
2025-11-02T10:25:26.395045Z DEBUG prove_core:      0 secp256r1_add
2025-11-02T10:25:26.395053Z DEBUG prove_core:      0 u256xu2048_mul
2025-11-02T10:25:26.395060Z DEBUG prove_core:      0 sha_extend
2025-11-02T10:25:26.395073Z DEBUG prove_core: summary: cycles=1317209, e2e=340.745942727s, khz=3.87
2025-11-02T10:25:26.409775Z  INFO prove_core: close time.busy=341s time.idle=9.88ms
2025-11-02T10:25:26.480192Z DEBUG compress:generate records and traces:get program and witness stream: core cache miss, misses: 3
2025-11-02T10:25:26.513258Z DEBUG compress:generate records and traces:get program and witness stream:build recursion program:read input: close time.busy=32.9ms time.idle=5.67µs
2025-11-02T10:25:26.514054Z DEBUG compress:generate records and traces:get program and witness stream:build recursion program:verify:verify shard:assert lookup multiplicities: close time.busy=94.8µs time.idle=3.53µs
2025-11-02T10:25:26.589909Z DEBUG compress:generate records and traces:get program and witness stream:build recursion program:verify:verify shard:2adic pcs:verify shape and challenges: close time.busy=52.8ms time.idle=3.64µs
2025-11-02T10:25:26.716299Z DEBUG compress:generate records and traces:get program and witness stream:build recursion program:verify:verify shard:2adic pcs:verify challenges: close time.busy=68.1ms time.idle=5.93µs
2025-11-02T10:25:26.716425Z DEBUG compress:generate records and traces:get program and witness stream:build recursion program:verify:verify shard:2adic pcs: close time.busy=201ms time.idle=3.19µs
2025-11-02T10:25:26.718777Z DEBUG compress:generate records and traces:get program and witness stream:build recursion program:verify:verify shard:verify constraints: close time.busy=2.33ms time.idle=3.85µs
2025-11-02T10:25:26.718829Z DEBUG compress:generate records and traces:get program and witness stream:build recursion program:verify:verify shard: close time.busy=205ms time.idle=5.12µs
2025-11-02T10:25:26.730684Z DEBUG compress:generate records and traces:get program and witness stream:build recursion program:verify: close time.busy=217ms time.idle=3.81µs
2025-11-02T10:25:26.730714Z DEBUG compress:generate records and traces:get program and witness stream:build recursion program:build block: close time.busy=1.92µs time.idle=2.30µs
2025-11-02T10:25:26.730727Z DEBUG compress:generate records and traces:get program and witness stream:build recursion program: close time.busy=250ms time.idle=5.24µs
2025-11-02T10:25:26.882314Z DEBUG compress:generate records and traces:get program and witness stream:compile recursion program:compile raw program: close time.busy=152ms time.idle=4.77µs
2025-11-02T10:25:26.906500Z DEBUG compress:generate records and traces:get program and witness stream:compile recursion program:backfill mult: close time.busy=24.1ms time.idle=4.76µs
2025-11-02T10:25:26.906604Z DEBUG compress:generate records and traces:get program and witness stream:compile recursion program:prepend constants: close time.busy=41.0µs time.idle=3.27µs
2025-11-02T10:25:26.917092Z DEBUG compress:generate records and traces:get program and witness stream:compile recursion program: close time.busy=186ms time.idle=4.09µs
2025-11-02T10:25:26.918229Z DEBUG compress:generate records and traces:get program and witness stream: close time.busy=443ms time.idle=4.50µs
2025-11-02T10:25:27.022231Z DEBUG compress:generate records and traces:execute runtime: close time.busy=104ms time.idle=5.50µs
2025-11-02T10:25:27.022392Z DEBUG compress:generate records and traces:generate dependencies:register nonces: close time.busy=1.70µs time.idle=3.77µs
2025-11-02T10:25:27.022412Z DEBUG compress:generate records and traces:generate dependencies: close time.busy=73.4µs time.idle=3.93µs
2025-11-02T10:25:27.022742Z DEBUG compress:generate records and traces:generate traces:generate traces for shard: generated trace for chip MemoryConst in 170.392µs
2025-11-02T10:25:27.022765Z DEBUG fixed log2 rows can be potentially reduced: got 253600, expected 524288
2025-11-02T10:25:27.022894Z DEBUG compress:generate records and traces:generate traces:generate traces for shard: generated trace for chip PublicValues in 19.705µs
2025-11-02T10:25:27.023990Z DEBUG compress:generate records and traces:generate traces:generate traces for shard: generated trace for chip BaseAlu in 1.114798ms
2025-11-02T10:25:27.026695Z DEBUG generate batch fri trace: fixed log2 rows can be potentially reduced: got 248400, expected 524288 rows=248400
2025-11-02T10:25:27.026746Z DEBUG fixed log2 rows can be potentially reduced: got 219146, expected 524288
2025-11-02T10:25:27.033390Z DEBUG compress:generate records and traces:generate traces:generate traces for shard: generated trace for chip Select in 10.627854ms
2025-11-02T10:25:27.040091Z DEBUG compress:generate records and traces:generate traces:generate traces for shard: generated trace for chip ExtAlu in 17.214263ms
2025-11-02T10:25:27.077097Z DEBUG generate exp reverse bits len trace: close time.busy=54.3ms time.idle=7.19µs rows=7100
2025-11-02T10:25:27.077160Z DEBUG compress:generate records and traces:generate traces:generate traces for shard: generated trace for chip ExpReverseBitsLen in 54.353079ms
2025-11-02T10:25:27.077681Z DEBUG compress:generate records and traces:generate traces:generate traces for shard: generated trace for chip MemoryVar in 55.025332ms
2025-11-02T10:25:27.088748Z DEBUG generate batch fri trace: close time.busy=65.8ms time.idle=5.66µs rows=248400
2025-11-02T10:25:27.088789Z DEBUG compress:generate records and traces:generate traces:generate traces for shard: generated trace for chip BatchFRI in 65.901273ms
2025-11-02T10:25:27.262787Z DEBUG generate poseidon2 wide trace: close time.busy=240ms time.idle=4.76µs rows=56071
2025-11-02T10:25:27.262833Z DEBUG compress:generate records and traces:generate traces:generate traces for shard: generated trace for chip Poseidon2WideDeg3 in 240.222906ms
2025-11-02T10:25:27.262908Z DEBUG compress:generate records and traces:generate traces:generate traces for shard: close time.busy=240ms time.idle=3.54µs
2025-11-02T10:25:27.262931Z DEBUG compress:generate records and traces:generate traces: close time.busy=241ms time.idle=3.39µs
2025-11-02T10:25:27.272237Z DEBUG compress:generate records and traces:get program and witness stream: core cache miss, misses: 4
2025-11-02T10:25:27.273477Z DEBUG compress:prove:batch:Setup compress program:setup machine:generate preprocessed traces: generated preprocessed trace for chip PublicValues in 10.194696ms
2025-11-02T10:25:27.277744Z DEBUG compress:prove:batch:Setup compress program:setup machine:generate preprocessed traces: generated preprocessed trace for chip ExtAlu in 14.511399ms
2025-11-02T10:25:27.278172Z DEBUG compress:prove:batch:Setup compress program:setup machine:generate preprocessed traces: generated preprocessed trace for chip BaseAlu in 14.968262ms
2025-11-02T10:25:27.280913Z DEBUG compress:prove:batch:Setup compress program:setup machine:generate preprocessed traces: generated preprocessed trace for chip Select in 17.627876ms
2025-11-02T10:25:27.281496Z DEBUG compress:prove:batch:Setup compress program:setup machine:generate preprocessed traces: generated preprocessed trace for chip MemoryConst in 18.377348ms
2025-11-02T10:25:27.286457Z DEBUG compress:prove:batch:Setup compress program:setup machine:generate preprocessed traces: generated preprocessed trace for chip Poseidon2WideDeg3 in 23.19179ms
2025-11-02T10:25:27.287025Z DEBUG fixed log2 rows can be potentially reduced: got 248400, expected 524288
2025-11-02T10:25:27.300262Z DEBUG compress:prove:batch:Setup compress program:setup machine:generate preprocessed traces: generated preprocessed trace for chip BatchFRI in 36.980796ms
2025-11-02T10:25:27.302017Z DEBUG compress:prove:batch:Setup compress program:setup machine:generate preprocessed traces: generated preprocessed trace for chip MemoryVar in 38.854372ms
2025-11-02T10:25:27.308921Z DEBUG compress:prove:batch:Setup compress program:setup machine:generate preprocessed traces: generated preprocessed trace for chip ExpReverseBitsLen in 45.639048ms
2025-11-02T10:25:27.426669Z DEBUG compress:generate records and traces:get program and witness stream:build recursion program:read input: close time.busy=154ms time.idle=4.20µs
2025-11-02T10:25:27.427652Z DEBUG compress:generate records and traces:get program and witness stream:build recursion program:verify:verify shard:assert lookup multiplicities: close time.busy=111µs time.idle=2.76µs
2025-11-02T10:25:27.605276Z DEBUG compress:generate records and traces:get program and witness stream:build recursion program:verify:verify shard:2adic pcs:verify shape and challenges: close time.busy=69.3ms time.idle=5.97µs
2025-11-02T10:25:27.820779Z DEBUG compress:generate records and traces:get program and witness stream:build recursion program:verify:verify shard:2adic pcs:verify challenges: close time.busy=62.2ms time.idle=6.07µs
2025-11-02T10:25:27.820869Z DEBUG compress:generate records and traces:get program and witness stream:build recursion program:verify:verify shard:2adic pcs: close time.busy=392ms time.idle=3.08µs
2025-11-02T10:25:27.838994Z DEBUG compress:generate records and traces:get program and witness stream:build recursion program:verify:verify shard:verify constraints: close time.busy=18.1ms time.idle=4.59µs
2025-11-02T10:25:27.839048Z DEBUG compress:generate records and traces:get program and witness stream:build recursion program:verify:verify shard: close time.busy=412ms time.idle=3.73µs
2025-11-02T10:25:27.863847Z DEBUG compress:generate records and traces:get program and witness stream:build recursion program:verify: close time.busy=437ms time.idle=7.45µs
2025-11-02T10:25:27.863966Z DEBUG compress:generate records and traces:get program and witness stream:build recursion program:build block: close time.busy=17.1µs time.idle=5.25µs
2025-11-02T10:25:27.863982Z DEBUG compress:generate records and traces:get program and witness stream:build recursion program: close time.busy=592ms time.idle=5.95µs
2025-11-02T10:25:28.107786Z DEBUG compress:generate records and traces:get program and witness stream:compile recursion program:compile raw program: close time.busy=244ms time.idle=5.47µs
2025-11-02T10:25:28.138061Z DEBUG compress:generate records and traces:get program and witness stream:compile recursion program:backfill mult: close time.busy=30.2ms time.idle=5.36µs
2025-11-02T10:25:28.138169Z DEBUG compress:generate records and traces:get program and witness stream:compile recursion program:prepend constants: close time.busy=42.4µs time.idle=3.29µs
2025-11-02T10:25:28.149313Z DEBUG compress:generate records and traces:get program and witness stream:compile recursion program: close time.busy=285ms time.idle=4.64µs
2025-11-02T10:25:28.157038Z DEBUG compress:generate records and traces:get program and witness stream: close time.busy=894ms time.idle=8.11µs
2025-11-02T10:25:30.196171Z DEBUG compress:generate records and traces:execute runtime: close time.busy=2.04s time.idle=5.17µs
2025-11-02T10:25:30.196241Z DEBUG compress:generate records and traces:generate dependencies:register nonces: close time.busy=1.18µs time.idle=2.88µs
2025-11-02T10:25:30.196254Z DEBUG compress:generate records and traces:generate dependencies: close time.busy=30.9µs time.idle=3.12µs
2025-11-02T10:25:30.980134Z DEBUG fixed log2 rows can be potentially reduced: got 216000, expected 1048576
2025-11-02T10:25:30.980148Z DEBUG compress:generate records and traces:generate traces:generate traces for shard: generated trace for chip PublicValues in 16.68µs
2025-11-02T10:25:30.980174Z DEBUG fixed log2 rows can be potentially reduced: got 73032, expected 262144
2025-11-02T10:25:30.980525Z DEBUG compress:generate records and traces:generate traces:generate traces for shard: generated trace for chip MemoryConst in 396.152µs
2025-11-02T10:25:30.982804Z DEBUG compress:generate records and traces:generate traces:generate traces for shard: generated trace for chip BaseAlu in 2.67467ms
2025-11-02T10:25:30.983153Z DEBUG generate exp reverse bits len trace: fixed log2 rows can be potentially reduced: got 41700, expected 262144 rows=2700
2025-11-02T10:25:31.187850Z DEBUG fixed log2 rows can be potentially reduced: got 393883, expected 1048576
2025-11-02T10:25:31.304008Z DEBUG compress:generate records and traces:generate traces:generate traces for shard: generated trace for chip Select in 323.875982ms
2025-11-02T10:25:31.331985Z DEBUG generate exp reverse bits len trace: close time.busy=352ms time.idle=6.31µs rows=2700
2025-11-02T10:25:31.332063Z DEBUG compress:generate records and traces:generate traces:generate traces for shard: generated trace for chip ExpReverseBitsLen in 351.933557ms
2025-11-02T10:25:31.343185Z DEBUG generate batch fri trace: fixed log2 rows can be potentially reduced: got 783500, expected 2097152 rows=783500
2025-11-02T10:25:31.370108Z DEBUG compress:generate records and traces:generate traces:generate traces for shard: generated trace for chip MemoryVar in 389.97712ms
2025-11-02T10:25:31.427995Z DEBUG compress:generate records and traces:generate traces:generate traces for shard: generated trace for chip ExtAlu in 447.863051ms
2025-11-02T10:25:31.615391Z DEBUG generate batch fri trace: close time.busy=635ms time.idle=7.40µs rows=783500
2025-11-02T10:25:31.615446Z DEBUG compress:generate records and traces:generate traces:generate traces for shard: generated trace for chip BatchFRI in 635.31787ms
2025-11-02T10:25:31.708665Z DEBUG generate poseidon2 wide trace: close time.busy=728ms time.idle=9.81µs rows=97920
2025-11-02T10:25:31.708731Z DEBUG compress:generate records and traces:generate traces:generate traces for shard: generated trace for chip Poseidon2WideDeg3 in 728.601886ms
2025-11-02T10:25:31.708894Z DEBUG compress:generate records and traces:generate traces:generate traces for shard: close time.busy=1.51s time.idle=3.34µs
2025-11-02T10:25:31.708924Z DEBUG compress:generate records and traces:generate traces: close time.busy=1.51s time.idle=3.04µs
2025-11-02T10:25:31.720805Z DEBUG compress:generate records and traces:get program and witness stream: core cache miss, misses: 5
2025-11-02T10:25:31.721542Z DEBUG compress:prove:batch:Setup compress program:setup machine:generate preprocessed traces: generated preprocessed trace for chip PublicValues in 12.338637ms
2025-11-02T10:25:31.721985Z DEBUG fixed log2 rows can be potentially reduced: got 41700, expected 262144
2025-11-02T10:25:31.724221Z DEBUG compress:prove:batch:Setup compress program:setup machine:generate preprocessed traces: generated preprocessed trace for chip BaseAlu in 15.024756ms
2025-11-02T10:25:31.733083Z DEBUG fixed log2 rows can be potentially reduced: got 73032, expected 262144
2025-11-02T10:25:31.734633Z DEBUG fixed log2 rows can be potentially reduced: got 783500, expected 2097152
2025-11-02T10:25:31.739972Z DEBUG compress:prove:batch:Setup compress program:setup machine:generate preprocessed traces: generated preprocessed trace for chip ExpReverseBitsLen in 30.771197ms
2025-11-02T10:25:31.758903Z DEBUG compress:prove:batch:Setup compress program:setup machine:generate preprocessed traces: generated preprocessed trace for chip MemoryConst in 49.831715ms
2025-11-02T10:25:31.765382Z DEBUG compress:prove:batch:Setup compress program:setup machine:generate preprocessed traces: generated preprocessed trace for chip Select in 56.226203ms
2025-11-02T10:25:31.775228Z DEBUG compress:prove:batch:Setup compress program:setup machine:generate preprocessed traces: generated preprocessed trace for chip MemoryVar in 66.046234ms
2025-11-02T10:25:31.789212Z DEBUG compress:prove:batch:Setup compress program:setup machine:generate preprocessed traces: generated preprocessed trace for chip Poseidon2WideDeg3 in 80.114079ms
2025-11-02T10:25:31.804439Z DEBUG compress:prove:batch:Setup compress program:setup machine:generate preprocessed traces: generated preprocessed trace for chip ExtAlu in 95.239811ms
2025-11-02T10:25:31.874646Z DEBUG compress:generate records and traces:get program and witness stream:build recursion program:read input: close time.busy=154ms time.idle=3.73µs
2025-11-02T10:25:31.875097Z DEBUG compress:prove:batch:Setup compress program:setup machine:generate preprocessed traces: generated preprocessed trace for chip BatchFRI in 165.970044ms
2025-11-02T10:25:31.875422Z DEBUG compress:generate records and traces:get program and witness stream:build recursion program:verify:verify shard:assert lookup multiplicities: close time.busy=113µs time.idle=3.16µs
2025-11-02T10:25:32.059079Z DEBUG compress:generate records and traces:get program and witness stream:build recursion program:verify:verify shard:2adic pcs:verify shape and challenges: close time.busy=69.3ms time.idle=5.62µs
2025-11-02T10:25:32.673808Z DEBUG compress:prove:batch:Setup compress program:setup machine:commit to preprocessed traces: close time.busy=5.23s time.idle=5.91µs
2025-11-02T10:25:32.673927Z DEBUG compress:prove:batch:Setup compress program:setup machine:generate preprocessed traces: close time.busy=46.2ms time.idle=5.36s
2025-11-02T10:25:32.673945Z DEBUG compress:prove:batch:Setup compress program:setup machine: close time.busy=5.41s time.idle=2.45µs
2025-11-02T10:25:32.673957Z DEBUG compress:prove:batch:Setup compress program: close time.busy=5.41s time.idle=3.24µs
2025-11-02T10:25:32.673994Z DEBUG compress:prove:batch:observe proving key: close time.busy=11.4µs time.idle=3.29µs
2025-11-02T10:25:32.882009Z DEBUG compress:generate records and traces:get program and witness stream:build recursion program:verify:verify shard:2adic pcs:verify challenges: close time.busy=107ms time.idle=5.97µs
2025-11-02T10:25:32.882088Z DEBUG compress:generate records and traces:get program and witness stream:build recursion program:verify:verify shard:2adic pcs: close time.busy=1.01s time.idle=3.18µs
2025-11-02T10:25:32.901529Z DEBUG compress:generate records and traces:get program and witness stream:build recursion program:verify:verify shard:verify constraints: close time.busy=19.4ms time.idle=4.48µs
2025-11-02T10:25:32.901602Z DEBUG compress:generate records and traces:get program and witness stream:build recursion program:verify:verify shard: close time.busy=1.03s time.idle=3.69µs
2025-11-02T10:25:32.932781Z DEBUG compress:generate records and traces:get program and witness stream:build recursion program:verify: close time.busy=1.06s time.idle=4.61µs
2025-11-02T10:25:32.932855Z DEBUG compress:generate records and traces:get program and witness stream:build recursion program:build block: close time.busy=3.02µs time.idle=3.14µs
2025-11-02T10:25:32.932872Z DEBUG compress:generate records and traces:get program and witness stream:build recursion program: close time.busy=1.21s time.idle=4.14µs
2025-11-02T10:25:33.639435Z DEBUG compress:generate records and traces:get program and witness stream:compile recursion program:compile raw program: close time.busy=707ms time.idle=5.79µs
2025-11-02T10:25:33.692792Z DEBUG compress:generate records and traces:get program and witness stream:compile recursion program:backfill mult: close time.busy=53.3ms time.idle=6.76µs
2025-11-02T10:25:33.692894Z DEBUG compress:generate records and traces:get program and witness stream:compile recursion program:prepend constants: close time.busy=44.4µs time.idle=3.39µs
2025-11-02T10:25:33.704204Z DEBUG compress:generate records and traces:get program and witness stream:compile recursion program: close time.busy=771ms time.idle=4.14µs
2025-11-02T10:25:34.169643Z DEBUG compress:generate records and traces:get program and witness stream: close time.busy=2.46s time.idle=5.35µs
2025-11-02T10:25:34.787718Z DEBUG compress:generate records and traces:execute runtime: close time.busy=618ms time.idle=5.29µs
2025-11-02T10:25:34.787804Z DEBUG compress:generate records and traces:generate dependencies:register nonces: close time.busy=1.47µs time.idle=2.93µs
2025-11-02T10:25:34.787819Z DEBUG compress:generate records and traces:generate dependencies: close time.busy=36.3µs time.idle=3.62µs
2025-11-02T10:25:34.788007Z DEBUG fixed log2 rows can be potentially reduced: got 73440, expected 262144
2025-11-02T10:25:34.788141Z DEBUG fixed log2 rows can be potentially reduced: got 216000, expected 1048576
2025-11-02T10:25:34.788161Z DEBUG compress:generate records and traces:generate traces:generate traces for shard: generated trace for chip PublicValues in 12.757µs
2025-11-02T10:25:34.788311Z DEBUG compress:generate records and traces:generate traces:generate traces for shard: generated trace for chip MemoryConst in 342.194µs
2025-11-02T10:25:34.789110Z DEBUG compress:generate records and traces:generate traces:generate traces for shard: generated trace for chip BaseAlu in 1.071033ms
2025-11-02T10:25:34.790587Z DEBUG generate exp reverse bits len trace: fixed log2 rows can be potentially reduced: got 41300, expected 262144 rows=2700
2025-11-02T10:25:34.794627Z DEBUG fixed log2 rows can be potentially reduced: got 399462, expected 1048576
2025-11-02T10:25:34.795063Z DEBUG compress:generate records and traces:generate traces:generate traces for shard: generated trace for chip Select in 6.927233ms
2025-11-02T10:25:34.808409Z DEBUG generate exp reverse bits len trace: close time.busy=20.2ms time.idle=7.04µs rows=2700
2025-11-02T10:25:34.808466Z DEBUG compress:generate records and traces:generate traces:generate traces for shard: generated trace for chip ExpReverseBitsLen in 20.32214ms
2025-11-02T10:25:34.845095Z DEBUG generate batch fri trace: fixed log2 rows can be potentially reduced: got 799800, expected 2097152 rows=799800
2025-11-02T10:25:34.887304Z DEBUG compress:generate records and traces:generate traces:generate traces for shard: generated trace for chip MemoryVar in 97.6993ms
2025-11-02T10:25:34.915964Z DEBUG compress:generate records and traces:generate traces:generate traces for shard: generated trace for chip ExtAlu in 127.797382ms
2025-11-02T10:25:35.481451Z DEBUG generate batch fri trace: close time.busy=693ms time.idle=6.12µs rows=799800
2025-11-02T10:25:35.481512Z DEBUG compress:generate records and traces:generate traces:generate traces for shard: generated trace for chip BatchFRI in 693.330592ms
2025-11-02T10:25:35.644426Z DEBUG generate poseidon2 wide trace: close time.busy=856ms time.idle=4.68µs rows=99301
2025-11-02T10:25:35.644470Z DEBUG compress:generate records and traces:generate traces:generate traces for shard: generated trace for chip Poseidon2WideDeg3 in 856.454249ms
2025-11-02T10:25:35.644515Z DEBUG compress:generate records and traces:generate traces:generate traces for shard: close time.busy=857ms time.idle=3.40µs
2025-11-02T10:25:35.644537Z DEBUG compress:generate records and traces:generate traces: close time.busy=857ms time.idle=2.90µs
2025-11-02T10:25:35.654834Z DEBUG compress:generate records and traces:get program and witness stream: core cache miss, misses: 6
2025-11-02T10:25:36.235712Z DEBUG compress:generate records and traces:get program and witness stream:build recursion program:read input: close time.busy=581ms time.idle=4.23µs
2025-11-02T10:25:36.236290Z DEBUG compress:generate records and traces:get program and witness stream:build recursion program:verify:verify shard:assert lookup multiplicities: close time.busy=38.7µs time.idle=3.08µs
2025-11-02T10:25:36.410798Z DEBUG compress:generate records and traces:get program and witness stream:build recursion program:verify:verify shard:2adic pcs:verify shape and challenges: close time.busy=60.3ms time.idle=6.08µs
2025-11-02T10:25:37.173772Z DEBUG compress:generate records and traces:get program and witness stream:build recursion program:verify:verify shard:2adic pcs:verify challenges: close time.busy=335ms time.idle=6.78µs
2025-11-02T10:25:37.173877Z DEBUG compress:generate records and traces:get program and witness stream:build recursion program:verify:verify shard:2adic pcs: close time.busy=937ms time.idle=2.99µs
2025-11-02T10:25:37.186954Z DEBUG compress:generate records and traces:get program and witness stream:build recursion program:verify:verify shard:verify constraints: close time.busy=13.1ms time.idle=4.06µs
2025-11-02T10:25:37.186988Z DEBUG compress:generate records and traces:get program and witness stream:build recursion program:verify:verify shard: close time.busy=951ms time.idle=3.78µs
2025-11-02T10:25:37.210213Z DEBUG compress:generate records and traces:get program and witness stream:build recursion program:verify: close time.busy=974ms time.idle=4.49µs
2025-11-02T10:25:37.210259Z DEBUG compress:generate records and traces:get program and witness stream:build recursion program:build block: close time.busy=2.71µs time.idle=2.85µs
2025-11-02T10:25:37.210271Z DEBUG compress:generate records and traces:get program and witness stream:build recursion program: close time.busy=1.56s time.idle=3.52µs
2025-11-02T10:25:38.947882Z DEBUG compress:generate records and traces:get program and witness stream:compile recursion program:compile raw program: close time.busy=1.74s time.idle=4.05µs
2025-11-02T10:25:38.977612Z DEBUG compress:generate records and traces:get program and witness stream:compile recursion program:backfill mult: close time.busy=29.7ms time.idle=4.58µs
2025-11-02T10:25:38.977697Z DEBUG compress:generate records and traces:get program and witness stream:compile recursion program:prepend constants: close time.busy=35.4µs time.idle=3.08µs
2025-11-02T10:25:38.988461Z DEBUG compress:generate records and traces:get program and witness stream:compile recursion program: close time.busy=1.78s time.idle=3.96µs
2025-11-02T10:25:39.745700Z DEBUG compress:generate records and traces:get program and witness stream: close time.busy=4.10s time.idle=5.47µs
2025-11-02T10:25:45.249939Z DEBUG compress:prove:batch:commit: close time.busy=12.6s time.idle=4.87µs
2025-11-02T10:25:45.259016Z DEBUG compress:generate records and traces:execute runtime: close time.busy=5.51s time.idle=6.34µs
2025-11-02T10:25:45.259096Z DEBUG compress:generate records and traces:generate dependencies:register nonces: close time.busy=1.47µs time.idle=4.44µs
2025-11-02T10:25:45.259117Z DEBUG compress:generate records and traces:generate dependencies: close time.busy=37.5µs time.idle=4.30µs
2025-11-02T10:25:47.365504Z DEBUG fixed log2 rows can be potentially reduced: got 216000, expected 1048576
2025-11-02T10:25:47.365513Z DEBUG compress:generate records and traces:generate traces:generate traces for shard: generated trace for chip PublicValues in 13.305µs
2025-11-02T10:25:47.365575Z DEBUG fixed log2 rows can be potentially reduced: got 78580, expected 262144
2025-11-02T10:25:47.366189Z DEBUG compress:generate records and traces:generate traces:generate traces for shard: generated trace for chip MemoryConst in 691.855µs
2025-11-02T10:25:47.366474Z DEBUG compress:generate records and traces:generate traces:generate traces for shard: generated trace for chip BaseAlu in 977.498µs
2025-11-02T10:25:47.369101Z DEBUG generate exp reverse bits len trace: fixed log2 rows can be potentially reduced: got 44100, expected 262144 rows=2700
2025-11-02T10:25:47.373211Z DEBUG fixed log2 rows can be potentially reduced: got 367913, expected 1048576
2025-11-02T10:25:47.862073Z DEBUG generate exp reverse bits len trace: close time.busy=497ms time.idle=8.74µs rows=2700
2025-11-02T10:25:47.862130Z DEBUG compress:generate records and traces:generate traces:generate traces for shard: generated trace for chip ExpReverseBitsLen in 496.633108ms
2025-11-02T10:25:47.868994Z DEBUG compress:generate records and traces:generate traces:generate traces for shard: generated trace for chip Select in 503.494552ms
2025-11-02T10:25:47.905241Z DEBUG generate batch fri trace: fixed log2 rows can be potentially reduced: got 902800, expected 2097152 rows=902800
2025-11-02T10:25:47.916827Z DEBUG compress:generate records and traces:generate traces:generate traces for shard: generated trace for chip ExtAlu in 550.320098ms
2025-11-02T10:25:47.949182Z DEBUG compress:generate records and traces:generate traces:generate traces for shard: generated trace for chip MemoryVar in 583.681381ms
2025-11-02T10:25:48.143760Z DEBUG generate batch fri trace: close time.busy=778ms time.idle=7.29µs rows=902800
2025-11-02T10:25:48.143808Z DEBUG compress:generate records and traces:generate traces:generate traces for shard: generated trace for chip BatchFRI in 778.312197ms
2025-11-02T10:25:49.447543Z DEBUG generate poseidon2 wide trace: close time.busy=2.08s time.idle=8.49µs rows=92016
2025-11-02T10:25:49.447597Z DEBUG compress:generate records and traces:generate traces:generate traces for shard: generated trace for chip Poseidon2WideDeg3 in 2.082099143s
2025-11-02T10:25:49.493394Z DEBUG compress:generate records and traces:generate traces:generate traces for shard: close time.busy=4.23s time.idle=4.64µs
2025-11-02T10:25:49.493441Z DEBUG compress:generate records and traces:generate traces: close time.busy=4.23s time.idle=3.44µs
2025-11-02T10:25:50.492535Z DEBUG compress:prove:batch:open:generate permutation traces: close time.busy=5.24s time.idle=7.62µs
2025-11-02T10:25:50.492607Z DEBUG compress:prove:batch:open: BatchFRI        | Main Cols = 13    | Pre Cols = 6      | Perm Cols = 12    | Rows = 524288 | Cells = 16252928  
2025-11-02T10:25:50.492623Z DEBUG compress:prove:batch:open: MemoryVar       | Main Cols = 8     | Pre Cols = 4      | Perm Cols = 8     | Rows = 524288 | Cells = 10485760  
2025-11-02T10:25:50.492635Z DEBUG compress:prove:batch:open: Select          | Main Cols = 5     | Pre Cols = 8      | Perm Cols = 16    | Rows = 524288 | Cells = 15204352  
2025-11-02T10:25:50.492646Z DEBUG compress:prove:batch:open: ExpReverseBitsLen | Main Cols = 7     | Pre Cols = 10     | Perm Cols = 12    | Rows = 262144 | Cells = 7602176   
2025-11-02T10:25:50.492657Z DEBUG compress:prove:batch:open: MemoryConst     | Main Cols = 1     | Pre Cols = 12     | Perm Cols = 8     | Rows = 131072 | Cells = 2752512   
2025-11-02T10:25:50.492670Z DEBUG compress:prove:batch:open: Poseidon2WideDeg3 | Main Cols = 313   | Pre Cols = 49     | Perm Cols = 68    | Rows = 131072 | Cells = 56360960  
2025-11-02T10:25:50.492681Z DEBUG compress:prove:batch:open: BaseAlu         | Main Cols = 12    | Pre Cols = 32     | Perm Cols = 28    | Rows = 65536 | Cells = 4718592   
2025-11-02T10:25:50.492692Z DEBUG compress:prove:batch:open: ExtAlu          | Main Cols = 48    | Pre Cols = 32     | Perm Cols = 28    | Rows = 65536 | Cells = 7077888   
2025-11-02T10:25:50.492703Z DEBUG compress:prove:batch:open: PublicValues    | Main Cols = 1     | Pre Cols = 10     | Perm Cols = 8     | Rows = 16    | Cells = 304       
2025-11-02T10:25:52.094381Z DEBUG compress:prove:batch:open:flatten permutation traces and collect domains: close time.busy=1.60s time.idle=6.71µs
2025-11-02T10:26:00.452241Z DEBUG compress:prove:batch:Setup compress program:setup machine:commit to preprocessed traces: close time.busy=27.7s time.idle=6.40µs
2025-11-02T10:26:00.452395Z DEBUG compress:prove:batch:Setup compress program:setup machine:generate preprocessed traces: close time.busy=167ms time.idle=28.6s
2025-11-02T10:26:00.452412Z DEBUG compress:prove:batch:Setup compress program:setup machine: close time.busy=28.7s time.idle=10.5µs
2025-11-02T10:26:00.452425Z DEBUG compress:prove:batch:Setup compress program: close time.busy=28.7s time.idle=2.68µs
2025-11-02T10:26:00.452453Z DEBUG compress:prove:batch:observe proving key: close time.busy=10.5µs time.idle=3.19µs
2025-11-02T10:26:07.330073Z DEBUG compress:prove:batch:open:commit to permutation traces: close time.busy=15.2s time.idle=5.52µs
2025-11-02T10:26:07.331073Z DEBUG compress:prove:batch:open:compute quotient values:compute quotient values for domain: close time.busy=644µs time.idle=6.13µs
2025-11-02T10:26:18.003516Z DEBUG compress:prove:batch:open:compute quotient values:compute quotient values for domain: close time.busy=10.7s time.idle=6.91µs
2025-11-02T10:26:18.004546Z DEBUG compress:prove:batch:open:compute quotient values:compute quotient values for domain: close time.busy=10.7s time.idle=4.45µs
2025-11-02T10:26:18.011231Z DEBUG compress:prove:batch:open:compute quotient values:compute quotient values for domain: close time.busy=10.7s time.idle=9.14µs
2025-11-02T10:26:18.079908Z DEBUG compress:prove:batch:open:compute quotient values:compute quotient values for domain: close time.busy=10.7s time.idle=5.97µs
2025-11-02T10:26:18.079990Z DEBUG compress:prove:batch:open:compute quotient values:compute quotient values for domain: close time.busy=10.7s time.idle=14.2µs
2025-11-02T10:26:18.085555Z DEBUG compress:prove:batch:open:compute quotient values:compute quotient values for domain: close time.busy=10.8s time.idle=4.71µs
2025-11-02T10:26:18.102032Z DEBUG compress:prove:batch:open:compute quotient values:compute quotient values for domain: close time.busy=10.8s time.idle=3.92µs
2025-11-02T10:26:18.120682Z DEBUG compress:prove:batch:open:compute quotient values:compute quotient values for domain: close time.busy=10.8s time.idle=4.72µs
2025-11-02T10:26:24.593307Z DEBUG compress:prove:batch:open:commit to quotient traces: close time.busy=6.35s time.idle=6.86µs
2025-11-02T10:26:24.593426Z DEBUG compress:prove:batch:open:compute preprocessed opening points: close time.busy=29.1µs time.idle=4.13µs
2025-11-02T10:26:24.593462Z DEBUG compress:prove:batch:open:compute main trace opening points: close time.busy=6.26µs time.idle=2.65µs
2025-11-02T10:26:24.593481Z DEBUG compress:prove:batch:open:compute permutation trace opening points: close time.busy=4.68µs time.idle=2.26µs
2025-11-02T10:26:46.677862Z DEBUG compress:prove:batch:commit: close time.busy=46.2s time.idle=4.86µs
2025-11-02T10:26:53.439812Z DEBUG compress:prove:batch:open:generate permutation traces: close time.busy=6.76s time.idle=5.44µs
2025-11-02T10:26:53.439894Z DEBUG compress:prove:batch:open: BatchFRI        | Main Cols = 13    | Pre Cols = 6      | Perm Cols = 12    | Rows = 2097152 | Cells = 65011712  
2025-11-02T10:26:53.439911Z DEBUG compress:prove:batch:open: MemoryVar       | Main Cols = 8     | Pre Cols = 4      | Perm Cols = 8     | Rows = 1048576 | Cells = 20971520  
2025-11-02T10:26:53.439922Z DEBUG compress:prove:batch:open: Select          | Main Cols = 5     | Pre Cols = 8      | Perm Cols = 16    | Rows = 1048576 | Cells = 30408704  
2025-11-02T10:26:53.439934Z DEBUG compress:prove:batch:open: ExtAlu          | Main Cols = 48    | Pre Cols = 32     | Perm Cols = 28    | Rows = 524288 | Cells = 56623104  
2025-11-02T10:26:53.439945Z DEBUG compress:prove:batch:open: ExpReverseBitsLen | Main Cols = 7     | Pre Cols = 10     | Perm Cols = 12    | Rows = 262144 | Cells = 7602176   
2025-11-02T10:26:53.439956Z DEBUG compress:prove:batch:open: MemoryConst     | Main Cols = 1     | Pre Cols = 12     | Perm Cols = 8     | Rows = 262144 | Cells = 5505024   
2025-11-02T10:26:53.439969Z DEBUG compress:prove:batch:open: Poseidon2WideDeg3 | Main Cols = 313   | Pre Cols = 49     | Perm Cols = 68    | Rows = 262144 | Cells = 112721920 
2025-11-02T10:26:53.439981Z DEBUG compress:prove:batch:open: BaseAlu         | Main Cols = 12    | Pre Cols = 32     | Perm Cols = 28    | Rows = 65536 | Cells = 4718592   
2025-11-02T10:26:53.439992Z DEBUG compress:prove:batch:open: PublicValues    | Main Cols = 1     | Pre Cols = 10     | Perm Cols = 8     | Rows = 16    | Cells = 304       
2025-11-02T10:26:54.664604Z DEBUG compress:prove:batch:open:flatten permutation traces and collect domains: close time.busy=1.22s time.idle=6.16µs
2025-11-02T10:27:15.677843Z DEBUG compress:prove:batch:open:commit to permutation traces: close time.busy=21.0s time.idle=5.42µs
2025-11-02T10:27:15.678644Z DEBUG compress:prove:batch:open:compute quotient values:compute quotient values for domain: close time.busy=473µs time.idle=4.48µs
2025-11-02T10:27:18.793129Z DEBUG compress:prove:batch:open:compute quotient values:compute quotient values for domain: close time.busy=3.11s time.idle=5.77µs
2025-11-02T10:27:18.805615Z DEBUG compress:prove:batch:open:compute quotient values:compute quotient values for domain: close time.busy=3.13s time.idle=27.6µs
2025-11-02T10:27:18.809182Z DEBUG compress:prove:batch:open:compute quotient values:compute quotient values for domain: close time.busy=3.13s time.idle=9.12µs
2025-11-02T10:27:18.864610Z DEBUG compress:prove:batch:open:open multi batches: close time.busy=54.3s time.idle=4.72µs
2025-11-02T10:27:18.869710Z DEBUG compress:prove:batch:open:compute quotient values: close time.busy=10.8s time.idle=60.7s
2025-11-02T10:27:19.019032Z DEBUG compress:prove:batch:open: close time.busy=93.8s time.idle=6.73µs
2025-11-02T10:27:19.040051Z DEBUG compress:prove:batch: close time.busy=112s time.idle=6.30µs
2025-11-02T10:27:19.053869Z DEBUG compress:generate records and traces:get program and witness stream: core cache miss, misses: 7
2025-11-02T10:27:19.722623Z DEBUG compress:generate records and traces:get program and witness stream:build recursion program:read input: close time.busy=669ms time.idle=9.80µs
2025-11-02T10:27:19.723254Z DEBUG compress:generate records and traces:get program and witness stream:build recursion program:verify:verify shard:assert lookup multiplicities: close time.busy=5.35µs time.idle=3.64µs
2025-11-02T10:27:20.281016Z DEBUG compress:generate records and traces:get program and witness stream:build recursion program:verify:verify shard:2adic pcs:verify shape and challenges: close time.busy=520ms time.idle=5.66µs
2025-11-02T10:27:20.430579Z DEBUG compress:generate records and traces:get program and witness stream:build recursion program:verify:verify shard:2adic pcs:verify challenges: close time.busy=85.3ms time.idle=6.32µs
2025-11-02T10:27:20.430669Z DEBUG compress:generate records and traces:get program and witness stream:build recursion program:verify:verify shard:2adic pcs: close time.busy=707ms time.idle=3.25µs
2025-11-02T10:27:20.432598Z DEBUG compress:generate records and traces:get program and witness stream:build recursion program:verify:verify shard:verify constraints: close time.busy=1.91ms time.idle=3.84µs
2025-11-02T10:27:20.432631Z DEBUG compress:generate records and traces:get program and witness stream:build recursion program:verify:verify shard: close time.busy=709ms time.idle=3.66µs
2025-11-02T10:27:20.895159Z DEBUG compress:generate records and traces:get program and witness stream:build recursion program:verify: close time.busy=1.17s time.idle=5.51µs
2025-11-02T10:27:20.895274Z DEBUG compress:generate records and traces:get program and witness stream:build recursion program:build block: close time.busy=20.2µs time.idle=3.22µs
2025-11-02T10:27:20.895290Z DEBUG compress:generate records and traces:get program and witness stream:build recursion program: close time.busy=1.84s time.idle=11.1µs
2025-11-02T10:27:21.043254Z DEBUG compress:generate records and traces:get program and witness stream:compile recursion program:compile raw program: close time.busy=148ms time.idle=4.80µs
2025-11-02T10:27:21.074616Z DEBUG compress:generate records and traces:get program and witness stream:compile recursion program:backfill mult: close time.busy=31.3ms time.idle=5.54µs
2025-11-02T10:27:21.074732Z DEBUG compress:generate records and traces:get program and witness stream:compile recursion program:prepend constants: close time.busy=52.3µs time.idle=4.53µs
2025-11-02T10:27:21.085234Z DEBUG compress:generate records and traces:get program and witness stream:compile recursion program: close time.busy=190ms time.idle=6.61µs
2025-11-02T10:27:21.593724Z DEBUG compress:generate records and traces:get program and witness stream: close time.busy=2.55s time.idle=12.7µs
2025-11-02T10:27:46.477193Z DEBUG fixed log2 rows can be potentially reduced: got 73440, expected 262144
2025-11-02T10:27:46.477177Z DEBUG compress:prove:batch:open:compute quotient values:compute quotient values for domain: fixed log2 rows can be potentially reduced: got 41300, expected 262144
2025-11-02T10:27:46.477177Z DEBUG compress:prove:batch:Setup compress program:setup machine:generate preprocessed traces: generated preprocessed trace for chip PublicValues in 143.559098ms
2025-11-02T10:27:46.487822Z DEBUG compress:prove:batch:Setup compress program:setup machine:generate preprocessed traces: generated preprocessed trace for chip BaseAlu in 154.207477ms
2025-11-02T10:27:46.488269Z DEBUG compress:prove:batch:Setup compress program:setup machine:generate preprocessed traces: generated preprocessed trace for chip MemoryVar in 154.653963ms
2025-11-02T10:27:46.493368Z DEBUG compress:prove:batch:Setup compress program:setup machine:generate preprocessed traces: generated preprocessed trace for chip ExpReverseBitsLen in 159.758864ms
2025-11-02T10:27:46.524952Z DEBUG compress:generate records and traces:execute runtime: close time.busy=24.9s time.idle=6.44µs
2025-11-02T10:27:46.525026Z DEBUG compress:generate records and traces:generate dependencies:register nonces: close time.busy=1.53µs time.idle=3.66µs
2025-11-02T10:27:46.525043Z DEBUG compress:generate records and traces:generate dependencies: close time.busy=31.4µs time.idle=4.37µs
2025-11-02T10:27:46.525203Z DEBUG fixed log2 rows can be potentially reduced: got 56929, expected 131072
2025-11-02T10:27:46.525295Z DEBUG fixed log2 rows can be potentially reduced: got 216000, expected 524288
2025-11-02T10:27:46.525339Z DEBUG compress:generate records and traces:generate traces:generate traces for shard: generated trace for chip MemoryConst in 175.368µs
2025-11-02T10:27:46.525373Z DEBUG compress:generate records and traces:generate traces:generate traces for shard: generated trace for chip PublicValues in 33.204µs
2025-11-02T10:27:46.527988Z DEBUG generate batch fri trace: fixed log2 rows can be potentially reduced: got 147800, expected 524288 rows=147800
2025-11-02T10:27:46.528535Z DEBUG compress:prove:batch:open:compute quotient values:compute quotient values for domain:generate exp reverse bits len trace: fixed log2 rows can be potentially reduced: got 42100, expected 262144 rows=2300
2025-11-02T10:27:46.528663Z DEBUG compress:generate records and traces:generate traces:generate traces for shard: generated trace for chip BaseAlu in 3.350353ms
2025-11-02T10:27:46.528023Z DEBUG fixed log2 rows can be potentially reduced: got 160079, expected 524288
2025-11-02T10:27:46.529033Z DEBUG compress:generate records and traces:generate traces:generate traces for shard: generated trace for chip Select in 3.740581ms
2025-11-02T10:27:46.529042Z DEBUG compress:generate records and traces:generate traces:generate traces for shard: generated trace for chip ExtAlu in 3.649817ms
2025-11-02T10:27:46.532833Z DEBUG compress:prove:batch:Setup compress program:setup machine:generate preprocessed traces: generated preprocessed trace for chip MemoryConst in 199.229186ms
2025-11-02T10:27:46.535208Z DEBUG compress:generate records and traces:generate traces:generate traces for shard: generated trace for chip MemoryVar in 9.876699ms
2025-11-02T10:27:46.541611Z DEBUG compress:prove:batch:Setup compress program:setup machine:generate preprocessed traces: generated preprocessed trace for chip Select in 207.999967ms
2025-11-02T10:27:46.546444Z DEBUG fixed log2 rows can be potentially reduced: got 799800, expected 2097152
2025-11-02T10:27:46.547705Z DEBUG compress:prove:batch:Setup compress program:setup machine:generate preprocessed traces: generated preprocessed trace for chip Poseidon2WideDeg3 in 214.097274ms
2025-11-02T10:27:46.839186Z DEBUG compress:prove:batch:Setup compress program:setup machine:generate preprocessed traces: generated preprocessed trace for chip ExtAlu in 505.571432ms
2025-11-02T10:27:46.847795Z DEBUG compress:prove:batch:open:compute quotient values:compute quotient values for domain:generate exp reverse bits len trace: close time.busy=322ms time.idle=5.38µs rows=2300
2025-11-02T10:27:46.847878Z DEBUG compress:generate records and traces:generate traces:generate traces for shard: generated trace for chip ExpReverseBitsLen in 322.550969ms
2025-11-02T10:27:46.856439Z DEBUG generate batch fri trace: close time.busy=331ms time.idle=5.84µs rows=147800
2025-11-02T10:27:46.856480Z DEBUG compress:generate records and traces:generate traces:generate traces for shard: generated trace for chip BatchFRI in 331.163965ms
2025-11-02T10:27:46.957537Z DEBUG compress:prove:batch:Setup compress program:setup machine:generate preprocessed traces: generated preprocessed trace for chip BatchFRI in 623.916041ms
2025-11-02T10:27:47.024539Z DEBUG generate poseidon2 wide trace: close time.busy=499ms time.idle=16.3µs rows=40539
2025-11-02T10:27:47.024597Z DEBUG compress:generate records and traces:generate traces:generate traces for shard: generated trace for chip Poseidon2WideDeg3 in 499.37255ms
2025-11-02T10:27:47.025562Z DEBUG compress:generate records and traces:generate traces:generate traces for shard: close time.busy=500ms time.idle=4.41µs
2025-11-02T10:27:47.025605Z DEBUG compress:generate records and traces:generate traces: close time.busy=501ms time.idle=3.47µs
2025-11-02T10:27:47.328158Z DEBUG compress:prove:batch:open:compute quotient values:compute quotient values for domain: close time.busy=31.6s time.idle=6.51µs
2025-11-02T10:27:47.411978Z DEBUG compress:prove:batch:open:compute quotient values:compute quotient values for domain: close time.busy=31.7s time.idle=12.6µs
2025-11-02T10:27:47.423338Z DEBUG compress:prove:batch:open:compute quotient values:compute quotient values for domain: close time.busy=31.7s time.idle=5.48µs
2025-11-02T10:27:47.442005Z DEBUG compress:prove:batch:open:compute quotient values:compute quotient values for domain: close time.busy=31.8s time.idle=22.3µs
2025-11-02T10:27:47.459332Z DEBUG compress:prove:batch:open:compute quotient values:compute quotient values for domain: close time.busy=31.8s time.idle=4.16µs
2025-11-02T10:28:02.872555Z DEBUG compress:prove:batch:Setup compress program:setup machine:commit to preprocessed traces: close time.busy=15.3s time.idle=8.91µs
2025-11-02T10:28:02.872656Z DEBUG compress:prove:batch:Setup compress program:setup machine:generate preprocessed traces: close time.busy=27.9s time.idle=15.9s
2025-11-02T10:28:02.872671Z DEBUG compress:prove:batch:Setup compress program:setup machine: close time.busy=43.8s time.idle=2.48µs
2025-11-02T10:28:02.872718Z DEBUG compress:prove:batch:Setup compress program: close time.busy=43.8s time.idle=36.8µs
2025-11-02T10:28:02.872763Z DEBUG compress:prove:batch:observe proving key: close time.busy=15.8µs time.idle=4.38µs
2025-11-02T10:28:12.964699Z DEBUG compress:prove:batch:open:commit to quotient traces: close time.busy=24.9s time.idle=12.8µs
2025-11-02T10:28:12.964814Z DEBUG compress:prove:batch:open:compute preprocessed opening points: close time.busy=5.71µs time.idle=3.71µs
2025-11-02T10:28:12.964849Z DEBUG compress:prove:batch:open:compute main trace opening points: close time.busy=19.8µs time.idle=2.47µs
2025-11-02T10:28:12.964866Z DEBUG compress:prove:batch:open:compute permutation trace opening points: close time.busy=3.14µs time.idle=2.08µs
2025-11-02T10:28:39.765258Z DEBUG compress:prove:batch:commit: close time.busy=36.9s time.idle=4.76µs
2025-11-02T10:28:46.366249Z DEBUG compress:prove:batch:open:generate permutation traces: close time.busy=6.60s time.idle=8.94µs
2025-11-02T10:28:46.366408Z DEBUG compress:prove:batch:open: BatchFRI        | Main Cols = 13    | Pre Cols = 6      | Perm Cols = 12    | Rows = 2097152 | Cells = 65011712  
2025-11-02T10:28:46.366423Z DEBUG compress:prove:batch:open: MemoryVar       | Main Cols = 8     | Pre Cols = 4      | Perm Cols = 8     | Rows = 1048576 | Cells = 20971520  
2025-11-02T10:28:46.366432Z DEBUG compress:prove:batch:open: Select          | Main Cols = 5     | Pre Cols = 8      | Perm Cols = 16    | Rows = 1048576 | Cells = 30408704  
2025-11-02T10:28:46.366441Z DEBUG compress:prove:batch:open: ExtAlu          | Main Cols = 48    | Pre Cols = 32     | Perm Cols = 28    | Rows = 524288 | Cells = 56623104  
2025-11-02T10:28:46.366450Z DEBUG compress:prove:batch:open: ExpReverseBitsLen | Main Cols = 7     | Pre Cols = 10     | Perm Cols = 12    | Rows = 262144 | Cells = 7602176   
2025-11-02T10:28:46.366460Z DEBUG compress:prove:batch:open: MemoryConst     | Main Cols = 1     | Pre Cols = 12     | Perm Cols = 8     | Rows = 262144 | Cells = 5505024   
2025-11-02T10:28:46.366470Z DEBUG compress:prove:batch:open: Poseidon2WideDeg3 | Main Cols = 313   | Pre Cols = 49     | Perm Cols = 68    | Rows = 262144 | Cells = 112721920 
2025-11-02T10:28:46.366479Z DEBUG compress:prove:batch:open: BaseAlu         | Main Cols = 12    | Pre Cols = 32     | Perm Cols = 28    | Rows = 65536 | Cells = 4718592   
2025-11-02T10:28:46.366487Z DEBUG compress:prove:batch:open: PublicValues    | Main Cols = 1     | Pre Cols = 10     | Perm Cols = 8     | Rows = 16    | Cells = 304       
2025-11-02T10:28:47.487133Z DEBUG compress:prove:batch:open:flatten permutation traces and collect domains: close time.busy=1.12s time.idle=5.92µs
2025-11-02T10:29:06.980622Z DEBUG compress:prove:batch:open:commit to permutation traces: close time.busy=19.5s time.idle=6.70µs
2025-11-02T10:29:06.981721Z DEBUG compress:prove:batch:open:compute quotient values:compute quotient values for domain: close time.busy=443µs time.idle=3.98µs
2025-11-02T10:29:30.964119Z DEBUG compress:prove:batch:open:compute quotient values:compute quotient values for domain: close time.busy=24.0s time.idle=13.5µs
2025-11-02T10:29:31.100599Z DEBUG compress:prove:batch:open:compute quotient values:compute quotient values for domain: close time.busy=24.1s time.idle=9.09µs
2025-11-02T10:29:31.101440Z DEBUG compress:prove:batch:open:compute quotient values:compute quotient values for domain: close time.busy=24.1s time.idle=5.79µs
2025-11-02T10:29:31.117743Z DEBUG compress:prove:batch:open:compute quotient values:compute quotient values for domain: close time.busy=24.1s time.idle=5.61µs
2025-11-02T10:29:31.233541Z DEBUG compress:prove:batch:open:compute quotient values:compute quotient values for domain: close time.busy=24.3s time.idle=5.64µs
2025-11-02T10:29:31.250126Z DEBUG compress:prove:batch:open:compute quotient values:compute quotient values for domain: close time.busy=24.3s time.idle=8.70µs
2025-11-02T10:29:31.262159Z DEBUG compress:prove:batch:open:compute quotient values:compute quotient values for domain: close time.busy=24.3s time.idle=5.18µs
2025-11-02T10:29:39.423163Z DEBUG compress:prove:batch:open:compute quotient values:compute quotient values for domain: close time.busy=32.4s time.idle=7.79µs
2025-11-02T10:29:52.486820Z DEBUG compress:prove:batch:open:commit to quotient traces: close time.busy=12.5s time.idle=9.21µs
2025-11-02T10:29:52.486933Z DEBUG compress:prove:batch:open:compute preprocessed opening points: close time.busy=6.91µs time.idle=5.33µs
2025-11-02T10:29:52.486988Z DEBUG compress:prove:batch:open:compute main trace opening points: close time.busy=30.5µs time.idle=3.83µs
2025-11-02T10:29:52.487030Z DEBUG compress:prove:batch:open:compute permutation trace opening points: close time.busy=15.8µs time.idle=3.45µs
2025-11-02T10:30:00.955517Z DEBUG compress:prove:batch:open:open multi batches: close time.busy=108s time.idle=4.95µs
2025-11-02T10:30:01.057107Z DEBUG compress:prove:batch:open:compute quotient values: close time.busy=31.8s time.idle=134s
2025-11-02T10:30:01.554153Z DEBUG compress:prove:batch:open: close time.busy=195s time.idle=10.8µs
2025-11-02T10:30:01.710778Z DEBUG compress:prove:batch: close time.busy=270s time.idle=6.74µs
2025-11-02T10:30:01.742100Z DEBUG compress:generate records and traces:get program and witness stream: close time.busy=30.1ms time.idle=27.0µs
2025-11-02T10:30:01.775925Z DEBUG fixed log2 rows can be potentially reduced: got 44100, expected 262144
2025-11-02T10:30:01.775938Z DEBUG compress:prove:batch:Setup compress program:setup machine:generate preprocessed traces: generated preprocessed trace for chip PublicValues in 63.743224ms
2025-11-02T10:30:01.780870Z DEBUG compress:prove:batch:Setup compress program:setup machine:generate preprocessed traces: generated preprocessed trace for chip ExpReverseBitsLen in 68.678927ms
2025-11-02T10:30:01.783155Z DEBUG fixed log2 rows can be potentially reduced: got 78580, expected 262144
2025-11-02T10:30:01.785182Z DEBUG compress:prove:batch:Setup compress program:setup machine:generate preprocessed traces: generated preprocessed trace for chip BaseAlu in 73.08739ms
2025-11-02T10:30:01.788395Z DEBUG compress:prove:batch:Setup compress program:setup machine:generate preprocessed traces: generated preprocessed trace for chip MemoryVar in 76.385888ms
2025-11-02T10:30:01.807616Z DEBUG fixed log2 rows can be potentially reduced: got 902800, expected 2097152
2025-11-02T10:30:01.820612Z DEBUG compress:prove:batch:Setup compress program:setup machine:generate preprocessed traces: generated preprocessed trace for chip Select in 108.437785ms
2025-11-02T10:30:01.843805Z DEBUG compress:prove:batch:Setup compress program:setup machine:generate preprocessed traces: generated preprocessed trace for chip Poseidon2WideDeg3 in 131.857813ms
2025-11-02T10:30:01.861602Z DEBUG compress:prove:batch:Setup compress program:setup machine:generate preprocessed traces: generated preprocessed trace for chip ExtAlu in 149.482619ms
2025-11-02T10:30:01.865087Z DEBUG compress:prove:batch:Setup compress program:setup machine:generate preprocessed traces: generated preprocessed trace for chip MemoryConst in 153.313472ms
2025-11-02T10:30:01.986731Z DEBUG compress:prove:batch:Setup compress program:setup machine:generate preprocessed traces: generated preprocessed trace for chip BatchFRI in 274.770582ms
2025-11-02T10:30:02.198466Z DEBUG compress:generate records and traces:execute runtime: close time.busy=456ms time.idle=6.76µs
2025-11-02T10:30:02.198561Z DEBUG compress:generate records and traces:generate dependencies:register nonces: close time.busy=1.13µs time.idle=3.30µs
2025-11-02T10:30:02.198575Z DEBUG compress:generate records and traces:generate dependencies: close time.busy=45.6µs time.idle=3.56µs
2025-11-02T10:30:02.200146Z DEBUG fixed log2 rows can be potentially reduced: got 471504, expected 1048576
2025-11-02T10:30:02.200216Z DEBUG compress:generate records and traces:generate traces:generate traces for shard: generated trace for chip PublicValues in 9.933µs
2025-11-02T10:30:02.200844Z DEBUG compress:generate records and traces:generate traces:generate traces for shard: generated trace for chip MemoryConst in 724.937µs
2025-11-02T10:30:02.201904Z DEBUG compress:generate records and traces:generate traces:generate traces for shard: generated trace for chip BaseAlu in 1.777704ms
2025-11-02T10:30:02.204759Z DEBUG fixed log2 rows can be potentially reduced: got 346512, expected 1048576
2025-11-02T10:30:02.205218Z DEBUG generate batch fri trace: fixed log2 rows can be potentially reduced: got 213200, expected 2097152 rows=213200
2025-11-02T10:30:02.207385Z DEBUG compress:generate records and traces:generate traces:generate traces for shard: generated trace for chip Select in 7.203395ms
2025-11-02T10:30:02.453840Z DEBUG generate exp reverse bits len trace: close time.busy=254ms time.idle=6.97µs rows=9200
2025-11-02T10:30:02.454299Z DEBUG compress:generate records and traces:generate traces:generate traces for shard: generated trace for chip ExpReverseBitsLen in 254.131385ms
2025-11-02T10:30:02.519583Z DEBUG compress:generate records and traces:generate traces:generate traces for shard: generated trace for chip MemoryVar in 319.446421ms
2025-11-02T10:30:02.554232Z DEBUG compress:generate records and traces:generate traces:generate traces for shard: generated trace for chip ExtAlu in 354.04466ms
2025-11-02T10:30:02.741126Z DEBUG generate batch fri trace: close time.busy=541ms time.idle=5.06µs rows=213200
2025-11-02T10:30:02.741183Z DEBUG compress:generate records and traces:generate traces:generate traces for shard: generated trace for chip BatchFRI in 540.992479ms
2025-11-02T10:30:02.916527Z DEBUG generate poseidon2 wide trace: close time.busy=716ms time.idle=5.61µs rows=90000
2025-11-02T10:30:02.916585Z DEBUG compress:generate records and traces:generate traces:generate traces for shard: generated trace for chip Poseidon2WideDeg3 in 716.452237ms
2025-11-02T10:30:02.916725Z DEBUG compress:generate records and traces:generate traces:generate traces for shard: close time.busy=718ms time.idle=4.03µs
2025-11-02T10:30:02.916768Z DEBUG compress:generate records and traces:generate traces: close time.busy=718ms time.idle=3.00µs
2025-11-02T10:30:17.973127Z DEBUG compress:prove:batch:Setup compress program:setup machine:commit to preprocessed traces: close time.busy=15.8s time.idle=13.2µs
2025-11-02T10:30:17.973246Z DEBUG compress:prove:batch:Setup compress program:setup machine:generate preprocessed traces: close time.busy=276ms time.idle=16.0s
2025-11-02T10:30:17.973267Z DEBUG compress:prove:batch:Setup compress program:setup machine: close time.busy=16.3s time.idle=8.26µs
2025-11-02T10:30:17.973281Z DEBUG compress:prove:batch:Setup compress program: close time.busy=16.3s time.idle=2.99µs
2025-11-02T10:30:17.973319Z DEBUG compress:prove:batch:observe proving key: close time.busy=10.5µs time.idle=3.48µs
2025-11-02T10:30:50.014680Z DEBUG compress:prove:batch:commit: close time.busy=32.0s time.idle=17.1µs
2025-11-02T10:30:58.241002Z DEBUG compress:prove:batch:open:generate permutation traces: close time.busy=8.23s time.idle=18.7µs
2025-11-02T10:30:58.241053Z DEBUG compress:prove:batch:open: BatchFRI        | Main Cols = 13    | Pre Cols = 6      | Perm Cols = 12    | Rows = 2097152 | Cells = 65011712  
2025-11-02T10:30:58.241077Z DEBUG compress:prove:batch:open: MemoryVar       | Main Cols = 8     | Pre Cols = 4      | Perm Cols = 8     | Rows = 1048576 | Cells = 20971520  
2025-11-02T10:30:58.241085Z DEBUG compress:prove:batch:open: Select          | Main Cols = 5     | Pre Cols = 8      | Perm Cols = 16    | Rows = 1048576 | Cells = 30408704  
2025-11-02T10:30:58.241094Z DEBUG compress:prove:batch:open: ExtAlu          | Main Cols = 48    | Pre Cols = 32     | Perm Cols = 28    | Rows = 524288 | Cells = 56623104  
2025-11-02T10:30:58.241103Z DEBUG compress:prove:batch:open: ExpReverseBitsLen | Main Cols = 7     | Pre Cols = 10     | Perm Cols = 12    | Rows = 262144 | Cells = 7602176   
2025-11-02T10:30:58.241111Z DEBUG compress:prove:batch:open: MemoryConst     | Main Cols = 1     | Pre Cols = 12     | Perm Cols = 8     | Rows = 262144 | Cells = 5505024   
2025-11-02T10:30:58.241121Z DEBUG compress:prove:batch:open: Poseidon2WideDeg3 | Main Cols = 313   | Pre Cols = 49     | Perm Cols = 68    | Rows = 262144 | Cells = 112721920 
2025-11-02T10:30:58.241130Z DEBUG compress:prove:batch:open: BaseAlu         | Main Cols = 12    | Pre Cols = 32     | Perm Cols = 28    | Rows = 65536 | Cells = 4718592   
2025-11-02T10:30:58.241138Z DEBUG compress:prove:batch:open: PublicValues    | Main Cols = 1     | Pre Cols = 10     | Perm Cols = 8     | Rows = 16    | Cells = 304       
2025-11-02T10:31:00.343224Z DEBUG compress:prove:batch:open:flatten permutation traces and collect domains: close time.busy=2.10s time.idle=5.59µs
2025-11-02T10:31:02.628078Z DEBUG compress:prove:batch:open:open multi batches: close time.busy=70.1s time.idle=6.33µs
2025-11-02T10:31:02.694085Z DEBUG compress:prove:batch:open:compute quotient values: close time.busy=32.4s time.idle=83.3s
2025-11-02T10:31:03.250644Z DEBUG compress:prove:batch:open: close time.busy=143s time.idle=6.11µs
2025-11-02T10:31:03.394092Z DEBUG compress:prove:batch: close time.busy=224s time.idle=6.91µs
2025-11-02T10:31:03.449619Z DEBUG fixed log2 rows can be potentially reduced: got 56929, expected 131072
2025-11-02T10:31:03.449629Z DEBUG compress:prove:batch:Setup compress program:setup machine:generate preprocessed traces: generated preprocessed trace for chip PublicValues in 47.173081ms
2025-11-02T10:31:03.449618Z DEBUG fixed log2 rows can be potentially reduced: got 42100, expected 262144
2025-11-02T10:31:03.453819Z DEBUG compress:prove:batch:Setup compress program:setup machine:generate preprocessed traces: generated preprocessed trace for chip MemoryConst in 51.654674ms
2025-11-02T10:31:03.454303Z DEBUG compress:prove:batch:Setup compress program:setup machine:generate preprocessed traces: generated preprocessed trace for chip BaseAlu in 51.767926ms
2025-11-02T10:31:03.455383Z DEBUG compress:prove:batch:Setup compress program:setup machine:generate preprocessed traces: generated preprocessed trace for chip ExpReverseBitsLen in 52.980048ms
2025-11-02T10:31:03.462180Z DEBUG fixed log2 rows can be potentially reduced: got 147800, expected 524288
2025-11-02T10:31:03.465808Z DEBUG compress:prove:batch:Setup compress program:setup machine:generate preprocessed traces: generated preprocessed trace for chip MemoryVar in 63.325038ms
2025-11-02T10:31:03.468152Z DEBUG compress:prove:batch:Setup compress program:setup machine:generate preprocessed traces: generated preprocessed trace for chip ExtAlu in 65.615892ms
2025-11-02T10:31:03.479342Z DEBUG compress:prove:batch:Setup compress program:setup machine:generate preprocessed traces: generated preprocessed trace for chip BatchFRI in 76.848705ms
2025-11-02T10:31:03.488032Z DEBUG compress:prove:batch:Setup compress program:setup machine:generate preprocessed traces: generated preprocessed trace for chip Poseidon2WideDeg3 in 85.786508ms
2025-11-02T10:31:03.488038Z DEBUG compress:prove:batch:Setup compress program:setup machine:generate preprocessed traces: generated preprocessed trace for chip Select in 85.719687ms
2025-11-02T10:31:09.276456Z DEBUG compress:prove:batch:Setup compress program:setup machine:commit to preprocessed traces: close time.busy=5.70s time.idle=7.67µs
2025-11-02T10:31:09.276530Z DEBUG compress:prove:batch:Setup compress program:setup machine:generate preprocessed traces: close time.busy=91.4ms time.idle=5.78s
2025-11-02T10:31:09.276544Z DEBUG compress:prove:batch:Setup compress program:setup machine: close time.busy=5.87s time.idle=2.50µs
2025-11-02T10:31:09.276565Z DEBUG compress:prove:batch:Setup compress program: close time.busy=5.87s time.idle=7.74µs
2025-11-02T10:31:09.276601Z DEBUG compress:prove:batch:observe proving key: close time.busy=10.8µs time.idle=3.64µs
2025-11-02T10:31:24.685972Z DEBUG compress:prove:batch:open:commit to permutation traces: close time.busy=24.3s time.idle=6.34µs
2025-11-02T10:31:24.686583Z DEBUG compress:prove:batch:open:compute quotient values:compute quotient values for domain: close time.busy=239µs time.idle=6.10µs
2025-11-02T10:31:26.878772Z DEBUG compress:prove:batch:open:compute quotient values:compute quotient values for domain: close time.busy=2.19s time.idle=7.02µs
2025-11-02T10:31:26.897508Z DEBUG compress:prove:batch:open:compute quotient values:compute quotient values for domain: close time.busy=2.21s time.idle=6.70µs
2025-11-02T10:31:54.680734Z DEBUG compress:prove:batch:open:compute quotient values:compute quotient values for domain: close time.busy=30.0s time.idle=6.03µs
2025-11-02T10:31:55.109233Z DEBUG compress:prove:batch:open:compute quotient values:compute quotient values for domain: close time.busy=30.4s time.idle=6.04µs
2025-11-02T10:31:55.173131Z DEBUG compress:prove:batch:open:compute quotient values:compute quotient values for domain: close time.busy=30.5s time.idle=6.40µs
2025-11-02T10:31:55.184945Z DEBUG compress:prove:batch:open:compute quotient values:compute quotient values for domain: close time.busy=30.5s time.idle=12.5µs
2025-11-02T10:31:55.283112Z DEBUG compress:prove:batch:open:compute quotient values:compute quotient values for domain: close time.busy=30.6s time.idle=9.03µs
2025-11-02T10:31:55.356189Z DEBUG compress:prove:batch:open:compute quotient values:compute quotient values for domain: close time.busy=30.7s time.idle=5.61µs
2025-11-02T10:32:04.556394Z DEBUG compress:prove:batch:commit: close time.busy=55.3s time.idle=4.40µs
2025-11-02T10:32:07.072093Z DEBUG compress:prove:batch:open:generate permutation traces: close time.busy=2.52s time.idle=4.80µs
2025-11-02T10:32:07.072142Z DEBUG compress:prove:batch:open: BatchFRI        | Main Cols = 13    | Pre Cols = 6      | Perm Cols = 12    | Rows = 524288 | Cells = 16252928  
2025-11-02T10:32:07.072154Z DEBUG compress:prove:batch:open: MemoryVar       | Main Cols = 8     | Pre Cols = 4      | Perm Cols = 8     | Rows = 524288 | Cells = 10485760  
2025-11-02T10:32:07.072162Z DEBUG compress:prove:batch:open: Select          | Main Cols = 5     | Pre Cols = 8      | Perm Cols = 16    | Rows = 524288 | Cells = 15204352  
2025-11-02T10:32:07.072171Z DEBUG compress:prove:batch:open: ExpReverseBitsLen | Main Cols = 7     | Pre Cols = 10     | Perm Cols = 12    | Rows = 262144 | Cells = 7602176   
2025-11-02T10:32:07.072180Z DEBUG compress:prove:batch:open: MemoryConst     | Main Cols = 1     | Pre Cols = 12     | Perm Cols = 8     | Rows = 131072 | Cells = 2752512   
2025-11-02T10:32:07.072190Z DEBUG compress:prove:batch:open: Poseidon2WideDeg3 | Main Cols = 313   | Pre Cols = 49     | Perm Cols = 68    | Rows = 131072 | Cells = 56360960  
2025-11-02T10:32:07.072198Z DEBUG compress:prove:batch:open: BaseAlu         | Main Cols = 12    | Pre Cols = 32     | Perm Cols = 28    | Rows = 65536 | Cells = 4718592   
2025-11-02T10:32:07.072206Z DEBUG compress:prove:batch:open: ExtAlu          | Main Cols = 48    | Pre Cols = 32     | Perm Cols = 28    | Rows = 65536 | Cells = 7077888   
2025-11-02T10:32:07.072215Z DEBUG compress:prove:batch:open: PublicValues    | Main Cols = 1     | Pre Cols = 10     | Perm Cols = 8     | Rows = 16    | Cells = 304       
2025-11-02T10:32:07.431163Z DEBUG compress:prove:batch:open:flatten permutation traces and collect domains: close time.busy=359ms time.idle=4.83µs
2025-11-02T10:32:14.893807Z DEBUG compress:prove:batch:open:commit to permutation traces: close time.busy=7.46s time.idle=6.23µs
2025-11-02T10:32:14.894629Z DEBUG compress:prove:batch:open:compute quotient values:compute quotient values for domain: close time.busy=366µs time.idle=6.05µs
2025-11-02T10:32:23.236613Z DEBUG compress:prove:batch:open:compute quotient values:compute quotient values for domain: close time.busy=8.34s time.idle=8.84µs
2025-11-02T10:32:23.237847Z DEBUG compress:prove:batch:open:compute quotient values:compute quotient values for domain: close time.busy=8.34s time.idle=5.30µs
2025-11-02T10:32:23.238416Z DEBUG compress:prove:batch:open:compute quotient values:compute quotient values for domain: close time.busy=8.34s time.idle=38.7µs
2025-11-02T10:32:23.248155Z DEBUG compress:prove:batch:open:compute quotient values:compute quotient values for domain: close time.busy=8.35s time.idle=15.1µs
2025-11-02T10:32:23.308775Z DEBUG compress:prove:batch:open:compute quotient values:compute quotient values for domain: close time.busy=8.41s time.idle=5.97µs
2025-11-02T10:32:23.323991Z DEBUG compress:prove:batch:open:compute quotient values:compute quotient values for domain: close time.busy=8.43s time.idle=6.87µs
2025-11-02T10:32:23.340886Z DEBUG compress:prove:batch:open:compute quotient values:compute quotient values for domain: close time.busy=8.45s time.idle=4.97µs
2025-11-02T10:32:27.290390Z DEBUG compress:prove:batch:open:compute quotient values:compute quotient values for domain: close time.busy=12.4s time.idle=6.03µs
2025-11-02T10:32:34.064956Z DEBUG compress:prove:batch:open:commit to quotient traces: close time.busy=38.1s time.idle=11.9µs
2025-11-02T10:32:34.065078Z DEBUG compress:prove:batch:open:compute preprocessed opening points: close time.busy=4.77µs time.idle=3.40µs
2025-11-02T10:32:34.065116Z DEBUG compress:prove:batch:open:compute main trace opening points: close time.busy=21.1µs time.idle=2.60µs
2025-11-02T10:32:34.065152Z DEBUG compress:prove:batch:open:compute permutation trace opening points: close time.busy=22.2µs time.idle=2.29µs
2025-11-02T10:32:37.973261Z DEBUG compress:prove:batch:open:commit to quotient traces: close time.busy=10.5s time.idle=5.99µs
2025-11-02T10:32:37.973381Z DEBUG compress:prove:batch:open:compute preprocessed opening points: close time.busy=57.0µs time.idle=3.59µs
2025-11-02T10:32:37.973405Z DEBUG compress:prove:batch:open:compute main trace opening points: close time.busy=6.38µs time.idle=2.40µs
2025-11-02T10:32:37.973455Z DEBUG compress:prove:batch:open:compute permutation trace opening points: close time.busy=36.5µs time.idle=2.35µs
2025-11-02T10:32:45.312921Z DEBUG compress:prove:batch:open:open multi batches: close time.busy=7.34s time.idle=4.09µs
2025-11-02T10:32:45.317973Z DEBUG compress:prove:batch:open:compute quotient values: close time.busy=12.4s time.idle=18.0s
2025-11-02T10:32:45.434486Z DEBUG compress:prove:batch:open: close time.busy=40.9s time.idle=18.0µs
2025-11-02T10:32:57.561116Z DEBUG compress:prove:batch:open:open multi batches: close time.busy=23.5s time.idle=4.51µs
2025-11-02T10:32:57.646499Z DEBUG compress:prove:batch:open:compute quotient values: close time.busy=30.7s time.idle=62.3s
2025-11-02T10:32:58.107579Z DEBUG compress:prove:batch:open: close time.busy=128s time.idle=6.75µs
2025-11-02T10:32:58.108085Z DEBUG compress:prove:batch: close time.busy=115s time.idle=14.5µs
2025-11-02T10:32:58.170997Z DEBUG compress:prove:batch:Setup compress program:setup machine:generate preprocessed traces: generated preprocessed trace for chip PublicValues in 57.453321ms
2025-11-02T10:32:58.175493Z DEBUG compress:prove:batch:Setup compress program:setup machine:generate preprocessed traces: generated preprocessed trace for chip ExpReverseBitsLen in 62.01261ms
2025-11-02T10:32:58.179667Z DEBUG compress:prove:batch:Setup compress program:setup machine:generate preprocessed traces: generated preprocessed trace for chip BaseAlu in 70.127975ms
2025-11-02T10:32:58.179664Z DEBUG compress:prove:batch:Setup compress program:setup machine:generate preprocessed traces: generated preprocessed trace for chip MemoryConst in 70.241167ms
2025-11-02T10:32:58.184203Z DEBUG compress:prove:batch:Setup compress program:setup machine:generate preprocessed traces: generated preprocessed trace for chip MemoryVar in 74.59918ms
2025-11-02T10:32:58.201135Z DEBUG fixed log2 rows can be potentially reduced: got 213200, expected 2097152
2025-11-02T10:32:58.270706Z DEBUG compress:prove:batch:Setup compress program:setup machine:generate preprocessed traces: generated preprocessed trace for chip Select in 157.207673ms
2025-11-02T10:32:58.273632Z DEBUG compress:prove:batch: close time.busy=177s time.idle=7.86µs
2025-11-02T10:32:58.298704Z DEBUG compress:generate records and traces:get program and witness stream: close time.busy=167ms time.idle=11.9µs
2025-11-02T10:32:58.299874Z DEBUG compress:prove:batch:Setup compress program:setup machine:generate preprocessed traces: generated preprocessed trace for chip Poseidon2WideDeg3 in 186.454989ms
2025-11-02T10:32:58.304425Z DEBUG compress:prove:batch:Setup compress program:setup machine:generate preprocessed traces: generated preprocessed trace for chip ExtAlu in 194.78187ms
2025-11-02T10:32:58.350946Z DEBUG compress:prove:batch:Setup compress program:setup machine:generate preprocessed traces: generated preprocessed trace for chip BatchFRI in 237.422521ms
2025-11-02T10:32:58.680623Z DEBUG compress:generate records and traces:execute runtime: close time.busy=382ms time.idle=6.55µs
2025-11-02T10:32:58.680705Z DEBUG compress:generate records and traces:generate dependencies:register nonces: close time.busy=1.19µs time.idle=3.41µs
2025-11-02T10:32:58.680719Z DEBUG compress:generate records and traces:generate dependencies: close time.busy=36.4µs time.idle=3.34µs
2025-11-02T10:32:58.681021Z DEBUG fixed log2 rows can be potentially reduced: got 510704, expected 1048576
2025-11-02T10:32:58.681124Z DEBUG compress:generate records and traces:generate traces:generate traces for shard: generated trace for chip PublicValues in 20.672µs
2025-11-02T10:32:58.681309Z DEBUG compress:generate records and traces:generate traces:generate traces for shard: generated trace for chip MemoryConst in 415.625µs
2025-11-02T10:32:58.683190Z DEBUG compress:generate records and traces:generate traces:generate traces for shard: generated trace for chip BaseAlu in 1.162134ms
2025-11-02T10:32:58.704148Z DEBUG compress:generate records and traces:generate traces:generate traces for shard: generated trace for chip Select in 23.12731ms
2025-11-02T10:32:58.715301Z DEBUG generate batch fri trace: fixed log2 rows can be potentially reduced: got 213200, expected 2097152 rows=213200
2025-11-02T10:32:58.719153Z DEBUG fixed log2 rows can be potentially reduced: got 367020, expected 1048576
2025-11-02T10:32:58.740984Z DEBUG generate exp reverse bits len trace: close time.busy=59.9ms time.idle=12.5µs rows=9200
2025-11-02T10:32:58.741034Z DEBUG compress:generate records and traces:generate traces:generate traces for shard: generated trace for chip ExpReverseBitsLen in 59.936254ms
2025-11-02T10:32:58.805469Z DEBUG compress:generate records and traces:generate traces:generate traces for shard: generated trace for chip ExtAlu in 123.404044ms
2025-11-02T10:32:58.811845Z DEBUG compress:generate records and traces:generate traces:generate traces for shard: generated trace for chip MemoryVar in 130.860658ms
2025-11-02T10:32:59.012097Z DEBUG generate batch fri trace: close time.busy=331ms time.idle=6.79µs rows=213200
2025-11-02T10:32:59.012154Z DEBUG compress:generate records and traces:generate traces:generate traces for shard: generated trace for chip BatchFRI in 331.091084ms
2025-11-02T10:32:59.178180Z DEBUG generate poseidon2 wide trace: close time.busy=497ms time.idle=8.10µs rows=95402
2025-11-02T10:32:59.178232Z DEBUG compress:generate records and traces:generate traces:generate traces for shard: generated trace for chip Poseidon2WideDeg3 in 497.287185ms
2025-11-02T10:32:59.178633Z DEBUG compress:generate records and traces:generate traces:generate traces for shard: close time.busy=498ms time.idle=3.75µs
2025-11-02T10:32:59.178667Z DEBUG compress:generate records and traces:generate traces: close time.busy=498ms time.idle=3.21µs
2025-11-02T10:32:59.219700Z DEBUG compress:prove:batch:Setup compress program:setup machine:generate preprocessed traces: generated preprocessed trace for chip PublicValues in 18.248778ms
2025-11-02T10:32:59.219887Z DEBUG compress:prove:batch:Setup compress program:setup machine:generate preprocessed traces: generated preprocessed trace for chip BaseAlu in 18.447518ms
2025-11-02T10:32:59.231856Z DEBUG fixed log2 rows can be potentially reduced: got 213200, expected 2097152
2025-11-02T10:32:59.239324Z DEBUG compress:prove:batch:Setup compress program:setup machine:generate preprocessed traces: generated preprocessed trace for chip ExpReverseBitsLen in 37.883722ms
2025-11-02T10:32:59.239820Z DEBUG compress:prove:batch:Setup compress program:setup machine:generate preprocessed traces: generated preprocessed trace for chip MemoryConst in 38.388657ms
2025-11-02T10:32:59.249654Z DEBUG compress:prove:batch:Setup compress program:setup machine:generate preprocessed traces: generated preprocessed trace for chip MemoryVar in 48.217548ms
2025-11-02T10:32:59.272114Z DEBUG compress:prove:batch:Setup compress program:setup machine:generate preprocessed traces: generated preprocessed trace for chip Select in 70.677956ms
2025-11-02T10:32:59.286982Z DEBUG compress:prove:batch:Setup compress program:setup machine:generate preprocessed traces: generated preprocessed trace for chip Poseidon2WideDeg3 in 85.546425ms
2025-11-02T10:32:59.308752Z DEBUG compress:prove:batch:Setup compress program:setup machine:generate preprocessed traces: generated preprocessed trace for chip ExtAlu in 107.312808ms
2025-11-02T10:32:59.317651Z DEBUG compress:prove:batch:Setup compress program:setup machine:generate preprocessed traces: generated preprocessed trace for chip BatchFRI in 116.2159ms
2025-11-02T10:33:13.899395Z DEBUG compress:prove:batch:Setup compress program:setup machine:commit to preprocessed traces: close time.busy=15.4s time.idle=7.89µs
2025-11-02T10:33:13.899588Z DEBUG compress:prove:batch:Setup compress program:setup machine:generate preprocessed traces: close time.busy=242ms time.idle=15.5s
2025-11-02T10:33:13.899614Z DEBUG compress:prove:batch:Setup compress program:setup machine: close time.busy=15.8s time.idle=7.95µs
2025-11-02T10:33:13.899647Z DEBUG compress:prove:batch:Setup compress program: close time.busy=15.8s time.idle=17.8µs
2025-11-02T10:33:13.899696Z DEBUG compress:prove:batch:observe proving key: close time.busy=16.7µs time.idle=4.71µs
2025-11-02T10:33:27.117380Z DEBUG compress:prove:batch:Setup compress program:setup machine:commit to preprocessed traces: close time.busy=27.5s time.idle=8.48µs
2025-11-02T10:33:27.117510Z DEBUG compress:prove:batch:Setup compress program:setup machine:generate preprocessed traces: close time.busy=139ms time.idle=27.8s
2025-11-02T10:33:27.117526Z DEBUG compress:prove:batch:Setup compress program:setup machine: close time.busy=27.9s time.idle=2.69µs
2025-11-02T10:33:27.117544Z DEBUG compress:prove:batch:Setup compress program: close time.busy=27.9s time.idle=8.47µs
2025-11-02T10:33:27.117583Z DEBUG compress:prove:batch:observe proving key: close time.busy=12.3µs time.idle=3.36µs
2025-11-02T10:33:56.277049Z DEBUG compress:prove:batch:commit: close time.busy=42.4s time.idle=5.04µs
2025-11-02T10:34:03.043984Z DEBUG compress:prove:batch:open:generate permutation traces: close time.busy=6.77s time.idle=5.48µs
2025-11-02T10:34:03.044038Z DEBUG compress:prove:batch:open: BatchFRI        | Main Cols = 13    | Pre Cols = 6      | Perm Cols = 12    | Rows = 2097152 | Cells = 65011712  
2025-11-02T10:34:03.044051Z DEBUG compress:prove:batch:open: MemoryVar       | Main Cols = 8     | Pre Cols = 4      | Perm Cols = 8     | Rows = 1048576 | Cells = 20971520  
2025-11-02T10:34:03.044060Z DEBUG compress:prove:batch:open: Select          | Main Cols = 5     | Pre Cols = 8      | Perm Cols = 16    | Rows = 1048576 | Cells = 30408704  
2025-11-02T10:34:03.044069Z DEBUG compress:prove:batch:open: ExtAlu          | Main Cols = 48    | Pre Cols = 32     | Perm Cols = 28    | Rows = 524288 | Cells = 56623104  
2025-11-02T10:34:03.044077Z DEBUG compress:prove:batch:open: ExpReverseBitsLen | Main Cols = 7     | Pre Cols = 10     | Perm Cols = 12    | Rows = 262144 | Cells = 7602176   
2025-11-02T10:34:03.044086Z DEBUG compress:prove:batch:open: MemoryConst     | Main Cols = 1     | Pre Cols = 12     | Perm Cols = 8     | Rows = 262144 | Cells = 5505024   
2025-11-02T10:34:03.044096Z DEBUG compress:prove:batch:open: Poseidon2WideDeg3 | Main Cols = 313   | Pre Cols = 49     | Perm Cols = 68    | Rows = 262144 | Cells = 112721920 
2025-11-02T10:34:03.044104Z DEBUG compress:prove:batch:open: BaseAlu         | Main Cols = 12    | Pre Cols = 32     | Perm Cols = 28    | Rows = 65536 | Cells = 4718592   
2025-11-02T10:34:03.044113Z DEBUG compress:prove:batch:open: PublicValues    | Main Cols = 1     | Pre Cols = 10     | Perm Cols = 8     | Rows = 16    | Cells = 304       
2025-11-02T10:34:06.089880Z DEBUG compress:prove:batch:open:flatten permutation traces and collect domains: close time.busy=3.05s time.idle=4.96µs
2025-11-02T10:34:25.873639Z DEBUG compress:prove:batch:commit: close time.busy=58.8s time.idle=9.61µs
2025-11-02T10:34:32.843014Z DEBUG compress:prove:batch:open:generate permutation traces: close time.busy=6.97s time.idle=17.6µs
2025-11-02T10:34:32.843067Z DEBUG compress:prove:batch:open: BatchFRI        | Main Cols = 13    | Pre Cols = 6      | Perm Cols = 12    | Rows = 2097152 | Cells = 65011712  
2025-11-02T10:34:32.843080Z DEBUG compress:prove:batch:open: MemoryVar       | Main Cols = 8     | Pre Cols = 4      | Perm Cols = 8     | Rows = 1048576 | Cells = 20971520  
2025-11-02T10:34:32.843089Z DEBUG compress:prove:batch:open: Select          | Main Cols = 5     | Pre Cols = 8      | Perm Cols = 16    | Rows = 1048576 | Cells = 30408704  
2025-11-02T10:34:32.843098Z DEBUG compress:prove:batch:open: ExtAlu          | Main Cols = 48    | Pre Cols = 32     | Perm Cols = 28    | Rows = 524288 | Cells = 56623104  
2025-11-02T10:34:32.843106Z DEBUG compress:prove:batch:open: ExpReverseBitsLen | Main Cols = 7     | Pre Cols = 10     | Perm Cols = 12    | Rows = 262144 | Cells = 7602176   
2025-11-02T10:34:32.843114Z DEBUG compress:prove:batch:open: MemoryConst     | Main Cols = 1     | Pre Cols = 12     | Perm Cols = 8     | Rows = 262144 | Cells = 5505024   
2025-11-02T10:34:32.843125Z DEBUG compress:prove:batch:open: Poseidon2WideDeg3 | Main Cols = 313   | Pre Cols = 49     | Perm Cols = 68    | Rows = 262144 | Cells = 112721920 
2025-11-02T10:34:32.843133Z DEBUG compress:prove:batch:open: BaseAlu         | Main Cols = 12    | Pre Cols = 32     | Perm Cols = 28    | Rows = 65536 | Cells = 4718592   
2025-11-02T10:34:32.843141Z DEBUG compress:prove:batch:open: PublicValues    | Main Cols = 1     | Pre Cols = 10     | Perm Cols = 8     | Rows = 16    | Cells = 304       
2025-11-02T10:34:34.123723Z DEBUG compress:prove:batch:open:flatten permutation traces and collect domains: close time.busy=1.28s time.idle=5.04µs
2025-11-02T10:34:50.093761Z DEBUG compress:prove:batch:open:commit to permutation traces: close time.busy=44.0s time.idle=6.65µs
2025-11-02T10:34:50.094422Z DEBUG compress:prove:batch:open:compute quotient values:compute quotient values for domain: close time.busy=245µs time.idle=5.26µs
2025-11-02T10:34:52.399297Z DEBUG compress:prove:batch:open:compute quotient values:compute quotient values for domain: close time.busy=2.31s time.idle=5.57µs
2025-11-02T10:34:52.410697Z DEBUG compress:prove:batch:open:compute quotient values:compute quotient values for domain: close time.busy=2.32s time.idle=5.98µs
2025-11-02T10:34:52.419117Z DEBUG compress:prove:batch:open:compute quotient values:compute quotient values for domain: close time.busy=2.32s time.idle=5.71µs
2025-11-02T10:35:18.640173Z DEBUG compress:prove:batch:open:compute quotient values:compute quotient values for domain: close time.busy=28.5s time.idle=7.35µs
2025-11-02T10:35:18.664676Z DEBUG compress:prove:batch:open:compute quotient values:compute quotient values for domain: close time.busy=28.6s time.idle=5.15µs
2025-11-02T10:35:18.675788Z DEBUG compress:prove:batch:open:compute quotient values:compute quotient values for domain: close time.busy=28.6s time.idle=4.99µs
2025-11-02T10:35:18.692315Z DEBUG compress:prove:batch:open:compute quotient values:compute quotient values for domain: close time.busy=28.6s time.idle=5.04µs
2025-11-02T10:35:19.099965Z DEBUG compress:prove:batch:open:compute quotient values:compute quotient values for domain: close time.busy=29.0s time.idle=8.46µs
2025-11-02T10:35:34.896462Z DEBUG compress:prove:batch:open:commit to permutation traces: close time.busy=60.8s time.idle=4.80µs
2025-11-02T10:35:34.897022Z DEBUG compress:prove:batch:open:compute quotient values:compute quotient values for domain: close time.busy=248µs time.idle=5.64µs
2025-11-02T10:35:37.464595Z DEBUG compress:prove:batch:open:compute quotient values:compute quotient values for domain: close time.busy=2.57s time.idle=5.19µs
2025-11-02T10:35:37.466580Z DEBUG compress:prove:batch:open:compute quotient values:compute quotient values for domain: close time.busy=2.57s time.idle=16.8µs
2025-11-02T10:35:37.477405Z DEBUG compress:prove:batch:open:compute quotient values:compute quotient values for domain: close time.busy=2.58s time.idle=3.92µs
2025-11-02T10:35:55.950630Z DEBUG compress:prove:batch:open:compute quotient values:compute quotient values for domain: close time.busy=21.1s time.idle=5.51µs
2025-11-02T10:35:55.967310Z DEBUG compress:prove:batch:open:compute quotient values:compute quotient values for domain: close time.busy=21.1s time.idle=4.69µs
2025-11-02T10:35:55.984032Z DEBUG compress:prove:batch:open:compute quotient values:compute quotient values for domain: close time.busy=21.1s time.idle=5.13µs
2025-11-02T10:35:56.023914Z DEBUG compress:prove:batch:open:compute quotient values:compute quotient values for domain: close time.busy=21.1s time.idle=5.15µs
2025-11-02T10:36:04.210488Z DEBUG compress:prove:batch:open:compute quotient values:compute quotient values for domain: close time.busy=29.3s time.idle=8.65µs
2025-11-02T10:36:13.097012Z DEBUG compress:prove:batch:open:commit to quotient traces: close time.busy=53.3s time.idle=7.95µs
2025-11-02T10:36:13.097119Z DEBUG compress:prove:batch:open:compute preprocessed opening points: close time.busy=7.24µs time.idle=5.25µs
2025-11-02T10:36:13.097167Z DEBUG compress:prove:batch:open:compute main trace opening points: close time.busy=22.5µs time.idle=3.54µs
2025-11-02T10:36:13.097204Z DEBUG compress:prove:batch:open:compute permutation trace opening points: close time.busy=15.9µs time.idle=3.45µs
2025-11-02T10:36:24.023601Z DEBUG compress:prove:batch:open:commit to quotient traces: close time.busy=19.3s time.idle=8.61µs
2025-11-02T10:36:24.023707Z DEBUG compress:prove:batch:open:compute preprocessed opening points: close time.busy=5.86µs time.idle=4.69µs
2025-11-02T10:36:24.024450Z DEBUG compress:prove:batch:open:compute main trace opening points: close time.busy=725µs time.idle=3.50µs
2025-11-02T10:36:24.024494Z DEBUG compress:prove:batch:open:compute permutation trace opening points: close time.busy=5.62µs time.idle=3.70µs
2025-11-02T10:36:47.751579Z DEBUG compress:prove:batch:open:open multi batches: close time.busy=34.7s time.idle=9.70µs
2025-11-02T10:36:47.969242Z DEBUG compress:prove:batch:open:compute quotient values: close time.busy=29.0s time.idle=88.9s
2025-11-02T10:36:48.472691Z DEBUG compress:prove:batch:open: close time.busy=172s time.idle=5.09µs
2025-11-02T10:36:49.181731Z DEBUG compress:prove:batch: close time.busy=231s time.idle=6.69µs
2025-11-02T10:36:52.530637Z DEBUG compress:prove:batch:open:open multi batches: close time.busy=28.5s time.idle=5.61µs
2025-11-02T10:36:52.586435Z DEBUG compress:prove:batch:open:compute quotient values: close time.busy=29.3s time.idle=48.4s
2025-11-02T10:36:53.054248Z DEBUG compress:prove:batch:open: close time.busy=147s time.idle=6.14µs
2025-11-02T10:36:53.078746Z DEBUG compress:generate records and traces:get program and witness stream: close time.busy=18.0ms time.idle=11.4µs
2025-11-02T10:36:53.202911Z DEBUG compress:prove:batch: close time.busy=234s time.idle=27.3µs
2025-11-02T10:36:53.681113Z DEBUG compress:generate records and traces:execute runtime: close time.busy=602ms time.idle=6.71µs
2025-11-02T10:36:53.681211Z DEBUG compress:generate records and traces:generate dependencies:register nonces: close time.busy=1.20µs time.idle=3.18µs
2025-11-02T10:36:53.681227Z DEBUG compress:generate records and traces:generate dependencies: close time.busy=52.4µs time.idle=3.96µs
2025-11-02T10:36:53.681545Z DEBUG fixed log2 rows can be potentially reduced: got 510704, expected 1048576
2025-11-02T10:36:53.681624Z DEBUG compress:generate records and traces:generate traces:generate traces for shard: generated trace for chip PublicValues in 11.64µs
2025-11-02T10:36:53.681843Z DEBUG compress:generate records and traces:generate traces:generate traces for shard: generated trace for chip MemoryConst in 420.113µs
2025-11-02T10:36:53.682643Z DEBUG compress:generate records and traces:generate traces:generate traces for shard: generated trace for chip BaseAlu in 1.157965ms
2025-11-02T10:36:53.686712Z DEBUG fixed log2 rows can be potentially reduced: got 367020, expected 1048576
2025-11-02T10:36:53.694265Z DEBUG generate batch fri trace: fixed log2 rows can be potentially reduced: got 213200, expected 2097152 rows=213200
2025-11-02T10:36:53.704939Z DEBUG compress:generate records and traces:generate traces:generate traces for shard: generated trace for chip Select in 23.396917ms
2025-11-02T10:36:53.739634Z DEBUG generate exp reverse bits len trace: close time.busy=58.0ms time.idle=4.79µs rows=9200
2025-11-02T10:36:53.739690Z DEBUG compress:generate records and traces:generate traces:generate traces for shard: generated trace for chip ExpReverseBitsLen in 58.117762ms
2025-11-02T10:36:53.792618Z DEBUG compress:generate records and traces:generate traces:generate traces for shard: generated trace for chip MemoryVar in 111.000243ms
2025-11-02T10:36:53.831048Z DEBUG compress:generate records and traces:generate traces:generate traces for shard: generated trace for chip ExtAlu in 149.527767ms
2025-11-02T10:36:53.989917Z DEBUG generate batch fri trace: close time.busy=308ms time.idle=6.12µs rows=213200
2025-11-02T10:36:53.989977Z DEBUG compress:generate records and traces:generate traces:generate traces for shard: generated trace for chip BatchFRI in 308.384924ms
2025-11-02T10:36:54.124181Z DEBUG generate poseidon2 wide trace: close time.busy=443ms time.idle=6.01µs rows=95402
2025-11-02T10:36:54.124233Z DEBUG compress:generate records and traces:generate traces:generate traces for shard: generated trace for chip Poseidon2WideDeg3 in 442.648053ms
2025-11-02T10:36:54.124293Z DEBUG compress:generate records and traces:generate traces:generate traces for shard: close time.busy=443ms time.idle=3.75µs
2025-11-02T10:36:54.124321Z DEBUG compress:generate records and traces:generate traces: close time.busy=443ms time.idle=3.49µs
2025-11-02T10:36:54.140876Z DEBUG compress:prove:batch:Setup compress program:setup machine:generate preprocessed traces: generated preprocessed trace for chip PublicValues in 14.973208ms
2025-11-02T10:36:54.145680Z DEBUG compress:prove:batch:Setup compress program:setup machine:generate preprocessed traces: generated preprocessed trace for chip BaseAlu in 19.923672ms
2025-11-02T10:36:54.149621Z DEBUG fixed log2 rows can be potentially reduced: got 213200, expected 2097152
2025-11-02T10:36:54.149807Z DEBUG compress:prove:batch:Setup compress program:setup machine:generate preprocessed traces: generated preprocessed trace for chip ExpReverseBitsLen in 23.906749ms
2025-11-02T10:36:54.177519Z DEBUG compress:prove:batch:Setup compress program:setup machine:generate preprocessed traces: generated preprocessed trace for chip MemoryVar in 51.676023ms
2025-11-02T10:36:54.184322Z DEBUG compress:prove:batch:Setup compress program:setup machine:generate preprocessed traces: generated preprocessed trace for chip MemoryConst in 58.645256ms
2025-11-02T10:36:54.186871Z DEBUG compress:prove:batch:Setup compress program:setup machine:generate preprocessed traces: generated preprocessed trace for chip Select in 61.092209ms
2025-11-02T10:36:54.208440Z DEBUG compress:prove:batch:Setup compress program:setup machine:generate preprocessed traces: generated preprocessed trace for chip Poseidon2WideDeg3 in 82.718805ms
2025-11-02T10:36:54.227211Z DEBUG compress:prove:batch:Setup compress program:setup machine:generate preprocessed traces: generated preprocessed trace for chip ExtAlu in 101.401018ms
2025-11-02T10:36:54.283590Z DEBUG compress:prove:batch:Setup compress program:setup machine:generate preprocessed traces: generated preprocessed trace for chip BatchFRI in 157.717979ms
2025-11-02T10:37:07.990796Z DEBUG compress:prove:batch:Setup compress program:setup machine:commit to preprocessed traces: close time.busy=13.4s time.idle=7.57µs
2025-11-02T10:37:07.991209Z DEBUG compress:prove:batch:Setup compress program:setup machine:generate preprocessed traces: close time.busy=159ms time.idle=13.7s
2025-11-02T10:37:07.991233Z DEBUG compress:prove:batch:Setup compress program:setup machine: close time.busy=13.9s time.idle=8.59µs
2025-11-02T10:37:07.991250Z DEBUG compress:prove:batch:Setup compress program: close time.busy=13.9s time.idle=3.55µs
2025-11-02T10:37:07.991288Z DEBUG compress:prove:batch:observe proving key: close time.busy=15.6µs time.idle=3.92µs
2025-11-02T10:37:34.055814Z DEBUG compress:prove:batch:commit: close time.busy=26.1s time.idle=5.36µs
2025-11-02T10:37:40.901134Z DEBUG compress:prove:batch:open:generate permutation traces: close time.busy=6.85s time.idle=18.4µs
2025-11-02T10:37:40.901188Z DEBUG compress:prove:batch:open: BatchFRI        | Main Cols = 13    | Pre Cols = 6      | Perm Cols = 12    | Rows = 2097152 | Cells = 65011712  
2025-11-02T10:37:40.901200Z DEBUG compress:prove:batch:open: MemoryVar       | Main Cols = 8     | Pre Cols = 4      | Perm Cols = 8     | Rows = 1048576 | Cells = 20971520  
2025-11-02T10:37:40.901209Z DEBUG compress:prove:batch:open: Select          | Main Cols = 5     | Pre Cols = 8      | Perm Cols = 16    | Rows = 1048576 | Cells = 30408704  
2025-11-02T10:37:40.901218Z DEBUG compress:prove:batch:open: ExtAlu          | Main Cols = 48    | Pre Cols = 32     | Perm Cols = 28    | Rows = 524288 | Cells = 56623104  
2025-11-02T10:37:40.901226Z DEBUG compress:prove:batch:open: ExpReverseBitsLen | Main Cols = 7     | Pre Cols = 10     | Perm Cols = 12    | Rows = 262144 | Cells = 7602176   
2025-11-02T10:37:40.901235Z DEBUG compress:prove:batch:open: MemoryConst     | Main Cols = 1     | Pre Cols = 12     | Perm Cols = 8     | Rows = 262144 | Cells = 5505024   
2025-11-02T10:37:40.901245Z DEBUG compress:prove:batch:open: Poseidon2WideDeg3 | Main Cols = 313   | Pre Cols = 49     | Perm Cols = 68    | Rows = 262144 | Cells = 112721920 
2025-11-02T10:37:40.901253Z DEBUG compress:prove:batch:open: BaseAlu         | Main Cols = 12    | Pre Cols = 32     | Perm Cols = 28    | Rows = 65536 | Cells = 4718592   
2025-11-02T10:37:40.901261Z DEBUG compress:prove:batch:open: PublicValues    | Main Cols = 1     | Pre Cols = 10     | Perm Cols = 8     | Rows = 16    | Cells = 304       
2025-11-02T10:37:41.975914Z DEBUG compress:prove:batch:open:flatten permutation traces and collect domains: close time.busy=1.07s time.idle=5.81µs
2025-11-02T10:37:58.865032Z DEBUG compress:prove:batch:open:commit to permutation traces: close time.busy=16.9s time.idle=9.91µs
2025-11-02T10:37:58.867399Z DEBUG compress:prove:batch:open:compute quotient values:compute quotient values for domain: close time.busy=1.94ms time.idle=17.2µs
2025-11-02T10:38:00.677961Z DEBUG compress:prove:batch:open:compute quotient values:compute quotient values for domain: close time.busy=1.81s time.idle=6.59µs
2025-11-02T10:38:00.693843Z DEBUG compress:prove:batch:open:compute quotient values:compute quotient values for domain: close time.busy=1.83s time.idle=6.87µs
2025-11-02T10:38:00.931738Z DEBUG compress:prove:batch:open:compute quotient values:compute quotient values for domain: close time.busy=2.07s time.idle=26.9µs
2025-11-02T10:38:20.259413Z DEBUG compress:prove:batch:open:compute quotient values:compute quotient values for domain: close time.busy=21.4s time.idle=7.16µs
2025-11-02T10:38:20.288129Z DEBUG compress:prove:batch:open:compute quotient values:compute quotient values for domain: close time.busy=21.4s time.idle=720µs
2025-11-02T10:38:20.329581Z DEBUG compress:prove:batch:open:compute quotient values:compute quotient values for domain: close time.busy=21.5s time.idle=5.57µs
2025-11-02T10:38:20.414188Z DEBUG compress:prove:batch:open:compute quotient values:compute quotient values for domain: close time.busy=21.5s time.idle=22.3µs
2025-11-02T10:38:27.193264Z DEBUG compress:prove:batch:open:compute quotient values:compute quotient values for domain: close time.busy=28.3s time.idle=6.84µs
2025-11-02T10:38:37.670955Z DEBUG compress:prove:batch:open:commit to quotient traces: close time.busy=9.98s time.idle=18.4µs
2025-11-02T10:38:37.671047Z DEBUG compress:prove:batch:open:compute preprocessed opening points: close time.busy=14.2µs time.idle=3.51µs
2025-11-02T10:38:37.671068Z DEBUG compress:prove:batch:open:compute main trace opening points: close time.busy=5.52µs time.idle=2.24µs
2025-11-02T10:38:37.671087Z DEBUG compress:prove:batch:open:compute permutation trace opening points: close time.busy=4.38µs time.idle=2.21µs
2025-11-02T10:38:55.179453Z DEBUG compress:prove:batch:open:open multi batches: close time.busy=17.5s time.idle=9.22µs
2025-11-02T10:38:55.235057Z DEBUG compress:prove:batch:open:compute quotient values: close time.busy=28.3s time.idle=28.0s
2025-11-02T10:38:55.721643Z DEBUG compress:prove:batch:open: close time.busy=81.7s time.idle=6.09µs
2025-11-02T10:38:55.755311Z DEBUG compress:generate next layer inputs: close time.busy=809s time.idle=217µs
2025-11-02T10:38:55.799235Z DEBUG compress:generate records and traces:get program and witness stream: close time.busy=45.1ms time.idle=20.2µs
2025-11-02T10:38:55.891993Z DEBUG compress:prove:batch: close time.busy=122s time.idle=7.95µs
2025-11-02T10:38:56.430400Z DEBUG compress:generate records and traces:execute runtime: close time.busy=631ms time.idle=8.52µs
2025-11-02T10:38:56.430555Z DEBUG compress:generate records and traces:generate dependencies:register nonces: close time.busy=1.77µs time.idle=4.63µs
2025-11-02T10:38:56.430577Z DEBUG compress:generate records and traces:generate dependencies: close time.busy=100µs time.idle=5.91µs
2025-11-02T10:38:56.431004Z DEBUG fixed log2 rows can be potentially reduced: got 471504, expected 1048576
2025-11-02T10:38:56.431034Z DEBUG compress:generate records and traces:generate traces:generate traces for shard: generated trace for chip PublicValues in 14.559µs
2025-11-02T10:38:56.431250Z DEBUG compress:generate records and traces:generate traces:generate traces for shard: generated trace for chip MemoryConst in 512.365µs
2025-11-02T10:38:56.432801Z DEBUG compress:generate records and traces:generate traces:generate traces for shard: generated trace for chip BaseAlu in 1.946747ms
2025-11-02T10:38:56.435538Z DEBUG generate batch fri trace: fixed log2 rows can be potentially reduced: got 213200, expected 2097152 rows=213200
2025-11-02T10:38:56.438455Z DEBUG compress:generate records and traces:generate traces:generate traces for shard: generated trace for chip Select in 7.453299ms
2025-11-02T10:38:56.441245Z DEBUG fixed log2 rows can be potentially reduced: got 346512, expected 1048576
2025-11-02T10:38:56.477416Z DEBUG generate exp reverse bits len trace: close time.busy=46.4ms time.idle=5.85µs rows=9200
2025-11-02T10:38:56.477478Z DEBUG compress:generate records and traces:generate traces:generate traces for shard: generated trace for chip ExpReverseBitsLen in 46.478273ms
2025-11-02T10:38:56.531803Z DEBUG compress:generate records and traces:generate traces:generate traces for shard: generated trace for chip MemoryVar in 100.837882ms
2025-11-02T10:38:56.567873Z DEBUG compress:generate records and traces:generate traces:generate traces for shard: generated trace for chip ExtAlu in 136.954965ms
2025-11-02T10:38:56.769410Z DEBUG generate batch fri trace: close time.busy=338ms time.idle=5.43µs rows=213200
2025-11-02T10:38:56.769473Z DEBUG compress:generate records and traces:generate traces:generate traces for shard: generated trace for chip BatchFRI in 338.456013ms
2025-11-02T10:38:56.883241Z DEBUG generate poseidon2 wide trace: close time.busy=452ms time.idle=6.85µs rows=90000
2025-11-02T10:38:56.883290Z DEBUG compress:generate records and traces:generate traces:generate traces for shard: generated trace for chip Poseidon2WideDeg3 in 452.485385ms
2025-11-02T10:38:56.883376Z DEBUG compress:generate records and traces:generate traces:generate traces for shard: close time.busy=453ms time.idle=4.85µs
2025-11-02T10:38:56.883421Z DEBUG compress:generate records and traces:generate traces: close time.busy=453ms time.idle=3.73µs
2025-11-02T10:38:56.883456Z DEBUG compress:generate records and traces: close time.busy=810s time.idle=318µs
2025-11-02T10:38:56.883791Z DEBUG compress:prove: close time.busy=810s time.idle=214µs
2025-11-02T10:38:56.901171Z DEBUG compress:prove:batch:Setup compress program:setup machine:generate preprocessed traces: generated preprocessed trace for chip PublicValues in 17.003466ms
2025-11-02T10:38:56.904379Z DEBUG compress:prove:batch:Setup compress program:setup machine:generate preprocessed traces: generated preprocessed trace for chip BaseAlu in 20.252ms
2025-11-02T10:38:56.911517Z DEBUG fixed log2 rows can be potentially reduced: got 213200, expected 2097152
2025-11-02T10:38:56.912674Z DEBUG compress:prove:batch:Setup compress program:setup machine:generate preprocessed traces: generated preprocessed trace for chip ExpReverseBitsLen in 28.508354ms
2025-11-02T10:38:56.919935Z DEBUG compress:prove:batch:Setup compress program:setup machine:generate preprocessed traces: generated preprocessed trace for chip MemoryConst in 35.908917ms
2025-11-02T10:38:56.931104Z DEBUG compress:prove:batch:Setup compress program:setup machine:generate preprocessed traces: generated preprocessed trace for chip Select in 46.936711ms
2025-11-02T10:38:56.946890Z DEBUG compress:prove:batch:Setup compress program:setup machine:generate preprocessed traces: generated preprocessed trace for chip MemoryVar in 62.816309ms
2025-11-02T10:38:56.986889Z DEBUG compress:prove:batch:Setup compress program:setup machine:generate preprocessed traces: generated preprocessed trace for chip Poseidon2WideDeg3 in 102.783294ms
2025-11-02T10:38:57.003117Z DEBUG compress:prove:batch:Setup compress program:setup machine:generate preprocessed traces: generated preprocessed trace for chip ExtAlu in 118.977176ms
2025-11-02T10:38:57.055660Z DEBUG compress:prove:batch:Setup compress program:setup machine:generate preprocessed traces: generated preprocessed trace for chip BatchFRI in 171.540045ms
2025-11-02T10:39:10.054178Z DEBUG compress:prove:batch:Setup compress program:setup machine:commit to preprocessed traces: close time.busy=12.6s time.idle=23.3µs
2025-11-02T10:39:10.054259Z DEBUG compress:prove:batch:Setup compress program:setup machine:generate preprocessed traces: close time.busy=173ms time.idle=13.0s
2025-11-02T10:39:10.054275Z DEBUG compress:prove:batch:Setup compress program:setup machine: close time.busy=13.2s time.idle=10.5µs
2025-11-02T10:39:10.054294Z DEBUG compress:prove:batch:Setup compress program: close time.busy=13.2s time.idle=9.45µs
2025-11-02T10:39:10.054322Z DEBUG compress:prove:batch:observe proving key: close time.busy=10.3µs time.idle=2.85µs
2025-11-02T10:39:36.058533Z DEBUG compress:prove:batch:commit: close time.busy=26.0s time.idle=4.82µs
2025-11-02T10:39:42.566262Z DEBUG compress:prove:batch:open:generate permutation traces: close time.busy=6.51s time.idle=6.23µs
2025-11-02T10:39:42.566321Z DEBUG compress:prove:batch:open: BatchFRI        | Main Cols = 13    | Pre Cols = 6      | Perm Cols = 12    | Rows = 2097152 | Cells = 65011712  
2025-11-02T10:39:42.566334Z DEBUG compress:prove:batch:open: MemoryVar       | Main Cols = 8     | Pre Cols = 4      | Perm Cols = 8     | Rows = 1048576 | Cells = 20971520  
2025-11-02T10:39:42.566361Z DEBUG compress:prove:batch:open: Select          | Main Cols = 5     | Pre Cols = 8      | Perm Cols = 16    | Rows = 1048576 | Cells = 30408704  
2025-11-02T10:39:42.566372Z DEBUG compress:prove:batch:open: ExtAlu          | Main Cols = 48    | Pre Cols = 32     | Perm Cols = 28    | Rows = 524288 | Cells = 56623104  
2025-11-02T10:39:42.566381Z DEBUG compress:prove:batch:open: ExpReverseBitsLen | Main Cols = 7     | Pre Cols = 10     | Perm Cols = 12    | Rows = 262144 | Cells = 7602176   
2025-11-02T10:39:42.566390Z DEBUG compress:prove:batch:open: MemoryConst     | Main Cols = 1     | Pre Cols = 12     | Perm Cols = 8     | Rows = 262144 | Cells = 5505024   
2025-11-02T10:39:42.566400Z DEBUG compress:prove:batch:open: Poseidon2WideDeg3 | Main Cols = 313   | Pre Cols = 49     | Perm Cols = 68    | Rows = 262144 | Cells = 112721920 
2025-11-02T10:39:42.566408Z DEBUG compress:prove:batch:open: BaseAlu         | Main Cols = 12    | Pre Cols = 32     | Perm Cols = 28    | Rows = 65536 | Cells = 4718592   
2025-11-02T10:39:42.566417Z DEBUG compress:prove:batch:open: PublicValues    | Main Cols = 1     | Pre Cols = 10     | Perm Cols = 8     | Rows = 16    | Cells = 304       
2025-11-02T10:39:43.706750Z DEBUG compress:prove:batch:open:flatten permutation traces and collect domains: close time.busy=1.14s time.idle=6.07µs
2025-11-02T10:40:00.685728Z DEBUG compress:prove:batch:open:commit to permutation traces: close time.busy=17.0s time.idle=6.71µs
2025-11-02T10:40:00.686247Z DEBUG compress:prove:batch:open:compute quotient values:compute quotient values for domain: close time.busy=204µs time.idle=12.8µs
2025-11-02T10:40:02.780293Z DEBUG compress:prove:batch:open:compute quotient values:compute quotient values for domain: close time.busy=2.09s time.idle=27.9µs
2025-11-02T10:40:02.793568Z DEBUG compress:prove:batch:open:compute quotient values:compute quotient values for domain: close time.busy=2.11s time.idle=11.4µs
2025-11-02T10:40:02.811206Z DEBUG compress:prove:batch:open:compute quotient values:compute quotient values for domain: close time.busy=2.13s time.idle=9.87µs
2025-11-02T10:40:22.373305Z DEBUG compress:prove:batch:open:compute quotient values:compute quotient values for domain: close time.busy=21.7s time.idle=6.11µs
2025-11-02T10:40:22.385202Z DEBUG compress:prove:batch:open:compute quotient values:compute quotient values for domain: close time.busy=21.7s time.idle=12.4µs
2025-11-02T10:40:22.425334Z DEBUG compress:prove:batch:open:compute quotient values:compute quotient values for domain: close time.busy=21.7s time.idle=20.8µs
2025-11-02T10:40:22.509660Z DEBUG compress:prove:batch:open:compute quotient values:compute quotient values for domain: close time.busy=21.8s time.idle=7.50µs
2025-11-02T10:40:29.123221Z DEBUG compress:prove:batch:open:compute quotient values:compute quotient values for domain: close time.busy=28.4s time.idle=13.8µs
2025-11-02T10:40:39.814009Z DEBUG compress:prove:batch:open:commit to quotient traces: close time.busy=9.99s time.idle=5.75µs
2025-11-02T10:40:39.814085Z DEBUG compress:prove:batch:open:compute preprocessed opening points: close time.busy=4.80µs time.idle=3.24µs
2025-11-02T10:40:39.814106Z DEBUG compress:prove:batch:open:compute main trace opening points: close time.busy=5.89µs time.idle=2.19µs
2025-11-02T10:40:39.814122Z DEBUG compress:prove:batch:open:compute permutation trace opening points: close time.busy=2.81µs time.idle=2.12µs
2025-11-02T10:40:57.341033Z DEBUG compress:prove:batch:open:open multi batches: close time.busy=17.5s time.idle=3.95µs
2025-11-02T10:40:57.396904Z DEBUG compress:prove:batch:open:compute quotient values: close time.busy=28.4s time.idle=28.3s
2025-11-02T10:40:57.870754Z DEBUG compress:prove:batch:open: close time.busy=81.8s time.idle=5.67µs
2025-11-02T10:40:58.004383Z DEBUG compress:prove:batch: close time.busy=121s time.idle=44.5µs
2025-11-02T10:40:58.007602Z DEBUG compress:prove: close time.busy=932s time.idle=186µs
2025-11-02T10:40:58.099981Z DEBUG compress: joined handles
2025-11-02T10:40:58.100377Z  INFO compress: close time.busy=932s time.idle=65.0ms
2025-11-02T10:40:58.217084Z DEBUG shrink:build shrink program:assert lookup multiplicities: close time.busy=7.11µs time.idle=16.0µs
2025-11-02T10:40:58.331913Z DEBUG shrink:build shrink program:2adic pcs:verify shape and challenges: close time.busy=93.0ms time.idle=5.35µs
2025-11-02T10:40:58.603272Z DEBUG shrink:build shrink program:2adic pcs:verify challenges: close time.busy=156ms time.idle=6.20µs
2025-11-02T10:40:58.603497Z DEBUG shrink:build shrink program:2adic pcs: close time.busy=384ms time.idle=3.53µs
2025-11-02T10:40:58.605440Z DEBUG shrink:build shrink program:verify constraints: close time.busy=1.91ms time.idle=3.83µs
2025-11-02T10:40:58.631199Z DEBUG shrink:build shrink program: close time.busy=514ms time.idle=4.36µs
2025-11-02T10:40:58.873204Z DEBUG shrink:compile shrink program:compile raw program: close time.busy=242ms time.idle=4.40µs
2025-11-02T10:40:58.900917Z DEBUG shrink:compile shrink program:backfill mult: close time.busy=27.6ms time.idle=5.20µs
2025-11-02T10:40:58.901033Z DEBUG shrink:compile shrink program:prepend constants: close time.busy=44.4µs time.idle=3.50µs
2025-11-02T10:40:58.901050Z DEBUG shrink:compile shrink program: close time.busy=270ms time.idle=3.10µs
2025-11-02T10:40:58.992761Z DEBUG shrink: total events: 1168792
2025-11-02T10:40:58.992819Z DEBUG shrink:   base_alu_events: 112498
2025-11-02T10:40:58.992829Z DEBUG shrink:   batch_fri_events: 106600
2025-11-02T10:40:58.992836Z DEBUG shrink:   commit_pv_hash_events: 1
2025-11-02T10:40:58.992843Z DEBUG shrink:   exp_reverse_bits_len_events: 4600
2025-11-02T10:40:58.992849Z DEBUG shrink:   ext_alu_events: 133236
2025-11-02T10:40:58.992857Z DEBUG shrink:   fri_fold_events: 0
2025-11-02T10:40:58.992864Z DEBUG shrink:   mem_const_count: 141766
2025-11-02T10:40:58.992871Z DEBUG shrink:   mem_var_events: 367024
2025-11-02T10:40:58.992878Z DEBUG shrink:   poseidon2_events: 47715
2025-11-02T10:40:58.992885Z DEBUG shrink:   select_events: 255352
2025-11-02T10:40:58.992893Z DEBUG shrink: Shrink program executed successfully
2025-11-02T10:40:59.003409Z DEBUG shrink:setup shrink:setup machine:generate preprocessed traces: generated preprocessed trace for chip PublicValues in 10.067809ms
2025-11-02T10:40:59.005191Z DEBUG shrink:setup shrink:setup machine:generate preprocessed traces: generated preprocessed trace for chip MemoryConst in 12.106513ms
2025-11-02T10:40:59.007116Z DEBUG shrink:setup shrink:setup machine:generate preprocessed traces: generated preprocessed trace for chip Select in 13.780179ms
2025-11-02T10:40:59.009372Z DEBUG shrink:setup shrink:setup machine:generate preprocessed traces: generated preprocessed trace for chip BaseAlu in 16.108083ms
2025-11-02T10:40:59.012014Z DEBUG shrink:setup shrink:setup machine:generate preprocessed traces: generated preprocessed trace for chip BatchFRI in 18.818865ms
2025-11-02T10:40:59.014255Z DEBUG shrink:setup shrink:setup machine:generate preprocessed traces: generated preprocessed trace for chip ExpReverseBitsLen in 20.91511ms
2025-11-02T10:40:59.015569Z DEBUG shrink:setup shrink:setup machine:generate preprocessed traces: generated preprocessed trace for chip Poseidon2WideDeg3 in 22.440787ms
2025-11-02T10:40:59.015654Z DEBUG shrink:setup shrink:setup machine:generate preprocessed traces: generated preprocessed trace for chip ExtAlu in 22.34857ms
2025-11-02T10:40:59.028317Z DEBUG shrink:setup shrink:setup machine:generate preprocessed traces: generated preprocessed trace for chip MemoryVar in 35.086847ms
2025-11-02T10:41:05.380427Z DEBUG shrink:setup shrink:setup machine:commit to preprocessed traces: close time.busy=6.26s time.idle=6.33µs
2025-11-02T10:41:05.380485Z DEBUG shrink:setup shrink:setup machine:generate preprocessed traces: close time.busy=35.5ms time.idle=6.35s
2025-11-02T10:41:05.380498Z DEBUG shrink:setup shrink:setup machine: close time.busy=6.39s time.idle=2.47µs
2025-11-02T10:41:05.380510Z DEBUG shrink:setup shrink: close time.busy=6.39s time.idle=3.71µs
2025-11-02T10:41:05.380554Z DEBUG shrink:register nonces: close time.busy=13.7µs time.idle=3.60µs
2025-11-02T10:41:05.380834Z DEBUG shrink:prove_shards:generate traces for shard: generated trace for chip MemoryConst in 193.019µs
2025-11-02T10:41:05.380838Z DEBUG shrink:prove_shards:generate traces for shard: generated trace for chip PublicValues in 9.732µs
2025-11-02T10:41:05.383536Z DEBUG shrink:prove_shards:generate traces for shard: generated trace for chip BaseAlu in 2.785176ms
2025-11-02T10:41:05.387910Z DEBUG shrink:prove_shards:generate traces for shard: generated trace for chip Select in 7.101903ms
2025-11-02T10:41:05.395792Z DEBUG shrink:prove_shards:generate traces for shard: generated trace for chip ExtAlu in 14.93048ms
2025-11-02T10:41:05.400848Z DEBUG generate exp reverse bits len trace: close time.busy=20.0ms time.idle=6.25µs rows=4600
2025-11-02T10:41:05.400896Z DEBUG shrink:prove_shards:generate traces for shard: generated trace for chip ExpReverseBitsLen in 20.067925ms
2025-11-02T10:41:05.402824Z DEBUG generate batch fri trace: close time.busy=22.0ms time.idle=4.27µs rows=106600
2025-11-02T10:41:05.402853Z DEBUG shrink:prove_shards:generate traces for shard: generated trace for chip BatchFRI in 22.006685ms
2025-11-02T10:41:05.667049Z DEBUG shrink:prove_shards:generate traces for shard: generated trace for chip MemoryVar in 286.262141ms
2025-11-02T10:41:05.736991Z DEBUG generate poseidon2 wide trace: close time.busy=356ms time.idle=6.95µs rows=47715
2025-11-02T10:41:05.737041Z DEBUG shrink:prove_shards:generate traces for shard: generated trace for chip Poseidon2WideDeg3 in 356.296568ms
2025-11-02T10:41:05.737244Z DEBUG shrink:prove_shards:generate traces for shard: close time.busy=357ms time.idle=4.07µs
2025-11-02T10:41:19.794721Z DEBUG shrink:prove_shards:generate permutation traces: close time.busy=1.97s time.idle=9.24µs
2025-11-02T10:41:19.794786Z DEBUG shrink:prove_shards: ExtAlu          | Main Cols = 48    | Pre Cols = 32     | Perm Cols = 28    | Rows = 262144 | Cells = 28311552  
2025-11-02T10:41:19.794799Z DEBUG shrink:prove_shards: MemoryVar       | Main Cols = 8     | Pre Cols = 4      | Perm Cols = 8     | Rows = 262144 | Cells = 5242880   
2025-11-02T10:41:19.794808Z DEBUG shrink:prove_shards: Select          | Main Cols = 5     | Pre Cols = 8      | Perm Cols = 16    | Rows = 262144 | Cells = 7602176   
2025-11-02T10:41:19.794816Z DEBUG shrink:prove_shards: BaseAlu         | Main Cols = 12    | Pre Cols = 32     | Perm Cols = 28    | Rows = 131072 | Cells = 9437184   
2025-11-02T10:41:19.794824Z DEBUG shrink:prove_shards: BatchFRI        | Main Cols = 13    | Pre Cols = 6      | Perm Cols = 12    | Rows = 131072 | Cells = 4063232   
2025-11-02T10:41:19.794832Z DEBUG shrink:prove_shards: ExpReverseBitsLen | Main Cols = 7     | Pre Cols = 10     | Perm Cols = 12    | Rows = 131072 | Cells = 3801088   
2025-11-02T10:41:19.794840Z DEBUG shrink:prove_shards: MemoryConst     | Main Cols = 1     | Pre Cols = 12     | Perm Cols = 8     | Rows = 131072 | Cells = 2752512   
2025-11-02T10:41:19.794849Z DEBUG shrink:prove_shards: Poseidon2WideDeg3 | Main Cols = 313   | Pre Cols = 49     | Perm Cols = 68    | Rows = 65536 | Cells = 28180480  
2025-11-02T10:41:19.794857Z DEBUG shrink:prove_shards: PublicValues    | Main Cols = 1     | Pre Cols = 10     | Perm Cols = 8     | Rows = 16    | Cells = 304       
2025-11-02T10:41:20.058949Z DEBUG shrink:prove_shards:flatten permutation traces and collect domains: close time.busy=264ms time.idle=5.96µs
2025-11-02T10:41:28.229310Z DEBUG shrink:prove_shards:commit to permutation traces: close time.busy=8.17s time.idle=15.1µs
2025-11-02T10:41:28.229947Z DEBUG shrink:prove_shards:compute quotient values:compute quotient values for domain: close time.busy=220µs time.idle=5.36µs
2025-11-02T10:41:37.011567Z DEBUG shrink:prove_shards:compute quotient values:compute quotient values for domain: close time.busy=8.78s time.idle=11.3µs
2025-11-02T10:41:37.080445Z DEBUG shrink:prove_shards:compute quotient values:compute quotient values for domain: close time.busy=8.85s time.idle=9.13µs
2025-11-02T10:41:37.086591Z DEBUG shrink:prove_shards:compute quotient values:compute quotient values for domain: close time.busy=8.86s time.idle=4.65µs
2025-11-02T10:41:37.087735Z DEBUG shrink:prove_shards:compute quotient values:compute quotient values for domain: close time.busy=8.86s time.idle=18.9µs
2025-11-02T10:41:37.089482Z DEBUG shrink:prove_shards:compute quotient values:compute quotient values for domain: close time.busy=8.86s time.idle=9.67µs
2025-11-02T10:41:37.091863Z DEBUG shrink:prove_shards:compute quotient values:compute quotient values for domain: close time.busy=8.86s time.idle=4.52µs
2025-11-02T10:41:37.098777Z DEBUG shrink:prove_shards:compute quotient values:compute quotient values for domain: close time.busy=8.87s time.idle=13.9µs
2025-11-02T10:41:37.141215Z DEBUG shrink:prove_shards:compute quotient values:compute quotient values for domain: close time.busy=8.91s time.idle=10.7µs
2025-11-02T10:41:41.086733Z DEBUG shrink:prove_shards:commit to quotient traces: close time.busy=3.89s time.idle=5.82µs
2025-11-02T10:41:41.086797Z DEBUG shrink:prove_shards:compute preprocessed opening points: close time.busy=6.54µs time.idle=3.11µs
2025-11-02T10:41:41.086841Z DEBUG shrink:prove_shards:compute main trace opening points: close time.busy=28.2µs time.idle=2.62µs
2025-11-02T10:41:41.086861Z DEBUG shrink:prove_shards:compute permutation trace opening points: close time.busy=5.63µs time.idle=2.12µs
2025-11-02T10:41:46.170161Z DEBUG shrink:prove_shards:open multi batches: close time.busy=5.08s time.idle=4.42µs
2025-11-02T10:41:46.213121Z DEBUG shrink:prove_shards:compute quotient values: close time.busy=8.91s time.idle=9.07s
2025-11-02T10:41:46.465682Z  INFO shrink:prove_shards: close time.busy=41.1s time.idle=11.4µs
2025-11-02T10:41:46.596713Z  INFO shrink: close time.busy=48.5s time.idle=6.06µs
2025-11-02T10:41:46.618297Z DEBUG wrap_bn254:build compress program:assert lookup multiplicities: close time.busy=8.78µs time.idle=7.42µs
2025-11-02T10:41:46.671463Z DEBUG wrap_bn254:build compress program:2adic pcs:verify shape and challenges: close time.busy=38.3ms time.idle=4.41µs
2025-11-02T10:41:46.785835Z DEBUG wrap_bn254:build compress program:2adic pcs:verify challenges: close time.busy=55.9ms time.idle=7.91µs
2025-11-02T10:41:46.785953Z DEBUG wrap_bn254:build compress program:2adic pcs: close time.busy=166ms time.idle=3.54µs
2025-11-02T10:41:46.787833Z DEBUG wrap_bn254:build compress program:verify constraints: close time.busy=1.86ms time.idle=4.58µs
2025-11-02T10:41:46.804825Z DEBUG wrap_bn254:build compress program: close time.busy=207ms time.idle=4.14µs
2025-11-02T10:41:46.921566Z DEBUG wrap_bn254:compile compress program:compile raw program: close time.busy=117ms time.idle=5.63µs
2025-11-02T10:41:46.948526Z DEBUG wrap_bn254:compile compress program:backfill mult: close time.busy=26.9ms time.idle=6.42µs
2025-11-02T10:41:46.948653Z DEBUG wrap_bn254:compile compress program:prepend constants: close time.busy=48.8µs time.idle=4.21µs
2025-11-02T10:41:46.948669Z DEBUG wrap_bn254:compile compress program: close time.busy=144ms time.idle=3.17µs
2025-11-02T10:41:47.163592Z DEBUG wrap_bn254: total events: 1016207
2025-11-02T10:41:47.163652Z DEBUG wrap_bn254:   base_alu_events: 423964
2025-11-02T10:41:47.163669Z DEBUG wrap_bn254:   batch_fri_events: 0
2025-11-02T10:41:47.163678Z DEBUG wrap_bn254:   commit_pv_hash_events: 1
2025-11-02T10:41:47.163688Z DEBUG wrap_bn254:   exp_reverse_bits_len_events: 0
2025-11-02T10:41:47.163699Z DEBUG wrap_bn254:   ext_alu_events: 232140
2025-11-02T10:41:47.163710Z DEBUG wrap_bn254:   fri_fold_events: 0
2025-11-02T10:41:47.163722Z DEBUG wrap_bn254:   mem_const_count: 65664
2025-11-02T10:41:47.163733Z DEBUG wrap_bn254:   mem_var_events: 165500
2025-11-02T10:41:47.163743Z DEBUG wrap_bn254:   poseidon2_events: 21186
2025-11-02T10:41:47.163755Z DEBUG wrap_bn254:   select_events: 107752
2025-11-02T10:41:47.163767Z DEBUG wrap_bn254: wrap program executed successfully
2025-11-02T10:41:47.173865Z DEBUG wrap_bn254:setup wrap:setup machine:generate preprocessed traces: generated preprocessed trace for chip MemoryConst in 9.727218ms
2025-11-02T10:41:47.174746Z DEBUG wrap_bn254:setup wrap:setup machine:generate preprocessed traces: generated preprocessed trace for chip PublicValues in 10.315386ms
2025-11-02T10:41:47.175687Z DEBUG wrap_bn254:setup wrap:setup machine:generate preprocessed traces: generated preprocessed trace for chip ExtAlu in 11.492572ms
2025-11-02T10:41:47.177910Z DEBUG wrap_bn254:setup wrap:setup machine:generate preprocessed traces: generated preprocessed trace for chip Select in 13.651445ms
2025-11-02T10:41:47.184080Z DEBUG wrap_bn254:setup wrap:setup machine:generate preprocessed traces: generated preprocessed trace for chip MemoryVar in 19.854899ms
2025-11-02T10:41:47.194249Z DEBUG wrap_bn254:setup wrap:setup machine:generate preprocessed traces: generated preprocessed trace for chip BaseAlu in 29.845343ms
2025-11-02T10:41:47.380718Z DEBUG wrap_bn254:setup wrap:setup machine:generate preprocessed traces: generated preprocessed trace for chip Poseidon2SkinnyDeg9 in 216.31256ms
2025-11-02T10:44:44.619737Z DEBUG wrap_bn254:setup wrap:setup machine:commit to preprocessed traces: close time.busy=177s time.idle=15.1µs
2025-11-02T10:44:44.620024Z DEBUG wrap_bn254:setup wrap:setup machine:generate preprocessed traces: close time.busy=218ms time.idle=177s
2025-11-02T10:44:44.620050Z DEBUG wrap_bn254:setup wrap:setup machine: close time.busy=177s time.idle=8.05µs
2025-11-02T10:44:44.620067Z DEBUG wrap_bn254:setup wrap: close time.busy=177s time.idle=10.1µs
2025-11-02T10:44:44.620225Z DEBUG wrap_bn254: wrap verifier key set
2025-11-02T10:44:44.620377Z DEBUG wrap_bn254:register nonces: close time.busy=1.83µs time.idle=3.74µs
2025-11-02T10:44:44.621832Z DEBUG wrap_bn254:prove_shards:generate traces for shard: generated trace for chip MemoryConst in 1.108764ms
2025-11-02T10:44:44.845600Z DEBUG wrap_bn254:prove_shards:generate traces for shard: generated trace for chip PublicValues in 498.5µs
2025-11-02T10:44:44.851727Z DEBUG wrap_bn254:prove_shards:generate traces for shard: generated trace for chip BaseAlu in 52.627527ms
2025-11-02T10:44:44.851879Z DEBUG wrap_bn254:prove_shards:generate traces for shard: generated trace for chip Select in 6.845295ms
2025-11-02T10:44:44.855926Z DEBUG wrap_bn254:prove_shards:generate traces for shard: generated trace for chip ExtAlu in 127.215738ms
2025-11-02T10:44:44.857246Z DEBUG wrap_bn254:prove_shards:generate traces for shard: generated trace for chip MemoryVar in 235.3791ms
2025-11-02T10:44:45.028656Z DEBUG generate poseidon2 skinny trace: close time.busy=184ms time.idle=14.7µs rows=21186
2025-11-02T10:44:45.028734Z DEBUG wrap_bn254:prove_shards:generate traces for shard: generated trace for chip Poseidon2SkinnyDeg9 in 183.656804ms
2025-11-02T10:44:45.029177Z DEBUG wrap_bn254:prove_shards:generate traces for shard: close time.busy=409ms time.idle=4.27µs
2025-11-02T10:46:53.066311Z DEBUG wrap_bn254:prove_shards:generate permutation traces: close time.busy=1.41s time.idle=7.33µs
2025-11-02T10:46:53.066497Z DEBUG wrap_bn254:prove_shards: Poseidon2SkinnyDeg9 | Main Cols = 28    | Pre Cols = 51     | Perm Cols = 12    | Rows = 262144 | Cells = 23855104  
2025-11-02T10:46:53.066512Z DEBUG wrap_bn254:prove_shards: BaseAlu         | Main Cols = 12    | Pre Cols = 32     | Perm Cols = 28    | Rows = 131072 | Cells = 9437184   
2025-11-02T10:46:53.066521Z DEBUG wrap_bn254:prove_shards: MemoryVar       | Main Cols = 8     | Pre Cols = 4      | Perm Cols = 8     | Rows = 131072 | Cells = 2621440   
2025-11-02T10:46:53.066529Z DEBUG wrap_bn254:prove_shards: Select          | Main Cols = 5     | Pre Cols = 8      | Perm Cols = 16    | Rows = 131072 | Cells = 3801088   
2025-11-02T10:46:53.066537Z DEBUG wrap_bn254:prove_shards: ExtAlu          | Main Cols = 48    | Pre Cols = 32     | Perm Cols = 28    | Rows = 65536 | Cells = 7077888   
2025-11-02T10:46:53.066545Z DEBUG wrap_bn254:prove_shards: MemoryConst     | Main Cols = 1     | Pre Cols = 12     | Perm Cols = 8     | Rows = 65536 | Cells = 1376256   
2025-11-02T10:46:53.066553Z DEBUG wrap_bn254:prove_shards: PublicValues    | Main Cols = 1     | Pre Cols = 10     | Perm Cols = 8     | Rows = 16    | Cells = 304       
2025-11-02T10:46:53.190200Z DEBUG wrap_bn254:prove_shards:flatten permutation traces and collect domains: close time.busy=124ms time.idle=6.37µs
2025-11-02T10:48:53.746606Z DEBUG wrap_bn254:prove_shards:commit to permutation traces: close time.busy=121s time.idle=24.9µs
2025-11-02T10:48:53.749661Z DEBUG wrap_bn254:prove_shards:compute quotient values:compute quotient values for domain: close time.busy=1.58ms time.idle=13.1µs
2025-11-02T10:48:56.102412Z DEBUG wrap_bn254:prove_shards:compute quotient values:compute quotient values for domain: close time.busy=2.35s time.idle=23.6µs
2025-11-02T10:48:56.148789Z DEBUG wrap_bn254:prove_shards:compute quotient values:compute quotient values for domain: close time.busy=2.40s time.idle=5.87µs
2025-11-02T10:48:56.153283Z DEBUG wrap_bn254:prove_shards:compute quotient values:compute quotient values for domain: close time.busy=2.41s time.idle=5.28µs
2025-11-02T10:48:56.168422Z DEBUG wrap_bn254:prove_shards:compute quotient values:compute quotient values for domain: close time.busy=2.42s time.idle=5.96µs
2025-11-02T10:48:56.351808Z DEBUG wrap_bn254:prove_shards:compute quotient values:compute quotient values for domain: close time.busy=2.60s time.idle=13.9µs
2025-11-02T10:49:11.630799Z DEBUG wrap_bn254:prove_shards:compute quotient values:compute quotient values for domain: close time.busy=17.9s time.idle=21.6µs
2025-11-02T10:51:03.003337Z DEBUG wrap_bn254:prove_shards:commit to quotient traces: close time.busy=111s time.idle=17.0µs
2025-11-02T10:51:03.003631Z DEBUG wrap_bn254:prove_shards:compute preprocessed opening points: close time.busy=15.9µs time.idle=3.97µs
2025-11-02T10:51:03.003686Z DEBUG wrap_bn254:prove_shards:compute main trace opening points: close time.busy=29.1µs time.idle=2.68µs
2025-11-02T10:51:03.003777Z DEBUG wrap_bn254:prove_shards:compute permutation trace opening points: close time.busy=76.4µs time.idle=2.45µs
2025-11-02T10:51:55.215886Z DEBUG wrap_bn254:prove_shards:open multi batches: close time.busy=52.2s time.idle=19.7µs
2025-11-02T10:51:55.397659Z DEBUG wrap_bn254:prove_shards:compute quotient values: close time.busy=17.9s time.idle=164s
2025-11-02T10:51:55.764117Z  INFO wrap_bn254:prove_shards: close time.busy=431s time.idle=16.5µs
2025-11-02T10:51:55.764193Z DEBUG wrap_bn254: wrap proving time: 431.143887053s
2025-11-02T10:51:56.016826Z DEBUG wrap_bn254:verify:verify shard proofs:verifying shard: close time.busy=252ms time.idle=3.83µs shard=0
2025-11-02T10:51:56.016879Z DEBUG wrap_bn254:verify:verify shard proofs: close time.busy=252ms time.idle=4.28µs
2025-11-02T10:51:56.016939Z DEBUG wrap_bn254:verify:verify global cumulative sum is 0: close time.busy=37.3µs time.idle=4.59µs
2025-11-02T10:51:56.016949Z  INFO wrap_bn254:verify: close time.busy=253ms time.idle=13.4µs
2025-11-02T10:51:56.016961Z DEBUG wrap_bn254: wrapping successful
2025-11-02T10:51:56.305704Z  INFO wrap_bn254: close time.busy=610s time.idle=9.27µs
[sp1] plonk circuit artifacts already seem to exist at /home/ubuntu/.sp1/circuits/plonk/v5.0.0. if you want to re-download them, delete the directory
2025-11-02T10:51:56.391199Z  INFO wrap_plonk_bn254: Running prove in docker
2025-11-02T11:07:51.533488Z  INFO wrap_plonk_bn254: Running verify in docker
2025-11-02T11:07:52.077522Z  INFO wrap_plonk_bn254: close time.busy=956s time.idle=4.87µs
